local_code,cpse,raw_description,canonical_id,depot_id,depot_location,quantity,unit_cost_inr,idle_days,extracted_item_type,extracted_size_nb_mm,extracted_pressure_class,extracted_metallurgy,extracted_facing,extracted_standard
BPCL-SAP-0000001,BPCL,FLG-WN-DN25-PN20-SS304-RF,CAN-000045,DEPOT-BPCL-MUM,"Mumbai Refinery, Mahul, Maharashtra",5,5280,66,FLANGE_WELD_NECK,25.0,150,ASTM A182 F304,RF,ASME B16.5
BPCL-SAP-0000002,BPCL,FLG-WN-DN300-PN50-SS304-RTJ,CAN-000374,DEPOT-BPCL-MUM,"Mumbai Refinery, Mahul, Maharashtra",5,232480,15,FLANGE_WELD_NECK,300.0,300,ASTM A182 F304,RTJ,ASME B16.5
BPCL-SAP-0000003,BPCL,FLG-SO-DN50-PN20-SS316-FF,CAN-000796,DEPOT-BPCL-MUM,"Mumbai Refinery, Mahul, Maharashtra",76,12600,616,FLANGE_SLIP_ON,50.0,150,ASTM A182 F316,FF,ASME B16.5
BPCL-SAP-0000004,BPCL,FLG-SO-DN250-CL1500-SS304-RF,CAN-000967,DEPOT-BPCL-NML,"Numaligarh Depot Base, Assam",0,483420,0,FLANGE_SLIP_ON,250.0,1500,ASTM A182 F304,RF,ASME B16.5
BPCL-SAP-0000005,BPCL,VLV-GT-DN40-PN100-WCB-RF,CAN-001146,DEPOT-BPCL-NML,"Numaligarh Depot Base, Assam",11,100520,97,GATE_VALVE,40.0,600,ASTM A216 WCB,RF,API 6D
BPCL-SAP-0000006,BPCL,VLV-BL-DN200-CL150-WCB-BW,CAN-001742,DEPOT-BPCL-BIN,"Bina Refinery, Madhya Pradesh",0,328420,0,BALL_VALVE,200.0,150,ASTM A216 WCB,BW,API 6D
BPCL-SAP-0000007,BPCL,VLV-GT-DN150-PN150-SS316-BW,CAN-001408,DEPOT-BPCL-MUM,"Mumbai Refinery, Mahul, Maharashtra",6,2480500,111,GATE_VALVE,150.0,900,ASTM A182 F316,BW,API 6D
BPCL-SAP-0000008,BPCL,FLG-SO-DN100-PN150-A105-FF,CAN-000870,DEPOT-BPCL-MUM,"Mumbai Refinery, Mahul, Maharashtra",0,40670,0,FLANGE_SLIP_ON,100.0,900,ASTM A105,FF,ASME B16.5
BPCL-SAP-0000009,BPCL,GSKT-SW-DN100-PN50-SS316-GR-RF,CAN-002053,DEPOT-BPCL-NML,"Numaligarh Depot Base, Assam",12,21950,100,SPIRAL_WOUND_GASKET,100.0,300,SS316 / GRAPHITE,RF,ASME B16.20
BPCL-SAP-0000010,BPCL,VLV-GT-DN200-PN150-A105-RF,CAN-001462,DEPOT-BPCL-MUM,"Mumbai Refinery, Mahul, Maharashtra",0,1126700,0,GATE_VALVE,200.0,900,ASTM A105,RF,API 6D
BPCL-SAP-0000011,BPCL,FLG-SO-DN100-PN100-SS304-RF,CAN-000865,DEPOT-BPCL-NML,"Numaligarh Depot Base, Assam",16,70570,74,FLANGE_SLIP_ON,100.0,600,ASTM A182 F304,RF,ASME B16.5
BPCL-SAP-0000012,BPCL,FLG-WN-DN80-CL300-A350LF2-RTJ,CAN-000172,DEPOT-BPCL-BIN,"Bina Refinery, Madhya Pradesh",32,27800,23,FLANGE_WELD_NECK,80.0,300,ASTM A350 LF2,RTJ,ASME B16.5
BPCL-SAP-0000013,BPCL,FLG-BLD-DN25-PN100-A350LF2-RTJ,CAN-000446,DEPOT-BPCL-NML,"Numaligarh Depot Base, Assam",143,8730,226,FLANGE_BLIND,25.0,600,ASTM A350 LF2,RTJ,ASME B16.5
BPCL-SAP-0000014,BPCL,FLG-WN-DN15-PN250-SS304-RF,CAN-000037,DEPOT-BPCL-NML,"Numaligarh Depot Base, Assam",0,17140,0,FLANGE_WELD_NECK,15.0,1500,ASTM A182 F304,RF,ASME B16.5
BPCL-SAP-0000015,BPCL,VLV-GT-DN50-CL900-WCB-BW,CAN-001220,DEPOT-BPCL-KCH,"Kochi Refinery, Kerala",65,185830,746,GATE_VALVE,50.0,900,ASTM A216 WCB,BW,API 6D
BPCL-SAP-0000016,BPCL,FLG-SO-DN100-PN20-SS304-RF,CAN-000853,DEPOT-BPCL-BIN,"Bina Refinery, Madhya Pradesh",12,23280,43,FLANGE_SLIP_ON,100.0,150,ASTM A182 F304,RF,ASME B16.5
BPCL-SAP-0000017,BPCL,FLG-WN-DN100-CL900-A350LF2-RF,CAN-000227,DEPOT-BPCL-KCH,"Kochi Refinery, Kerala",0,89480,0,FLANGE_WELD_NECK,100.0,900,ASTM A350 LF2,RF,ASME B16.5
BPCL-SAP-0000018,BPCL,FLG-WN-DN250-CL900-A350LF2-RF,CAN-000347,DEPOT-BPCL-KCH,"Kochi Refinery, Kerala",144,294480,727,FLANGE_WELD_NECK,250.0,900,ASTM A350 LF2,RF,ASME B16.5
BPCL-SAP-0000019,BPCL,FLG-SO-DN100-CL600-SS316-FF,CAN-000868,DEPOT-BPCL-NML,"Numaligarh Depot Base, Assam",138,94100,467,FLANGE_SLIP_ON,100.0,600,ASTM A182 F316,FF,ASME B16.5
BPCL-SAP-0000020,BPCL,VLV-GL-DN250-PN20-A105-RF,CAN-001963,DEPOT-BPCL-MUM,"Mumbai Refinery, Mahul, Maharashtra",46,478860,354,GLOBE_VALVE,250.0,150,ASTM A105,RF,BS 1873
BPCL-SAP-0000021,BPCL,VLV-GT-DN40-PN20-SS316-BW,CAN-001132,DEPOT-BPCL-MUM,"Mumbai Refinery, Mahul, Maharashtra",42,106110,113,GATE_VALVE,40.0,150,ASTM A182 F316,BW,API 6D
BPCL-SAP-0000022,BPCL,FLG-WN-DN15-CL900-SS316-RTJ,CAN-000032,DEPOT-BPCL-BIN,"Bina Refinery, Madhya Pradesh",45,15190,108,FLANGE_WELD_NECK,15.0,900,ASTM A182 F316,RTJ,ASME B16.5
BPCL-SAP-0000023,BPCL,GSKT-SW-DN200-CL1500-SS316-GR-RF,CAN-002079,DEPOT-BPCL-MUM,"Mumbai Refinery, Mahul, Maharashtra",0,195920,0,SPIRAL_WOUND_GASKET,200.0,1500,SS316 / GRAPHITE,RF,ASME B16.20
BPCL-SAP-0000024,BPCL,VLV-GT-DN300-PN20-WCB-BW,CAN-001543,DEPOT-BPCL-KCH,"Kochi Refinery, Kerala",30,455200,112,GATE_VALVE,300.0,150,ASTM A216 WCB,BW,API 600
BPCL-SAP-0000025,BPCL,FLG-SO-DN150-CL300-SS316-FF,CAN-000892,DEPOT-BPCL-KCH,"Kochi Refinery, Kerala",5,91550,120,FLANGE_SLIP_ON,150.0,300,ASTM A182 F316,FF,ASME B16.5
BPCL-SAP-0000026,BPCL,VLV-GT-DN100-PN150-WCB-BW,CAN-001340,DEPOT-BPCL-MUM,"Mumbai Refinery, Mahul, Maharashtra",0,457580,0,GATE_VALVE,100.0,900,ASTM A216 WCB,BW,API 6D
BPCL-SAP-0000027,BPCL,VLV-GT-DN40-PN50-WCB-BW,CAN-001135,DEPOT-BPCL-MUM,"Mumbai Refinery, Mahul, Maharashtra",123,57730,352,GATE_VALVE,40.0,300,ASTM A216 WCB,BW,API 600
BPCL-SAP-0000028,BPCL,VLV-BL-DN300-PN20-WCB-BW,CAN-001782,DEPOT-BPCL-NML,"Numaligarh Depot Base, Assam",137,556360,243,BALL_VALVE,300.0,150,ASTM A216 WCB,BW,API 6D
BPCL-SAP-0000029,BPCL,VLV-BL-DN150-CL150-SS316-RF,CAN-001723,DEPOT-BPCL-BIN,"Bina Refinery, Madhya Pradesh",110,723050,288,BALL_VALVE,150.0,150,ASTM A182 F316,RF,API 6D
BPCL-SAP-0000030,BPCL,VLV-GT-DN200-CL1500-WCB-RF,CAN-001469,DEPOT-BPCL-NML,"Numaligarh Depot Base, Assam",29,1695460,106,GATE_VALVE,200.0,1500,ASTM A216 WCB,RF,API 600
BPCL-SAP-0000031,BPCL,FLG-BLD-DN200-CL300-A350LF2-RF,CAN-000619,DEPOT-BPCL-NML,"Numaligarh Depot Base, Assam",0,74850,0,FLANGE_BLIND,200.0,300,ASTM A350 LF2,RF,ASME B16.5
BPCL-SAP-0000032,BPCL,FLG-WN-DN80-PN100-A105-RTJ,CAN-000178,DEPOT-BPCL-BIN,"Bina Refinery, Madhya Pradesh",30,30250,105,FLANGE_WELD_NECK,80.0,600,ASTM A105,RTJ,ASME B16.5
BPCL-SAP-0000033,BPCL,FLG-WN-DN80-CL1500-SS316-RF,CAN-000199,DEPOT-BPCL-MUM,"Mumbai Refinery, Mahul, Maharashtra",0,201490,0,FLANGE_WELD_NECK,80.0,1500,ASTM A182 F316,RF,ASME B16.5
BPCL-SAP-0000034,BPCL,VLV-BL-DN250-CL900-SS316-BW,CAN-001776,DEPOT-BPCL-NML,"Numaligarh Depot Base, Assam",17,5889700,28,BALL_VALVE,250.0,900,ASTM A182 F316,BW,API 6D
BPCL-SAP-0000035,BPCL,FLG-BLD-DN80-PN50-A105-RF,CAN-000527,DEPOT-BPCL-KCH,"Kochi Refinery, Kerala",0,14210,0,FLANGE_BLIND,80.0,300,ASTM A105,RF,ASME B16.5
BPCL-SAP-0000036,BPCL,VLV-GL-DN50-PN250-WCB-RF,CAN-001878,DEPOT-BPCL-BIN,"Bina Refinery, Madhya Pradesh",0,372860,0,GLOBE_VALVE,50.0,1500,ASTM A216 WCB,RF,ASME B16.34
BPCL-SAP-0000037,BPCL,VLV-GT-DN300-PN50-A105-RF,CAN-001557,DEPOT-BPCL-MUM,"Mumbai Refinery, Mahul, Maharashtra",22,792550,12,GATE_VALVE,300.0,300,ASTM A105,RF,API 600
BPCL-SAP-0000038,BPCL,VLV-GL-DN80-PN100-WCB-RF,CAN-001889,DEPOT-BPCL-NML,"Numaligarh Depot Base, Assam",147,330030,279,GLOBE_VALVE,80.0,600,ASTM A216 WCB,RF,BS 1873
BPCL-SAP-0000039,BPCL,VLV-GT-DN250-PN50-WCB-BW,CAN-001496,DEPOT-BPCL-KCH,"Kochi Refinery, Kerala",23,625310,25,GATE_VALVE,250.0,300,ASTM A216 WCB,BW,API 6D
BPCL-SAP-0000040,BPCL,FLG-BLD-DN50-PN100-A105-RTJ,CAN-000504,DEPOT-BPCL-MUM,"Mumbai Refinery, Mahul, Maharashtra",32,13430,59,FLANGE_BLIND,50.0,600,ASTM A105,RTJ,ASME B16.5
BPCL-SAP-0000041,BPCL,FLG-WN-DN100-CL300-A105-RTJ,CAN-000210,DEPOT-BPCL-BIN,"Bina Refinery, Madhya Pradesh",20,23220,119,FLANGE_WELD_NECK,100.0,300,ASTM A105,RTJ,ASME B16.5
BPCL-SAP-0000042,BPCL,VLV-GT-DN300-PN100-A105-RF,CAN-001570,DEPOT-BPCL-KCH,"Kochi Refinery, Kerala",21,1379920,463,GATE_VALVE,300.0,600,ASTM A105,RF,API 6D
BPCL-SAP-0000043,BPCL,VLV-GT-DN250-PN150-WCB-RF,CAN-001518,DEPOT-BPCL-KCH,"Kochi Refinery, Kerala",100,1505890,604,GATE_VALVE,250.0,900,ASTM A216 WCB,RF,API 6D
BPCL-SAP-0000044,BPCL,FLG-SO-DN100-CL150-SS316-RF,CAN-000855,DEPOT-BPCL-NML,"Numaligarh Depot Base, Assam",118,31040,462,FLANGE_SLIP_ON,100.0,150,ASTM A182 F316,RF,ASME B16.5
BPCL-SAP-0000045,BPCL,FLG-BLD-DN50-PN250-A350LF2-RF,CAN-000517,DEPOT-BPCL-KCH,"Kochi Refinery, Kerala",44,44740,111,FLANGE_BLIND,50.0,1500,ASTM A350 LF2,RF,ASME B16.5
BPCL-SAP-0000046,BPCL,FLG-SO-DN80-CL150-SS316-FF,CAN-000826,DEPOT-BPCL-BIN,"Bina Refinery, Madhya Pradesh",44,23220,16,FLANGE_SLIP_ON,80.0,150,ASTM A182 F316,FF,ASME B16.5
BPCL-SAP-0000047,BPCL,FLG-WN-DN300-PN250-A105-RTJ,CAN-000394,DEPOT-BPCL-BIN,"Bina Refinery, Madhya Pradesh",82,351040,239,FLANGE_WELD_NECK,300.0,1500,ASTM A105,RTJ,ASME B16.5
BPCL-SAP-0000048,BPCL,VLV-BL-DN40-CL900-WCB-BW,CAN-001654,DEPOT-BPCL-MUM,"Mumbai Refinery, Mahul, Maharashtra",0,169940,0,BALL_VALVE,40.0,900,ASTM A216 WCB,BW,API 6D
BPCL-SAP-0000049,BPCL,FLG-WN-DN200-PN250-SS304-RF,CAN-000317,DEPOT-BPCL-MUM,"Mumbai Refinery, Mahul, Maharashtra",0,497330,0,FLANGE_WELD_NECK,200.0,1500,ASTM A182 F304,RF,ASME B16.5
BPCL-SAP-0000050,BPCL,FLG-BLD-DN150-PN150-SS316-RTJ,CAN-000604,DEPOT-BPCL-BIN,"Bina Refinery, Madhya Pradesh",17,248050,10,FLANGE_BLIND,150.0,900,ASTM A182 F316,RTJ,ASME B16.5
BPCL-SAP-0000051,BPCL,VLV-GL-DN40-PN20-WCB-RF,CAN-001842,DEPOT-BPCL-MUM,"Mumbai Refinery, Mahul, Maharashtra",45,44210,111,GLOBE_VALVE,40.0,150,ASTM A216 WCB,RF,ASME B16.34
BPCL-SAP-0000052,BPCL,FLG-BLD-DN300-CL150-A350LF2-RTJ,CAN-000674,DEPOT-BPCL-MUM,"Mumbai Refinery, Mahul, Maharashtra",103,72830,682,FLANGE_BLIND,300.0,150,ASTM A350 LF2,RTJ,ASME B16.5
BPCL-SAP-0000053,BPCL,FLG-BLD-DN200-CL1500-SS316-RF,CAN-000639,DEPOT-BPCL-NML,"Numaligarh Depot Base, Assam",0,542540,0,FLANGE_BLIND,200.0,1500,ASTM A182 F316,RF,ASME B16.5
BPCL-SAP-0000054,BPCL,FLG-WN-DN15-PN20-SS304-RTJ,CAN-000006,DEPOT-BPCL-MUM,"Mumbai Refinery, Mahul, Maharashtra",16,2710,72,FLANGE_WELD_NECK,15.0,150,ASTM A182 F304,RTJ,ASME B16.5
BPCL-SAP-0000055,BPCL,VLV-GT-DN150-CL900-WCB-BW,CAN-001399,DEPOT-BPCL-NML,"Numaligarh Depot Base, Assam",0,775150,0,GATE_VALVE,150.0,900,ASTM A216 WCB,BW,API 600
BPCL-SAP-0000056,BPCL,FLG-SO-DN300-CL1500-SS316-RF,CAN-000999,DEPOT-BPCL-BIN,"Bina Refinery, Madhya Pradesh",133,816960,347,FLANGE_SLIP_ON,300.0,1500,ASTM A182 F316,RF,ASME B16.5
BPCL-SAP-0000057,BPCL,GSKT-SW-DN25-CL150-SS316-GR-RF,CAN-002011,DEPOT-BPCL-KCH,"Kochi Refinery, Kerala",0,2080,0,SPIRAL_WOUND_GASKET,25.0,150,SS316 / GRAPHITE,RF,ASME B16.20
BPCL-SAP-0000058,BPCL,VLV-GL-DN50-CL1500-WCB-RF,CAN-001878,DEPOT-BPCL-KCH,"Kochi Refinery, Kerala",112,372860,254,GLOBE_VALVE,50.0,1500,ASTM A216 WCB,RF,ASME B16.34
BPCL-SAP-0000059,BPCL,FLG-SO-DN80-CL600-A105-RF,CAN-000833,DEPOT-BPCL-BIN,"Bina Refinery, Madhya Pradesh",49,22000,373,FLANGE_SLIP_ON,80.0,600,ASTM A105,RF,ASME B16.5
BPCL-SAP-0000060,BPCL,FLG-WN-DN250-CL1500-SS316-RF,CAN-000359,DEPOT-BPCL-BIN,"Bina Refinery, Madhya Pradesh",10,886280,112,FLANGE_WELD_NECK,250.0,1500,ASTM A182 F316,RF,ASME B16.5
BPCL-SAP-0000061,BPCL,VLV-GT-DN80-PN100-WCB-RF,CAN-001265,DEPOT-BPCL-NML,"Numaligarh Depot Base, Assam",27,247520,11,GATE_VALVE,80.0,600,ASTM A216 WCB,RF,API 600
BPCL-SAP-0000062,BPCL,FLG-WN-DN80-PN20-SS316-RTJ,CAN-000168,DEPOT-BPCL-MUM,"Mumbai Refinery, Mahul, Maharashtra",0,31930,0,FLANGE_WELD_NECK,80.0,150,ASTM A182 F316,RTJ,ASME B16.5
BPCL-SAP-0000063,BPCL,VLV-GL-DN40-PN20-A105-RF,CAN-001843,DEPOT-BPCL-MUM,"Mumbai Refinery, Mahul, Maharashtra",88,44210,269,GLOBE_VALVE,40.0,150,ASTM A105,RF,BS 1873
BPCL-SAP-0000064,BPCL,VLV-GT-DN150-PN100-SS316-BW,CAN-001395,DEPOT-BPCL-BIN,"Bina Refinery, Madhya Pradesh",94,1793350,284,GATE_VALVE,150.0,600,ASTM A182 F316,BW,API 600
BPCL-SAP-0000065,BPCL,VLV-GT-DN40-CL150-A105-RF,CAN-001126,DEPOT-BPCL-MUM,"Mumbai Refinery, Mahul, Maharashtra",45,33160,15,GATE_VALVE,40.0,150,ASTM A105,RF,API 6D
BPCL-SAP-0000066,BPCL,VLV-GT-DN40-PN150-WCB-BW,CAN-001160,DEPOT-BPCL-BIN,"Bina Refinery, Madhya Pradesh",0,139040,0,GATE_VALVE,40.0,900,ASTM A216 WCB,BW,API 6D
BPCL-SAP-0000067,BPCL,FLG-WN-DN80-PN50-SS316-RTJ,CAN-000176,DEPOT-BPCL-KCH,"Kochi Refinery, Kerala",0,55600,0,FLANGE_WELD_NECK,80.0,300,ASTM A182 F316,RTJ,ASME B16.5
BPCL-SAP-0000068,BPCL,FLG-SO-DN80-PN150-SS304-FF,CAN-000842,DEPOT-BPCL-NML,"Numaligarh Depot Base, Assam",44,73030,28,FLANGE_SLIP_ON,80.0,900,ASTM A182 F304,FF,ASME B16.5
BPCL-SAP-0000069,BPCL,BLT-STUD-DN150-PN20-L7-GR7-THRD,CAN-002162,DEPOT-BPCL-NML,"Numaligarh Depot Base, Assam",42,5750,43,STUD_BOLT,150.0,150,ASTM A320 L7 / A194 7,THRD,ASME B18.2.1
BPCL-SAP-0000070,BPCL,FLG-SO-DN200-PN20-SS304-RF,CAN-000913,DEPOT-BPCL-NML,"Numaligarh Depot Base, Assam",71,57320,223,FLANGE_SLIP_ON,200.0,150,ASTM A182 F304,RF,ASME B16.5
BPCL-SAP-0000071,BPCL,FLG-WN-DN40-PN100-A105-RF,CAN-000097,DEPOT-BPCL-KCH,"Kochi Refinery, Kerala",16,12280,118,FLANGE_WELD_NECK,40.0,600,ASTM A105,RF,ASME B16.5
BPCL-SAP-0000072,BPCL,VLV-GT-DN200-CL600-A105-BW,CAN-001452,DEPOT-BPCL-MUM,"Mumbai Refinery, Mahul, Maharashtra",8,814580,56,GATE_VALVE,200.0,600,ASTM A105,BW,API 6D
BPCL-SAP-0000073,BPCL,FLG-WN-DN50-PN50-SS304-RF,CAN-000133,DEPOT-BPCL-NML,"Numaligarh Depot Base, Assam",132,22630,262,FLANGE_WELD_NECK,50.0,300,ASTM A182 F304,RF,ASME B16.5
BPCL-SAP-0000074,BPCL,VLV-GL-DN100-CL300-WCB-RF,CAN-001906,DEPOT-BPCL-MUM,"Mumbai Refinery, Mahul, Maharashtra",0,253340,0,GLOBE_VALVE,100.0,300,ASTM A216 WCB,RF,ASME B16.34
BPCL-SAP-0000075,BPCL,VLV-GL-DN250-CL150-WCB-RF,CAN-001961,DEPOT-BPCL-BIN,"Bina Refinery, Madhya Pradesh",13,478860,92,GLOBE_VALVE,250.0,150,ASTM A216 WCB,RF,BS 1873
BPCL-SAP-0000076,BPCL,FLG-BLD-DN250-CL300-SS316-RTJ,CAN-000652,DEPOT-BPCL-MUM,"Mumbai Refinery, Mahul, Maharashtra",32,200090,59,FLANGE_BLIND,250.0,300,ASTM A182 F316,RTJ,ASME B16.5
BPCL-SAP-0000077,BPCL,VLV-GT-DN100-PN20-WCB-RF,CAN-001301,DEPOT-BPCL-KCH,"Kochi Refinery, Kerala",18,109130,64,GATE_VALVE,100.0,150,ASTM A216 WCB,RF,API 600
BPCL-SAP-0000078,BPCL,VLV-GT-DN150-CL900-A105-RF,CAN-001402,DEPOT-BPCL-KCH,"Kochi Refinery, Kerala",0,775150,0,GATE_VALVE,150.0,900,ASTM A105,RF,API 6D
BPCL-SAP-0000079,BPCL,FLG-SO-DN300-CL150-SS304-RF,CAN-000973,DEPOT-BPCL-BIN,"Bina Refinery, Madhya Pradesh",43,97110,111,FLANGE_SLIP_ON,300.0,150,ASTM A182 F304,RF,ASME B16.5
BPCL-SAP-0000080,BPCL,VLV-GT-DN100-CL900-SS316-BW,CAN-001348,DEPOT-BPCL-NML,"Numaligarh Depot Base, Assam",12,1464270,57,GATE_VALVE,100.0,900,ASTM A182 F316,BW,API 6D
BPCL-SAP-0000081,BPCL,FLG-SO-DN25-CL300-SS304-RF,CAN-000739,DEPOT-BPCL-BIN,"Bina Refinery, Madhya Pradesh",95,6680,570,FLANGE_SLIP_ON,25.0,300,ASTM A182 F304,RF,ASME B16.5
BPCL-SAP-0000082,BPCL,VLV-GT-DN40-PN20-A105-RF,CAN-001125,DEPOT-BPCL-MUM,"Mumbai Refinery, Mahul, Maharashtra",44,33160,80,GATE_VALVE,40.0,150,ASTM A105,RF,API 600
BPCL-SAP-0000083,BPCL,VLV-GT-DN150-PN100-SS316-BW,CAN-001396,DEPOT-BPCL-NML,"Numaligarh Depot Base, Assam",81,1793350,227,GATE_VALVE,150.0,600,ASTM A182 F316,BW,API 6D
BPCL-SAP-0000084,BPCL,FLG-WN-DN100-CL1500-A105-RTJ,CAN-000234,DEPOT-BPCL-MUM,"Mumbai Refinery, Mahul, Maharashtra",18,84150,40,FLANGE_WELD_NECK,100.0,1500,ASTM A105,RTJ,ASME B16.5
BPCL-SAP-0000085,BPCL,VLV-GL-DN15-PN100-A105-RF,CAN-001811,DEPOT-BPCL-KCH,"Kochi Refinery, Kerala",0,37450,0,GLOBE_VALVE,15.0,600,ASTM A105,RF,BS 1873
BPCL-SAP-0000086,BPCL,FLG-SO-DN80-PN100-SS304-FF,CAN-000836,DEPOT-BPCL-MUM,"Mumbai Refinery, Mahul, Maharashtra",103,52800,207,FLANGE_SLIP_ON,80.0,600,ASTM A182 F304,FF,ASME B16.5
BPCL-SAP-0000087,BPCL,VLV-GL-DN15-PN50-WCB-RF,CAN-001806,DEPOT-BPCL-KCH,"Kochi Refinery, Kerala",21,21500,10,GLOBE_VALVE,15.0,300,ASTM A216 WCB,RF,ASME B16.34
BPCL-SAP-0000088,BPCL,VLV-GL-DN300-CL150-A105-RF,CAN-001984,DEPOT-BPCL-BIN,"Bina Refinery, Madhya Pradesh",0,606940,0,GLOBE_VALVE,300.0,150,ASTM A105,RF,ASME B16.34
BPCL-SAP-0000089,BPCL,FLG-BLD-DN200-PN20-A105-RF,CAN-000611,DEPOT-BPCL-NML,"Numaligarh Depot Base, Assam",129,26870,707,FLANGE_BLIND,200.0,150,ASTM A105,RF,ASME B16.5
BPCL-SAP-0000090,BPCL,BLT-STUD-DN40-CL150-L7-GR7-THRD,CAN-002122,DEPOT-BPCL-MUM,"Mumbai Refinery, Mahul, Maharashtra",59,1030,578,STUD_BOLT,40.0,150,ASTM A320 L7 / A194 7,THRD,ASME B18.2.1
BPCL-SAP-0000091,BPCL,FLG-SO-DN200-CL300-A105-RF,CAN-000917,DEPOT-BPCL-KCH,"Kochi Refinery, Kerala",35,41580,103,FLANGE_SLIP_ON,200.0,300,ASTM A105,RF,ASME B16.5
BPCL-SAP-0000092,BPCL,VLV-GT-DN150-PN50-A105-BW,CAN-001379,DEPOT-BPCL-NML,"Numaligarh Depot Base, Assam",71,321870,603,GATE_VALVE,150.0,300,ASTM A105,BW,API 600
BPCL-SAP-0000093,BPCL,VLV-GT-DN50-PN50-SS316-RF,CAN-001201,DEPOT-BPCL-BIN,"Bina Refinery, Madhya Pradesh",0,246930,0,GATE_VALVE,50.0,300,ASTM A182 F316,RF,API 600
BPCL-SAP-0000094,BPCL,FLG-BLD-DN200-PN150-SS316-RTJ,CAN-000634,DEPOT-BPCL-KCH,"Kochi Refinery, Kerala",40,360540,109,FLANGE_BLIND,200.0,900,ASTM A182 F316,RTJ,ASME B16.5
BPCL-SAP-0000095,BPCL,BLT-STUD-DN200-PN20-B7-2H-THRD,CAN-002171,DEPOT-BPCL-KCH,"Kochi Refinery, Kerala",0,5220,0,STUD_BOLT,200.0,150,ASTM A193 B7 / A194 2H,THRD,ASME B18.2.1
BPCL-SAP-0000096,BPCL,VLV-GL-DN150-PN20-A105-RF,CAN-001923,DEPOT-BPCL-MUM,"Mumbai Refinery, Mahul, Maharashtra",6,246490,21,GLOBE_VALVE,150.0,150,ASTM A105,RF,BS 1873
BPCL-SAP-0000097,BPCL,FLG-BLD-DN40-PN250-A105-RTJ,CAN-000486,DEPOT-BPCL-KCH,"Kochi Refinery, Kerala",36,20920,16,FLANGE_BLIND,40.0,1500,ASTM A105,RTJ,ASME B16.5
BPCL-SAP-0000098,BPCL,VLV-GL-DN25-PN20-WCB-RF,CAN-001821,DEPOT-BPCL-NML,"Numaligarh Depot Base, Assam",38,24000,98,GLOBE_VALVE,25.0,150,ASTM A216 WCB,RF,BS 1873
BPCL-SAP-0000099,BPCL,GSKT-SW-DN15-PN20-SS316-GR-RF,CAN-002001,DEPOT-BPCL-KCH,"Kochi Refinery, Kerala",0,1070,0,SPIRAL_WOUND_GASKET,15.0,150,SS316 / GRAPHITE,RF,ASME B16.20
BPCL-SAP-0000100,BPCL,FLG-SO-DN250-PN50-A105-FF,CAN-000948,DEPOT-BPCL-NML,"Numaligarh Depot Base, Assam",123,55580,651,FLANGE_SLIP_ON,250.0,300,ASTM A105,FF,ASME B16.5
BPCL-SAP-0000101,BPCL,FLG-WN-DN50-PN20-A350LF2-RTJ,CAN-000124,DEPOT-BPCL-KCH,"Kochi Refinery, Kerala",46,8660,18,FLANGE_WELD_NECK,50.0,150,ASTM A350 LF2,RTJ,ASME B16.5
BPCL-SAP-0000102,BPCL,FLG-WN-DN300-PN150-SS316-RF,CAN-000391,DEPOT-BPCL-NML,"Numaligarh Depot Base, Assam",0,746490,0,FLANGE_WELD_NECK,300.0,900,ASTM A182 F316,RF,ASME B16.5
BPCL-SAP-0000103,BPCL,VLV-GT-DN250-CL300-SS316-BW,CAN-001504,DEPOT-BPCL-NML,"Numaligarh Depot Base, Assam",149,2000990,716,GATE_VALVE,250.0,300,ASTM A182 F316,BW,API 6D
BPCL-SAP-0000104,BPCL,FLG-WN-DN250-CL600-A105-RF,CAN-000337,DEPOT-BPCL-KCH,"Kochi Refinery, Kerala",8,133060,49,FLANGE_WELD_NECK,250.0,600,ASTM A105,RF,ASME B16.5
BPCL-SAP-0000105,BPCL,FLG-BLD-DN40-PN20-SS316-RTJ,CAN-000466,DEPOT-BPCL-KCH,"Kochi Refinery, Kerala",39,10610,96,FLANGE_BLIND,40.0,150,ASTM A182 F316,RTJ,ASME B16.5
BPCL-SAP-0000106,BPCL,VLV-GT-DN40-CL600-SS316-BW,CAN-001155,DEPOT-BPCL-BIN,"Bina Refinery, Madhya Pradesh",6,321680,64,GATE_VALVE,40.0,600,ASTM A182 F316,BW,API 600
BPCL-SAP-0000107,BPCL,FLG-BLD-DN15-PN250-SS316-RTJ,CAN-000430,DEPOT-BPCL-MUM,"Mumbai Refinery, Mahul, Maharashtra",43,18700,27,FLANGE_BLIND,15.0,1500,ASTM A182 F316,RTJ,ASME B16.5
BPCL-SAP-0000108,BPCL,FLG-BLD-DN150-CL150-SS316-RTJ,CAN-000586,DEPOT-BPCL-BIN,"Bina Refinery, Madhya Pradesh",0,59150,0,FLANGE_BLIND,150.0,150,ASTM A182 F316,RTJ,ASME B16.5
BPCL-SAP-0000109,BPCL,FLG-BLD-DN100-PN50-A350LF2-RTJ,CAN-000560,DEPOT-BPCL-NML,"Numaligarh Depot Base, Assam",133,30400,188,FLANGE_BLIND,100.0,300,ASTM A350 LF2,RTJ,ASME B16.5
BPCL-SAP-0000110,BPCL,VLV-GL-DN25-CL1500-A105-RF,CAN-001839,DEPOT-BPCL-MUM,"Mumbai Refinery, Mahul, Maharashtra",38,151420,37,GLOBE_VALVE,25.0,1500,ASTM A105,RF,BS 1873
BPCL-SAP-0000111,BPCL,VLV-GT-DN15-CL300-WCB-BW,CAN-001015,DEPOT-BPCL-MUM,"Mumbai Refinery, Mahul, Maharashtra",27,16130,102,GATE_VALVE,15.0,300,ASTM A216 WCB,BW,API 600
BPCL-SAP-0000112,BPCL,VLV-BL-DN250-CL150-WCB-RF,CAN-001761,DEPOT-BPCL-NML,"Numaligarh Depot Base, Assam",7,438950,114,BALL_VALVE,250.0,150,ASTM A216 WCB,RF,API 6D
BPCL-SAP-0000113,BPCL,VLV-GT-DN150-PN250-A105-RF,CAN-001413,DEPOT-BPCL-BIN,"Bina Refinery, Madhya Pradesh",83,1166450,377,GATE_VALVE,150.0,1500,ASTM A105,RF,API 600
BPCL-SAP-0000114,BPCL,FLG-WN-DN15-CL1500-A105-RTJ,CAN-000034,DEPOT-BPCL-BIN,"Bina Refinery, Madhya Pradesh",49,7140,68,FLANGE_WELD_NECK,15.0,1500,ASTM A105,RTJ,ASME B16.5
BPCL-SAP-0000115,BPCL,VLV-GT-DN15-PN50-SS316-RF,CAN-001021,DEPOT-BPCL-KCH,"Kochi Refinery, Kerala",16,51620,22,GATE_VALVE,15.0,300,ASTM A182 F316,RF,API 600
BPCL-SAP-0000116,BPCL,FLG-WN-DN300-CL600-A105-RTJ,CAN-000378,DEPOT-BPCL-MUM,"Mumbai Refinery, Mahul, Maharashtra",32,168650,105,FLANGE_WELD_NECK,300.0,600,ASTM A105,RTJ,ASME B16.5
BPCL-SAP-0000117,BPCL,VLV-GT-DN40-PN50-WCB-BW,CAN-001135,DEPOT-BPCL-BIN,"Bina Refinery, Madhya Pradesh",0,57730,0,GATE_VALVE,40.0,300,ASTM A216 WCB,BW,API 600
BPCL-SAP-0000118,BPCL,FLG-WN-DN25-PN50-SS304-RF,CAN-000053,DEPOT-BPCL-NML,"Numaligarh Depot Base, Assam",24,9190,38,FLANGE_WELD_NECK,25.0,300,ASTM A182 F304,RF,ASME B16.5
BPCL-SAP-0000119,BPCL,FLG-BLD-DN80-PN100-SS316-RF,CAN-000537,DEPOT-BPCL-NML,"Numaligarh Depot Base, Assam",22,79200,396,FLANGE_BLIND,80.0,600,ASTM A182 F316,RF,ASME B16.5
BPCL-SAP-0000120,BPCL,VLV-GT-DN200-PN100-A105-RF,CAN-001450,DEPOT-BPCL-KCH,"Kochi Refinery, Kerala",105,814580,426,GATE_VALVE,200.0,600,ASTM A105,RF,API 6D
BPCL-SAP-0000121,BPCL,BLT-STUD-DN200-PN250-L7-GR7-THRD,CAN-002180,DEPOT-BPCL-KCH,"Kochi Refinery, Kerala",38,52740,77,STUD_BOLT,200.0,1500,ASTM A320 L7 / A194 7,THRD,ASME B18.2.1
BPCL-SAP-0000122,BPCL,VLV-GT-DN150-PN150-SS316-RF,CAN-001406,DEPOT-BPCL-BIN,"Bina Refinery, Madhya Pradesh",40,2480500,521,GATE_VALVE,150.0,900,ASTM A182 F316,RF,API 6D
BPCL-SAP-0000123,BPCL,VLV-BL-DN40-PN50-SS316-BW,CAN-001648,DEPOT-BPCL-BIN,"Bina Refinery, Madhya Pradesh",45,225810,22,BALL_VALVE,40.0,300,ASTM A182 F316,BW,API 6D
BPCL-SAP-0000124,BPCL,VLV-GL-DN40-CL600-WCB-RF,CAN-001850,DEPOT-BPCL-NML,"Numaligarh Depot Base, Assam",0,134030,0,GLOBE_VALVE,40.0,600,ASTM A216 WCB,RF,ASME B16.34
BPCL-SAP-0000125,BPCL,FLG-SO-DN250-CL600-SS304-RF,CAN-000955,DEPOT-BPCL-KCH,"Kochi Refinery, Kerala",50,232260,669,FLANGE_SLIP_ON,250.0,600,ASTM A182 F304,RF,ASME B16.5
BPCL-SAP-0000126,BPCL,FLG-WN-DN100-PN20-SS316-RTJ,CAN-000208,DEPOT-BPCL-NML,"Numaligarh Depot Base, Assam",89,42680,672,FLANGE_WELD_NECK,100.0,150,ASTM A182 F316,RTJ,ASME B16.5
BPCL-SAP-0000127,BPCL,VLV-GT-DN50-PN20-SS316-RF,CAN-001190,DEPOT-BPCL-BIN,"Bina Refinery, Madhya Pradesh",84,141820,432,GATE_VALVE,50.0,150,ASTM A182 F316,RF,API 6D
BPCL-SAP-0000128,BPCL,FLG-BLD-DN50-CL1500-A105-RF,CAN-000515,DEPOT-BPCL-MUM,"Mumbai Refinery, Mahul, Maharashtra",39,27960,30,FLANGE_BLIND,50.0,1500,ASTM A105,RF,ASME B16.5
BPCL-SAP-0000129,BPCL,FLG-BLD-DN40-PN250-SS316-RTJ,CAN-000490,DEPOT-BPCL-MUM,"Mumbai Refinery, Mahul, Maharashtra",44,66950,71,FLANGE_BLIND,40.0,1500,ASTM A182 F316,RTJ,ASME B16.5
BPCL-SAP-0000130,BPCL,FLG-BLD-DN25-PN50-A350LF2-RF,CAN-000439,DEPOT-BPCL-KCH,"Kochi Refinery, Kerala",0,5010,0,FLANGE_BLIND,25.0,300,ASTM A350 LF2,RF,ASME B16.5
BPCL-SAP-0000131,BPCL,FLG-WN-DN150-CL900-SS304-RF,CAN-000269,DEPOT-BPCL-MUM,"Mumbai Refinery, Mahul, Maharashtra",132,227370,713,FLANGE_WELD_NECK,150.0,900,ASTM A182 F304,RF,ASME B16.5
BPCL-SAP-0000132,BPCL,VLV-BL-DN80-CL150-WCB-RF,CAN-001681,DEPOT-BPCL-NML,"Numaligarh Depot Base, Assam",5,99790,107,BALL_VALVE,80.0,150,ASTM A216 WCB,RF,API 6D
BPCL-SAP-0000133,BPCL,FLG-BLD-DN100-CL300-SS316-RF,CAN-000561,DEPOT-BPCL-NML,"Numaligarh Depot Base, Assam",31,60800,59,FLANGE_BLIND,100.0,300,ASTM A182 F316,RF,ASME B16.5
BPCL-SAP-0000134,BPCL,VLV-GT-DN80-CL600-WCB-RF,CAN-001265,DEPOT-BPCL-NML,"Numaligarh Depot Base, Assam",25,247520,117,GATE_VALVE,80.0,600,ASTM A216 WCB,RF,API 600
BPCL-SAP-0000135,BPCL,FLG-BLD-DN300-PN250-A350LF2-RF,CAN-000697,DEPOT-BPCL-KCH,"Kochi Refinery, Kerala",26,459540,94,FLANGE_BLIND,300.0,1500,ASTM A350 LF2,RF,ASME B16.5
BPCL-SAP-0000136,BPCL,FLG-BLD-DN100-PN100-A105-RF,CAN-000563,DEPOT-BPCL-KCH,"Kochi Refinery, Kerala",40,33080,110,FLANGE_BLIND,100.0,600,ASTM A105,RF,ASME B16.5
BPCL-SAP-0000137,BPCL,VLV-BL-DN300-PN20-SS316-RF,CAN-001783,DEPOT-BPCL-NML,"Numaligarh Depot Base, Assam",0,1780360,0,BALL_VALVE,300.0,150,ASTM A182 F316,RF,API 6D
BPCL-SAP-0000138,BPCL,FLG-WN-DN300-CL300-SS316-RTJ,CAN-000376,DEPOT-BPCL-MUM,"Mumbai Refinery, Mahul, Maharashtra",61,309970,318,FLANGE_WELD_NECK,300.0,300,ASTM A182 F316,RTJ,ASME B16.5
BPCL-SAP-0000139,BPCL,GSKT-SW-DN40-PN50-SS316-GR-RF,CAN-002023,DEPOT-BPCL-NML,"Numaligarh Depot Base, Assam",22,6670,15,SPIRAL_WOUND_GASKET,40.0,300,SS316 / GRAPHITE,RF,ASME B16.20
BPCL-SAP-0000140,BPCL,VLV-GL-DN100-PN50-A105-RF,CAN-001907,DEPOT-BPCL-MUM,"Mumbai Refinery, Mahul, Maharashtra",0,253340,0,GLOBE_VALVE,100.0,300,ASTM A105,RF,BS 1873
BPCL-SAP-0000141,BPCL,VLV-GT-DN250-PN250-WCB-RF,CAN-001530,DEPOT-BPCL-BIN,"Bina Refinery, Madhya Pradesh",0,2266060,0,GATE_VALVE,250.0,1500,ASTM A216 WCB,RF,API 6D
BPCL-SAP-0000142,BPCL,FLG-BLD-DN250-PN20-A350LF2-RTJ,CAN-000644,DEPOT-BPCL-NML,"Numaligarh Depot Base, Assam",79,57460,750,FLANGE_BLIND,250.0,150,ASTM A350 LF2,RTJ,ASME B16.5
BPCL-SAP-0000143,BPCL,VLV-BL-DN50-PN100-WCB-RF,CAN-001669,DEPOT-BPCL-KCH,"Kochi Refinery, Kerala",54,164210,387,BALL_VALVE,50.0,600,ASTM A216 WCB,RF,API 6D
BPCL-SAP-0000144,BPCL,FLG-WN-DN300-PN150-SS316-RTJ,CAN-000392,DEPOT-BPCL-NML,"Numaligarh Depot Base, Assam",0,746490,0,FLANGE_WELD_NECK,300.0,900,ASTM A182 F316,RTJ,ASME B16.5
BPCL-SAP-0000145,BPCL,FLG-WN-DN15-CL300-SS304-RF,CAN-000013,DEPOT-BPCL-BIN,"Bina Refinery, Madhya Pradesh",37,4730,104,FLANGE_WELD_NECK,15.0,300,ASTM A182 F304,RF,ASME B16.5
BPCL-SAP-0000146,BPCL,VLV-BL-DN150-PN20-SS316-RF,CAN-001723,DEPOT-BPCL-NML,"Numaligarh Depot Base, Assam",42,723050,241,BALL_VALVE,150.0,150,ASTM A182 F316,RF,API 6D
BPCL-SAP-0000147,BPCL,VLV-GT-DN25-CL1500-SS316-RF,CAN-001117,DEPOT-BPCL-NML,"Numaligarh Depot Base, Assam",22,363430,92,GATE_VALVE,25.0,1500,ASTM A182 F316,RF,API 600
BPCL-SAP-0000148,BPCL,VLV-GT-DN200-PN250-SS316-RF,CAN-001478,DEPOT-BPCL-BIN,"Bina Refinery, Madhya Pradesh",0,5425490,0,GATE_VALVE,200.0,1500,ASTM A182 F316,RF,API 6D
BPCL-SAP-0000149,BPCL,VLV-GT-DN50-PN100-WCB-BW,CAN-001208,DEPOT-BPCL-MUM,"Mumbai Refinery, Mahul, Maharashtra",61,134350,600,GATE_VALVE,50.0,600,ASTM A216 WCB,BW,API 6D
BPCL-SAP-0000150,BPCL,FLG-SO-DN40-CL1500-A105-RF,CAN-000785,DEPOT-BPCL-KCH,"Kochi Refinery, Kerala",5,18590,92,FLANGE_SLIP_ON,40.0,1500,ASTM A105,RF,ASME B16.5
BPCL-SAP-0000151,BPCL,VLV-GT-DN200-CL300-A105-RF,CAN-001438,DEPOT-BPCL-MUM,"Mumbai Refinery, Mahul, Maharashtra",58,467850,618,GATE_VALVE,200.0,300,ASTM A105,RF,API 6D
BPCL-SAP-0000152,BPCL,FLG-WN-DN40-PN150-A105-RF,CAN-000105,DEPOT-BPCL-BIN,"Bina Refinery, Madhya Pradesh",29,16990,624,FLANGE_WELD_NECK,40.0,900,ASTM A105,RF,ASME B16.5
BPCL-SAP-0000153,BPCL,VLV-GT-DN80-CL1500-WCB-BW,CAN-001291,DEPOT-BPCL-MUM,"Mumbai Refinery, Mahul, Maharashtra",10,515190,10,GATE_VALVE,80.0,1500,ASTM A216 WCB,BW,API 600
BPCL-SAP-0000154,BPCL,BLT-STUD-DN300-CL1500-B7-2H-THRD,CAN-002199,DEPOT-BPCL-MUM,"Mumbai Refinery, Mahul, Maharashtra",27,55840,116,STUD_BOLT,300.0,1500,ASTM A193 B7 / A194 2H,THRD,ASME B18.2.1
BPCL-SAP-0000155,BPCL,FLG-SO-DN40-PN150-A105-FF,CAN-000780,DEPOT-BPCL-BIN,"Bina Refinery, Madhya Pradesh",24,12350,102,FLANGE_SLIP_ON,40.0,900,ASTM A105,FF,ASME B16.5
BPCL-SAP-0000156,BPCL,FLG-WN-DN150-CL150-A350LF2-RTJ,CAN-000244,DEPOT-BPCL-MUM,"Mumbai Refinery, Mahul, Maharashtra",0,36150,0,FLANGE_WELD_NECK,150.0,150,ASTM A350 LF2,RTJ,ASME B16.5
BPCL-SAP-0000157,BPCL,FLG-SO-DN250-PN250-SS316-FF,CAN-000970,DEPOT-BPCL-BIN,"Bina Refinery, Madhya Pradesh",53,644560,682,FLANGE_SLIP_ON,250.0,1500,ASTM A182 F316,FF,ASME B16.5
BPCL-SAP-0000158,BPCL,FLG-SO-DN100-PN100-A105-FF,CAN-000864,DEPOT-BPCL-KCH,"Kochi Refinery, Kerala",21,29400,502,FLANGE_SLIP_ON,100.0,600,ASTM A105,FF,ASME B16.5
BPCL-SAP-0000159,BPCL,FLG-WN-DN15-CL150-SS316-RTJ,CAN-000008,DEPOT-BPCL-KCH,"Kochi Refinery, Kerala",48,3620,80,FLANGE_WELD_NECK,15.0,150,ASTM A182 F316,RTJ,ASME B16.5
BPCL-SAP-0000160,BPCL,BLT-STUD-DN50-PN250-B7-2H-THRD,CAN-002139,DEPOT-BPCL-NML,"Numaligarh Depot Base, Assam",17,5430,17,STUD_BOLT,50.0,1500,ASTM A193 B7 / A194 2H,THRD,ASME B18.2.1
BPCL-SAP-0000161,BPCL,FLG-WN-DN250-PN150-A350LF2-RTJ,CAN-000348,DEPOT-BPCL-KCH,"Kochi Refinery, Kerala",0,294480,0,FLANGE_WELD_NECK,250.0,900,ASTM A350 LF2,RTJ,ASME B16.5
BPCL-SAP-0000162,BPCL,VLV-GT-DN100-PN150-WCB-RF,CAN-001337,DEPOT-BPCL-NML,"Numaligarh Depot Base, Assam",30,457580,82,GATE_VALVE,100.0,900,ASTM A216 WCB,RF,API 600
BPCL-SAP-0000163,BPCL,FLG-WN-DN300-PN20-SS304-RTJ,CAN-000366,DEPOT-BPCL-MUM,"Mumbai Refinery, Mahul, Maharashtra",35,133520,724,FLANGE_WELD_NECK,300.0,150,ASTM A182 F304,RTJ,ASME B16.5
BPCL-SAP-0000164,BPCL,BLT-STUD-DN40-PN50-B7-2H-THRD,CAN-002123,DEPOT-BPCL-NML,"Numaligarh Depot Base, Assam",36,1120,300,STUD_BOLT,40.0,300,ASTM A193 B7 / A194 2H,THRD,ASME B18.2.1
BPCL-SAP-0000165,BPCL,VLV-GL-DN50-PN150-WCB-RF,CAN-001873,DEPOT-BPCL-MUM,"Mumbai Refinery, Mahul, Maharashtra",0,247780,0,GLOBE_VALVE,50.0,900,ASTM A216 WCB,RF,BS 1873
BPCL-SAP-0000166,BPCL,VLV-BL-DN50-PN100-SS316-RF,CAN-001671,DEPOT-BPCL-MUM,"Mumbai Refinery, Mahul, Maharashtra",27,525480,14,BALL_VALVE,50.0,600,ASTM A182 F316,RF,API 6D
BPCL-SAP-0000167,BPCL,VLV-GT-DN15-PN250-WCB-RF,CAN-001050,DEPOT-BPCL-NML,"Numaligarh Depot Base, Assam",14,58460,68,GATE_VALVE,15.0,1500,ASTM A216 WCB,RF,API 6D
BPCL-SAP-0000168,BPCL,FLG-BLD-DN50-PN50-SS316-RTJ,CAN-000502,DEPOT-BPCL-BIN,"Bina Refinery, Madhya Pradesh",0,24690,0,FLANGE_BLIND,50.0,300,ASTM A182 F316,RTJ,ASME B16.5
BPCL-SAP-0000169,BPCL,VLV-GT-DN300-PN100-WCB-BW,CAN-001568,DEPOT-BPCL-BIN,"Bina Refinery, Madhya Pradesh",125,1379920,526,GATE_VALVE,300.0,600,ASTM A216 WCB,BW,API 6D
BPCL-SAP-0000170,BPCL,FLG-BLD-DN200-CL150-A350LF2-RF,CAN-000613,DEPOT-BPCL-NML,"Numaligarh Depot Base, Assam",27,42990,17,FLANGE_BLIND,200.0,150,ASTM A350 LF2,RF,ASME B16.5
BPCL-SAP-0000171,BPCL,GSKT-SW-DN25-PN250-SS304-GR-RF,CAN-002020,DEPOT-BPCL-KCH,"Kochi Refinery, Kerala",36,9840,96,SPIRAL_WOUND_GASKET,25.0,1500,SS304 / GRAPHITE,RF,ASME B16.20
BPCL-SAP-0000172,BPCL,FLG-WN-DN50-PN100-A350LF2-RTJ,CAN-000140,DEPOT-BPCL-MUM,"Mumbai Refinery, Mahul, Maharashtra",0,26270,0,FLANGE_WELD_NECK,50.0,600,ASTM A350 LF2,RTJ,ASME B16.5
BPCL-SAP-0000173,BPCL,VLV-GL-DN200-PN150-WCB-RF,CAN-001953,DEPOT-BPCL-KCH,"Kochi Refinery, Kerala",49,1502270,83,GLOBE_VALVE,200.0,900,ASTM A216 WCB,RF,BS 1873
BPCL-SAP-0000174,BPCL,FLG-BLD-DN250-PN50-A350LF2-RTJ,CAN-000650,DEPOT-BPCL-KCH,"Kochi Refinery, Kerala",147,100040,531,FLANGE_BLIND,250.0,300,ASTM A350 LF2,RTJ,ASME B16.5
BPCL-SAP-0000175,BPCL,FLG-WN-DN40-CL1500-SS316-RTJ,CAN-000120,DEPOT-BPCL-NML,"Numaligarh Depot Base, Assam",67,81830,240,FLANGE_WELD_NECK,40.0,1500,ASTM A182 F316,RTJ,ASME B16.5
BPCL-SAP-0000176,BPCL,VLV-GL-DN15-CL150-WCB-RF,CAN-001801,DEPOT-BPCL-MUM,"Mumbai Refinery, Mahul, Maharashtra",25,12350,30,GLOBE_VALVE,15.0,150,ASTM A216 WCB,RF,BS 1873
BPCL-SAP-0000177,BPCL,VLV-GT-DN250-PN100-SS316-RF,CAN-001514,DEPOT-BPCL-KCH,"Kochi Refinery, Kerala",32,3483930,281,GATE_VALVE,250.0,600,ASTM A182 F316,RF,API 6D
BPCL-SAP-0000178,BPCL,FLG-WN-DN300-CL300-A350LF2-RTJ,CAN-000372,DEPOT-BPCL-BIN,"Bina Refinery, Madhya Pradesh",25,154980,432,FLANGE_WELD_NECK,300.0,300,ASTM A350 LF2,RTJ,ASME B16.5
BPCL-SAP-0000179,BPCL,FLG-WN-DN40-PN100-SS304-RF,CAN-000101,DEPOT-BPCL-KCH,"Kochi Refinery, Kerala",36,29480,68,FLANGE_WELD_NECK,40.0,600,ASTM A182 F304,RF,ASME B16.5
BPCL-SAP-0000180,BPCL,VLV-BL-DN50-PN20-SS316-RF,CAN-001663,DEPOT-BPCL-BIN,"Bina Refinery, Madhya Pradesh",23,173340,39,BALL_VALVE,50.0,150,ASTM A182 F316,RF,API 6D
BPCL-SAP-0000181,BPCL,VLV-GT-DN25-CL150-SS316-RF,CAN-001070,DEPOT-BPCL-KCH,"Kochi Refinery, Kerala",24,57600,54,GATE_VALVE,25.0,150,ASTM A182 F316,RF,API 6D
BPCL-SAP-0000182,BPCL,VLV-GT-DN100-PN50-SS316-RF,CAN-001321,DEPOT-BPCL-NML,"Numaligarh Depot Base, Assam",147,608020,469,GATE_VALVE,100.0,300,ASTM A182 F316,RF,API 600
BPCL-SAP-0000183,BPCL,VLV-BL-DN300-PN100-SS316-RF,CAN-001791,DEPOT-BPCL-MUM,"Mumbai Refinery, Mahul, Maharashtra",35,5397040,68,BALL_VALVE,300.0,600,ASTM A182 F316,RF,API 6D
BPCL-SAP-0000184,BPCL,VLV-BL-DN150-CL900-SS316-RF,CAN-001735,DEPOT-BPCL-NML,"Numaligarh Depot Base, Assam",143,3031720,333,BALL_VALVE,150.0,900,ASTM A182 F316,RF,API 6D
BPCL-SAP-0000185,BPCL,FLG-BLD-DN80-PN50-A105-RTJ,CAN-000528,DEPOT-BPCL-KCH,"Kochi Refinery, Kerala",23,14210,23,FLANGE_BLIND,80.0,300,ASTM A105,RTJ,ASME B16.5
BPCL-SAP-0000186,BPCL,FLG-BLD-DN50-PN100-SS316-RF,CAN-000507,DEPOT-BPCL-MUM,"Mumbai Refinery, Mahul, Maharashtra",45,42990,111,FLANGE_BLIND,50.0,600,ASTM A182 F316,RF,ASME B16.5
BPCL-SAP-0000187,BPCL,BLT-STUD-DN25-PN50-B7-2H-THRD,CAN-002113,DEPOT-BPCL-MUM,"Mumbai Refinery, Mahul, Maharashtra",0,600,0,STUD_BOLT,25.0,300,ASTM A193 B7 / A194 2H,THRD,ASME B18.2.1
BPCL-SAP-0000188,BPCL,FLG-BLD-DN250-PN50-SS316-RF,CAN-000651,DEPOT-BPCL-NML,"Numaligarh Depot Base, Assam",23,200090,32,FLANGE_BLIND,250.0,300,ASTM A182 F316,RF,ASME B16.5
BPCL-SAP-0000189,BPCL,VLV-BL-DN50-PN100-WCB-BW,CAN-001670,DEPOT-BPCL-KCH,"Kochi Refinery, Kerala",20,164210,18,BALL_VALVE,50.0,600,ASTM A216 WCB,BW,API 6D
BPCL-SAP-0000190,BPCL,GSKT-SW-DN80-CL1500-SS304-GR-RF,CAN-002050,DEPOT-BPCL-BIN,"Bina Refinery, Madhya Pradesh",0,44640,0,SPIRAL_WOUND_GASKET,80.0,1500,SS304 / GRAPHITE,RF,ASME B16.20
BPCL-SAP-0000191,BPCL,BLT-STUD-DN80-CL150-B7-2H-THRD,CAN-002141,DEPOT-BPCL-KCH,"Kochi Refinery, Kerala",37,1580,54,STUD_BOLT,80.0,150,ASTM A193 B7 / A194 2H,THRD,ASME B18.2.1
BPCL-SAP-0000192,BPCL,VLV-GT-DN250-PN50-WCB-BW,CAN-001495,DEPOT-BPCL-NML,"Numaligarh Depot Base, Assam",32,625310,364,GATE_VALVE,250.0,300,ASTM A216 WCB,BW,API 600
BPCL-SAP-0000193,BPCL,FLG-BLD-DN50-CL900-A350LF2-RF,CAN-000511,DEPOT-BPCL-MUM,"Mumbai Refinery, Mahul, Maharashtra",0,29730,0,FLANGE_BLIND,50.0,900,ASTM A350 LF2,RF,ASME B16.5
BPCL-SAP-0000194,BPCL,VLV-GT-DN150-PN250-A105-RF,CAN-001414,DEPOT-BPCL-NML,"Numaligarh Depot Base, Assam",41,1166450,21,GATE_VALVE,150.0,1500,ASTM A105,RF,API 6D
BPCL-SAP-0000195,BPCL,FLG-SO-DN40-CL900-SS304-RF,CAN-000781,DEPOT-BPCL-BIN,"Bina Refinery, Madhya Pradesh",0,29660,0,FLANGE_SLIP_ON,40.0,900,ASTM A182 F304,RF,ASME B16.5
BPCL-SAP-0000196,BPCL,FLG-BLD-DN40-PN20-A350LF2-RTJ,CAN-000464,DEPOT-BPCL-BIN,"Bina Refinery, Madhya Pradesh",109,5300,299,FLANGE_BLIND,40.0,150,ASTM A350 LF2,RTJ,ASME B16.5
BPCL-SAP-0000197,BPCL,VLV-GT-DN80-PN150-SS316-RF,CAN-001285,DEPOT-BPCL-KCH,"Kochi Refinery, Kerala",21,1095560,45,GATE_VALVE,80.0,900,ASTM A182 F316,RF,API 600
BPCL-SAP-0000198,BPCL,FLG-BLD-DN150-CL150-SS316-RTJ,CAN-000586,DEPOT-BPCL-NML,"Numaligarh Depot Base, Assam",37,59150,108,FLANGE_BLIND,150.0,150,ASTM A182 F316,RTJ,ASME B16.5
BPCL-SAP-0000199,BPCL,VLV-GL-DN40-CL900-A105-RF,CAN-001855,DEPOT-BPCL-KCH,"Kochi Refinery, Kerala",0,185390,0,GLOBE_VALVE,40.0,900,ASTM A105,RF,BS 1873
BPCL-SAP-0000200,BPCL,VLV-GT-DN50-PN250-SS316-RF,CAN-001237,DEPOT-BPCL-BIN,"Bina Refinery, Madhya Pradesh",23,894870,40,GATE_VALVE,50.0,1500,ASTM A182 F316,RF,API 600
BPCL-SAP-0000201,BPCL,FLG-SO-DN40-CL900-SS316-FF,CAN-000784,DEPOT-BPCL-NML,"Numaligarh Depot Base, Assam",46,39550,44,FLANGE_SLIP_ON,40.0,900,ASTM A182 F316,FF,ASME B16.5
BPCL-SAP-0000202,BPCL,VLV-GT-DN40-PN100-SS316-RF,CAN-001154,DEPOT-BPCL-MUM,"Mumbai Refinery, Mahul, Maharashtra",73,321680,306,GATE_VALVE,40.0,600,ASTM A182 F316,RF,API 6D
BPCL-SAP-0000203,BPCL,FLG-BLD-DN15-CL900-A350LF2-RF,CAN-000421,DEPOT-BPCL-KCH,"Kochi Refinery, Kerala",0,6210,0,FLANGE_BLIND,15.0,900,ASTM A350 LF2,RF,ASME B16.5
BPCL-SAP-0000204,BPCL,BLT-STUD-DN150-CL900-L7-GR7-THRD,CAN-002168,DEPOT-BPCL-MUM,"Mumbai Refinery, Mahul, Maharashtra",0,24110,0,STUD_BOLT,150.0,900,ASTM A320 L7 / A194 7,THRD,ASME B18.2.1
BPCL-SAP-0000205,BPCL,VLV-GT-DN40-CL600-A105-BW,CAN-001151,DEPOT-BPCL-KCH,"Kochi Refinery, Kerala",0,100520,0,GATE_VALVE,40.0,600,ASTM A105,BW,API 600
BPCL-SAP-0000206,BPCL,VLV-GT-DN150-PN250-WCB-RF,CAN-001410,DEPOT-BPCL-MUM,"Mumbai Refinery, Mahul, Maharashtra",21,1166450,108,GATE_VALVE,150.0,1500,ASTM A216 WCB,RF,API 6D
BPCL-SAP-0000207,BPCL,VLV-GL-DN15-PN50-A105-RF,CAN-001807,DEPOT-BPCL-KCH,"Kochi Refinery, Kerala",136,21500,233,GLOBE_VALVE,15.0,300,ASTM A105,RF,BS 1873
BPCL-SAP-0000208,BPCL,FLG-BLD-DN200-PN150-SS316-RF,CAN-000633,DEPOT-BPCL-BIN,"Bina Refinery, Madhya Pradesh",133,360540,205,FLANGE_BLIND,200.0,900,ASTM A182 F316,RF,ASME B16.5
BPCL-SAP-0000209,BPCL,FLG-SO-DN150-PN250-A105-FF,CAN-000906,DEPOT-BPCL-MUM,"Mumbai Refinery, Mahul, Maharashtra",13,103680,59,FLANGE_SLIP_ON,150.0,1500,ASTM A105,FF,ASME B16.5
BPCL-SAP-0000210,BPCL,FLG-BLD-DN80-PN150-A350LF2-RF,CAN-000541,DEPOT-BPCL-KCH,"Kochi Refinery, Kerala",16,54770,42,FLANGE_BLIND,80.0,900,ASTM A350 LF2,RF,ASME B16.5
BPCL-SAP-0000211,BPCL,FLG-WN-DN200-PN20-A105-RTJ,CAN-000282,DEPOT-BPCL-KCH,"Kochi Refinery, Kerala",0,32840,0,FLANGE_WELD_NECK,200.0,150,ASTM A105,RTJ,ASME B16.5
BPCL-SAP-0000212,BPCL,VLV-GT-DN200-CL150-A105-BW,CAN-001428,DEPOT-BPCL-KCH,"Kochi Refinery, Kerala",0,268710,0,GATE_VALVE,200.0,150,ASTM A105,BW,API 6D
BPCL-SAP-0000213,BPCL,VLV-GT-DN40-PN50-WCB-RF,CAN-001134,DEPOT-BPCL-MUM,"Mumbai Refinery, Mahul, Maharashtra",36,57730,15,GATE_VALVE,40.0,300,ASTM A216 WCB,RF,API 6D
BPCL-SAP-0000214,BPCL,VLV-BL-DN300-PN50-SS316-RF,CAN-001787,DEPOT-BPCL-KCH,"Kochi Refinery, Kerala",38,3099790,73,BALL_VALVE,300.0,300,ASTM A182 F316,RF,API 6D
BPCL-SAP-0000215,BPCL,FLG-SO-DN25-PN20-A105-FF,CAN-000732,DEPOT-BPCL-BIN,"Bina Refinery, Madhya Pradesh",0,1600,0,FLANGE_SLIP_ON,25.0,150,ASTM A105,FF,ASME B16.5
BPCL-SAP-0000216,BPCL,FLG-WN-DN50-PN20-SS304-RTJ,CAN-000126,DEPOT-BPCL-KCH,"Kochi Refinery, Kerala",44,13000,65,FLANGE_WELD_NECK,50.0,150,ASTM A182 F304,RTJ,ASME B16.5
BPCL-SAP-0000217,BPCL,VLV-GL-DN25-PN50-WCB-RF,CAN-001826,DEPOT-BPCL-KCH,"Kochi Refinery, Kerala",11,41780,113,GLOBE_VALVE,25.0,300,ASTM A216 WCB,RF,ASME B16.34
BPCL-SAP-0000218,BPCL,GSKT-SW-DN150-PN50-SS316-GR-RF,CAN-002063,DEPOT-BPCL-BIN,"Bina Refinery, Madhya Pradesh",11,37190,120,SPIRAL_WOUND_GASKET,150.0,300,SS316 / GRAPHITE,RF,ASME B16.20
BPCL-SAP-0000219,BPCL,VLV-GT-DN40-PN20-A105-RF,CAN-001125,DEPOT-BPCL-KCH,"Kochi Refinery, Kerala",112,33160,643,GATE_VALVE,40.0,150,ASTM A105,RF,API 600
BPCL-SAP-0000220,BPCL,VLV-GT-DN25-PN100-A105-BW,CAN-001091,DEPOT-BPCL-KCH,"Kochi Refinery, Kerala",30,54560,113,GATE_VALVE,25.0,600,ASTM A105,BW,API 600
BPCL-SAP-0000221,BPCL,FLG-WN-DN100-CL1500-A105-RF,CAN-000233,DEPOT-BPCL-MUM,"Mumbai Refinery, Mahul, Maharashtra",0,84150,0,FLANGE_WELD_NECK,100.0,1500,ASTM A105,RF,ASME B16.5
BPCL-SAP-0000222,BPCL,VLV-GT-DN80-PN150-SS316-BW,CAN-001287,DEPOT-BPCL-BIN,"Bina Refinery, Madhya Pradesh",0,1095560,0,GATE_VALVE,80.0,900,ASTM A182 F316,BW,API 600
BPCL-SAP-0000223,BPCL,VLV-GL-DN25-PN250-A105-RF,CAN-001840,DEPOT-BPCL-BIN,"Bina Refinery, Madhya Pradesh",0,151420,0,GLOBE_VALVE,25.0,1500,ASTM A105,RF,ASME B16.34
BPCL-SAP-0000224,BPCL,FLG-WN-DN150-PN100-A350LF2-RTJ,CAN-000260,DEPOT-BPCL-NML,"Numaligarh Depot Base, Assam",146,109590,281,FLANGE_WELD_NECK,150.0,600,ASTM A350 LF2,RTJ,ASME B16.5
BPCL-SAP-0000225,BPCL,FLG-WN-DN150-CL1500-A350LF2-RTJ,CAN-000276,DEPOT-BPCL-BIN,"Bina Refinery, Madhya Pradesh",69,228100,389,FLANGE_WELD_NECK,150.0,1500,ASTM A350 LF2,RTJ,ASME B16.5
BPCL-SAP-0000226,BPCL,FLG-BLD-DN40-CL150-SS316-RTJ,CAN-000466,DEPOT-BPCL-NML,"Numaligarh Depot Base, Assam",19,10610,19,FLANGE_BLIND,40.0,150,ASTM A182 F316,RTJ,ASME B16.5
BPCL-SAP-0000227,BPCL,VLV-GT-DN25-PN50-WCB-BW,CAN-001075,DEPOT-BPCL-KCH,"Kochi Refinery, Kerala",36,31330,52,GATE_VALVE,25.0,300,ASTM A216 WCB,BW,API 600
BPCL-SAP-0000228,BPCL,FLG-WN-DN100-PN150-SS316-RF,CAN-000231,DEPOT-BPCL-MUM,"Mumbai Refinery, Mahul, Maharashtra",32,178960,105,FLANGE_WELD_NECK,100.0,900,ASTM A182 F316,RF,ASME B16.5
BPCL-SAP-0000229,BPCL,VLV-GT-DN100-CL1500-WCB-BW,CAN-001352,DEPOT-BPCL-NML,"Numaligarh Depot Base, Assam",45,688570,16,GATE_VALVE,100.0,1500,ASTM A216 WCB,BW,API 6D
BPCL-SAP-0000230,BPCL,VLV-GT-DN25-CL150-WCB-BW,CAN-001064,DEPOT-BPCL-MUM,"Mumbai Refinery, Mahul, Maharashtra",31,18000,355,GATE_VALVE,25.0,150,ASTM A216 WCB,BW,API 6D
BPCL-SAP-0000231,BPCL,FLG-BLD-DN200-PN250-A105-RTJ,CAN-000636,DEPOT-BPCL-NML,"Numaligarh Depot Base, Assam",44,169540,108,FLANGE_BLIND,200.0,1500,ASTM A105,RTJ,ASME B16.5
BPCL-SAP-0000232,BPCL,VLV-GT-DN15-PN100-SS316-BW,CAN-001036,DEPOT-BPCL-NML,"Numaligarh Depot Base, Assam",0,89880,0,GATE_VALVE,15.0,600,ASTM A182 F316,BW,API 6D
BPCL-SAP-0000233,BPCL,VLV-GT-DN250-CL900-WCB-BW,CAN-001520,DEPOT-BPCL-MUM,"Mumbai Refinery, Mahul, Maharashtra",25,1505890,39,GATE_VALVE,250.0,900,ASTM A216 WCB,BW,API 6D
BPCL-SAP-0000234,BPCL,VLV-GT-DN80-PN20-SS316-RF,CAN-001250,DEPOT-BPCL-MUM,"Mumbai Refinery, Mahul, Maharashtra",127,261280,377,GATE_VALVE,80.0,150,ASTM A182 F316,RF,API 6D
BPCL-SAP-0000235,BPCL,VLV-GT-DN250-CL900-A105-RF,CAN-001522,DEPOT-BPCL-MUM,"Mumbai Refinery, Mahul, Maharashtra",18,1505890,73,GATE_VALVE,250.0,900,ASTM A105,RF,API 6D
BPCL-SAP-0000236,BPCL,VLV-GT-DN15-PN150-WCB-RF,CAN-001038,DEPOT-BPCL-NML,"Numaligarh Depot Base, Assam",73,38840,354,GATE_VALVE,15.0,900,ASTM A216 WCB,RF,API 6D
BPCL-SAP-0000237,BPCL,VLV-GT-DN25-PN20-A105-RF,CAN-001066,DEPOT-BPCL-NML,"Numaligarh Depot Base, Assam",48,18000,31,GATE_VALVE,25.0,150,ASTM A105,RF,API 6D
BPCL-SAP-0000238,BPCL,FLG-BLD-DN100-PN20-A350LF2-RTJ,CAN-000554,DEPOT-BPCL-NML,"Numaligarh Depot Base, Assam",29,17460,109,FLANGE_BLIND,100.0,150,ASTM A350 LF2,RTJ,ASME B16.5
BPCL-SAP-0000239,BPCL,VLV-GT-DN300-CL600-A105-BW,CAN-001572,DEPOT-BPCL-NML,"Numaligarh Depot Base, Assam",141,1379920,504,GATE_VALVE,300.0,600,ASTM A105,BW,API 6D
BPCL-SAP-0000240,BPCL,FLG-WN-DN25-CL900-A105-RTJ,CAN-000066,DEPOT-BPCL-MUM,"Mumbai Refinery, Mahul, Maharashtra",109,9220,347,FLANGE_WELD_NECK,25.0,900,ASTM A105,RTJ,ASME B16.5
BPCL-SAP-0000241,BPCL,VLV-GT-DN300-PN50-SS316-BW,CAN-001563,DEPOT-BPCL-KCH,"Kochi Refinery, Kerala",13,2536190,119,GATE_VALVE,300.0,300,ASTM A182 F316,BW,API 600
BPCL-SAP-0000242,BPCL,FLG-SO-DN40-PN250-A105-RF,CAN-000785,DEPOT-BPCL-NML,"Numaligarh Depot Base, Assam",43,18590,34,FLANGE_SLIP_ON,40.0,1500,ASTM A105,RF,ASME B16.5
BPCL-SAP-0000243,BPCL,VLV-GT-DN40-PN150-A105-RF,CAN-001162,DEPOT-BPCL-BIN,"Bina Refinery, Madhya Pradesh",96,139040,437,GATE_VALVE,40.0,900,ASTM A105,RF,API 6D
BPCL-SAP-0000244,BPCL,VLV-GL-DN200-PN250-WCB-RF,CAN-001958,DEPOT-BPCL-BIN,"Bina Refinery, Madhya Pradesh",49,2260620,564,GLOBE_VALVE,200.0,1500,ASTM A216 WCB,RF,ASME B16.34
BPCL-SAP-0000245,BPCL,VLV-GT-DN250-PN100-SS316-RF,CAN-001514,DEPOT-BPCL-BIN,"Bina Refinery, Madhya Pradesh",118,3483930,360,GATE_VALVE,250.0,600,ASTM A182 F316,RF,API 6D
BPCL-SAP-0000246,BPCL,GSKT-SW-DN25-PN50-SS304-GR-RF,CAN-002014,DEPOT-BPCL-KCH,"Kochi Refinery, Kerala",5,2710,83,SPIRAL_WOUND_GASKET,25.0,300,SS304 / GRAPHITE,RF,ASME B16.20
BPCL-SAP-0000247,BPCL,VLV-GT-DN40-PN150-SS316-RF,CAN-001166,DEPOT-BPCL-KCH,"Kochi Refinery, Kerala",134,444930,256,GATE_VALVE,40.0,900,ASTM A182 F316,RF,API 6D
BPCL-SAP-0000248,BPCL,FLG-SO-DN15-PN250-A105-FF,CAN-000726,DEPOT-BPCL-NML,"Numaligarh Depot Base, Assam",78,5190,603,FLANGE_SLIP_ON,15.0,1500,ASTM A105,FF,ASME B16.5
BPCL-SAP-0000249,BPCL,GSKT-SW-DN100-PN50-SS304-GR-RF,CAN-002054,DEPOT-BPCL-MUM,"Mumbai Refinery, Mahul, Maharashtra",8,16460,51,SPIRAL_WOUND_GASKET,100.0,300,SS304 / GRAPHITE,RF,ASME B16.20
BPCL-SAP-0000250,BPCL,VLV-BL-DN40-PN250-SS316-BW,CAN-001660,DEPOT-BPCL-KCH,"Kochi Refinery, Kerala",46,818330,25,BALL_VALVE,40.0,1500,ASTM A182 F316,BW,API 6D
BPCL-SAP-0000251,BPCL,VLV-GT-DN15-PN250-A105-RF,CAN-001054,DEPOT-BPCL-KCH,"Kochi Refinery, Kerala",0,58460,0,GATE_VALVE,15.0,1500,ASTM A105,RF,API 6D
BPCL-SAP-0000252,BPCL,VLV-BL-DN100-PN250-WCB-BW,CAN-001718,DEPOT-BPCL-NML,"Numaligarh Depot Base, Assam",0,841590,0,BALL_VALVE,100.0,1500,ASTM A216 WCB,BW,API 6D
BPCL-SAP-0000253,BPCL,VLV-GT-DN100-CL300-A105-RF,CAN-001318,DEPOT-BPCL-BIN,"Bina Refinery, Madhya Pradesh",22,190000,45,GATE_VALVE,100.0,300,ASTM A105,RF,API 6D
BPCL-SAP-0000254,BPCL,FLG-SO-DN150-PN50-SS316-RF,CAN-000891,DEPOT-BPCL-BIN,"Bina Refinery, Madhya Pradesh",9,91550,89,FLANGE_SLIP_ON,150.0,300,ASTM A182 F316,RF,ASME B16.5
BPCL-SAP-0000255,BPCL,GSKT-SW-DN250-PN20-SS316-GR-RF,CAN-002081,DEPOT-BPCL-NML,"Numaligarh Depot Base, Assam",116,41500,189,SPIRAL_WOUND_GASKET,250.0,150,SS316 / GRAPHITE,RF,ASME B16.20
BPCL-SAP-0000256,BPCL,FLG-SO-DN300-PN20-SS304-FF,CAN-000974,DEPOT-BPCL-BIN,"Bina Refinery, Madhya Pradesh",0,97110,0,FLANGE_SLIP_ON,300.0,150,ASTM A182 F304,FF,ASME B16.5
BPCL-SAP-0000257,BPCL,FLG-BLD-DN40-CL900-SS316-RF,CAN-000483,DEPOT-BPCL-BIN,"Bina Refinery, Madhya Pradesh",40,44490,181,FLANGE_BLIND,40.0,900,ASTM A182 F316,RF,ASME B16.5
BPCL-SAP-0000258,BPCL,FLG-SO-DN80-PN100-A105-RF,CAN-000833,DEPOT-BPCL-NML,"Numaligarh Depot Base, Assam",26,22000,68,FLANGE_SLIP_ON,80.0,600,ASTM A105,RF,ASME B16.5
BPCL-SAP-0000259,BPCL,FLG-WN-DN50-CL150-SS316-RTJ,CAN-000128,DEPOT-BPCL-BIN,"Bina Refinery, Madhya Pradesh",31,17330,118,FLANGE_WELD_NECK,50.0,150,ASTM A182 F316,RTJ,ASME B16.5
BPCL-SAP-0000260,BPCL,FLG-BLD-DN250-PN20-A350LF2-RF,CAN-000643,DEPOT-BPCL-NML,"Numaligarh Depot Base, Assam",34,57460,34,FLANGE_BLIND,250.0,150,ASTM A350 LF2,RF,ASME B16.5
BPCL-SAP-0000261,BPCL,VLV-GL-DN150-PN250-A105-RF,CAN-001940,DEPOT-BPCL-NML,"Numaligarh Depot Base, Assam",24,1555270,20,GLOBE_VALVE,150.0,1500,ASTM A105,RF,ASME B16.34
BPCL-SAP-0000262,BPCL,VLV-GT-DN15-PN100-SS316-RF,CAN-001034,DEPOT-BPCL-BIN,"Bina Refinery, Madhya Pradesh",0,89880,0,GATE_VALVE,15.0,600,ASTM A182 F316,RF,API 6D
BPCL-SAP-0000263,BPCL,FLG-WN-DN100-PN150-A350LF2-RTJ,CAN-000228,DEPOT-BPCL-MUM,"Mumbai Refinery, Mahul, Maharashtra",58,89480,427,FLANGE_WELD_NECK,100.0,900,ASTM A350 LF2,RTJ,ASME B16.5
BPCL-SAP-0000264,BPCL,FLG-WN-DN15-CL300-SS316-RF,CAN-000015,DEPOT-BPCL-BIN,"Bina Refinery, Madhya Pradesh",129,6300,370,FLANGE_WELD_NECK,15.0,300,ASTM A182 F316,RF,ASME B16.5
BPCL-SAP-0000265,BPCL,FLG-WN-DN100-CL1500-A105-RF,CAN-000233,DEPOT-BPCL-NML,"Numaligarh Depot Base, Assam",31,84150,117,FLANGE_WELD_NECK,100.0,1500,ASTM A105,RF,ASME B16.5
BPCL-SAP-0000266,BPCL,FLG-WN-DN15-CL150-A350LF2-RTJ,CAN-000004,DEPOT-BPCL-NML,"Numaligarh Depot Base, Assam",105,1810,405,FLANGE_WELD_NECK,15.0,150,ASTM A350 LF2,RTJ,ASME B16.5
BPCL-SAP-0000267,BPCL,FLG-SO-DN250-PN150-A105-FF,CAN-000960,DEPOT-BPCL-NML,"Numaligarh Depot Base, Assam",0,133850,0,FLANGE_SLIP_ON,250.0,900,ASTM A105,FF,ASME B16.5
BPCL-SAP-0000268,BPCL,VLV-GT-DN100-PN20-A105-BW,CAN-001308,DEPOT-BPCL-MUM,"Mumbai Refinery, Mahul, Maharashtra",23,109130,31,GATE_VALVE,100.0,150,ASTM A105,BW,API 6D
BPCL-SAP-0000269,BPCL,VLV-GT-DN25-PN150-A105-BW,CAN-001103,DEPOT-BPCL-MUM,"Mumbai Refinery, Mahul, Maharashtra",37,75470,607,GATE_VALVE,25.0,900,ASTM A105,BW,API 600
BPCL-SAP-0000270,BPCL,FLG-WN-DN250-CL600-A350LF2-RF,CAN-000339,DEPOT-BPCL-KCH,"Kochi Refinery, Kerala",0,212900,0,FLANGE_WELD_NECK,250.0,600,ASTM A350 LF2,RF,ASME B16.5
BPCL-SAP-0000271,BPCL,VLV-GL-DN40-PN100-WCB-RF,CAN-001849,DEPOT-BPCL-NML,"Numaligarh Depot Base, Assam",0,134030,0,GLOBE_VALVE,40.0,600,ASTM A216 WCB,RF,BS 1873
BPCL-SAP-0000272,BPCL,FLG-WN-DN200-PN50-SS304-RF,CAN-000293,DEPOT-BPCL-NML,"Numaligarh Depot Base, Assam",0,137230,0,FLANGE_WELD_NECK,200.0,300,ASTM A182 F304,RF,ASME B16.5
BPCL-SAP-0000273,BPCL,VLV-GT-DN40-PN250-A105-RF,CAN-001174,DEPOT-BPCL-NML,"Numaligarh Depot Base, Assam",30,209230,87,GATE_VALVE,40.0,1500,ASTM A105,RF,API 6D
BPCL-SAP-0000274,BPCL,GSKT-SW-DN200-CL900-SS304-GR-RF,CAN-002078,DEPOT-BPCL-NML,"Numaligarh Depot Base, Assam",137,97640,239,SPIRAL_WOUND_GASKET,200.0,900,SS304 / GRAPHITE,RF,ASME B16.20
BPCL-SAP-0000275,BPCL,VLV-GT-DN150-CL300-WCB-BW,CAN-001376,DEPOT-BPCL-MUM,"Mumbai Refinery, Mahul, Maharashtra",12,321870,68,GATE_VALVE,150.0,300,ASTM A216 WCB,BW,API 6D
BPCL-SAP-0000276,BPCL,FLG-WN-DN15-PN50-A350LF2-RF,CAN-000011,DEPOT-BPCL-NML,"Numaligarh Depot Base, Assam",32,3150,96,FLANGE_WELD_NECK,15.0,300,ASTM A350 LF2,RF,ASME B16.5
BPCL-SAP-0000277,BPCL,FLG-BLD-DN40-CL600-A350LF2-RTJ,CAN-000476,DEPOT-BPCL-BIN,"Bina Refinery, Madhya Pradesh",7,16080,82,FLANGE_BLIND,40.0,600,ASTM A350 LF2,RTJ,ASME B16.5
BPCL-SAP-0000278,BPCL,FLG-BLD-DN80-PN150-SS316-RTJ,CAN-000544,DEPOT-BPCL-NML,"Numaligarh Depot Base, Assam",40,109550,69,FLANGE_BLIND,80.0,900,ASTM A182 F316,RTJ,ASME B16.5
BPCL-SAP-0000279,BPCL,FLG-SO-DN50-CL600-A105-FF,CAN-000804,DEPOT-BPCL-NML,"Numaligarh Depot Base, Assam",58,11940,333,FLANGE_SLIP_ON,50.0,600,ASTM A105,FF,ASME B16.5
BPCL-SAP-0000280,BPCL,FLG-SO-DN150-PN20-SS316-RF,CAN-000885,DEPOT-BPCL-KCH,"Kochi Refinery, Kerala",0,52580,0,FLANGE_SLIP_ON,150.0,150,ASTM A182 F316,RF,ASME B16.5
BPCL-SAP-0000281,BPCL,FLG-WN-DN200-PN100-SS304-RF,CAN-000301,DEPOT-BPCL-NML,"Numaligarh Depot Base, Assam",24,238940,101,FLANGE_WELD_NECK,200.0,600,ASTM A182 F304,RF,ASME B16.5
BPCL-SAP-0000282,BPCL,VLV-GT-DN100-PN150-WCB-RF,CAN-001337,DEPOT-BPCL-KCH,"Kochi Refinery, Kerala",18,457580,68,GATE_VALVE,100.0,900,ASTM A216 WCB,RF,API 600
BPCL-SAP-0000283,BPCL,VLV-GT-DN300-CL300-A105-BW,CAN-001559,DEPOT-BPCL-NML,"Numaligarh Depot Base, Assam",120,792550,730,GATE_VALVE,300.0,300,ASTM A105,BW,API 600
BPCL-SAP-0000284,BPCL,VLV-GT-DN25-PN20-WCB-BW,CAN-001063,DEPOT-BPCL-KCH,"Kochi Refinery, Kerala",21,18000,74,GATE_VALVE,25.0,150,ASTM A216 WCB,BW,API 600
BPCL-SAP-0000285,BPCL,FLG-SO-DN300-CL150-A105-RF,CAN-000971,DEPOT-BPCL-KCH,"Kochi Refinery, Kerala",0,40460,0,FLANGE_SLIP_ON,300.0,150,ASTM A105,RF,ASME B16.5
BPCL-SAP-0000286,BPCL,FLG-WN-DN200-PN50-A350LF2-RTJ,CAN-000292,DEPOT-BPCL-MUM,"Mumbai Refinery, Mahul, Maharashtra",33,91490,18,FLANGE_WELD_NECK,200.0,300,ASTM A350 LF2,RTJ,ASME B16.5
BPCL-SAP-0000287,BPCL,GSKT-SW-DN25-PN250-SS304-GR-RF,CAN-002020,DEPOT-BPCL-BIN,"Bina Refinery, Madhya Pradesh",26,9840,85,SPIRAL_WOUND_GASKET,25.0,1500,SS304 / GRAPHITE,RF,ASME B16.20
BPCL-SAP-0000288,BPCL,FLG-SO-DN200-PN50-SS316-FF,CAN-000922,DEPOT-BPCL-MUM,"Mumbai Refinery, Mahul, Maharashtra",0,133070,0,FLANGE_SLIP_ON,200.0,300,ASTM A182 F316,FF,ASME B16.5
BPCL-SAP-0000289,BPCL,FLG-BLD-DN200-PN250-A350LF2-RTJ,CAN-000638,DEPOT-BPCL-KCH,"Kochi Refinery, Kerala",14,271270,103,FLANGE_BLIND,200.0,1500,ASTM A350 LF2,RTJ,ASME B16.5
BPCL-SAP-0000290,BPCL,VLV-GT-DN50-PN250-WCB-RF,CAN-001230,DEPOT-BPCL-MUM,"Mumbai Refinery, Mahul, Maharashtra",117,279640,636,GATE_VALVE,50.0,1500,ASTM A216 WCB,RF,API 6D
BPCL-SAP-0000291,BPCL,FLG-WN-DN40-PN250-A105-RF,CAN-000113,DEPOT-BPCL-MUM,"Mumbai Refinery, Mahul, Maharashtra",39,25570,30,FLANGE_WELD_NECK,40.0,1500,ASTM A105,RF,ASME B16.5
BPCL-SAP-0000292,BPCL,VLV-GT-DN200-PN150-SS316-BW,CAN-001467,DEPOT-BPCL-KCH,"Kochi Refinery, Kerala",123,3605450,495,GATE_VALVE,200.0,900,ASTM A182 F316,BW,API 600
BPCL-SAP-0000293,BPCL,FLG-WN-DN100-PN100-A105-RTJ,CAN-000218,DEPOT-BPCL-MUM,"Mumbai Refinery, Mahul, Maharashtra",33,40430,20,FLANGE_WELD_NECK,100.0,600,ASTM A105,RTJ,ASME B16.5
BPCL-SAP-0000294,BPCL,FLG-BLD-DN25-PN20-A105-RTJ,CAN-000432,DEPOT-BPCL-BIN,"Bina Refinery, Madhya Pradesh",0,1800,0,FLANGE_BLIND,25.0,150,ASTM A105,RTJ,ASME B16.5
BPCL-SAP-0000295,BPCL,VLV-GT-DN15-CL600-SS316-RF,CAN-001034,DEPOT-BPCL-KCH,"Kochi Refinery, Kerala",18,89880,94,GATE_VALVE,15.0,600,ASTM A182 F316,RF,API 6D
BPCL-SAP-0000296,BPCL,FLG-WN-DN50-CL1500-A105-RF,CAN-000153,DEPOT-BPCL-NML,"Numaligarh Depot Base, Assam",35,34170,78,FLANGE_WELD_NECK,50.0,1500,ASTM A105,RF,ASME B16.5
BPCL-SAP-0000297,BPCL,FLG-BLD-DN300-CL900-SS316-RTJ,CAN-000694,DEPOT-BPCL-KCH,"Kochi Refinery, Kerala",0,610770,0,FLANGE_BLIND,300.0,900,ASTM A182 F316,RTJ,ASME B16.5
BPCL-SAP-0000298,BPCL,FLG-BLD-DN100-PN250-A105-RTJ,CAN-000576,DEPOT-BPCL-MUM,"Mumbai Refinery, Mahul, Maharashtra",37,68850,103,FLANGE_BLIND,100.0,1500,ASTM A105,RTJ,ASME B16.5
BPCL-SAP-0000299,BPCL,VLV-GT-DN200-CL150-A105-RF,CAN-001425,DEPOT-BPCL-KCH,"Kochi Refinery, Kerala",42,268710,112,GATE_VALVE,200.0,150,ASTM A105,RF,API 600
BPCL-SAP-0000300,BPCL,FLG-WN-DN50-CL900-A350LF2-RTJ,CAN-000148,DEPOT-BPCL-BIN,"Bina Refinery, Madhya Pradesh",32,36340,491,FLANGE_WELD_NECK,50.0,900,ASTM A350 LF2,RTJ,ASME B16.5
BPCL-SAP-0000301,BPCL,FLG-SO-DN25-PN100-SS304-RF,CAN-000745,DEPOT-BPCL-BIN,"Bina Refinery, Madhya Pradesh",21,11640,17,FLANGE_SLIP_ON,25.0,600,ASTM A182 F304,RF,ASME B16.5
BPCL-SAP-0000302,BPCL,VLV-GT-DN25-PN50-WCB-RF,CAN-001073,DEPOT-BPCL-MUM,"Mumbai Refinery, Mahul, Maharashtra",43,31330,107,GATE_VALVE,25.0,300,ASTM A216 WCB,RF,API 600
BPCL-SAP-0000303,BPCL,VLV-GL-DN200-CL600-A105-RF,CAN-001951,DEPOT-BPCL-BIN,"Bina Refinery, Madhya Pradesh",146,1086110,275,GLOBE_VALVE,200.0,600,ASTM A105,RF,BS 1873
BPCL-SAP-0000304,BPCL,FLG-WN-DN250-PN150-A105-RF,CAN-000345,DEPOT-BPCL-MUM,"Mumbai Refinery, Mahul, Maharashtra",48,184050,30,FLANGE_WELD_NECK,250.0,900,ASTM A105,RF,ASME B16.5
BPCL-SAP-0000305,BPCL,VLV-GL-DN25-PN50-WCB-RF,CAN-001826,DEPOT-BPCL-MUM,"Mumbai Refinery, Mahul, Maharashtra",0,41780,0,GLOBE_VALVE,25.0,300,ASTM A216 WCB,RF,ASME B16.34
BPCL-SAP-0000306,BPCL,GSKT-SW-DN250-PN50-SS316-GR-RF,CAN-002083,DEPOT-BPCL-NML,"Numaligarh Depot Base, Assam",32,72250,612,SPIRAL_WOUND_GASKET,250.0,300,SS316 / GRAPHITE,RF,ASME B16.20
BPCL-SAP-0000307,BPCL,FLG-BLD-DN50-PN100-SS316-RF,CAN-000507,DEPOT-BPCL-MUM,"Mumbai Refinery, Mahul, Maharashtra",94,42990,495,FLANGE_BLIND,50.0,600,ASTM A182 F316,RF,ASME B16.5
BPCL-SAP-0000308,BPCL,VLV-GT-DN100-PN250-WCB-RF,CAN-001350,DEPOT-BPCL-NML,"Numaligarh Depot Base, Assam",129,688570,578,GATE_VALVE,100.0,1500,ASTM A216 WCB,RF,API 6D
BPCL-SAP-0000309,BPCL,FLG-WN-DN15-CL900-A105-RTJ,CAN-000026,DEPOT-BPCL-NML,"Numaligarh Depot Base, Assam",58,4740,464,FLANGE_WELD_NECK,15.0,900,ASTM A105,RTJ,ASME B16.5
BPCL-SAP-0000310,BPCL,BLT-STUD-DN15-CL300-L7-GR7-THRD,CAN-002104,DEPOT-BPCL-MUM,"Mumbai Refinery, Mahul, Maharashtra",35,500,16,STUD_BOLT,15.0,300,ASTM A320 L7 / A194 7,THRD,ASME B18.2.1
BPCL-SAP-0000311,BPCL,VLV-BL-DN50-PN250-SS316-RF,CAN-001679,DEPOT-BPCL-MUM,"Mumbai Refinery, Mahul, Maharashtra",38,1093730,105,BALL_VALVE,50.0,1500,ASTM A182 F316,RF,API 6D
BPCL-SAP-0000312,BPCL,FLG-SO-DN40-PN250-SS304-FF,CAN-000788,DEPOT-BPCL-KCH,"Kochi Refinery, Kerala",48,44630,11,FLANGE_SLIP_ON,40.0,1500,ASTM A182 F304,FF,ASME B16.5
BPCL-SAP-0000313,BPCL,VLV-GT-DN100-CL300-A105-BW,CAN-001319,DEPOT-BPCL-NML,"Numaligarh Depot Base, Assam",48,190000,85,GATE_VALVE,100.0,300,ASTM A105,BW,API 600
BPCL-SAP-0000314,BPCL,FLG-WN-DN200-PN100-A350LF2-RF,CAN-000299,DEPOT-BPCL-BIN,"Bina Refinery, Madhya Pradesh",65,159290,471,FLANGE_WELD_NECK,200.0,600,ASTM A350 LF2,RF,ASME B16.5
BPCL-SAP-0000315,BPCL,VLV-GT-DN250-PN250-SS316-RF,CAN-001537,DEPOT-BPCL-MUM,"Mumbai Refinery, Mahul, Maharashtra",0,7251410,0,GATE_VALVE,250.0,1500,ASTM A182 F316,RF,API 600
BPCL-SAP-0000316,BPCL,VLV-GL-DN50-CL600-WCB-RF,CAN-001869,DEPOT-BPCL-BIN,"Bina Refinery, Madhya Pradesh",0,179140,0,GLOBE_VALVE,50.0,600,ASTM A216 WCB,RF,BS 1873
BPCL-SAP-0000317,BPCL,FLG-WN-DN40-PN50-A350LF2-RTJ,CAN-000092,DEPOT-BPCL-NML,"Numaligarh Depot Base, Assam",0,11290,0,FLANGE_WELD_NECK,40.0,300,ASTM A350 LF2,RTJ,ASME B16.5
BPCL-SAP-0000318,BPCL,VLV-GT-DN200-CL300-A105-RF,CAN-001438,DEPOT-BPCL-NML,"Numaligarh Depot Base, Assam",0,467850,0,GATE_VALVE,200.0,300,ASTM A105,RF,API 6D
BPCL-SAP-0000319,BPCL,BLT-STUD-DN100-CL1500-L7-GR7-THRD,CAN-002160,DEPOT-BPCL-BIN,"Bina Refinery, Madhya Pradesh",45,21420,69,STUD_BOLT,100.0,1500,ASTM A320 L7 / A194 7,THRD,ASME B18.2.1
BPCL-SAP-0000320,BPCL,FLG-BLD-DN15-PN100-A350LF2-RF,CAN-000415,DEPOT-BPCL-MUM,"Mumbai Refinery, Mahul, Maharashtra",42,4490,117,FLANGE_BLIND,15.0,600,ASTM A350 LF2,RF,ASME B16.5
BPCL-SAP-0000321,BPCL,VLV-GT-DN100-CL300-SS316-RF,CAN-001321,DEPOT-BPCL-KCH,"Kochi Refinery, Kerala",0,608020,0,GATE_VALVE,100.0,300,ASTM A182 F316,RF,API 600
BPCL-SAP-0000322,BPCL,VLV-GT-DN50-CL1500-WCB-RF,CAN-001230,DEPOT-BPCL-MUM,"Mumbai Refinery, Mahul, Maharashtra",0,279640,0,GATE_VALVE,50.0,1500,ASTM A216 WCB,RF,API 6D
BPCL-SAP-0000323,BPCL,VLV-GT-DN15-CL600-A105-RF,CAN-001030,DEPOT-BPCL-NML,"Numaligarh Depot Base, Assam",0,28080,0,GATE_VALVE,15.0,600,ASTM A105,RF,API 6D
BPCL-SAP-0000324,BPCL,FLG-BLD-DN80-CL150-A105-RF,CAN-000521,DEPOT-BPCL-KCH,"Kochi Refinery, Kerala",133,8160,677,FLANGE_BLIND,80.0,150,ASTM A105,RF,ASME B16.5
BPCL-SAP-0000325,BPCL,VLV-GT-DN300-PN20-SS316-BW,CAN-001551,DEPOT-BPCL-NML,"Numaligarh Depot Base, Assam",0,1456650,0,GATE_VALVE,300.0,150,ASTM A182 F316,BW,API 600
BPCL-SAP-0000326,BPCL,FLG-WN-DN25-CL900-A350LF2-RF,CAN-000067,DEPOT-BPCL-BIN,"Bina Refinery, Madhya Pradesh",62,14750,612,FLANGE_WELD_NECK,25.0,900,ASTM A350 LF2,RF,ASME B16.5
BPCL-SAP-0000327,BPCL,FLG-WN-DN80-PN150-A105-RF,CAN-000185,DEPOT-BPCL-KCH,"Kochi Refinery, Kerala",28,41840,104,FLANGE_WELD_NECK,80.0,900,ASTM A105,RF,ASME B16.5
BPCL-SAP-0000328,BPCL,VLV-GT-DN150-CL150-WCB-BW,CAN-001363,DEPOT-BPCL-KCH,"Kochi Refinery, Kerala",21,184870,78,GATE_VALVE,150.0,150,ASTM A216 WCB,BW,API 600
BPCL-SAP-0000329,BPCL,VLV-GT-DN100-PN100-WCB-RF,CAN-001326,DEPOT-BPCL-MUM,"Mumbai Refinery, Mahul, Maharashtra",0,330820,0,GATE_VALVE,100.0,600,ASTM A216 WCB,RF,API 6D
BPCL-SAP-0000330,BPCL,VLV-GL-DN25-PN250-A105-RF,CAN-001839,DEPOT-BPCL-MUM,"Mumbai Refinery, Mahul, Maharashtra",0,151420,0,GLOBE_VALVE,25.0,1500,ASTM A105,RF,BS 1873
BPCL-SAP-0000331,BPCL,FLG-BLD-DN300-PN20-A105-RF,CAN-000671,DEPOT-BPCL-BIN,"Bina Refinery, Madhya Pradesh",43,45520,45,FLANGE_BLIND,300.0,150,ASTM A105,RF,ASME B16.5
BPCL-SAP-0000332,BPCL,BLT-STUD-DN100-PN50-B7-2H-THRD,CAN-002153,DEPOT-BPCL-BIN,"Bina Refinery, Madhya Pradesh",46,3690,395,STUD_BOLT,100.0,300,ASTM A193 B7 / A194 2H,THRD,ASME B18.2.1
BPCL-SAP-0000333,BPCL,FLG-BLD-DN150-PN150-A105-RTJ,CAN-000600,DEPOT-BPCL-BIN,"Bina Refinery, Madhya Pradesh",83,77510,340,FLANGE_BLIND,150.0,900,ASTM A105,RTJ,ASME B16.5
BPCL-SAP-0000334,BPCL,VLV-GT-DN25-PN50-A105-RF,CAN-001077,DEPOT-BPCL-KCH,"Kochi Refinery, Kerala",5,31330,74,GATE_VALVE,25.0,300,ASTM A105,RF,API 600
BPCL-SAP-0000335,BPCL,VLV-GT-DN200-PN250-SS316-BW,CAN-001479,DEPOT-BPCL-NML,"Numaligarh Depot Base, Assam",0,5425490,0,GATE_VALVE,200.0,1500,ASTM A182 F316,BW,API 600
BPCL-SAP-0000336,BPCL,VLV-GT-DN200-PN50-A105-BW,CAN-001440,DEPOT-BPCL-KCH,"Kochi Refinery, Kerala",58,467850,405,GATE_VALVE,200.0,300,ASTM A105,BW,API 6D
BPCL-SAP-0000337,BPCL,VLV-GL-DN80-CL150-A105-RF,CAN-001884,DEPOT-BPCL-KCH,"Kochi Refinery, Kerala",14,108860,22,GLOBE_VALVE,80.0,150,ASTM A105,RF,ASME B16.34
BPCL-SAP-0000338,BPCL,FLG-WN-DN40-PN20-A105-RTJ,CAN-000082,DEPOT-BPCL-BIN,"Bina Refinery, Madhya Pradesh",143,4050,622,FLANGE_WELD_NECK,40.0,150,ASTM A105,RTJ,ASME B16.5
BPCL-SAP-0000339,BPCL,VLV-BL-DN50-CL900-WCB-BW,CAN-001674,DEPOT-BPCL-NML,"Numaligarh Depot Base, Assam",0,227130,0,BALL_VALVE,50.0,900,ASTM A216 WCB,BW,API 6D
BPCL-SAP-0000340,BPCL,GSKT-SW-DN300-CL900-SS316-GR-RF,CAN-002097,DEPOT-BPCL-KCH,"Kochi Refinery, Kerala",115,220550,199,SPIRAL_WOUND_GASKET,300.0,900,SS316 / GRAPHITE,RF,ASME B16.20
BPCL-SAP-0000341,BPCL,FLG-WN-DN40-CL150-SS316-RTJ,CAN-000088,DEPOT-BPCL-BIN,"Bina Refinery, Madhya Pradesh",103,12960,513,FLANGE_WELD_NECK,40.0,150,ASTM A182 F316,RTJ,ASME B16.5
BPCL-SAP-0000342,BPCL,BLT-STUD-DN150-PN50-B7-2H-THRD,CAN-002163,DEPOT-BPCL-MUM,"Mumbai Refinery, Mahul, Maharashtra",98,6250,710,STUD_BOLT,150.0,300,ASTM A193 B7 / A194 2H,THRD,ASME B18.2.1
BPCL-SAP-0000343,BPCL,VLV-GT-DN15-CL150-SS316-RF,CAN-001010,DEPOT-BPCL-BIN,"Bina Refinery, Madhya Pradesh",0,29640,0,GATE_VALVE,15.0,150,ASTM A182 F316,RF,API 6D
BPCL-SAP-0000344,BPCL,FLG-WN-DN50-PN150-SS304-RTJ,CAN-000150,DEPOT-BPCL-KCH,"Kochi Refinery, Kerala",16,54510,56,FLANGE_WELD_NECK,50.0,900,ASTM A182 F304,RTJ,ASME B16.5
BPCL-SAP-0000345,BPCL,FLG-BLD-DN300-PN100-A105-RF,CAN-000683,DEPOT-BPCL-NML,"Numaligarh Depot Base, Assam",68,137990,642,FLANGE_BLIND,300.0,600,ASTM A105,RF,ASME B16.5
BPCL-SAP-0000346,BPCL,VLV-GL-DN15-CL600-A105-RF,CAN-001811,DEPOT-BPCL-NML,"Numaligarh Depot Base, Assam",60,37450,549,GLOBE_VALVE,15.0,600,ASTM A105,RF,BS 1873
BPCL-SAP-0000347,BPCL,FLG-SO-DN100-PN50-A105-RF,CAN-000857,DEPOT-BPCL-NML,"Numaligarh Depot Base, Assam",117,16880,199,FLANGE_SLIP_ON,100.0,300,ASTM A105,RF,ASME B16.5
BPCL-SAP-0000348,BPCL,VLV-GL-DN80-PN150-WCB-RF,CAN-001893,DEPOT-BPCL-BIN,"Bina Refinery, Madhya Pradesh",13,456480,115,GLOBE_VALVE,80.0,900,ASTM A216 WCB,RF,BS 1873
BPCL-SAP-0000349,BPCL,VLV-GT-DN80-PN100-WCB-RF,CAN-001265,DEPOT-BPCL-NML,"Numaligarh Depot Base, Assam",0,247520,0,GATE_VALVE,80.0,600,ASTM A216 WCB,RF,API 600
BPCL-SAP-0000350,BPCL,GSKT-SW-DN250-CL150-SS316-GR-RF,CAN-002081,DEPOT-BPCL-MUM,"Mumbai Refinery, Mahul, Maharashtra",137,41500,562,SPIRAL_WOUND_GASKET,250.0,150,SS316 / GRAPHITE,RF,ASME B16.20
BPCL-SAP-0000351,BPCL,FLG-BLD-DN50-PN150-SS316-RF,CAN-000513,DEPOT-BPCL-MUM,"Mumbai Refinery, Mahul, Maharashtra",0,59460,0,FLANGE_BLIND,50.0,900,ASTM A182 F316,RF,ASME B16.5
BPCL-SAP-0000352,BPCL,FLG-SO-DN80-CL1500-SS304-RF,CAN-000847,DEPOT-BPCL-KCH,"Kochi Refinery, Kerala",33,109900,105,FLANGE_SLIP_ON,80.0,1500,ASTM A182 F304,RF,ASME B16.5
BPCL-SAP-0000353,BPCL,VLV-BL-DN100-CL900-SS316-BW,CAN-001716,DEPOT-BPCL-KCH,"Kochi Refinery, Kerala",44,1789660,472,BALL_VALVE,100.0,900,ASTM A182 F316,BW,API 6D
BPCL-SAP-0000354,BPCL,FLG-WN-DN25-PN150-SS304-RF,CAN-000069,DEPOT-BPCL-NML,"Numaligarh Depot Base, Assam",26,22130,106,FLANGE_WELD_NECK,25.0,900,ASTM A182 F304,RF,ASME B16.5
BPCL-SAP-0000355,BPCL,FLG-BLD-DN25-CL300-SS316-RTJ,CAN-000442,DEPOT-BPCL-NML,"Numaligarh Depot Base, Assam",0,10020,0,FLANGE_BLIND,25.0,300,ASTM A182 F316,RTJ,ASME B16.5
BPCL-SAP-0000356,BPCL,VLV-GT-DN250-PN100-A105-BW,CAN-001512,DEPOT-BPCL-KCH,"Kochi Refinery, Kerala",140,1088730,188,GATE_VALVE,250.0,600,ASTM A105,BW,API 6D
BPCL-SAP-0000357,BPCL,FLG-WN-DN25-PN20-SS316-RF,CAN-000047,DEPOT-BPCL-BIN,"Bina Refinery, Madhya Pradesh",0,7040,0,FLANGE_WELD_NECK,25.0,150,ASTM A182 F316,RF,ASME B16.5
BPCL-SAP-0000358,BPCL,VLV-GT-DN15-CL600-SS316-BW,CAN-001035,DEPOT-BPCL-MUM,"Mumbai Refinery, Mahul, Maharashtra",58,89880,408,GATE_VALVE,15.0,600,ASTM A182 F316,BW,API 600
BPCL-SAP-0000359,BPCL,VLV-GL-DN300-PN250-A105-RF,CAN-001999,DEPOT-BPCL-NML,"Numaligarh Depot Base, Assam",104,3829540,643,GLOBE_VALVE,300.0,1500,ASTM A105,RF,BS 1873
BPCL-SAP-0000360,BPCL,FLG-SO-DN150-PN20-SS304-FF,CAN-000884,DEPOT-BPCL-BIN,"Bina Refinery, Madhya Pradesh",144,39430,578,FLANGE_SLIP_ON,150.0,150,ASTM A182 F304,FF,ASME B16.5
BPCL-SAP-0000361,BPCL,VLV-GL-DN300-CL600-WCB-RF,CAN-001989,DEPOT-BPCL-BIN,"Bina Refinery, Madhya Pradesh",15,1839900,90,GLOBE_VALVE,300.0,600,ASTM A216 WCB,RF,BS 1873
BPCL-SAP-0000362,BPCL,VLV-BL-DN15-CL300-WCB-RF,CAN-001605,DEPOT-BPCL-NML,"Numaligarh Depot Base, Assam",0,19710,0,BALL_VALVE,15.0,300,ASTM A216 WCB,RF,API 6D
BPCL-SAP-0000363,BPCL,FLG-WN-DN100-CL300-SS304-RF,CAN-000213,DEPOT-BPCL-MUM,"Mumbai Refinery, Mahul, Maharashtra",47,55730,36,FLANGE_WELD_NECK,100.0,300,ASTM A182 F304,RF,ASME B16.5
BPCL-SAP-0000364,BPCL,FLG-WN-DN40-PN250-A105-RF,CAN-000113,DEPOT-BPCL-NML,"Numaligarh Depot Base, Assam",88,25570,314,FLANGE_WELD_NECK,40.0,1500,ASTM A105,RF,ASME B16.5
BPCL-SAP-0000365,BPCL,VLV-GL-DN100-PN20-A105-RF,CAN-001904,DEPOT-BPCL-NML,"Numaligarh Depot Base, Assam",0,145500,0,GLOBE_VALVE,100.0,150,ASTM A105,RF,ASME B16.34
BPCL-SAP-0000366,BPCL,FLG-WN-DN25-PN20-SS304-RF,CAN-000045,DEPOT-BPCL-NML,"Numaligarh Depot Base, Assam",0,5280,0,FLANGE_WELD_NECK,25.0,150,ASTM A182 F304,RF,ASME B16.5
BPCL-SAP-0000367,BPCL,VLV-BL-DN300-PN20-SS316-RF,CAN-001783,DEPOT-BPCL-NML,"Numaligarh Depot Base, Assam",0,1780360,0,BALL_VALVE,300.0,150,ASTM A182 F316,RF,API 6D
BPCL-SAP-0000368,BPCL,VLV-GT-DN300-PN50-WCB-RF,CAN-001553,DEPOT-BPCL-KCH,"Kochi Refinery, Kerala",21,792550,53,GATE_VALVE,300.0,300,ASTM A216 WCB,RF,API 600
BPCL-SAP-0000369,BPCL,VLV-GT-DN25-CL600-SS316-RF,CAN-001094,DEPOT-BPCL-NML,"Numaligarh Depot Base, Assam",38,174610,35,GATE_VALVE,25.0,600,ASTM A182 F316,RF,API 6D
BPCL-SAP-0000370,BPCL,VLV-GL-DN200-PN50-WCB-RF,CAN-001945,DEPOT-BPCL-KCH,"Kochi Refinery, Kerala",9,623800,58,GLOBE_VALVE,200.0,300,ASTM A216 WCB,RF,BS 1873
BPCL-SAP-0000371,BPCL,FLG-SO-DN250-CL150-SS316-RF,CAN-000945,DEPOT-BPCL-NML,"Numaligarh Depot Base, Assam",0,102150,0,FLANGE_SLIP_ON,250.0,150,ASTM A182 F316,RF,ASME B16.5
BPCL-SAP-0000372,BPCL,VLV-GT-DN150-PN150-SS316-BW,CAN-001407,DEPOT-BPCL-NML,"Numaligarh Depot Base, Assam",49,2480500,73,GATE_VALVE,150.0,900,ASTM A182 F316,BW,API 600
BPCL-SAP-0000373,BPCL,VLV-GL-DN200-PN250-A105-RF,CAN-001959,DEPOT-BPCL-MUM,"Mumbai Refinery, Mahul, Maharashtra",82,2260620,611,GLOBE_VALVE,200.0,1500,ASTM A105,RF,BS 1873
BPCL-SAP-0000374,BPCL,FLG-WN-DN25-PN150-SS304-RTJ,CAN-000070,DEPOT-BPCL-MUM,"Mumbai Refinery, Mahul, Maharashtra",43,22130,52,FLANGE_WELD_NECK,25.0,900,ASTM A182 F304,RTJ,ASME B16.5
BPCL-SAP-0000375,BPCL,VLV-GL-DN80-PN20-A105-RF,CAN-001883,DEPOT-BPCL-NML,"Numaligarh Depot Base, Assam",100,108860,215,GLOBE_VALVE,80.0,150,ASTM A105,RF,BS 1873
BPCL-SAP-0000376,BPCL,GSKT-SW-DN15-PN150-SS316-GR-RF,CAN-002007,DEPOT-BPCL-NML,"Numaligarh Depot Base, Assam",9,4480,27,SPIRAL_WOUND_GASKET,15.0,900,SS316 / GRAPHITE,RF,ASME B16.20
BPCL-SAP-0000377,BPCL,VLV-BL-DN250-CL600-SS316-BW,CAN-001772,DEPOT-BPCL-KCH,"Kochi Refinery, Kerala",39,4258140,88,BALL_VALVE,250.0,600,ASTM A182 F316,BW,API 6D
BPCL-SAP-0000378,BPCL,VLV-GL-DN250-PN150-A105-RF,CAN-001976,DEPOT-BPCL-MUM,"Mumbai Refinery, Mahul, Maharashtra",40,2007850,75,GLOBE_VALVE,250.0,900,ASTM A105,RF,ASME B16.34
BPCL-SAP-0000379,BPCL,VLV-GT-DN25-PN150-SS316-BW,CAN-001107,DEPOT-BPCL-NML,"Numaligarh Depot Base, Assam",37,241510,273,GATE_VALVE,25.0,900,ASTM A182 F316,BW,API 600
BPCL-SAP-0000380,BPCL,VLV-BL-DN200-PN50-WCB-RF,CAN-001745,DEPOT-BPCL-MUM,"Mumbai Refinery, Mahul, Maharashtra",23,571820,86,BALL_VALVE,200.0,300,ASTM A216 WCB,RF,API 6D
BPCL-SAP-0000381,BPCL,VLV-GT-DN15-PN20-WCB-BW,CAN-001004,DEPOT-BPCL-KCH,"Kochi Refinery, Kerala",26,9260,430,GATE_VALVE,15.0,150,ASTM A216 WCB,BW,API 6D
BPCL-SAP-0000382,BPCL,FLG-SO-DN300-PN250-SS316-RF,CAN-000999,DEPOT-BPCL-NML,"Numaligarh Depot Base, Assam",37,816960,93,FLANGE_SLIP_ON,300.0,1500,ASTM A182 F316,RF,ASME B16.5
BPCL-SAP-0000383,BPCL,FLG-WN-DN50-CL900-SS316-RF,CAN-000151,DEPOT-BPCL-BIN,"Bina Refinery, Madhya Pradesh",22,72680,36,FLANGE_WELD_NECK,50.0,900,ASTM A182 F316,RF,ASME B16.5
BPCL-SAP-0000384,BPCL,VLV-GT-DN300-PN150-A105-RF,CAN-001582,DEPOT-BPCL-NML,"Numaligarh Depot Base, Assam",0,1908660,0,GATE_VALVE,300.0,900,ASTM A105,RF,API 6D
BPCL-SAP-0000385,BPCL,GSKT-SW-DN300-CL900-SS316-GR-RF,CAN-002097,DEPOT-BPCL-KCH,"Kochi Refinery, Kerala",0,220550,0,SPIRAL_WOUND_GASKET,300.0,900,SS316 / GRAPHITE,RF,ASME B16.20
BPCL-SAP-0000386,BPCL,VLV-GT-DN80-PN100-WCB-BW,CAN-001268,DEPOT-BPCL-NML,"Numaligarh Depot Base, Assam",126,247520,397,GATE_VALVE,80.0,600,ASTM A216 WCB,BW,API 6D
BPCL-SAP-0000387,BPCL,FLG-WN-DN100-PN100-SS304-RTJ,CAN-000222,DEPOT-BPCL-KCH,"Kochi Refinery, Kerala",38,97040,257,FLANGE_WELD_NECK,100.0,600,ASTM A182 F304,RTJ,ASME B16.5
BPCL-SAP-0000388,BPCL,FLG-SO-DN15-PN20-SS316-RF,CAN-000705,DEPOT-BPCL-MUM,"Mumbai Refinery, Mahul, Maharashtra",79,2630,704,FLANGE_SLIP_ON,15.0,150,ASTM A182 F316,RF,ASME B16.5
BPCL-SAP-0000389,BPCL,VLV-GT-DN15-PN50-A105-RF,CAN-001018,DEPOT-BPCL-KCH,"Kochi Refinery, Kerala",0,16130,0,GATE_VALVE,15.0,300,ASTM A105,RF,API 6D
BPCL-SAP-0000390,BPCL,FLG-BLD-DN50-PN150-A105-RTJ,CAN-000510,DEPOT-BPCL-NML,"Numaligarh Depot Base, Assam",36,18580,52,FLANGE_BLIND,50.0,900,ASTM A105,RTJ,ASME B16.5
BPCL-SAP-0000391,BPCL,FLG-BLD-DN80-PN150-SS316-RTJ,CAN-000544,DEPOT-BPCL-NML,"Numaligarh Depot Base, Assam",21,109550,32,FLANGE_BLIND,80.0,900,ASTM A182 F316,RTJ,ASME B16.5
BPCL-SAP-0000392,BPCL,VLV-BL-DN50-CL1500-SS316-BW,CAN-001680,DEPOT-BPCL-MUM,"Mumbai Refinery, Mahul, Maharashtra",7,1093730,18,BALL_VALVE,50.0,1500,ASTM A182 F316,BW,API 6D
BPCL-SAP-0000393,BPCL,FLG-WN-DN150-PN100-SS304-RTJ,CAN-000262,DEPOT-BPCL-NML,"Numaligarh Depot Base, Assam",15,164390,86,FLANGE_WELD_NECK,150.0,600,ASTM A182 F304,RTJ,ASME B16.5
BPCL-SAP-0000394,BPCL,FLG-BLD-DN150-CL150-A105-RF,CAN-000581,DEPOT-BPCL-KCH,"Kochi Refinery, Kerala",0,18480,0,FLANGE_BLIND,150.0,150,ASTM A105,RF,ASME B16.5
BPCL-SAP-0000395,BPCL,VLV-GL-DN80-CL600-WCB-RF,CAN-001890,DEPOT-BPCL-NML,"Numaligarh Depot Base, Assam",49,330030,66,GLOBE_VALVE,80.0,600,ASTM A216 WCB,RF,ASME B16.34
BPCL-SAP-0000396,BPCL,FLG-SO-DN250-CL1500-SS304-FF,CAN-000968,DEPOT-BPCL-MUM,"Mumbai Refinery, Mahul, Maharashtra",0,483420,0,FLANGE_SLIP_ON,250.0,1500,ASTM A182 F304,FF,ASME B16.5
BPCL-SAP-0000397,BPCL,VLV-GT-DN50-CL900-A105-BW,CAN-001224,DEPOT-BPCL-KCH,"Kochi Refinery, Kerala",0,185830,0,GATE_VALVE,50.0,900,ASTM A105,BW,API 6D
BPCL-SAP-0000398,BPCL,VLV-GT-DN300-CL600-A105-BW,CAN-001571,DEPOT-BPCL-MUM,"Mumbai Refinery, Mahul, Maharashtra",6,1379920,49,GATE_VALVE,300.0,600,ASTM A105,BW,API 600
BPCL-SAP-0000399,BPCL,FLG-SO-DN300-CL900-A105-RF,CAN-000989,DEPOT-BPCL-KCH,"Kochi Refinery, Kerala",146,169650,502,FLANGE_SLIP_ON,300.0,900,ASTM A105,RF,ASME B16.5
BPCL-SAP-0000400,BPCL,GSKT-SW-DN15-PN250-SS316-GR-RF,CAN-002009,DEPOT-BPCL-MUM,"Mumbai Refinery, Mahul, Maharashtra",101,6750,350,SPIRAL_WOUND_GASKET,15.0,1500,SS316 / GRAPHITE,RF,ASME B16.20
BPCL-SAP-0000401,BPCL,GSKT-SW-DN150-CL1500-SS304-GR-RF,CAN-002070,DEPOT-BPCL-KCH,"Kochi Refinery, Kerala",0,101090,0,SPIRAL_WOUND_GASKET,150.0,1500,SS304 / GRAPHITE,RF,ASME B16.20
BPCL-SAP-0000402,BPCL,FLG-SO-DN80-CL1500-SS304-FF,CAN-000848,DEPOT-BPCL-NML,"Numaligarh Depot Base, Assam",34,109900,31,FLANGE_SLIP_ON,80.0,1500,ASTM A182 F304,FF,ASME B16.5
BPCL-SAP-0000403,BPCL,VLV-BL-DN300-PN20-WCB-RF,CAN-001781,DEPOT-BPCL-MUM,"Mumbai Refinery, Mahul, Maharashtra",41,556360,23,BALL_VALVE,300.0,150,ASTM A216 WCB,RF,API 6D
BPCL-SAP-0000404,BPCL,VLV-GT-DN250-CL900-SS316-BW,CAN-001528,DEPOT-BPCL-BIN,"Bina Refinery, Madhya Pradesh",0,4818850,0,GATE_VALVE,250.0,900,ASTM A182 F316,BW,API 6D
BPCL-SAP-0000405,BPCL,VLV-GT-DN50-PN100-A105-RF,CAN-001209,DEPOT-BPCL-MUM,"Mumbai Refinery, Mahul, Maharashtra",37,134350,650,GATE_VALVE,50.0,600,ASTM A105,RF,API 600
BPCL-SAP-0000406,BPCL,FLG-WN-DN50-PN150-A350LF2-RF,CAN-000147,DEPOT-BPCL-KCH,"Kochi Refinery, Kerala",36,36340,410,FLANGE_WELD_NECK,50.0,900,ASTM A350 LF2,RF,ASME B16.5
BPCL-SAP-0000407,BPCL,BLT-STUD-DN50-CL150-L7-GR7-THRD,CAN-002132,DEPOT-BPCL-KCH,"Kochi Refinery, Kerala",0,1370,0,STUD_BOLT,50.0,150,ASTM A320 L7 / A194 7,THRD,ASME B18.2.1
BPCL-SAP-0000408,BPCL,VLV-GL-DN40-PN100-A105-RF,CAN-001851,DEPOT-BPCL-MUM,"Mumbai Refinery, Mahul, Maharashtra",0,134030,0,GLOBE_VALVE,40.0,600,ASTM A105,RF,BS 1873
BPCL-SAP-0000409,BPCL,VLV-GT-DN80-PN250-WCB-BW,CAN-001292,DEPOT-BPCL-MUM,"Mumbai Refinery, Mahul, Maharashtra",0,515190,0,GATE_VALVE,80.0,1500,ASTM A216 WCB,BW,API 6D
BPCL-SAP-0000410,BPCL,FLG-WN-DN150-PN100-A350LF2-RF,CAN-000259,DEPOT-BPCL-MUM,"Mumbai Refinery, Mahul, Maharashtra",99,109590,185,FLANGE_WELD_NECK,150.0,600,ASTM A350 LF2,RF,ASME B16.5
BPCL-SAP-0000411,BPCL,VLV-GL-DN50-CL600-WCB-RF,CAN-001869,DEPOT-BPCL-BIN,"Bina Refinery, Madhya Pradesh",29,179140,20,GLOBE_VALVE,50.0,600,ASTM A216 WCB,RF,BS 1873
BPCL-SAP-0000412,BPCL,VLV-BL-DN50-PN50-SS316-BW,CAN-001668,DEPOT-BPCL-KCH,"Kochi Refinery, Kerala",29,301810,656,BALL_VALVE,50.0,300,ASTM A182 F316,BW,API 6D
BPCL-SAP-0000413,BPCL,VLV-GT-DN150-PN50-WCB-RF,CAN-001373,DEPOT-BPCL-NML,"Numaligarh Depot Base, Assam",0,321870,0,GATE_VALVE,150.0,300,ASTM A216 WCB,RF,API 600
BPCL-SAP-0000414,BPCL,VLV-GL-DN50-PN50-WCB-RF,CAN-001866,DEPOT-BPCL-BIN,"Bina Refinery, Madhya Pradesh",49,102890,101,GLOBE_VALVE,50.0,300,ASTM A216 WCB,RF,ASME B16.34
BPCL-SAP-0000415,BPCL,VLV-GT-DN25-PN250-SS316-BW,CAN-001120,DEPOT-BPCL-MUM,"Mumbai Refinery, Mahul, Maharashtra",18,363430,98,GATE_VALVE,25.0,1500,ASTM A182 F316,BW,API 6D
BPCL-SAP-0000416,BPCL,GSKT-SW-DN15-PN100-SS304-GR-RF,CAN-002006,DEPOT-BPCL-BIN,"Bina Refinery, Madhya Pradesh",0,2430,0,SPIRAL_WOUND_GASKET,15.0,600,SS304 / GRAPHITE,RF,ASME B16.20
BPCL-SAP-0000417,BPCL,FLG-WN-DN300-PN20-A350LF2-RF,CAN-000363,DEPOT-BPCL-BIN,"Bina Refinery, Madhya Pradesh",0,89010,0,FLANGE_WELD_NECK,300.0,150,ASTM A350 LF2,RF,ASME B16.5
BPCL-SAP-0000418,BPCL,VLV-GT-DN80-PN100-A105-BW,CAN-001271,DEPOT-BPCL-KCH,"Kochi Refinery, Kerala",25,247520,18,GATE_VALVE,80.0,600,ASTM A105,BW,API 600
BPCL-SAP-0000419,BPCL,VLV-GT-DN250-CL150-WCB-BW,CAN-001483,DEPOT-BPCL-BIN,"Bina Refinery, Madhya Pradesh",12,359140,72,GATE_VALVE,250.0,150,ASTM A216 WCB,BW,API 600
BPCL-SAP-0000420,BPCL,FLG-WN-DN50-CL600-SS304-RF,CAN-000141,DEPOT-BPCL-BIN,"Bina Refinery, Madhya Pradesh",26,39410,22,FLANGE_WELD_NECK,50.0,600,ASTM A182 F304,RF,ASME B16.5
BPCL-SAP-0000421,BPCL,VLV-GL-DN150-CL900-A105-RF,CAN-001935,DEPOT-BPCL-KCH,"Kochi Refinery, Kerala",0,1033540,0,GLOBE_VALVE,150.0,900,ASTM A105,RF,BS 1873
BPCL-SAP-0000422,BPCL,FLG-WN-DN25-CL600-A105-RF,CAN-000057,DEPOT-BPCL-KCH,"Kochi Refinery, Kerala",0,6660,0,FLANGE_WELD_NECK,25.0,600,ASTM A105,RF,ASME B16.5
BPCL-SAP-0000423,BPCL,VLV-GT-DN40-PN150-SS316-RF,CAN-001166,DEPOT-BPCL-KCH,"Kochi Refinery, Kerala",5,444930,71,GATE_VALVE,40.0,900,ASTM A182 F316,RF,API 6D
BPCL-SAP-0000424,BPCL,FLG-WN-DN100-CL600-A350LF2-RTJ,CAN-000220,DEPOT-BPCL-KCH,"Kochi Refinery, Kerala",45,64690,97,FLANGE_WELD_NECK,100.0,600,ASTM A350 LF2,RTJ,ASME B16.5
BPCL-SAP-0000425,BPCL,VLV-GT-DN250-PN250-WCB-BW,CAN-001531,DEPOT-BPCL-BIN,"Bina Refinery, Madhya Pradesh",0,2266060,0,GATE_VALVE,250.0,1500,ASTM A216 WCB,BW,API 600
BPCL-SAP-0000426,BPCL,VLV-GT-DN250-PN20-SS316-BW,CAN-001491,DEPOT-BPCL-KCH,"Kochi Refinery, Kerala",77,1149270,709,GATE_VALVE,250.0,150,ASTM A182 F316,BW,API 600
BPCL-SAP-0000427,BPCL,VLV-GT-DN50-PN250-A105-RF,CAN-001233,DEPOT-BPCL-BIN,"Bina Refinery, Madhya Pradesh",17,279640,38,GATE_VALVE,50.0,1500,ASTM A105,RF,API 600
BPCL-SAP-0000428,BPCL,FLG-SO-DN25-PN50-A105-RF,CAN-000737,DEPOT-BPCL-BIN,"Bina Refinery, Madhya Pradesh",24,2780,191,FLANGE_SLIP_ON,25.0,300,ASTM A105,RF,ASME B16.5
BPCL-SAP-0000429,BPCL,FLG-SO-DN50-CL900-A105-FF,CAN-000810,DEPOT-BPCL-BIN,"Bina Refinery, Madhya Pradesh",0,16510,0,FLANGE_SLIP_ON,50.0,900,ASTM A105,FF,ASME B16.5
BPCL-SAP-0000430,BPCL,VLV-GT-DN15-CL300-SS316-BW,CAN-001024,DEPOT-BPCL-NML,"Numaligarh Depot Base, Assam",7,51620,21,GATE_VALVE,15.0,300,ASTM A182 F316,BW,API 6D
BPCL-SAP-0000431,BPCL,FLG-BLD-DN50-PN50-A350LF2-RTJ,CAN-000500,DEPOT-BPCL-NML,"Numaligarh Depot Base, Assam",46,12340,25,FLANGE_BLIND,50.0,300,ASTM A350 LF2,RTJ,ASME B16.5
BPCL-SAP-0000432,BPCL,VLV-GT-DN300-CL300-WCB-RF,CAN-001554,DEPOT-BPCL-BIN,"Bina Refinery, Madhya Pradesh",0,792550,0,GATE_VALVE,300.0,300,ASTM A216 WCB,RF,API 6D
BPCL-SAP-0000433,BPCL,FLG-BLD-DN200-PN20-A105-RTJ,CAN-000612,DEPOT-BPCL-MUM,"Mumbai Refinery, Mahul, Maharashtra",0,26870,0,FLANGE_BLIND,200.0,150,ASTM A105,RTJ,ASME B16.5
BPCL-SAP-0000434,BPCL,VLV-GT-DN15-CL150-WCB-BW,CAN-001003,DEPOT-BPCL-BIN,"Bina Refinery, Madhya Pradesh",112,9260,703,GATE_VALVE,15.0,150,ASTM A216 WCB,BW,API 600
BPCL-SAP-0000435,BPCL,FLG-SO-DN200-PN20-SS316-FF,CAN-000916,DEPOT-BPCL-BIN,"Bina Refinery, Madhya Pradesh",23,76430,92,FLANGE_SLIP_ON,200.0,150,ASTM A182 F316,FF,ASME B16.5
BPCL-SAP-0000436,BPCL,FLG-WN-DN150-CL1500-A105-RF,CAN-000273,DEPOT-BPCL-MUM,"Mumbai Refinery, Mahul, Maharashtra",46,142560,86,FLANGE_WELD_NECK,150.0,1500,ASTM A105,RF,ASME B16.5
BPCL-SAP-0000437,BPCL,FLG-SO-DN15-CL150-SS316-FF,CAN-000706,DEPOT-BPCL-KCH,"Kochi Refinery, Kerala",0,2630,0,FLANGE_SLIP_ON,15.0,150,ASTM A182 F316,FF,ASME B16.5
BPCL-SAP-0000438,BPCL,VLV-GT-DN80-CL150-A105-RF,CAN-001245,DEPOT-BPCL-BIN,"Bina Refinery, Madhya Pradesh",0,81650,0,GATE_VALVE,80.0,150,ASTM A105,RF,API 600
BPCL-SAP-0000439,BPCL,BLT-STUD-DN50-PN150-B7-2H-THRD,CAN-002137,DEPOT-BPCL-MUM,"Mumbai Refinery, Mahul, Maharashtra",6,3610,117,STUD_BOLT,50.0,900,ASTM A193 B7 / A194 2H,THRD,ASME B18.2.1
BPCL-SAP-0000440,BPCL,FLG-WN-DN25-PN20-SS316-RTJ,CAN-000048,DEPOT-BPCL-NML,"Numaligarh Depot Base, Assam",28,7040,647,FLANGE_WELD_NECK,25.0,150,ASTM A182 F316,RTJ,ASME B16.5
BPCL-SAP-0000441,BPCL,VLV-GL-DN15-PN50-A105-RF,CAN-001808,DEPOT-BPCL-MUM,"Mumbai Refinery, Mahul, Maharashtra",61,21500,579,GLOBE_VALVE,15.0,300,ASTM A105,RF,ASME B16.34
BPCL-SAP-0000442,BPCL,FLG-SO-DN250-PN100-SS316-FF,CAN-000958,DEPOT-BPCL-NML,"Numaligarh Depot Base, Assam",27,309680,112,FLANGE_SLIP_ON,250.0,600,ASTM A182 F316,FF,ASME B16.5
BPCL-SAP-0000443,BPCL,VLV-GT-DN150-CL150-SS316-RF,CAN-001369,DEPOT-BPCL-NML,"Numaligarh Depot Base, Assam",0,591580,0,GATE_VALVE,150.0,150,ASTM A182 F316,RF,API 600
BPCL-SAP-0000444,BPCL,FLG-BLD-DN100-CL300-SS316-RTJ,CAN-000562,DEPOT-BPCL-KCH,"Kochi Refinery, Kerala",48,60800,91,FLANGE_BLIND,100.0,300,ASTM A182 F316,RTJ,ASME B16.5
BPCL-SAP-0000445,BPCL,VLV-GT-DN50-PN100-WCB-RF,CAN-001205,DEPOT-BPCL-BIN,"Bina Refinery, Madhya Pradesh",130,134350,534,GATE_VALVE,50.0,600,ASTM A216 WCB,RF,API 600
BPCL-SAP-0000446,BPCL,GSKT-SW-DN40-PN250-SS316-GR-RF,CAN-002029,DEPOT-BPCL-NML,"Numaligarh Depot Base, Assam",62,24170,190,SPIRAL_WOUND_GASKET,40.0,1500,SS316 / GRAPHITE,RF,ASME B16.20
BPCL-SAP-0000447,BPCL,FLG-WN-DN100-CL300-A350LF2-RF,CAN-000211,DEPOT-BPCL-MUM,"Mumbai Refinery, Mahul, Maharashtra",40,37150,72,FLANGE_WELD_NECK,100.0,300,ASTM A350 LF2,RF,ASME B16.5
BPCL-SAP-0000448,BPCL,VLV-BL-DN40-CL600-WCB-BW,CAN-001650,DEPOT-BPCL-MUM,"Mumbai Refinery, Mahul, Maharashtra",118,122860,527,BALL_VALVE,40.0,600,ASTM A216 WCB,BW,API 6D
BPCL-SAP-0000449,BPCL,FLG-WN-DN15-CL150-SS304-RF,CAN-000005,DEPOT-BPCL-NML,"Numaligarh Depot Base, Assam",23,2710,21,FLANGE_WELD_NECK,15.0,150,ASTM A182 F304,RF,ASME B16.5
BPCL-SAP-0000450,BPCL,FLG-WN-DN50-CL300-A350LF2-RF,CAN-000131,DEPOT-BPCL-KCH,"Kochi Refinery, Kerala",140,15090,297,FLANGE_WELD_NECK,50.0,300,ASTM A350 LF2,RF,ASME B16.5
BPCL-SAP-0000451,BPCL,VLV-BL-DN15-PN150-SS316-BW,CAN-001616,DEPOT-BPCL-NML,"Numaligarh Depot Base, Assam",106,151940,403,BALL_VALVE,15.0,900,ASTM A182 F316,BW,API 6D
BPCL-SAP-0000452,BPCL,FLG-WN-DN25-CL1500-SS316-RTJ,CAN-000080,DEPOT-BPCL-BIN,"Bina Refinery, Madhya Pradesh",28,44410,55,FLANGE_WELD_NECK,25.0,1500,ASTM A182 F316,RTJ,ASME B16.5
BPCL-SAP-0000453,BPCL,FLG-SO-DN300-CL300-SS304-RF,CAN-000979,DEPOT-BPCL-MUM,"Mumbai Refinery, Mahul, Maharashtra",0,169070,0,FLANGE_SLIP_ON,300.0,300,ASTM A182 F304,RF,ASME B16.5
BPCL-SAP-0000454,BPCL,FLG-SO-DN150-PN150-SS316-RF,CAN-000903,DEPOT-BPCL-MUM,"Mumbai Refinery, Mahul, Maharashtra",109,220480,492,FLANGE_SLIP_ON,150.0,900,ASTM A182 F316,RF,ASME B16.5
BPCL-SAP-0000455,BPCL,FLG-WN-DN250-PN20-SS316-RTJ,CAN-000328,DEPOT-BPCL-BIN,"Bina Refinery, Madhya Pradesh",21,140460,27,FLANGE_WELD_NECK,250.0,150,ASTM A182 F316,RTJ,ASME B16.5
BPCL-SAP-0000456,BPCL,VLV-BL-DN100-PN20-SS316-BW,CAN-001704,DEPOT-BPCL-KCH,"Kochi Refinery, Kerala",18,426820,62,BALL_VALVE,100.0,150,ASTM A182 F316,BW,API 6D
BPCL-SAP-0000457,BPCL,BLT-STUD-DN250-PN250-B7-2H-THRD,CAN-002189,DEPOT-BPCL-MUM,"Mumbai Refinery, Mahul, Maharashtra",26,44060,713,STUD_BOLT,250.0,1500,ASTM A193 B7 / A194 2H,THRD,ASME B18.2.1
BPCL-SAP-0000458,BPCL,FLG-WN-DN40-PN250-A105-RF,CAN-000113,DEPOT-BPCL-BIN,"Bina Refinery, Madhya Pradesh",46,25570,76,FLANGE_WELD_NECK,40.0,1500,ASTM A105,RF,ASME B16.5
BPCL-SAP-0000459,BPCL,FLG-SO-DN200-CL900-SS304-RF,CAN-000931,DEPOT-BPCL-NML,"Numaligarh Depot Base, Assam",33,240360,15,FLANGE_SLIP_ON,200.0,900,ASTM A182 F304,RF,ASME B16.5
BPCL-SAP-0000460,BPCL,BLT-STUD-DN50-CL150-L7-GR7-THRD,CAN-002132,DEPOT-BPCL-KCH,"Kochi Refinery, Kerala",33,1370,47,STUD_BOLT,50.0,150,ASTM A320 L7 / A194 7,THRD,ASME B18.2.1
BPCL-SAP-0000461,BPCL,FLG-WN-DN40-CL300-A105-RF,CAN-000089,DEPOT-BPCL-MUM,"Mumbai Refinery, Mahul, Maharashtra",23,7050,351,FLANGE_WELD_NECK,40.0,300,ASTM A105,RF,ASME B16.5
BPCL-SAP-0000462,BPCL,VLV-BL-DN80-CL600-SS316-BW,CAN-001692,DEPOT-BPCL-KCH,"Kochi Refinery, Kerala",17,968080,94,BALL_VALVE,80.0,600,ASTM A182 F316,BW,API 6D
BPCL-SAP-0000463,BPCL,VLV-GT-DN100-PN100-SS316-BW,CAN-001336,DEPOT-BPCL-KCH,"Kochi Refinery, Kerala",10,1058640,67,GATE_VALVE,100.0,600,ASTM A182 F316,BW,API 6D
BPCL-SAP-0000464,BPCL,FLG-WN-DN250-PN150-SS304-RTJ,CAN-000350,DEPOT-BPCL-KCH,"Kochi Refinery, Kerala",41,441720,54,FLANGE_WELD_NECK,250.0,900,ASTM A182 F304,RTJ,ASME B16.5
BPCL-SAP-0000465,BPCL,FLG-SO-DN150-CL1500-A105-RF,CAN-000905,DEPOT-BPCL-MUM,"Mumbai Refinery, Mahul, Maharashtra",22,103680,96,FLANGE_SLIP_ON,150.0,1500,ASTM A105,RF,ASME B16.5
BPCL-SAP-0000466,BPCL,VLV-BL-DN25-CL600-WCB-BW,CAN-001630,DEPOT-BPCL-NML,"Numaligarh Depot Base, Assam",0,66690,0,BALL_VALVE,25.0,600,ASTM A216 WCB,BW,API 6D
BPCL-SAP-0000467,BPCL,FLG-WN-DN300-PN150-SS304-RF,CAN-000389,DEPOT-BPCL-MUM,"Mumbai Refinery, Mahul, Maharashtra",40,559870,44,FLANGE_WELD_NECK,300.0,900,ASTM A182 F304,RF,ASME B16.5
BPCL-SAP-0000468,BPCL,VLV-GT-DN50-PN250-A105-BW,CAN-001236,DEPOT-BPCL-MUM,"Mumbai Refinery, Mahul, Maharashtra",44,279640,36,GATE_VALVE,50.0,1500,ASTM A105,BW,API 6D
BPCL-SAP-0000469,BPCL,VLV-GT-DN200-CL600-SS316-BW,CAN-001456,DEPOT-BPCL-NML,"Numaligarh Depot Base, Assam",11,2606670,13,GATE_VALVE,200.0,600,ASTM A182 F316,BW,API 6D
BPCL-SAP-0000470,BPCL,FLG-SO-DN15-PN250-SS304-RF,CAN-000727,DEPOT-BPCL-KCH,"Kochi Refinery, Kerala",128,12470,542,FLANGE_SLIP_ON,15.0,1500,ASTM A182 F304,RF,ASME B16.5
BPCL-SAP-0000471,BPCL,VLV-BL-DN200-PN20-SS316-RF,CAN-001743,DEPOT-BPCL-MUM,"Mumbai Refinery, Mahul, Maharashtra",0,1050960,0,BALL_VALVE,200.0,150,ASTM A182 F316,RF,API 6D
BPCL-SAP-0000472,BPCL,FLG-WN-DN250-CL600-A350LF2-RF,CAN-000339,DEPOT-BPCL-NML,"Numaligarh Depot Base, Assam",22,212900,102,FLANGE_WELD_NECK,250.0,600,ASTM A350 LF2,RF,ASME B16.5
BPCL-SAP-0000473,BPCL,GSKT-SW-DN50-PN50-SS316-GR-RF,CAN-002033,DEPOT-BPCL-NML,"Numaligarh Depot Base, Assam",34,8910,81,SPIRAL_WOUND_GASKET,50.0,300,SS316 / GRAPHITE,RF,ASME B16.20
BPCL-SAP-0000474,BPCL,VLV-BL-DN25-PN150-WCB-BW,CAN-001634,DEPOT-BPCL-NML,"Numaligarh Depot Base, Assam",0,92240,0,BALL_VALVE,25.0,900,ASTM A216 WCB,BW,API 6D
BPCL-SAP-0000475,BPCL,FLG-BLD-DN100-PN150-A105-RF,CAN-000569,DEPOT-BPCL-BIN,"Bina Refinery, Madhya Pradesh",34,45750,259,FLANGE_BLIND,100.0,900,ASTM A105,RF,ASME B16.5
BPCL-SAP-0000476,BPCL,VLV-GT-DN80-PN250-A105-BW,CAN-001296,DEPOT-BPCL-BIN,"Bina Refinery, Madhya Pradesh",0,515190,0,GATE_VALVE,80.0,1500,ASTM A105,BW,API 6D
BPCL-SAP-0000477,BPCL,VLV-GT-DN25-PN20-A105-BW,CAN-001068,DEPOT-BPCL-KCH,"Kochi Refinery, Kerala",5,18000,84,GATE_VALVE,25.0,150,ASTM A105,BW,API 6D
BPCL-SAP-0000478,BPCL,VLV-GL-DN15-PN100-A105-RF,CAN-001811,DEPOT-BPCL-KCH,"Kochi Refinery, Kerala",12,37450,11,GLOBE_VALVE,15.0,600,ASTM A105,RF,BS 1873
BPCL-SAP-0000479,BPCL,VLV-GT-DN100-CL300-A105-BW,CAN-001319,DEPOT-BPCL-BIN,"Bina Refinery, Madhya Pradesh",11,190000,42,GATE_VALVE,100.0,300,ASTM A105,BW,API 600
BPCL-SAP-0000480,BPCL,VLV-GL-DN250-CL600-A105-RF,CAN-001972,DEPOT-BPCL-KCH,"Kochi Refinery, Kerala",26,1451640,28,GLOBE_VALVE,250.0,600,ASTM A105,RF,ASME B16.34
BPCL-SAP-0000481,BPCL,FLG-SO-DN80-CL150-SS316-RF,CAN-000825,DEPOT-BPCL-KCH,"Kochi Refinery, Kerala",124,23220,525,FLANGE_SLIP_ON,80.0,150,ASTM A182 F316,RF,ASME B16.5
BPCL-SAP-0000482,BPCL,VLV-BL-DN200-PN150-WCB-BW,CAN-001754,DEPOT-BPCL-MUM,"Mumbai Refinery, Mahul, Maharashtra",12,1377080,120,BALL_VALVE,200.0,900,ASTM A216 WCB,BW,API 6D
BPCL-SAP-0000483,BPCL,VLV-GT-DN150-PN250-A105-RF,CAN-001413,DEPOT-BPCL-MUM,"Mumbai Refinery, Mahul, Maharashtra",67,1166450,722,GATE_VALVE,150.0,1500,ASTM A105,RF,API 600
BPCL-SAP-0000484,BPCL,VLV-GT-DN100-PN50-WCB-RF,CAN-001313,DEPOT-BPCL-MUM,"Mumbai Refinery, Mahul, Maharashtra",106,190000,379,GATE_VALVE,100.0,300,ASTM A216 WCB,RF,API 600
BPCL-SAP-0000485,BPCL,VLV-GT-DN250-CL900-WCB-RF,CAN-001518,DEPOT-BPCL-NML,"Numaligarh Depot Base, Assam",5,1505890,103,GATE_VALVE,250.0,900,ASTM A216 WCB,RF,API 6D
BPCL-SAP-0000486,BPCL,VLV-BL-DN300-PN50-SS316-BW,CAN-001788,DEPOT-BPCL-KCH,"Kochi Refinery, Kerala",78,3099790,719,BALL_VALVE,300.0,300,ASTM A182 F316,BW,API 6D
BPCL-SAP-0000487,BPCL,FLG-SO-DN150-CL600-SS316-FF,CAN-000898,DEPOT-BPCL-MUM,"Mumbai Refinery, Mahul, Maharashtra",141,159400,655,FLANGE_SLIP_ON,150.0,600,ASTM A182 F316,FF,ASME B16.5
BPCL-SAP-0000488,BPCL,VLV-GL-DN15-PN150-WCB-RF,CAN-001813,DEPOT-BPCL-KCH,"Kochi Refinery, Kerala",9,51790,84,GLOBE_VALVE,15.0,900,ASTM A216 WCB,RF,BS 1873
BPCL-SAP-0000489,BPCL,FLG-SO-DN15-PN50-A105-FF,CAN-000708,DEPOT-BPCL-MUM,"Mumbai Refinery, Mahul, Maharashtra",104,1430,193,FLANGE_SLIP_ON,15.0,300,ASTM A105,FF,ASME B16.5
BPCL-SAP-0000490,BPCL,FLG-BLD-DN150-PN250-A350LF2-RF,CAN-000607,DEPOT-BPCL-MUM,"Mumbai Refinery, Mahul, Maharashtra",7,186630,87,FLANGE_BLIND,150.0,1500,ASTM A350 LF2,RF,ASME B16.5
BPCL-SAP-0000491,BPCL,VLV-BL-DN15-CL900-WCB-RF,CAN-001613,DEPOT-BPCL-NML,"Numaligarh Depot Base, Assam",24,47480,54,BALL_VALVE,15.0,900,ASTM A216 WCB,RF,API 6D
BPCL-SAP-0000492,BPCL,FLG-SO-DN50-PN100-SS304-FF,CAN-000806,DEPOT-BPCL-BIN,"Bina Refinery, Madhya Pradesh",0,28660,0,FLANGE_SLIP_ON,50.0,600,ASTM A182 F304,FF,ASME B16.5
BPCL-SAP-0000493,BPCL,VLV-GL-DN300-PN20-A105-RF,CAN-001983,DEPOT-BPCL-MUM,"Mumbai Refinery, Mahul, Maharashtra",83,606940,702,GLOBE_VALVE,300.0,150,ASTM A105,RF,BS 1873
BPCL-SAP-0000494,BPCL,VLV-GT-DN15-PN50-WCB-BW,CAN-001016,DEPOT-BPCL-NML,"Numaligarh Depot Base, Assam",40,16130,92,GATE_VALVE,15.0,300,ASTM A216 WCB,BW,API 6D
BPCL-SAP-0000495,BPCL,VLV-GT-DN50-CL1500-A105-RF,CAN-001233,DEPOT-BPCL-MUM,"Mumbai Refinery, Mahul, Maharashtra",101,279640,561,GATE_VALVE,50.0,1500,ASTM A105,RF,API 600
BPCL-SAP-0000496,BPCL,BLT-STUD-DN100-PN50-B7-2H-THRD,CAN-002153,DEPOT-BPCL-NML,"Numaligarh Depot Base, Assam",43,3690,69,STUD_BOLT,100.0,300,ASTM A193 B7 / A194 2H,THRD,ASME B18.2.1
BPCL-SAP-0000497,BPCL,VLV-GT-DN200-PN150-SS316-BW,CAN-001468,DEPOT-BPCL-NML,"Numaligarh Depot Base, Assam",0,3605450,0,GATE_VALVE,200.0,900,ASTM A182 F316,BW,API 6D
BPCL-SAP-0000498,BPCL,VLV-GT-DN300-PN250-SS316-BW,CAN-001600,DEPOT-BPCL-KCH,"Kochi Refinery, Kerala",75,9190900,351,GATE_VALVE,300.0,1500,ASTM A182 F316,BW,API 6D
BPCL-SAP-0000499,BPCL,BLT-STUD-DN15-PN20-B7-2H-THRD,CAN-002101,DEPOT-BPCL-KCH,"Kochi Refinery, Kerala",7,180,34,STUD_BOLT,15.0,150,ASTM A193 B7 / A194 2H,THRD,ASME B18.2.1
BPCL-SAP-0000500,BPCL,VLV-GT-DN25-PN20-A105-RF,CAN-001066,DEPOT-BPCL-MUM,"Mumbai Refinery, Mahul, Maharashtra",7,18000,51,GATE_VALVE,25.0,150,ASTM A105,RF,API 6D
BPCL-SAP-0000501,BPCL,FLG-WN-DN50-PN150-A350LF2-RTJ,CAN-000148,DEPOT-BPCL-BIN,"Bina Refinery, Madhya Pradesh",11,36340,43,FLANGE_WELD_NECK,50.0,900,ASTM A350 LF2,RTJ,ASME B16.5
BPCL-SAP-0000502,BPCL,FLG-WN-DN50-CL300-A350LF2-RTJ,CAN-000132,DEPOT-BPCL-KCH,"Kochi Refinery, Kerala",6,15090,67,FLANGE_WELD_NECK,50.0,300,ASTM A350 LF2,RTJ,ASME B16.5
BPCL-SAP-0000503,BPCL,VLV-GT-DN300-CL150-WCB-RF,CAN-001542,DEPOT-BPCL-KCH,"Kochi Refinery, Kerala",0,455200,0,GATE_VALVE,300.0,150,ASTM A216 WCB,RF,API 6D
BPCL-SAP-0000504,BPCL,FLG-BLD-DN15-PN100-A105-RF,CAN-000413,DEPOT-BPCL-NML,"Numaligarh Depot Base, Assam",49,2800,80,FLANGE_BLIND,15.0,600,ASTM A105,RF,ASME B16.5
BPCL-SAP-0000505,BPCL,VLV-GT-DN80-CL1500-WCB-BW,CAN-001292,DEPOT-BPCL-NML,"Numaligarh Depot Base, Assam",0,515190,0,GATE_VALVE,80.0,1500,ASTM A216 WCB,BW,API 6D
BPCL-SAP-0000506,BPCL,VLV-GT-DN250-CL1500-WCB-BW,CAN-001531,DEPOT-BPCL-MUM,"Mumbai Refinery, Mahul, Maharashtra",35,2266060,111,GATE_VALVE,250.0,1500,ASTM A216 WCB,BW,API 600
BPCL-SAP-0000507,BPCL,FLG-SO-DN40-CL900-SS304-RF,CAN-000781,DEPOT-BPCL-BIN,"Bina Refinery, Madhya Pradesh",0,29660,0,FLANGE_SLIP_ON,40.0,900,ASTM A182 F304,RF,ASME B16.5
BPCL-SAP-0000508,BPCL,VLV-GT-DN300-CL600-A105-BW,CAN-001571,DEPOT-BPCL-KCH,"Kochi Refinery, Kerala",47,1379920,37,GATE_VALVE,300.0,600,ASTM A105,BW,API 600
BPCL-SAP-0000509,BPCL,FLG-WN-DN50-PN20-A105-RTJ,CAN-000122,DEPOT-BPCL-MUM,"Mumbai Refinery, Mahul, Maharashtra",0,5410,0,FLANGE_WELD_NECK,50.0,150,ASTM A105,RTJ,ASME B16.5
BPCL-SAP-0000510,BPCL,FLG-SO-DN250-PN50-A105-RF,CAN-000947,DEPOT-BPCL-BIN,"Bina Refinery, Madhya Pradesh",0,55580,0,FLANGE_SLIP_ON,250.0,300,ASTM A105,RF,ASME B16.5
BPCL-SAP-0000511,BPCL,VLV-BL-DN250-CL900-SS316-RF,CAN-001775,DEPOT-BPCL-BIN,"Bina Refinery, Madhya Pradesh",143,5889700,302,BALL_VALVE,250.0,900,ASTM A182 F316,RF,API 6D
BPCL-SAP-0000512,BPCL,VLV-GT-DN15-PN20-SS316-BW,CAN-001012,DEPOT-BPCL-KCH,"Kochi Refinery, Kerala",9,29640,23,GATE_VALVE,15.0,150,ASTM A182 F316,BW,API 6D
BPCL-SAP-0000513,BPCL,VLV-GT-DN50-PN250-WCB-RF,CAN-001229,DEPOT-BPCL-BIN,"Bina Refinery, Madhya Pradesh",15,279640,13,GATE_VALVE,50.0,1500,ASTM A216 WCB,RF,API 600
BPCL-SAP-0000514,BPCL,FLG-BLD-DN15-PN250-SS316-RTJ,CAN-000430,DEPOT-BPCL-BIN,"Bina Refinery, Madhya Pradesh",35,18700,111,FLANGE_BLIND,15.0,1500,ASTM A182 F316,RTJ,ASME B16.5
BPCL-SAP-0000515,BPCL,FLG-SO-DN150-PN20-SS304-RF,CAN-000883,DEPOT-BPCL-BIN,"Bina Refinery, Madhya Pradesh",22,39430,115,FLANGE_SLIP_ON,150.0,150,ASTM A182 F304,RF,ASME B16.5
BPCL-SAP-0000516,BPCL,VLV-BL-DN80-PN100-WCB-BW,CAN-001690,DEPOT-BPCL-BIN,"Bina Refinery, Madhya Pradesh",126,302520,492,BALL_VALVE,80.0,600,ASTM A216 WCB,BW,API 6D
BPCL-SAP-0000517,BPCL,FLG-WN-DN100-PN250-A350LF2-RTJ,CAN-000236,DEPOT-BPCL-KCH,"Kochi Refinery, Kerala",0,134650,0,FLANGE_WELD_NECK,100.0,1500,ASTM A350 LF2,RTJ,ASME B16.5
BPCL-SAP-0000518,BPCL,FLG-BLD-DN200-CL1500-A350LF2-RF,CAN-000637,DEPOT-BPCL-NML,"Numaligarh Depot Base, Assam",25,271270,85,FLANGE_BLIND,200.0,1500,ASTM A350 LF2,RF,ASME B16.5
BPCL-SAP-0000519,BPCL,FLG-BLD-DN50-CL150-A350LF2-RTJ,CAN-000494,DEPOT-BPCL-NML,"Numaligarh Depot Base, Assam",0,7090,0,FLANGE_BLIND,50.0,150,ASTM A350 LF2,RTJ,ASME B16.5
BPCL-SAP-0000520,BPCL,FLG-WN-DN25-PN20-SS304-RF,CAN-000045,DEPOT-BPCL-MUM,"Mumbai Refinery, Mahul, Maharashtra",0,5280,0,FLANGE_WELD_NECK,25.0,150,ASTM A182 F304,RF,ASME B16.5
BPCL-SAP-0000521,BPCL,FLG-WN-DN50-PN50-SS316-RF,CAN-000135,DEPOT-BPCL-BIN,"Bina Refinery, Madhya Pradesh",0,30180,0,FLANGE_WELD_NECK,50.0,300,ASTM A182 F316,RF,ASME B16.5
BPCL-SAP-0000522,BPCL,GSKT-SW-DN50-CL600-SS316-GR-RF,CAN-002035,DEPOT-BPCL-MUM,"Mumbai Refinery, Mahul, Maharashtra",47,15520,56,SPIRAL_WOUND_GASKET,50.0,600,SS316 / GRAPHITE,RF,ASME B16.20
BPCL-SAP-0000523,BPCL,FLG-SO-DN40-PN50-SS316-RF,CAN-000771,DEPOT-BPCL-MUM,"Mumbai Refinery, Mahul, Maharashtra",32,16420,11,FLANGE_SLIP_ON,40.0,300,ASTM A182 F316,RF,ASME B16.5
BPCL-SAP-0000524,BPCL,GSKT-SW-DN300-PN250-SS304-GR-RF,CAN-002100,DEPOT-BPCL-MUM,"Mumbai Refinery, Mahul, Maharashtra",87,248920,250,SPIRAL_WOUND_GASKET,300.0,1500,SS304 / GRAPHITE,RF,ASME B16.20
BPCL-SAP-0000525,BPCL,FLG-WN-DN50-PN50-A105-RTJ,CAN-000130,DEPOT-BPCL-MUM,"Mumbai Refinery, Mahul, Maharashtra",53,9430,468,FLANGE_WELD_NECK,50.0,300,ASTM A105,RTJ,ASME B16.5
BPCL-SAP-0000526,BPCL,FLG-BLD-DN250-CL150-SS316-RTJ,CAN-000646,DEPOT-BPCL-NML,"Numaligarh Depot Base, Assam",67,114920,749,FLANGE_BLIND,250.0,150,ASTM A182 F316,RTJ,ASME B16.5
BPCL-SAP-0000527,BPCL,FLG-BLD-DN25-PN100-A105-RF,CAN-000443,DEPOT-BPCL-KCH,"Kochi Refinery, Kerala",34,5450,36,FLANGE_BLIND,25.0,600,ASTM A105,RF,ASME B16.5
BPCL-SAP-0000528,BPCL,FLG-WN-DN100-CL600-A350LF2-RTJ,CAN-000220,DEPOT-BPCL-NML,"Numaligarh Depot Base, Assam",0,64690,0,FLANGE_WELD_NECK,100.0,600,ASTM A350 LF2,RTJ,ASME B16.5
BPCL-SAP-0000529,BPCL,VLV-GT-DN250-PN50-SS316-RF,CAN-001501,DEPOT-BPCL-NML,"Numaligarh Depot Base, Assam",0,2000990,0,GATE_VALVE,250.0,300,ASTM A182 F316,RF,API 600
BPCL-SAP-0000530,BPCL,VLV-GL-DN50-PN20-A105-RF,CAN-001863,DEPOT-BPCL-KCH,"Kochi Refinery, Kerala",0,59090,0,GLOBE_VALVE,50.0,150,ASTM A105,RF,BS 1873
BPCL-SAP-0000531,BPCL,VLV-GT-DN15-PN50-SS316-BW,CAN-001023,DEPOT-BPCL-MUM,"Mumbai Refinery, Mahul, Maharashtra",17,51620,67,GATE_VALVE,15.0,300,ASTM A182 F316,BW,API 600
BPCL-SAP-0000532,BPCL,FLG-WN-DN250-PN20-SS304-RF,CAN-000325,DEPOT-BPCL-KCH,"Kochi Refinery, Kerala",17,105340,76,FLANGE_WELD_NECK,250.0,150,ASTM A182 F304,RF,ASME B16.5
BPCL-SAP-0000533,BPCL,VLV-BL-DN100-PN100-WCB-RF,CAN-001709,DEPOT-BPCL-MUM,"Mumbai Refinery, Mahul, Maharashtra",5,404340,93,BALL_VALVE,100.0,600,ASTM A216 WCB,RF,API 6D
BPCL-SAP-0000534,BPCL,FLG-WN-DN15-CL150-A105-RTJ,CAN-000002,DEPOT-BPCL-KCH,"Kochi Refinery, Kerala",12,1130,93,FLANGE_WELD_NECK,15.0,150,ASTM A105,RTJ,ASME B16.5
BPCL-SAP-0000535,BPCL,FLG-WN-DN150-CL150-A350LF2-RTJ,CAN-000244,DEPOT-BPCL-BIN,"Bina Refinery, Madhya Pradesh",21,36150,84,FLANGE_WELD_NECK,150.0,150,ASTM A350 LF2,RTJ,ASME B16.5
BPCL-SAP-0000536,BPCL,FLG-WN-DN250-CL600-SS316-RF,CAN-000343,DEPOT-BPCL-NML,"Numaligarh Depot Base, Assam",0,425810,0,FLANGE_WELD_NECK,250.0,600,ASTM A182 F316,RF,ASME B16.5
BPCL-SAP-0000537,BPCL,FLG-SO-DN300-PN100-SS304-FF,CAN-000986,DEPOT-BPCL-NML,"Numaligarh Depot Base, Assam",11,294380,36,FLANGE_SLIP_ON,300.0,600,ASTM A182 F304,FF,ASME B16.5
BPCL-SAP-0000538,BPCL,BLT-STUD-DN250-PN100-B7-2H-THRD,CAN-002185,DEPOT-BPCL-NML,"Numaligarh Depot Base, Assam",49,21160,30,STUD_BOLT,250.0,600,ASTM A193 B7 / A194 2H,THRD,ASME B18.2.1
BPCL-SAP-0000539,BPCL,VLV-BL-DN15-PN250-WCB-RF,CAN-001617,DEPOT-BPCL-MUM,"Mumbai Refinery, Mahul, Maharashtra",28,71450,54,BALL_VALVE,15.0,1500,ASTM A216 WCB,RF,API 6D
BPCL-SAP-0000540,BPCL,VLV-GT-DN15-PN100-A105-BW,CAN-001032,DEPOT-BPCL-KCH,"Kochi Refinery, Kerala",37,28080,78,GATE_VALVE,15.0,600,ASTM A105,BW,API 6D
BPCL-SAP-0000541,BPCL,FLG-SO-DN250-CL1500-A105-FF,CAN-000966,DEPOT-BPCL-KCH,"Kochi Refinery, Kerala",0,201420,0,FLANGE_SLIP_ON,250.0,1500,ASTM A105,FF,ASME B16.5
BPCL-SAP-0000542,BPCL,FLG-BLD-DN40-CL300-A350LF2-RF,CAN-000469,DEPOT-BPCL-MUM,"Mumbai Refinery, Mahul, Maharashtra",46,9230,40,FLANGE_BLIND,40.0,300,ASTM A350 LF2,RF,ASME B16.5
BPCL-SAP-0000543,BPCL,BLT-STUD-DN15-CL900-B7-2H-THRD,CAN-002107,DEPOT-BPCL-BIN,"Bina Refinery, Madhya Pradesh",0,750,0,STUD_BOLT,15.0,900,ASTM A193 B7 / A194 2H,THRD,ASME B18.2.1
BPCL-SAP-0000544,BPCL,FLG-WN-DN15-PN100-SS304-RF,CAN-000021,DEPOT-BPCL-NML,"Numaligarh Depot Base, Assam",14,8230,75,FLANGE_WELD_NECK,15.0,600,ASTM A182 F304,RF,ASME B16.5
BPCL-SAP-0000545,BPCL,VLV-GL-DN150-PN20-WCB-RF,CAN-001922,DEPOT-BPCL-MUM,"Mumbai Refinery, Mahul, Maharashtra",31,246490,98,GLOBE_VALVE,150.0,150,ASTM A216 WCB,RF,ASME B16.34
BPCL-SAP-0000546,BPCL,VLV-BL-DN50-PN150-SS316-RF,CAN-001675,DEPOT-BPCL-MUM,"Mumbai Refinery, Mahul, Maharashtra",0,726820,0,BALL_VALVE,50.0,900,ASTM A182 F316,RF,API 6D
BPCL-SAP-0000547,BPCL,FLG-WN-DN300-PN250-A105-RF,CAN-000393,DEPOT-BPCL-KCH,"Kochi Refinery, Kerala",31,351040,71,FLANGE_WELD_NECK,300.0,1500,ASTM A105,RF,ASME B16.5
BPCL-SAP-0000548,BPCL,VLV-GT-DN250-PN250-WCB-BW,CAN-001532,DEPOT-BPCL-KCH,"Kochi Refinery, Kerala",47,2266060,41,GATE_VALVE,250.0,1500,ASTM A216 WCB,BW,API 6D
BPCL-SAP-0000549,BPCL,FLG-WN-DN250-PN150-A350LF2-RF,CAN-000347,DEPOT-BPCL-KCH,"Kochi Refinery, Kerala",39,294480,52,FLANGE_WELD_NECK,250.0,900,ASTM A350 LF2,RF,ASME B16.5
BPCL-SAP-0000550,BPCL,VLV-GT-DN300-PN150-SS316-RF,CAN-001586,DEPOT-BPCL-KCH,"Kochi Refinery, Kerala",34,6107710,749,GATE_VALVE,300.0,900,ASTM A182 F316,RF,API 6D
BPCL-SAP-0000551,BPCL,GSKT-SW-DN25-PN150-SS316-GR-RF,CAN-002017,DEPOT-BPCL-KCH,"Kochi Refinery, Kerala",44,8720,460,SPIRAL_WOUND_GASKET,25.0,900,SS316 / GRAPHITE,RF,ASME B16.20
BPCL-SAP-0000552,BPCL,VLV-GT-DN250-PN100-SS316-RF,CAN-001513,DEPOT-BPCL-BIN,"Bina Refinery, Madhya Pradesh",0,3483930,0,GATE_VALVE,250.0,600,ASTM A182 F316,RF,API 600
BPCL-SAP-0000553,BPCL,FLG-BLD-DN40-CL150-A350LF2-RTJ,CAN-000464,DEPOT-BPCL-NML,"Numaligarh Depot Base, Assam",14,5300,41,FLANGE_BLIND,40.0,150,ASTM A350 LF2,RTJ,ASME B16.5
BPCL-SAP-0000554,BPCL,VLV-GT-DN50-PN100-WCB-RF,CAN-001206,DEPOT-BPCL-KCH,"Kochi Refinery, Kerala",0,134350,0,GATE_VALVE,50.0,600,ASTM A216 WCB,RF,API 6D
BPCL-SAP-0000555,BPCL,FLG-WN-DN100-CL600-SS304-RTJ,CAN-000222,DEPOT-BPCL-BIN,"Bina Refinery, Madhya Pradesh",126,97040,281,FLANGE_WELD_NECK,100.0,600,ASTM A182 F304,RTJ,ASME B16.5
BPCL-SAP-0000556,BPCL,VLV-GL-DN300-PN250-A105-RF,CAN-001999,DEPOT-BPCL-MUM,"Mumbai Refinery, Mahul, Maharashtra",48,3829540,116,GLOBE_VALVE,300.0,1500,ASTM A105,RF,BS 1873
BPCL-SAP-0000557,BPCL,FLG-SO-DN150-PN100-SS304-FF,CAN-000896,DEPOT-BPCL-KCH,"Kochi Refinery, Kerala",0,119550,0,FLANGE_SLIP_ON,150.0,600,ASTM A182 F304,FF,ASME B16.5
BPCL-SAP-0000558,BPCL,FLG-SO-DN100-CL1500-A105-RF,CAN-000875,DEPOT-BPCL-NML,"Numaligarh Depot Base, Assam",6,61200,18,FLANGE_SLIP_ON,100.0,1500,ASTM A105,RF,ASME B16.5
BPCL-SAP-0000559,BPCL,GSKT-SW-DN100-PN50-SS316-GR-RF,CAN-002053,DEPOT-BPCL-BIN,"Bina Refinery, Madhya Pradesh",7,21950,20,SPIRAL_WOUND_GASKET,100.0,300,SS316 / GRAPHITE,RF,ASME B16.20
BPCL-SAP-0000560,BPCL,FLG-WN-DN300-CL300-A105-RTJ,CAN-000370,DEPOT-BPCL-MUM,"Mumbai Refinery, Mahul, Maharashtra",20,96860,441,FLANGE_WELD_NECK,300.0,300,ASTM A105,RTJ,ASME B16.5
BPCL-SAP-0000561,BPCL,VLV-GL-DN200-CL300-WCB-RF,CAN-001945,DEPOT-BPCL-MUM,"Mumbai Refinery, Mahul, Maharashtra",60,623800,218,GLOBE_VALVE,200.0,300,ASTM A216 WCB,RF,BS 1873
BPCL-SAP-0000562,BPCL,FLG-WN-DN25-PN250-SS304-RF,CAN-000077,DEPOT-BPCL-KCH,"Kochi Refinery, Kerala",52,33310,471,FLANGE_WELD_NECK,25.0,1500,ASTM A182 F304,RF,ASME B16.5
BPCL-SAP-0000563,BPCL,VLV-BL-DN25-PN50-WCB-RF,CAN-001625,DEPOT-BPCL-BIN,"Bina Refinery, Madhya Pradesh",30,38300,33,BALL_VALVE,25.0,300,ASTM A216 WCB,RF,API 6D
BPCL-SAP-0000564,BPCL,FLG-BLD-DN300-CL600-SS316-RF,CAN-000687,DEPOT-BPCL-NML,"Numaligarh Depot Base, Assam",40,441570,64,FLANGE_BLIND,300.0,600,ASTM A182 F316,RF,ASME B16.5
BPCL-SAP-0000565,BPCL,GSKT-SW-DN300-PN20-SS304-GR-RF,CAN-002092,DEPOT-BPCL-NML,"Numaligarh Depot Base, Assam",53,39450,642,SPIRAL_WOUND_GASKET,300.0,150,SS304 / GRAPHITE,RF,ASME B16.20
BPCL-SAP-0000566,BPCL,FLG-SO-DN100-PN150-SS304-FF,CAN-000872,DEPOT-BPCL-NML,"Numaligarh Depot Base, Assam",0,97610,0,FLANGE_SLIP_ON,100.0,900,ASTM A182 F304,FF,ASME B16.5
BPCL-SAP-0000567,BPCL,BLT-STUD-DN150-PN100-B7-2H-THRD,CAN-002165,DEPOT-BPCL-KCH,"Kochi Refinery, Kerala",46,10890,97,STUD_BOLT,150.0,600,ASTM A193 B7 / A194 2H,THRD,ASME B18.2.1
BPCL-SAP-0000568,BPCL,FLG-BLD-DN50-CL900-A350LF2-RF,CAN-000511,DEPOT-BPCL-MUM,"Mumbai Refinery, Mahul, Maharashtra",124,29730,750,FLANGE_BLIND,50.0,900,ASTM A350 LF2,RF,ASME B16.5
BPCL-SAP-0000569,BPCL,FLG-WN-DN50-PN150-A350LF2-RF,CAN-000147,DEPOT-BPCL-MUM,"Mumbai Refinery, Mahul, Maharashtra",35,36340,47,FLANGE_WELD_NECK,50.0,900,ASTM A350 LF2,RF,ASME B16.5
BPCL-SAP-0000570,BPCL,VLV-GT-DN40-CL150-WCB-BW,CAN-001123,DEPOT-BPCL-NML,"Numaligarh Depot Base, Assam",21,33160,92,GATE_VALVE,40.0,150,ASTM A216 WCB,BW,API 600
BPCL-SAP-0000571,BPCL,BLT-STUD-DN300-CL150-B7-2H-THRD,CAN-002191,DEPOT-BPCL-NML,"Numaligarh Depot Base, Assam",50,8850,41,STUD_BOLT,300.0,150,ASTM A193 B7 / A194 2H,THRD,ASME B18.2.1
BPCL-SAP-0000572,BPCL,FLG-BLD-DN150-PN150-A105-RTJ,CAN-000600,DEPOT-BPCL-NML,"Numaligarh Depot Base, Assam",115,77510,606,FLANGE_BLIND,150.0,900,ASTM A105,RTJ,ASME B16.5
BPCL-SAP-0000573,BPCL,VLV-GT-DN25-PN20-WCB-RF,CAN-001062,DEPOT-BPCL-BIN,"Bina Refinery, Madhya Pradesh",26,18000,71,GATE_VALVE,25.0,150,ASTM A216 WCB,RF,API 6D
BPCL-SAP-0000574,BPCL,FLG-SO-DN25-PN50-SS304-RF,CAN-000739,DEPOT-BPCL-NML,"Numaligarh Depot Base, Assam",112,6680,321,FLANGE_SLIP_ON,25.0,300,ASTM A182 F304,RF,ASME B16.5
BPCL-SAP-0000575,BPCL,FLG-WN-DN40-PN250-SS316-RTJ,CAN-000120,DEPOT-BPCL-BIN,"Bina Refinery, Madhya Pradesh",149,81830,419,FLANGE_WELD_NECK,40.0,1500,ASTM A182 F316,RTJ,ASME B16.5
BPCL-SAP-0000576,BPCL,FLG-BLD-DN200-PN100-A105-RF,CAN-000623,DEPOT-BPCL-KCH,"Kochi Refinery, Kerala",24,81450,79,FLANGE_BLIND,200.0,600,ASTM A105,RF,ASME B16.5
BPCL-SAP-0000577,BPCL,VLV-BL-DN250-PN150-SS316-BW,CAN-001776,DEPOT-BPCL-KCH,"Kochi Refinery, Kerala",0,5889700,0,BALL_VALVE,250.0,900,ASTM A182 F316,BW,API 6D
BPCL-SAP-0000578,BPCL,BLT-STUD-DN200-PN100-L7-GR7-THRD,CAN-002176,DEPOT-BPCL-NML,"Numaligarh Depot Base, Assam",0,25340,0,STUD_BOLT,200.0,600,ASTM A320 L7 / A194 7,THRD,ASME B18.2.1
BPCL-SAP-0000579,BPCL,VLV-GT-DN40-CL150-A105-BW,CAN-001128,DEPOT-BPCL-BIN,"Bina Refinery, Madhya Pradesh",16,33160,54,GATE_VALVE,40.0,150,ASTM A105,BW,API 6D
BPCL-SAP-0000580,BPCL,BLT-STUD-DN100-PN250-B7-2H-THRD,CAN-002159,DEPOT-BPCL-NML,"Numaligarh Depot Base, Assam",8,13380,29,STUD_BOLT,100.0,1500,ASTM A193 B7 / A194 2H,THRD,ASME B18.2.1
BPCL-SAP-0000581,BPCL,FLG-WN-DN40-CL600-A350LF2-RF,CAN-000099,DEPOT-BPCL-NML,"Numaligarh Depot Base, Assam",64,19650,520,FLANGE_WELD_NECK,40.0,600,ASTM A350 LF2,RF,ASME B16.5
BPCL-SAP-0000582,BPCL,FLG-BLD-DN25-PN150-A105-RTJ,CAN-000450,DEPOT-BPCL-MUM,"Mumbai Refinery, Mahul, Maharashtra",47,7540,183,FLANGE_BLIND,25.0,900,ASTM A105,RTJ,ASME B16.5
BPCL-SAP-0000583,BPCL,VLV-GT-DN150-PN20-A105-RF,CAN-001365,DEPOT-BPCL-NML,"Numaligarh Depot Base, Assam",73,184870,345,GATE_VALVE,150.0,150,ASTM A105,RF,API 600
BPCL-SAP-0000584,BPCL,FLG-SO-DN100-PN50-SS304-FF,CAN-000860,DEPOT-BPCL-MUM,"Mumbai Refinery, Mahul, Maharashtra",0,40530,0,FLANGE_SLIP_ON,100.0,300,ASTM A182 F304,FF,ASME B16.5
BPCL-SAP-0000585,BPCL,VLV-GL-DN300-PN250-WCB-RF,CAN-001998,DEPOT-BPCL-MUM,"Mumbai Refinery, Mahul, Maharashtra",36,3829540,42,GLOBE_VALVE,300.0,1500,ASTM A216 WCB,RF,ASME B16.34
BPCL-SAP-0000586,BPCL,FLG-SO-DN15-CL150-SS316-RF,CAN-000705,DEPOT-BPCL-KCH,"Kochi Refinery, Kerala",40,2630,11,FLANGE_SLIP_ON,15.0,150,ASTM A182 F316,RF,ASME B16.5
BPCL-SAP-0000587,BPCL,VLV-BL-DN200-PN100-SS316-RF,CAN-001751,DEPOT-BPCL-NML,"Numaligarh Depot Base, Assam",12,3185940,11,BALL_VALVE,200.0,600,ASTM A182 F316,RF,API 6D
BPCL-SAP-0000588,BPCL,FLG-SO-DN40-PN100-A105-RF,CAN-000773,DEPOT-BPCL-MUM,"Mumbai Refinery, Mahul, Maharashtra",42,8930,69,FLANGE_SLIP_ON,40.0,600,ASTM A105,RF,ASME B16.5
BPCL-SAP-0000589,BPCL,VLV-GT-DN200-PN150-WCB-BW,CAN-001459,DEPOT-BPCL-MUM,"Mumbai Refinery, Mahul, Maharashtra",148,1126700,391,GATE_VALVE,200.0,900,ASTM A216 WCB,BW,API 600
BPCL-SAP-0000590,BPCL,FLG-BLD-DN15-PN50-A105-RF,CAN-000407,DEPOT-BPCL-KCH,"Kochi Refinery, Kerala",20,1610,26,FLANGE_BLIND,15.0,300,ASTM A105,RF,ASME B16.5
BPCL-SAP-0000591,BPCL,GSKT-SW-DN15-PN50-SS316-GR-RF,CAN-002003,DEPOT-BPCL-MUM,"Mumbai Refinery, Mahul, Maharashtra",0,1860,0,SPIRAL_WOUND_GASKET,15.0,300,SS316 / GRAPHITE,RF,ASME B16.20
BPCL-SAP-0000592,BPCL,FLG-BLD-DN80-PN20-A350LF2-RF,CAN-000523,DEPOT-BPCL-BIN,"Bina Refinery, Madhya Pradesh",16,13060,55,FLANGE_BLIND,80.0,150,ASTM A350 LF2,RF,ASME B16.5
BPCL-SAP-0000593,BPCL,FLG-WN-DN25-PN150-A105-RF,CAN-000065,DEPOT-BPCL-MUM,"Mumbai Refinery, Mahul, Maharashtra",123,9220,562,FLANGE_WELD_NECK,25.0,900,ASTM A105,RF,ASME B16.5
BPCL-SAP-0000594,BPCL,VLV-GT-DN150-PN50-WCB-RF,CAN-001373,DEPOT-BPCL-BIN,"Bina Refinery, Madhya Pradesh",24,321870,76,GATE_VALVE,150.0,300,ASTM A216 WCB,RF,API 600
BPCL-SAP-0000595,BPCL,BLT-STUD-DN200-CL1500-L7-GR7-THRD,CAN-002180,DEPOT-BPCL-KCH,"Kochi Refinery, Kerala",5,52740,97,STUD_BOLT,200.0,1500,ASTM A320 L7 / A194 7,THRD,ASME B18.2.1
BPCL-SAP-0000596,BPCL,FLG-BLD-DN50-PN50-A350LF2-RF,CAN-000499,DEPOT-BPCL-NML,"Numaligarh Depot Base, Assam",5,12340,110,FLANGE_BLIND,50.0,300,ASTM A350 LF2,RF,ASME B16.5
BPCL-SAP-0000597,BPCL,VLV-GL-DN100-CL150-A105-RF,CAN-001904,DEPOT-BPCL-MUM,"Mumbai Refinery, Mahul, Maharashtra",106,145500,502,GLOBE_VALVE,100.0,150,ASTM A105,RF,ASME B16.34
BPCL-SAP-0000598,BPCL,FLG-WN-DN250-PN100-SS304-RF,CAN-000341,DEPOT-BPCL-BIN,"Bina Refinery, Madhya Pradesh",0,319360,0,FLANGE_WELD_NECK,250.0,600,ASTM A182 F304,RF,ASME B16.5
BPCL-SAP-0000599,BPCL,VLV-BL-DN80-PN150-SS316-BW,CAN-001696,DEPOT-BPCL-MUM,"Mumbai Refinery, Mahul, Maharashtra",130,1339020,568,BALL_VALVE,80.0,900,ASTM A182 F316,BW,API 6D
BPCL-SAP-0000600,BPCL,FLG-WN-DN50-PN20-A105-RTJ,CAN-000122,DEPOT-BPCL-NML,"Numaligarh Depot Base, Assam",37,5410,531,FLANGE_WELD_NECK,50.0,150,ASTM A105,RTJ,ASME B16.5
BPCL-SAP-0000601,BPCL,VLV-BL-DN300-CL600-SS316-RF,CAN-001791,DEPOT-BPCL-MUM,"Mumbai Refinery, Mahul, Maharashtra",30,5397040,12,BALL_VALVE,300.0,600,ASTM A182 F316,RF,API 6D
BPCL-SAP-0000602,BPCL,FLG-SO-DN250-PN50-SS316-RF,CAN-000951,DEPOT-BPCL-KCH,"Kochi Refinery, Kerala",49,177860,57,FLANGE_SLIP_ON,250.0,300,ASTM A182 F316,RF,ASME B16.5
BPCL-SAP-0000603,BPCL,FLG-SO-DN250-CL1500-A105-FF,CAN-000966,DEPOT-BPCL-NML,"Numaligarh Depot Base, Assam",43,201420,702,FLANGE_SLIP_ON,250.0,1500,ASTM A105,FF,ASME B16.5
BPCL-SAP-0000604,BPCL,FLG-SO-DN150-CL600-A105-FF,CAN-000894,DEPOT-BPCL-KCH,"Kochi Refinery, Kerala",0,49810,0,FLANGE_SLIP_ON,150.0,600,ASTM A105,FF,ASME B16.5
BPCL-SAP-0000605,BPCL,FLG-SO-DN15-PN50-SS316-RF,CAN-000711,DEPOT-BPCL-NML,"Numaligarh Depot Base, Assam",135,4580,516,FLANGE_SLIP_ON,15.0,300,ASTM A182 F316,RF,ASME B16.5
BPCL-SAP-0000606,BPCL,VLV-GT-DN200-PN50-SS316-BW,CAN-001444,DEPOT-BPCL-BIN,"Bina Refinery, Madhya Pradesh",6,1497140,59,GATE_VALVE,200.0,300,ASTM A182 F316,BW,API 6D
BPCL-SAP-0000607,BPCL,FLG-SO-DN15-PN100-A105-FF,CAN-000714,DEPOT-BPCL-BIN,"Bina Refinery, Madhya Pradesh",66,2490,607,FLANGE_SLIP_ON,15.0,600,ASTM A105,FF,ASME B16.5
BPCL-SAP-0000608,BPCL,VLV-BL-DN15-CL1500-SS316-RF,CAN-001619,DEPOT-BPCL-KCH,"Kochi Refinery, Kerala",0,228640,0,BALL_VALVE,15.0,1500,ASTM A182 F316,RF,API 6D
BPCL-SAP-0000609,BPCL,FLG-WN-DN300-PN250-A105-RTJ,CAN-000394,DEPOT-BPCL-KCH,"Kochi Refinery, Kerala",99,351040,625,FLANGE_WELD_NECK,300.0,1500,ASTM A105,RTJ,ASME B16.5
BPCL-SAP-0000610,BPCL,FLG-WN-DN250-PN150-A105-RF,CAN-000345,DEPOT-BPCL-NML,"Numaligarh Depot Base, Assam",49,184050,706,FLANGE_WELD_NECK,250.0,900,ASTM A105,RF,ASME B16.5
BPCL-SAP-0000611,BPCL,BLT-STUD-DN50-PN150-L7-GR7-THRD,CAN-002138,DEPOT-BPCL-BIN,"Bina Refinery, Madhya Pradesh",7,5780,46,STUD_BOLT,50.0,900,ASTM A320 L7 / A194 7,THRD,ASME B18.2.1
BPCL-SAP-0000612,BPCL,FLG-WN-DN150-CL300-A350LF2-RF,CAN-000251,DEPOT-BPCL-MUM,"Mumbai Refinery, Mahul, Maharashtra",0,62940,0,FLANGE_WELD_NECK,150.0,300,ASTM A350 LF2,RF,ASME B16.5
BPCL-SAP-0000613,BPCL,VLV-GL-DN80-PN250-WCB-RF,CAN-001898,DEPOT-BPCL-BIN,"Bina Refinery, Madhya Pradesh",21,686920,52,GLOBE_VALVE,80.0,1500,ASTM A216 WCB,RF,ASME B16.34
BPCL-SAP-0000614,BPCL,BLT-STUD-DN100-CL150-L7-GR7-THRD,CAN-002152,DEPOT-BPCL-NML,"Numaligarh Depot Base, Assam",0,3390,0,STUD_BOLT,100.0,150,ASTM A320 L7 / A194 7,THRD,ASME B18.2.1
BPCL-SAP-0000615,BPCL,FLG-BLD-DN200-PN20-A105-RF,CAN-000611,DEPOT-BPCL-KCH,"Kochi Refinery, Kerala",34,26870,348,FLANGE_BLIND,200.0,150,ASTM A105,RF,ASME B16.5
BPCL-SAP-0000616,BPCL,FLG-SO-DN25-CL300-A105-RF,CAN-000737,DEPOT-BPCL-KCH,"Kochi Refinery, Kerala",94,2780,481,FLANGE_SLIP_ON,25.0,300,ASTM A105,RF,ASME B16.5
BPCL-SAP-0000617,BPCL,VLV-GT-DN300-CL150-WCB-BW,CAN-001543,DEPOT-BPCL-MUM,"Mumbai Refinery, Mahul, Maharashtra",10,455200,111,GATE_VALVE,300.0,150,ASTM A216 WCB,BW,API 600
BPCL-SAP-0000618,BPCL,GSKT-SW-DN200-CL1500-SS304-GR-RF,CAN-002080,DEPOT-BPCL-BIN,"Bina Refinery, Madhya Pradesh",33,146940,87,SPIRAL_WOUND_GASKET,200.0,1500,SS304 / GRAPHITE,RF,ASME B16.20
BPCL-SAP-0000619,BPCL,VLV-GT-DN25-PN150-A105-RF,CAN-001102,DEPOT-BPCL-MUM,"Mumbai Refinery, Mahul, Maharashtra",141,75470,369,GATE_VALVE,25.0,900,ASTM A105,RF,API 6D
BPCL-SAP-0000620,BPCL,FLG-SO-DN250-CL600-SS304-FF,CAN-000956,DEPOT-BPCL-NML,"Numaligarh Depot Base, Assam",144,232260,314,FLANGE_SLIP_ON,250.0,600,ASTM A182 F304,FF,ASME B16.5
BPCL-SAP-0000621,BPCL,FLG-WN-DN80-PN20-A105-RTJ,CAN-000162,DEPOT-BPCL-MUM,"Mumbai Refinery, Mahul, Maharashtra",18,9970,63,FLANGE_WELD_NECK,80.0,150,ASTM A105,RTJ,ASME B16.5
BPCL-SAP-0000622,BPCL,VLV-GT-DN50-CL600-A105-BW,CAN-001211,DEPOT-BPCL-KCH,"Kochi Refinery, Kerala",9,134350,92,GATE_VALVE,50.0,600,ASTM A105,BW,API 600
BPCL-SAP-0000623,BPCL,FLG-WN-DN15-PN150-A350LF2-RF,CAN-000027,DEPOT-BPCL-MUM,"Mumbai Refinery, Mahul, Maharashtra",33,7590,471,FLANGE_WELD_NECK,15.0,900,ASTM A350 LF2,RF,ASME B16.5
BPCL-SAP-0000624,BPCL,VLV-GT-DN50-CL900-WCB-BW,CAN-001219,DEPOT-BPCL-NML,"Numaligarh Depot Base, Assam",35,185830,58,GATE_VALVE,50.0,900,ASTM A216 WCB,BW,API 600
BPCL-SAP-0000625,BPCL,FLG-WN-DN50-PN150-SS304-RTJ,CAN-000150,DEPOT-BPCL-BIN,"Bina Refinery, Madhya Pradesh",71,54510,311,FLANGE_WELD_NECK,50.0,900,ASTM A182 F304,RTJ,ASME B16.5
BPCL-SAP-0000626,BPCL,BLT-STUD-DN80-PN150-L7-GR7-THRD,CAN-002148,DEPOT-BPCL-KCH,"Kochi Refinery, Kerala",43,10650,59,STUD_BOLT,80.0,900,ASTM A320 L7 / A194 7,THRD,ASME B18.2.1
BPCL-SAP-0000627,BPCL,VLV-GT-DN40-PN50-SS316-BW,CAN-001143,DEPOT-BPCL-NML,"Numaligarh Depot Base, Assam",0,184750,0,GATE_VALVE,40.0,300,ASTM A182 F316,BW,API 600
BPCL-SAP-0000628,BPCL,GSKT-SW-DN300-PN150-SS304-GR-RF,CAN-002098,DEPOT-BPCL-BIN,"Bina Refinery, Madhya Pradesh",33,165410,84,SPIRAL_WOUND_GASKET,300.0,900,SS304 / GRAPHITE,RF,ASME B16.20
BPCL-SAP-0000629,BPCL,FLG-SO-DN300-PN250-SS304-RF,CAN-000997,DEPOT-BPCL-KCH,"Kochi Refinery, Kerala",0,612720,0,FLANGE_SLIP_ON,300.0,1500,ASTM A182 F304,RF,ASME B16.5
BPCL-SAP-0000630,BPCL,FLG-BLD-DN15-PN50-SS316-RF,CAN-000411,DEPOT-BPCL-BIN,"Bina Refinery, Madhya Pradesh",6,5160,30,FLANGE_BLIND,15.0,300,ASTM A182 F316,RF,ASME B16.5
BPCL-SAP-0000631,BPCL,FLG-BLD-DN50-PN20-A105-RTJ,CAN-000492,DEPOT-BPCL-BIN,"Bina Refinery, Madhya Pradesh",72,4430,721,FLANGE_BLIND,50.0,150,ASTM A105,RTJ,ASME B16.5
BPCL-SAP-0000632,BPCL,VLV-BL-DN100-CL300-SS316-RF,CAN-001707,DEPOT-BPCL-NML,"Numaligarh Depot Base, Assam",22,743140,25,BALL_VALVE,100.0,300,ASTM A182 F316,RF,API 6D
BPCL-SAP-0000633,BPCL,FLG-SO-DN300-CL150-SS316-FF,CAN-000976,DEPOT-BPCL-NML,"Numaligarh Depot Base, Assam",22,129480,108,FLANGE_SLIP_ON,300.0,150,ASTM A182 F316,FF,ASME B16.5
BPCL-SAP-0000634,BPCL,VLV-GT-DN50-PN150-SS316-BW,CAN-001228,DEPOT-BPCL-NML,"Numaligarh Depot Base, Assam",120,594670,188,GATE_VALVE,50.0,900,ASTM A182 F316,BW,API 6D
BPCL-SAP-0000635,BPCL,GSKT-SW-DN100-PN150-SS304-GR-RF,CAN-002058,DEPOT-BPCL-NML,"Numaligarh Depot Base, Assam",19,39650,82,SPIRAL_WOUND_GASKET,100.0,900,SS304 / GRAPHITE,RF,ASME B16.20
BPCL-SAP-0000636,BPCL,VLV-GT-DN200-PN50-A105-RF,CAN-001438,DEPOT-BPCL-BIN,"Bina Refinery, Madhya Pradesh",0,467850,0,GATE_VALVE,200.0,300,ASTM A105,RF,API 6D
BPCL-SAP-0000637,BPCL,FLG-SO-DN80-PN250-SS304-RF,CAN-000847,DEPOT-BPCL-BIN,"Bina Refinery, Madhya Pradesh",44,109900,46,FLANGE_SLIP_ON,80.0,1500,ASTM A182 F304,RF,ASME B16.5
BPCL-SAP-0000638,BPCL,FLG-SO-DN40-PN250-A105-FF,CAN-000786,DEPOT-BPCL-BIN,"Bina Refinery, Madhya Pradesh",86,18590,657,FLANGE_SLIP_ON,40.0,1500,ASTM A105,FF,ASME B16.5
BPCL-SAP-0000639,BPCL,VLV-GL-DN25-CL600-A105-RF,CAN-001831,DEPOT-BPCL-NML,"Numaligarh Depot Base, Assam",0,72750,0,GLOBE_VALVE,25.0,600,ASTM A105,RF,BS 1873
BPCL-SAP-0000640,BPCL,FLG-WN-DN200-CL300-SS304-RTJ,CAN-000294,DEPOT-BPCL-BIN,"Bina Refinery, Madhya Pradesh",14,137230,71,FLANGE_WELD_NECK,200.0,300,ASTM A182 F304,RTJ,ASME B16.5
BPCL-SAP-0000641,BPCL,FLG-WN-DN150-PN20-A350LF2-RF,CAN-000243,DEPOT-BPCL-MUM,"Mumbai Refinery, Mahul, Maharashtra",0,36150,0,FLANGE_WELD_NECK,150.0,150,ASTM A350 LF2,RF,ASME B16.5
BPCL-SAP-0000642,BPCL,FLG-WN-DN150-CL600-SS316-RF,CAN-000263,DEPOT-BPCL-NML,"Numaligarh Depot Base, Assam",61,219180,742,FLANGE_WELD_NECK,150.0,600,ASTM A182 F316,RF,ASME B16.5
BPCL-SAP-0000643,BPCL,FLG-SO-DN250-PN250-SS316-FF,CAN-000970,DEPOT-BPCL-MUM,"Mumbai Refinery, Mahul, Maharashtra",10,644560,88,FLANGE_SLIP_ON,250.0,1500,ASTM A182 F316,FF,ASME B16.5
BPCL-SAP-0000644,BPCL,BLT-STUD-DN250-CL600-B7-2H-THRD,CAN-002185,DEPOT-BPCL-MUM,"Mumbai Refinery, Mahul, Maharashtra",117,21160,187,STUD_BOLT,250.0,600,ASTM A193 B7 / A194 2H,THRD,ASME B18.2.1
BPCL-SAP-0000645,BPCL,FLG-SO-DN40-CL150-SS316-FF,CAN-000766,DEPOT-BPCL-KCH,"Kochi Refinery, Kerala",27,9430,413,FLANGE_SLIP_ON,40.0,150,ASTM A182 F316,FF,ASME B16.5
BPCL-SAP-0000646,BPCL,FLG-SO-DN50-CL600-A105-FF,CAN-000804,DEPOT-BPCL-MUM,"Mumbai Refinery, Mahul, Maharashtra",6,11940,81,FLANGE_SLIP_ON,50.0,600,ASTM A105,FF,ASME B16.5
BPCL-SAP-0000647,BPCL,VLV-GT-DN25-PN100-SS316-BW,CAN-001095,DEPOT-BPCL-BIN,"Bina Refinery, Madhya Pradesh",35,174610,68,GATE_VALVE,25.0,600,ASTM A182 F316,BW,API 600
BPCL-SAP-0000648,BPCL,FLG-SO-DN50-CL300-SS316-FF,CAN-000802,DEPOT-BPCL-NML,"Numaligarh Depot Base, Assam",11,21940,34,FLANGE_SLIP_ON,50.0,300,ASTM A182 F316,FF,ASME B16.5
BPCL-SAP-0000649,BPCL,BLT-STUD-DN15-PN100-L7-GR7-THRD,CAN-002106,DEPOT-BPCL-KCH,"Kochi Refinery, Kerala",64,870,510,STUD_BOLT,15.0,600,ASTM A320 L7 / A194 7,THRD,ASME B18.2.1
BPCL-SAP-0000650,BPCL,VLV-GT-DN150-CL150-SS316-BW,CAN-001371,DEPOT-BPCL-NML,"Numaligarh Depot Base, Assam",142,591580,491,GATE_VALVE,150.0,150,ASTM A182 F316,BW,API 600
BPCL-SAP-0000651,BPCL,FLG-SO-DN80-PN20-A105-FF,CAN-000822,DEPOT-BPCL-NML,"Numaligarh Depot Base, Assam",43,7250,670,FLANGE_SLIP_ON,80.0,150,ASTM A105,FF,ASME B16.5
BPCL-SAP-0000652,BPCL,VLV-GT-DN50-PN250-SS316-RF,CAN-001237,DEPOT-BPCL-MUM,"Mumbai Refinery, Mahul, Maharashtra",16,894870,62,GATE_VALVE,50.0,1500,ASTM A182 F316,RF,API 600
BPCL-SAP-0000653,BPCL,VLV-GT-DN40-PN250-WCB-RF,CAN-001170,DEPOT-BPCL-NML,"Numaligarh Depot Base, Assam",125,209230,251,GATE_VALVE,40.0,1500,ASTM A216 WCB,RF,API 6D
BPCL-SAP-0000654,BPCL,VLV-GL-DN200-PN250-WCB-RF,CAN-001957,DEPOT-BPCL-KCH,"Kochi Refinery, Kerala",120,2260620,392,GLOBE_VALVE,200.0,1500,ASTM A216 WCB,RF,BS 1873
BPCL-SAP-0000655,BPCL,FLG-BLD-DN150-PN50-A105-RTJ,CAN-000588,DEPOT-BPCL-MUM,"Mumbai Refinery, Mahul, Maharashtra",0,32180,0,FLANGE_BLIND,150.0,300,ASTM A105,RTJ,ASME B16.5
BPCL-SAP-0000656,BPCL,FLG-WN-DN100-PN20-A350LF2-RTJ,CAN-000204,DEPOT-BPCL-KCH,"Kochi Refinery, Kerala",124,21340,312,FLANGE_WELD_NECK,100.0,150,ASTM A350 LF2,RTJ,ASME B16.5
BPCL-SAP-0000657,BPCL,VLV-BL-DN80-CL1500-SS316-BW,CAN-001700,DEPOT-BPCL-NML,"Numaligarh Depot Base, Assam",44,2014960,42,BALL_VALVE,80.0,1500,ASTM A182 F316,BW,API 6D
BPCL-SAP-0000658,BPCL,FLG-SO-DN25-PN250-SS304-RF,CAN-000757,DEPOT-BPCL-BIN,"Bina Refinery, Madhya Pradesh",90,24220,678,FLANGE_SLIP_ON,25.0,1500,ASTM A182 F304,RF,ASME B16.5
BPCL-SAP-0000659,BPCL,VLV-GT-DN250-PN20-WCB-RF,CAN-001482,DEPOT-BPCL-BIN,"Bina Refinery, Madhya Pradesh",0,359140,0,GATE_VALVE,250.0,150,ASTM A216 WCB,RF,API 6D
BPCL-SAP-0000660,BPCL,VLV-GT-DN80-CL900-A105-RF,CAN-001282,DEPOT-BPCL-KCH,"Kochi Refinery, Kerala",106,342360,474,GATE_VALVE,80.0,900,ASTM A105,RF,API 6D
BPCL-SAP-0000661,BPCL,VLV-GL-DN50-CL600-A105-RF,CAN-001872,DEPOT-BPCL-MUM,"Mumbai Refinery, Mahul, Maharashtra",29,179140,31,GLOBE_VALVE,50.0,600,ASTM A105,RF,ASME B16.34
BPCL-SAP-0000662,BPCL,VLV-GT-DN250-CL1500-SS316-RF,CAN-001538,DEPOT-BPCL-MUM,"Mumbai Refinery, Mahul, Maharashtra",65,7251410,723,GATE_VALVE,250.0,1500,ASTM A182 F316,RF,API 6D
BPCL-SAP-0000663,BPCL,VLV-GT-DN80-PN250-SS316-RF,CAN-001297,DEPOT-BPCL-BIN,"Bina Refinery, Madhya Pradesh",61,1648600,725,GATE_VALVE,80.0,1500,ASTM A182 F316,RF,API 600
BPCL-SAP-0000664,BPCL,VLV-GT-DN200-CL300-SS316-BW,CAN-001443,DEPOT-BPCL-MUM,"Mumbai Refinery, Mahul, Maharashtra",61,1497140,199,GATE_VALVE,200.0,300,ASTM A182 F316,BW,API 600
BPCL-SAP-0000665,BPCL,GSKT-SW-DN100-CL300-SS316-GR-RF,CAN-002053,DEPOT-BPCL-NML,"Numaligarh Depot Base, Assam",23,21950,91,SPIRAL_WOUND_GASKET,100.0,300,SS316 / GRAPHITE,RF,ASME B16.20
BPCL-SAP-0000666,BPCL,FLG-BLD-DN300-CL1500-SS316-RTJ,CAN-000700,DEPOT-BPCL-NML,"Numaligarh Depot Base, Assam",43,919090,15,FLANGE_BLIND,300.0,1500,ASTM A182 F316,RTJ,ASME B16.5
BPCL-SAP-0000667,BPCL,FLG-SO-DN100-CL900-SS316-FF,CAN-000874,DEPOT-BPCL-MUM,"Mumbai Refinery, Mahul, Maharashtra",18,130150,34,FLANGE_SLIP_ON,100.0,900,ASTM A182 F316,FF,ASME B16.5
BPCL-SAP-0000668,BPCL,FLG-WN-DN250-CL300-A350LF2-RTJ,CAN-000332,DEPOT-BPCL-BIN,"Bina Refinery, Madhya Pradesh",0,122280,0,FLANGE_WELD_NECK,250.0,300,ASTM A350 LF2,RTJ,ASME B16.5
BPCL-SAP-0000669,BPCL,FLG-SO-DN100-CL1500-SS316-RF,CAN-000879,DEPOT-BPCL-BIN,"Bina Refinery, Madhya Pradesh",51,195860,500,FLANGE_SLIP_ON,100.0,1500,ASTM A182 F316,RF,ASME B16.5
BPCL-SAP-0000670,BPCL,FLG-BLD-DN300-PN150-A350LF2-RF,CAN-000691,DEPOT-BPCL-BIN,"Bina Refinery, Madhya Pradesh",22,305380,98,FLANGE_BLIND,300.0,900,ASTM A350 LF2,RF,ASME B16.5
BPCL-SAP-0000671,BPCL,FLG-WN-DN25-PN50-SS316-RF,CAN-000055,DEPOT-BPCL-NML,"Numaligarh Depot Base, Assam",31,12250,118,FLANGE_WELD_NECK,25.0,300,ASTM A182 F316,RF,ASME B16.5
BPCL-SAP-0000672,BPCL,FLG-SO-DN80-CL900-SS316-RF,CAN-000843,DEPOT-BPCL-KCH,"Kochi Refinery, Kerala",41,97380,105,FLANGE_SLIP_ON,80.0,900,ASTM A182 F316,RF,ASME B16.5
BPCL-SAP-0000673,BPCL,FLG-BLD-DN15-PN50-SS316-RTJ,CAN-000412,DEPOT-BPCL-KCH,"Kochi Refinery, Kerala",0,5160,0,FLANGE_BLIND,15.0,300,ASTM A182 F316,RTJ,ASME B16.5
BPCL-SAP-0000674,BPCL,VLV-GT-DN200-PN150-SS316-RF,CAN-001465,DEPOT-BPCL-NML,"Numaligarh Depot Base, Assam",99,3605450,338,GATE_VALVE,200.0,900,ASTM A182 F316,RF,API 600
BPCL-SAP-0000675,BPCL,FLG-WN-DN50-CL600-A350LF2-RF,CAN-000139,DEPOT-BPCL-BIN,"Bina Refinery, Madhya Pradesh",25,26270,67,FLANGE_WELD_NECK,50.0,600,ASTM A350 LF2,RF,ASME B16.5
BPCL-SAP-0000676,BPCL,FLG-WN-DN80-CL1500-A105-RF,CAN-000193,DEPOT-BPCL-NML,"Numaligarh Depot Base, Assam",0,62960,0,FLANGE_WELD_NECK,80.0,1500,ASTM A105,RF,ASME B16.5
BPCL-SAP-0000677,BPCL,VLV-BL-DN250-PN20-WCB-RF,CAN-001761,DEPOT-BPCL-KCH,"Kochi Refinery, Kerala",113,438950,234,BALL_VALVE,250.0,150,ASTM A216 WCB,RF,API 6D
BPCL-SAP-0000678,BPCL,GSKT-SW-DN300-PN50-SS304-GR-RF,CAN-002094,DEPOT-BPCL-BIN,"Bina Refinery, Madhya Pradesh",0,68680,0,SPIRAL_WOUND_GASKET,300.0,300,SS304 / GRAPHITE,RF,ASME B16.20
BPCL-SAP-0000679,BPCL,VLV-GL-DN100-CL1500-A105-RF,CAN-001920,DEPOT-BPCL-BIN,"Bina Refinery, Madhya Pradesh",0,918090,0,GLOBE_VALVE,100.0,1500,ASTM A105,RF,ASME B16.34
BPCL-SAP-0000680,BPCL,FLG-SO-DN300-PN100-A105-RF,CAN-000983,DEPOT-BPCL-NML,"Numaligarh Depot Base, Assam",66,122660,597,FLANGE_SLIP_ON,300.0,600,ASTM A105,RF,ASME B16.5
BPCL-SAP-0000681,BPCL,GSKT-SW-DN300-CL600-SS316-GR-RF,CAN-002095,DEPOT-BPCL-KCH,"Kochi Refinery, Kerala",0,159450,0,SPIRAL_WOUND_GASKET,300.0,600,SS316 / GRAPHITE,RF,ASME B16.20
BPCL-SAP-0000682,BPCL,FLG-WN-DN80-PN20-SS316-RF,CAN-000167,DEPOT-BPCL-NML,"Numaligarh Depot Base, Assam",28,31930,46,FLANGE_WELD_NECK,80.0,150,ASTM A182 F316,RF,ASME B16.5
BPCL-SAP-0000683,BPCL,VLV-GT-DN80-PN150-SS316-BW,CAN-001288,DEPOT-BPCL-MUM,"Mumbai Refinery, Mahul, Maharashtra",0,1095560,0,GATE_VALVE,80.0,900,ASTM A182 F316,BW,API 6D
BPCL-SAP-0000684,BPCL,VLV-GT-DN15-PN150-SS316-RF,CAN-001045,DEPOT-BPCL-MUM,"Mumbai Refinery, Mahul, Maharashtra",0,124310,0,GATE_VALVE,15.0,900,ASTM A182 F316,RF,API 600
BPCL-SAP-0000685,BPCL,VLV-GT-DN40-PN100-WCB-BW,CAN-001147,DEPOT-BPCL-BIN,"Bina Refinery, Madhya Pradesh",125,100520,645,GATE_VALVE,40.0,600,ASTM A216 WCB,BW,API 600
BPCL-SAP-0000686,BPCL,VLV-GT-DN80-PN250-A105-RF,CAN-001294,DEPOT-BPCL-NML,"Numaligarh Depot Base, Assam",48,515190,16,GATE_VALVE,80.0,1500,ASTM A105,RF,API 6D
BPCL-SAP-0000687,BPCL,FLG-BLD-DN40-CL900-A105-RTJ,CAN-000480,DEPOT-BPCL-KCH,"Kochi Refinery, Kerala",150,13900,297,FLANGE_BLIND,40.0,900,ASTM A105,RTJ,ASME B16.5
BPCL-SAP-0000688,BPCL,VLV-GL-DN25-PN250-WCB-RF,CAN-001838,DEPOT-BPCL-KCH,"Kochi Refinery, Kerala",74,151420,527,GLOBE_VALVE,25.0,1500,ASTM A216 WCB,RF,ASME B16.34
BPCL-SAP-0000689,BPCL,FLG-WN-DN300-PN100-A350LF2-RTJ,CAN-000380,DEPOT-BPCL-BIN,"Bina Refinery, Madhya Pradesh",107,269850,620,FLANGE_WELD_NECK,300.0,600,ASTM A350 LF2,RTJ,ASME B16.5
BPCL-SAP-0000690,BPCL,VLV-BL-DN250-CL300-WCB-BW,CAN-001766,DEPOT-BPCL-NML,"Numaligarh Depot Base, Assam",20,764260,688,BALL_VALVE,250.0,300,ASTM A216 WCB,BW,API 6D
BPCL-SAP-0000691,BPCL,FLG-BLD-DN150-PN50-A105-RTJ,CAN-000588,DEPOT-BPCL-MUM,"Mumbai Refinery, Mahul, Maharashtra",83,32180,698,FLANGE_BLIND,150.0,300,ASTM A105,RTJ,ASME B16.5
BPCL-SAP-0000692,BPCL,VLV-GL-DN100-CL600-A105-RF,CAN-001911,DEPOT-BPCL-NML,"Numaligarh Depot Base, Assam",38,441100,430,GLOBE_VALVE,100.0,600,ASTM A105,RF,BS 1873
BPCL-SAP-0000693,BPCL,VLV-BL-DN250-PN150-SS316-BW,CAN-001776,DEPOT-BPCL-BIN,"Bina Refinery, Madhya Pradesh",138,5889700,459,BALL_VALVE,250.0,900,ASTM A182 F316,BW,API 6D
BPCL-SAP-0000694,BPCL,FLG-SO-DN25-PN20-SS316-FF,CAN-000736,DEPOT-BPCL-BIN,"Bina Refinery, Madhya Pradesh",0,5120,0,FLANGE_SLIP_ON,25.0,150,ASTM A182 F316,FF,ASME B16.5
BPCL-SAP-0000695,BPCL,VLV-GT-DN200-PN20-WCB-BW,CAN-001423,DEPOT-BPCL-KCH,"Kochi Refinery, Kerala",8,268710,107,GATE_VALVE,200.0,150,ASTM A216 WCB,BW,API 600
BPCL-SAP-0000696,BPCL,VLV-GT-DN200-CL1500-WCB-BW,CAN-001472,DEPOT-BPCL-BIN,"Bina Refinery, Madhya Pradesh",126,1695460,539,GATE_VALVE,200.0,1500,ASTM A216 WCB,BW,API 6D
BPCL-SAP-0000697,BPCL,VLV-GT-DN150-CL300-WCB-RF,CAN-001374,DEPOT-BPCL-MUM,"Mumbai Refinery, Mahul, Maharashtra",6,321870,94,GATE_VALVE,150.0,300,ASTM A216 WCB,RF,API 6D
BPCL-SAP-0000698,BPCL,VLV-GT-DN25-PN50-SS316-BW,CAN-001084,DEPOT-BPCL-NML,"Numaligarh Depot Base, Assam",0,100280,0,GATE_VALVE,25.0,300,ASTM A182 F316,BW,API 6D
BPCL-SAP-0000699,BPCL,VLV-GT-DN250-PN100-SS316-RF,CAN-001513,DEPOT-BPCL-BIN,"Bina Refinery, Madhya Pradesh",136,3483930,403,GATE_VALVE,250.0,600,ASTM A182 F316,RF,API 600
BPCL-SAP-0000700,BPCL,FLG-WN-DN150-PN20-SS316-RF,CAN-000247,DEPOT-BPCL-KCH,"Kochi Refinery, Kerala",5,72300,39,FLANGE_WELD_NECK,150.0,150,ASTM A182 F316,RF,ASME B16.5
BPCL-SAP-0000701,BPCL,GSKT-SW-DN150-CL300-SS304-GR-RF,CAN-002064,DEPOT-BPCL-BIN,"Bina Refinery, Madhya Pradesh",19,27890,107,SPIRAL_WOUND_GASKET,150.0,300,SS304 / GRAPHITE,RF,ASME B16.20
BPCL-SAP-0000702,BPCL,FLG-SO-DN200-PN50-A105-FF,CAN-000918,DEPOT-BPCL-BIN,"Bina Refinery, Madhya Pradesh",13,41580,80,FLANGE_SLIP_ON,200.0,300,ASTM A105,FF,ASME B16.5
BPCL-SAP-0000703,BPCL,FLG-WN-DN80-CL1500-SS304-RF,CAN-000197,DEPOT-BPCL-BIN,"Bina Refinery, Madhya Pradesh",6,151120,17,FLANGE_WELD_NECK,80.0,1500,ASTM A182 F304,RF,ASME B16.5
BPCL-SAP-0000704,BPCL,FLG-BLD-DN150-PN250-SS316-RTJ,CAN-000610,DEPOT-BPCL-KCH,"Kochi Refinery, Kerala",73,373260,290,FLANGE_BLIND,150.0,1500,ASTM A182 F316,RTJ,ASME B16.5
BPCL-SAP-0000705,BPCL,FLG-SO-DN80-PN50-SS304-RF,CAN-000829,DEPOT-BPCL-MUM,"Mumbai Refinery, Mahul, Maharashtra",147,30320,428,FLANGE_SLIP_ON,80.0,300,ASTM A182 F304,RF,ASME B16.5
BPCL-SAP-0000706,BPCL,FLG-SO-DN15-CL150-SS304-FF,CAN-000704,DEPOT-BPCL-BIN,"Bina Refinery, Madhya Pradesh",42,1970,13,FLANGE_SLIP_ON,15.0,150,ASTM A182 F304,FF,ASME B16.5
BPCL-SAP-0000707,BPCL,GSKT-SW-DN150-PN100-SS316-GR-RF,CAN-002065,DEPOT-BPCL-KCH,"Kochi Refinery, Kerala",73,64760,370,SPIRAL_WOUND_GASKET,150.0,600,SS316 / GRAPHITE,RF,ASME B16.20
BPCL-SAP-0000708,BPCL,VLV-BL-DN250-PN100-WCB-BW,CAN-001770,DEPOT-BPCL-KCH,"Kochi Refinery, Kerala",56,1330670,205,BALL_VALVE,250.0,600,ASTM A216 WCB,BW,API 6D
BPCL-SAP-0000709,BPCL,FLG-SO-DN250-PN50-SS304-FF,CAN-000950,DEPOT-BPCL-BIN,"Bina Refinery, Madhya Pradesh",114,133390,534,FLANGE_SLIP_ON,250.0,300,ASTM A182 F304,FF,ASME B16.5
BPCL-SAP-0000710,BPCL,FLG-SO-DN25-PN50-A105-FF,CAN-000738,DEPOT-BPCL-NML,"Numaligarh Depot Base, Assam",149,2780,488,FLANGE_SLIP_ON,25.0,300,ASTM A105,FF,ASME B16.5
BPCL-SAP-0000711,BPCL,FLG-WN-DN250-PN50-SS304-RF,CAN-000333,DEPOT-BPCL-BIN,"Bina Refinery, Madhya Pradesh",27,183420,103,FLANGE_WELD_NECK,250.0,300,ASTM A182 F304,RF,ASME B16.5
BPCL-SAP-0000712,BPCL,FLG-WN-DN200-PN150-SS316-RF,CAN-000311,DEPOT-BPCL-KCH,"Kochi Refinery, Kerala",78,440660,428,FLANGE_WELD_NECK,200.0,900,ASTM A182 F316,RF,ASME B16.5
BPCL-SAP-0000713,BPCL,VLV-GL-DN50-PN20-A105-RF,CAN-001864,DEPOT-BPCL-BIN,"Bina Refinery, Madhya Pradesh",0,59090,0,GLOBE_VALVE,50.0,150,ASTM A105,RF,ASME B16.34
BPCL-SAP-0000714,BPCL,VLV-BL-DN150-CL1500-SS316-BW,CAN-001740,DEPOT-BPCL-BIN,"Bina Refinery, Madhya Pradesh",0,4562140,0,BALL_VALVE,150.0,1500,ASTM A182 F316,BW,API 6D
BPCL-SAP-0000715,BPCL,VLV-GL-DN300-PN50-A105-RF,CAN-001987,DEPOT-BPCL-BIN,"Bina Refinery, Madhya Pradesh",132,1056740,723,GLOBE_VALVE,300.0,300,ASTM A105,RF,BS 1873
BPCL-SAP-0000716,BPCL,VLV-BL-DN100-PN20-SS316-RF,CAN-001703,DEPOT-BPCL-MUM,"Mumbai Refinery, Mahul, Maharashtra",41,426820,53,BALL_VALVE,100.0,150,ASTM A182 F316,RF,API 6D
BPCL-SAP-0000717,BPCL,FLG-WN-DN40-PN20-SS316-RF,CAN-000087,DEPOT-BPCL-KCH,"Kochi Refinery, Kerala",38,12960,35,FLANGE_WELD_NECK,40.0,150,ASTM A182 F316,RF,ASME B16.5
BPCL-SAP-0000718,BPCL,VLV-GT-DN250-CL150-SS316-RF,CAN-001489,DEPOT-BPCL-MUM,"Mumbai Refinery, Mahul, Maharashtra",40,1149270,65,GATE_VALVE,250.0,150,ASTM A182 F316,RF,API 600
BPCL-SAP-0000719,BPCL,FLG-WN-DN100-PN50-A105-RF,CAN-000209,DEPOT-BPCL-BIN,"Bina Refinery, Madhya Pradesh",45,23220,98,FLANGE_WELD_NECK,100.0,300,ASTM A105,RF,ASME B16.5
BPCL-SAP-0000720,BPCL,BLT-STUD-DN200-PN150-L7-GR7-THRD,CAN-002178,DEPOT-BPCL-NML,"Numaligarh Depot Base, Assam",107,35050,609,STUD_BOLT,200.0,900,ASTM A320 L7 / A194 7,THRD,ASME B18.2.1
BPCL-SAP-0000721,BPCL,FLG-WN-DN100-CL1500-A350LF2-RTJ,CAN-000236,DEPOT-BPCL-BIN,"Bina Refinery, Madhya Pradesh",29,134650,91,FLANGE_WELD_NECK,100.0,1500,ASTM A350 LF2,RTJ,ASME B16.5
BPCL-SAP-0000722,BPCL,VLV-GT-DN40-PN150-A105-RF,CAN-001162,DEPOT-BPCL-KCH,"Kochi Refinery, Kerala",134,139040,281,GATE_VALVE,40.0,900,ASTM A105,RF,API 6D
BPCL-SAP-0000723,BPCL,FLG-WN-DN100-PN250-SS304-RTJ,CAN-000238,DEPOT-BPCL-NML,"Numaligarh Depot Base, Assam",33,201980,115,FLANGE_WELD_NECK,100.0,1500,ASTM A182 F304,RTJ,ASME B16.5
BPCL-SAP-0000724,BPCL,VLV-GT-DN80-CL900-A105-BW,CAN-001283,DEPOT-BPCL-MUM,"Mumbai Refinery, Mahul, Maharashtra",7,342360,72,GATE_VALVE,80.0,900,ASTM A105,BW,API 600
BPCL-SAP-0000725,BPCL,FLG-SO-DN300-CL150-SS316-RF,CAN-000975,DEPOT-BPCL-KCH,"Kochi Refinery, Kerala",0,129480,0,FLANGE_SLIP_ON,300.0,150,ASTM A182 F316,RF,ASME B16.5
BPCL-SAP-0000726,BPCL,VLV-GT-DN100-PN250-A105-RF,CAN-001354,DEPOT-BPCL-MUM,"Mumbai Refinery, Mahul, Maharashtra",93,688570,393,GATE_VALVE,100.0,1500,ASTM A105,RF,API 6D
BPCL-SAP-0000727,BPCL,VLV-GT-DN40-PN250-SS316-RF,CAN-001178,DEPOT-BPCL-NML,"Numaligarh Depot Base, Assam",84,669540,671,GATE_VALVE,40.0,1500,ASTM A182 F316,RF,API 6D
BPCL-SAP-0000728,BPCL,FLG-WN-DN40-PN50-SS316-RTJ,CAN-000096,DEPOT-BPCL-KCH,"Kochi Refinery, Kerala",7,22580,29,FLANGE_WELD_NECK,40.0,300,ASTM A182 F316,RTJ,ASME B16.5
BPCL-SAP-0000729,BPCL,VLV-GL-DN40-CL600-WCB-RF,CAN-001849,DEPOT-BPCL-BIN,"Bina Refinery, Madhya Pradesh",88,134030,193,GLOBE_VALVE,40.0,600,ASTM A216 WCB,RF,BS 1873
BPCL-SAP-0000730,BPCL,VLV-GT-DN100-PN50-SS316-BW,CAN-001323,DEPOT-BPCL-KCH,"Kochi Refinery, Kerala",41,608020,71,GATE_VALVE,100.0,300,ASTM A182 F316,BW,API 600
BPCL-SAP-0000731,BPCL,BLT-STUD-DN40-CL1500-B7-2H-THRD,CAN-002129,DEPOT-BPCL-MUM,"Mumbai Refinery, Mahul, Maharashtra",0,4060,0,STUD_BOLT,40.0,1500,ASTM A193 B7 / A194 2H,THRD,ASME B18.2.1
BPCL-SAP-0000732,BPCL,FLG-BLD-DN100-CL150-A350LF2-RF,CAN-000553,DEPOT-BPCL-KCH,"Kochi Refinery, Kerala",145,17460,364,FLANGE_BLIND,100.0,150,ASTM A350 LF2,RF,ASME B16.5
BPCL-SAP-0000733,BPCL,FLG-SO-DN300-PN100-SS304-RF,CAN-000985,DEPOT-BPCL-MUM,"Mumbai Refinery, Mahul, Maharashtra",84,294380,308,FLANGE_SLIP_ON,300.0,600,ASTM A182 F304,RF,ASME B16.5
BPCL-SAP-0000734,BPCL,VLV-BL-DN200-PN20-WCB-RF,CAN-001741,DEPOT-BPCL-MUM,"Mumbai Refinery, Mahul, Maharashtra",120,328420,605,BALL_VALVE,200.0,150,ASTM A216 WCB,RF,API 6D
BPCL-SAP-0000735,BPCL,FLG-BLD-DN250-PN250-A105-RF,CAN-000665,DEPOT-BPCL-BIN,"Bina Refinery, Madhya Pradesh",6,226600,72,FLANGE_BLIND,250.0,1500,ASTM A105,RF,ASME B16.5
BPCL-SAP-0000736,BPCL,VLV-GT-DN200-PN150-SS316-RF,CAN-001466,DEPOT-BPCL-KCH,"Kochi Refinery, Kerala",33,3605450,53,GATE_VALVE,200.0,900,ASTM A182 F316,RF,API 6D
BPCL-SAP-0000737,BPCL,GSKT-SW-DN25-PN250-SS316-GR-RF,CAN-002019,DEPOT-BPCL-KCH,"Kochi Refinery, Kerala",26,13120,736,SPIRAL_WOUND_GASKET,25.0,1500,SS316 / GRAPHITE,RF,ASME B16.20
BPCL-SAP-0000738,BPCL,VLV-GT-DN200-CL150-A105-RF,CAN-001426,DEPOT-BPCL-KCH,"Kochi Refinery, Kerala",0,268710,0,GATE_VALVE,200.0,150,ASTM A105,RF,API 6D
BPCL-SAP-0000739,BPCL,VLV-GL-DN15-CL150-WCB-RF,CAN-001802,DEPOT-BPCL-NML,"Numaligarh Depot Base, Assam",0,12350,0,GLOBE_VALVE,15.0,150,ASTM A216 WCB,RF,ASME B16.34
BPCL-SAP-0000740,BPCL,VLV-GL-DN150-PN250-A105-RF,CAN-001940,DEPOT-BPCL-KCH,"Kochi Refinery, Kerala",0,1555270,0,GLOBE_VALVE,150.0,1500,ASTM A105,RF,ASME B16.34
BPCL-SAP-0000741,BPCL,VLV-BL-DN300-CL150-WCB-RF,CAN-001781,DEPOT-BPCL-MUM,"Mumbai Refinery, Mahul, Maharashtra",0,556360,0,BALL_VALVE,300.0,150,ASTM A216 WCB,RF,API 6D
BPCL-SAP-0000742,BPCL,VLV-GL-DN250-PN50-A105-RF,CAN-001968,DEPOT-BPCL-BIN,"Bina Refinery, Madhya Pradesh",0,833740,0,GLOBE_VALVE,250.0,300,ASTM A105,RF,ASME B16.34
BPCL-SAP-0000743,BPCL,VLV-GT-DN40-PN50-WCB-RF,CAN-001134,DEPOT-BPCL-NML,"Numaligarh Depot Base, Assam",88,57730,395,GATE_VALVE,40.0,300,ASTM A216 WCB,RF,API 6D
BPCL-SAP-0000744,BPCL,VLV-GT-DN25-PN50-WCB-RF,CAN-001073,DEPOT-BPCL-NML,"Numaligarh Depot Base, Assam",0,31330,0,GATE_VALVE,25.0,300,ASTM A216 WCB,RF,API 600
BPCL-SAP-0000745,BPCL,GSKT-SW-DN50-CL900-SS304-GR-RF,CAN-002038,DEPOT-BPCL-KCH,"Kochi Refinery, Kerala",0,16100,0,SPIRAL_WOUND_GASKET,50.0,900,SS304 / GRAPHITE,RF,ASME B16.20
BPCL-SAP-0000746,BPCL,FLG-BLD-DN80-PN250-SS316-RTJ,CAN-000550,DEPOT-BPCL-KCH,"Kochi Refinery, Kerala",0,164860,0,FLANGE_BLIND,80.0,1500,ASTM A182 F316,RTJ,ASME B16.5
BPCL-SAP-0000747,BPCL,VLV-BL-DN15-PN20-WCB-BW,CAN-001602,DEPOT-BPCL-NML,"Numaligarh Depot Base, Assam",84,11320,467,BALL_VALVE,15.0,150,ASTM A216 WCB,BW,API 6D
BPCL-SAP-0000748,BPCL,VLV-GT-DN40-PN100-WCB-BW,CAN-001147,DEPOT-BPCL-MUM,"Mumbai Refinery, Mahul, Maharashtra",30,100520,17,GATE_VALVE,40.0,600,ASTM A216 WCB,BW,API 600
BPCL-SAP-0000749,BPCL,FLG-WN-DN15-PN250-SS316-RTJ,CAN-000040,DEPOT-BPCL-KCH,"Kochi Refinery, Kerala",34,22860,77,FLANGE_WELD_NECK,15.0,1500,ASTM A182 F316,RTJ,ASME B16.5
BPCL-SAP-0000750,BPCL,VLV-GT-DN40-PN50-WCB-RF,CAN-001133,DEPOT-BPCL-KCH,"Kochi Refinery, Kerala",0,57730,0,GATE_VALVE,40.0,300,ASTM A216 WCB,RF,API 600
BPCL-SAP-0000751,BPCL,VLV-BL-DN250-CL900-SS316-RF,CAN-001775,DEPOT-BPCL-MUM,"Mumbai Refinery, Mahul, Maharashtra",0,5889700,0,BALL_VALVE,250.0,900,ASTM A182 F316,RF,API 6D
BPCL-SAP-0000752,BPCL,VLV-GT-DN100-PN150-WCB-RF,CAN-001338,DEPOT-BPCL-MUM,"Mumbai Refinery, Mahul, Maharashtra",21,457580,70,GATE_VALVE,100.0,900,ASTM A216 WCB,RF,API 6D
BPCL-SAP-0000753,BPCL,FLG-WN-DN15-PN150-A350LF2-RF,CAN-000027,DEPOT-BPCL-MUM,"Mumbai Refinery, Mahul, Maharashtra",44,7590,647,FLANGE_WELD_NECK,15.0,900,ASTM A350 LF2,RF,ASME B16.5
BPCL-SAP-0000754,BPCL,VLV-GL-DN50-CL1500-WCB-RF,CAN-001877,DEPOT-BPCL-BIN,"Bina Refinery, Madhya Pradesh",89,372860,656,GLOBE_VALVE,50.0,1500,ASTM A216 WCB,RF,BS 1873
BPCL-SAP-0000755,BPCL,VLV-GL-DN300-PN250-A105-RF,CAN-002000,DEPOT-BPCL-NML,"Numaligarh Depot Base, Assam",114,3829540,645,GLOBE_VALVE,300.0,1500,ASTM A105,RF,ASME B16.34
BPCL-SAP-0000756,BPCL,VLV-GT-DN25-PN250-SS316-RF,CAN-001118,DEPOT-BPCL-NML,"Numaligarh Depot Base, Assam",19,363430,113,GATE_VALVE,25.0,1500,ASTM A182 F316,RF,API 6D
BPCL-SAP-0000757,BPCL,VLV-GT-DN50-PN50-SS316-BW,CAN-001203,DEPOT-BPCL-NML,"Numaligarh Depot Base, Assam",25,246930,91,GATE_VALVE,50.0,300,ASTM A182 F316,BW,API 600
BPCL-SAP-0000758,BPCL,FLG-BLD-DN150-PN50-A350LF2-RTJ,CAN-000590,DEPOT-BPCL-BIN,"Bina Refinery, Madhya Pradesh",41,51500,201,FLANGE_BLIND,150.0,300,ASTM A350 LF2,RTJ,ASME B16.5
BPCL-SAP-0000759,BPCL,FLG-BLD-DN15-PN150-SS316-RTJ,CAN-000424,DEPOT-BPCL-KCH,"Kochi Refinery, Kerala",143,12430,721,FLANGE_BLIND,15.0,900,ASTM A182 F316,RTJ,ASME B16.5
BPCL-SAP-0000760,BPCL,FLG-BLD-DN200-CL300-SS316-RTJ,CAN-000622,DEPOT-BPCL-NML,"Numaligarh Depot Base, Assam",18,149710,108,FLANGE_BLIND,200.0,300,ASTM A182 F316,RTJ,ASME B16.5
BPCL-SAP-0000761,BPCL,VLV-GL-DN40-CL300-A105-RF,CAN-001847,DEPOT-BPCL-MUM,"Mumbai Refinery, Mahul, Maharashtra",18,76980,34,GLOBE_VALVE,40.0,300,ASTM A105,RF,BS 1873
BPCL-SAP-0000762,BPCL,FLG-SO-DN25-CL600-SS316-FF,CAN-000748,DEPOT-BPCL-KCH,"Kochi Refinery, Kerala",0,15520,0,FLANGE_SLIP_ON,25.0,600,ASTM A182 F316,FF,ASME B16.5
BPCL-SAP-0000763,BPCL,FLG-WN-DN25-PN250-A105-RTJ,CAN-000074,DEPOT-BPCL-KCH,"Kochi Refinery, Kerala",0,13880,0,FLANGE_WELD_NECK,25.0,1500,ASTM A105,RTJ,ASME B16.5
BPCL-SAP-0000764,BPCL,VLV-GL-DN40-PN50-WCB-RF,CAN-001846,DEPOT-BPCL-MUM,"Mumbai Refinery, Mahul, Maharashtra",0,76980,0,GLOBE_VALVE,40.0,300,ASTM A216 WCB,RF,ASME B16.34
BPCL-SAP-0000765,BPCL,FLG-WN-DN150-CL150-SS316-RTJ,CAN-000248,DEPOT-BPCL-NML,"Numaligarh Depot Base, Assam",21,72300,67,FLANGE_WELD_NECK,150.0,150,ASTM A182 F316,RTJ,ASME B16.5
BPCL-SAP-0000766,BPCL,VLV-GT-DN300-CL900-SS316-BW,CAN-001588,DEPOT-BPCL-NML,"Numaligarh Depot Base, Assam",42,6107710,614,GATE_VALVE,300.0,900,ASTM A182 F316,BW,API 6D
BPCL-SAP-0000767,BPCL,FLG-WN-DN40-CL900-A350LF2-RF,CAN-000107,DEPOT-BPCL-KCH,"Kochi Refinery, Kerala",11,27190,70,FLANGE_WELD_NECK,40.0,900,ASTM A350 LF2,RF,ASME B16.5
BPCL-SAP-0000768,BPCL,FLG-SO-DN80-PN50-SS304-RF,CAN-000829,DEPOT-BPCL-KCH,"Kochi Refinery, Kerala",71,30320,233,FLANGE_SLIP_ON,80.0,300,ASTM A182 F304,RF,ASME B16.5
BPCL-SAP-0000769,BPCL,GSKT-SW-DN250-CL900-SS304-GR-RF,CAN-002088,DEPOT-BPCL-BIN,"Bina Refinery, Madhya Pradesh",10,130510,70,SPIRAL_WOUND_GASKET,250.0,900,SS304 / GRAPHITE,RF,ASME B16.20
BPCL-SAP-0000770,BPCL,FLG-BLD-DN40-PN250-A350LF2-RF,CAN-000487,DEPOT-BPCL-KCH,"Kochi Refinery, Kerala",77,33470,434,FLANGE_BLIND,40.0,1500,ASTM A350 LF2,RF,ASME B16.5
BPCL-SAP-0000771,BPCL,BLT-STUD-DN15-PN100-L7-GR7-THRD,CAN-002106,DEPOT-BPCL-MUM,"Mumbai Refinery, Mahul, Maharashtra",86,870,746,STUD_BOLT,15.0,600,ASTM A320 L7 / A194 7,THRD,ASME B18.2.1
BPCL-SAP-0000772,BPCL,VLV-GT-DN40-PN50-SS316-RF,CAN-001141,DEPOT-BPCL-MUM,"Mumbai Refinery, Mahul, Maharashtra",49,184750,75,GATE_VALVE,40.0,300,ASTM A182 F316,RF,API 600
BPCL-SAP-0000773,BPCL,VLV-GL-DN15-PN100-A105-RF,CAN-001812,DEPOT-BPCL-MUM,"Mumbai Refinery, Mahul, Maharashtra",0,37450,0,GLOBE_VALVE,15.0,600,ASTM A105,RF,ASME B16.34
BPCL-SAP-0000774,BPCL,FLG-SO-DN250-PN50-SS316-RF,CAN-000951,DEPOT-BPCL-MUM,"Mumbai Refinery, Mahul, Maharashtra",49,177860,39,FLANGE_SLIP_ON,250.0,300,ASTM A182 F316,RF,ASME B16.5
BPCL-SAP-0000775,BPCL,VLV-BL-DN250-CL300-WCB-RF,CAN-001765,DEPOT-BPCL-BIN,"Bina Refinery, Madhya Pradesh",34,764260,71,BALL_VALVE,250.0,300,ASTM A216 WCB,RF,API 6D
BPCL-SAP-0000776,BPCL,VLV-GT-DN80-CL1500-SS316-BW,CAN-001299,DEPOT-BPCL-MUM,"Mumbai Refinery, Mahul, Maharashtra",0,1648600,0,GATE_VALVE,80.0,1500,ASTM A182 F316,BW,API 600
BPCL-SAP-0000777,BPCL,VLV-GT-DN150-CL900-WCB-RF,CAN-001397,DEPOT-BPCL-NML,"Numaligarh Depot Base, Assam",5,775150,82,GATE_VALVE,150.0,900,ASTM A216 WCB,RF,API 600
BPCL-SAP-0000778,BPCL,BLT-STUD-DN25-PN100-L7-GR7-THRD,CAN-002116,DEPOT-BPCL-MUM,"Mumbai Refinery, Mahul, Maharashtra",136,1690,605,STUD_BOLT,25.0,600,ASTM A320 L7 / A194 7,THRD,ASME B18.2.1
BPCL-SAP-0000779,BPCL,VLV-BL-DN100-PN100-SS316-BW,CAN-001712,DEPOT-BPCL-KCH,"Kochi Refinery, Kerala",52,1293890,267,BALL_VALVE,100.0,600,ASTM A182 F316,BW,API 6D
BPCL-SAP-0000780,BPCL,BLT-STUD-DN300-CL1500-L7-GR7-THRD,CAN-002200,DEPOT-BPCL-NML,"Numaligarh Depot Base, Assam",46,89350,67,STUD_BOLT,300.0,1500,ASTM A320 L7 / A194 7,THRD,ASME B18.2.1
BPCL-SAP-0000781,BPCL,FLG-WN-DN100-CL300-SS304-RTJ,CAN-000214,DEPOT-BPCL-MUM,"Mumbai Refinery, Mahul, Maharashtra",5,55730,60,FLANGE_WELD_NECK,100.0,300,ASTM A182 F304,RTJ,ASME B16.5
BPCL-SAP-0000782,BPCL,VLV-GT-DN300-PN20-WCB-BW,CAN-001544,DEPOT-BPCL-NML,"Numaligarh Depot Base, Assam",24,455200,22,GATE_VALVE,300.0,150,ASTM A216 WCB,BW,API 6D
BPCL-SAP-0000783,BPCL,VLV-GT-DN80-CL150-SS316-BW,CAN-001251,DEPOT-BPCL-KCH,"Kochi Refinery, Kerala",43,261280,117,GATE_VALVE,80.0,150,ASTM A182 F316,BW,API 600
BPCL-SAP-0000784,BPCL,FLG-SO-DN200-CL300-SS304-FF,CAN-000920,DEPOT-BPCL-BIN,"Bina Refinery, Madhya Pradesh",0,99800,0,FLANGE_SLIP_ON,200.0,300,ASTM A182 F304,FF,ASME B16.5
BPCL-SAP-0000785,BPCL,VLV-GL-DN200-PN250-WCB-RF,CAN-001958,DEPOT-BPCL-KCH,"Kochi Refinery, Kerala",25,2260620,68,GLOBE_VALVE,200.0,1500,ASTM A216 WCB,RF,ASME B16.34
BPCL-SAP-0000786,BPCL,BLT-STUD-DN25-PN50-L7-GR7-THRD,CAN-002114,DEPOT-BPCL-NML,"Numaligarh Depot Base, Assam",41,970,91,STUD_BOLT,25.0,300,ASTM A320 L7 / A194 7,THRD,ASME B18.2.1
BPCL-SAP-0000787,BPCL,FLG-WN-DN80-PN20-SS304-RTJ,CAN-000166,DEPOT-BPCL-NML,"Numaligarh Depot Base, Assam",76,23950,562,FLANGE_WELD_NECK,80.0,150,ASTM A182 F304,RTJ,ASME B16.5
BPCL-SAP-0000788,BPCL,GSKT-SW-DN15-CL900-SS304-GR-RF,CAN-002008,DEPOT-BPCL-NML,"Numaligarh Depot Base, Assam",0,3360,0,SPIRAL_WOUND_GASKET,15.0,900,SS304 / GRAPHITE,RF,ASME B16.20
BPCL-SAP-0000789,BPCL,VLV-GL-DN150-PN250-WCB-RF,CAN-001937,DEPOT-BPCL-KCH,"Kochi Refinery, Kerala",6,1555270,22,GLOBE_VALVE,150.0,1500,ASTM A216 WCB,RF,BS 1873
BPCL-SAP-0000790,BPCL,VLV-GL-DN300-CL900-WCB-RF,CAN-001993,DEPOT-BPCL-MUM,"Mumbai Refinery, Mahul, Maharashtra",110,2544880,243,GLOBE_VALVE,300.0,900,ASTM A216 WCB,RF,BS 1873
BPCL-SAP-0000791,BPCL,BLT-STUD-DN25-PN250-B7-2H-THRD,CAN-002119,DEPOT-BPCL-MUM,"Mumbai Refinery, Mahul, Maharashtra",11,2200,89,STUD_BOLT,25.0,1500,ASTM A193 B7 / A194 2H,THRD,ASME B18.2.1
BPCL-SAP-0000792,BPCL,VLV-GL-DN25-PN50-WCB-RF,CAN-001825,DEPOT-BPCL-NML,"Numaligarh Depot Base, Assam",76,41780,324,GLOBE_VALVE,25.0,300,ASTM A216 WCB,RF,BS 1873
BPCL-SAP-0000793,BPCL,VLV-BL-DN100-CL300-SS316-RF,CAN-001707,DEPOT-BPCL-BIN,"Bina Refinery, Madhya Pradesh",36,743140,29,BALL_VALVE,100.0,300,ASTM A182 F316,RF,API 6D
BPCL-SAP-0000794,BPCL,FLG-WN-DN200-CL1500-SS304-RTJ,CAN-000318,DEPOT-BPCL-NML,"Numaligarh Depot Base, Assam",0,497330,0,FLANGE_WELD_NECK,200.0,1500,ASTM A182 F304,RTJ,ASME B16.5
BPCL-SAP-0000795,BPCL,FLG-WN-DN150-CL300-SS304-RF,CAN-000253,DEPOT-BPCL-BIN,"Bina Refinery, Madhya Pradesh",45,94410,119,FLANGE_WELD_NECK,150.0,300,ASTM A182 F304,RF,ASME B16.5
BPCL-SAP-0000796,BPCL,VLV-GT-DN300-CL300-WCB-RF,CAN-001553,DEPOT-BPCL-BIN,"Bina Refinery, Madhya Pradesh",0,792550,0,GATE_VALVE,300.0,300,ASTM A216 WCB,RF,API 600
BPCL-SAP-0000797,BPCL,VLV-GT-DN300-CL1500-A105-RF,CAN-001593,DEPOT-BPCL-MUM,"Mumbai Refinery, Mahul, Maharashtra",40,2872150,104,GATE_VALVE,300.0,1500,ASTM A105,RF,API 600
BPCL-SAP-0000798,BPCL,FLG-SO-DN40-PN20-SS304-RF,CAN-000763,DEPOT-BPCL-MUM,"Mumbai Refinery, Mahul, Maharashtra",49,7070,103,FLANGE_SLIP_ON,40.0,150,ASTM A182 F304,RF,ASME B16.5
BPCL-SAP-0000799,BPCL,VLV-GT-DN40-PN100-SS316-RF,CAN-001153,DEPOT-BPCL-MUM,"Mumbai Refinery, Mahul, Maharashtra",17,321680,13,GATE_VALVE,40.0,600,ASTM A182 F316,RF,API 600
BPCL-SAP-0000800,BPCL,FLG-BLD-DN15-PN150-A105-RF,CAN-000419,DEPOT-BPCL-MUM,"Mumbai Refinery, Mahul, Maharashtra",10,3880,91,FLANGE_BLIND,15.0,900,ASTM A105,RF,ASME B16.5
BPCL-SAP-0000801,BPCL,VLV-BL-DN100-PN100-SS316-RF,CAN-001711,DEPOT-BPCL-BIN,"Bina Refinery, Madhya Pradesh",90,1293890,389,BALL_VALVE,100.0,600,ASTM A182 F316,RF,API 6D
BPCL-SAP-0000802,BPCL,FLG-WN-DN40-PN250-A105-RTJ,CAN-000114,DEPOT-BPCL-BIN,"Bina Refinery, Madhya Pradesh",8,25570,98,FLANGE_WELD_NECK,40.0,1500,ASTM A105,RTJ,ASME B16.5
BPCL-SAP-0000803,BPCL,VLV-GL-DN15-PN20-WCB-RF,CAN-001801,DEPOT-BPCL-NML,"Numaligarh Depot Base, Assam",45,12350,106,GLOBE_VALVE,15.0,150,ASTM A216 WCB,RF,BS 1873
BPCL-SAP-0000804,BPCL,FLG-BLD-DN150-PN50-A350LF2-RF,CAN-000589,DEPOT-BPCL-KCH,"Kochi Refinery, Kerala",14,51500,47,FLANGE_BLIND,150.0,300,ASTM A350 LF2,RF,ASME B16.5
BPCL-SAP-0000805,BPCL,VLV-GT-DN40-PN20-WCB-RF,CAN-001121,DEPOT-BPCL-BIN,"Bina Refinery, Madhya Pradesh",0,33160,0,GATE_VALVE,40.0,150,ASTM A216 WCB,RF,API 600
BPCL-SAP-0000806,BPCL,VLV-GT-DN50-PN250-WCB-BW,CAN-001232,DEPOT-BPCL-NML,"Numaligarh Depot Base, Assam",0,279640,0,GATE_VALVE,50.0,1500,ASTM A216 WCB,BW,API 6D
BPCL-SAP-0000807,BPCL,VLV-GL-DN40-PN50-A105-RF,CAN-001847,DEPOT-BPCL-NML,"Numaligarh Depot Base, Assam",81,76980,201,GLOBE_VALVE,40.0,300,ASTM A105,RF,BS 1873
BPCL-SAP-0000808,BPCL,VLV-GT-DN80-PN150-SS316-BW,CAN-001287,DEPOT-BPCL-BIN,"Bina Refinery, Madhya Pradesh",13,1095560,87,GATE_VALVE,80.0,900,ASTM A182 F316,BW,API 600
BPCL-SAP-0000809,BPCL,VLV-GT-DN250-PN150-WCB-BW,CAN-001519,DEPOT-BPCL-KCH,"Kochi Refinery, Kerala",20,1505890,103,GATE_VALVE,250.0,900,ASTM A216 WCB,BW,API 600
BPCL-SAP-0000810,BPCL,FLG-SO-DN15-CL300-A105-RF,CAN-000707,DEPOT-BPCL-NML,"Numaligarh Depot Base, Assam",0,1430,0,FLANGE_SLIP_ON,15.0,300,ASTM A105,RF,ASME B16.5
BPCL-SAP-0000811,BPCL,FLG-WN-DN80-PN20-SS304-RF,CAN-000165,DEPOT-BPCL-KCH,"Kochi Refinery, Kerala",26,23950,23,FLANGE_WELD_NECK,80.0,150,ASTM A182 F304,RF,ASME B16.5
BPCL-SAP-0000812,BPCL,FLG-WN-DN300-PN100-A350LF2-RF,CAN-000379,DEPOT-BPCL-KCH,"Kochi Refinery, Kerala",42,269850,15,FLANGE_WELD_NECK,300.0,600,ASTM A350 LF2,RF,ASME B16.5
BPCL-SAP-0000813,BPCL,FLG-WN-DN15-PN50-A105-RTJ,CAN-000010,DEPOT-BPCL-BIN,"Bina Refinery, Madhya Pradesh",14,1970,58,FLANGE_WELD_NECK,15.0,300,ASTM A105,RTJ,ASME B16.5
BPCL-SAP-0000814,BPCL,VLV-GT-DN80-CL600-SS316-RF,CAN-001274,DEPOT-BPCL-NML,"Numaligarh Depot Base, Assam",77,792070,284,GATE_VALVE,80.0,600,ASTM A182 F316,RF,API 6D
BPCL-SAP-0000815,BPCL,FLG-WN-DN15-PN20-A105-RTJ,CAN-000002,DEPOT-BPCL-KCH,"Kochi Refinery, Kerala",11,1130,26,FLANGE_WELD_NECK,15.0,150,ASTM A105,RTJ,ASME B16.5
BPCL-SAP-0000816,BPCL,FLG-BLD-DN50-PN20-A350LF2-RTJ,CAN-000494,DEPOT-BPCL-NML,"Numaligarh Depot Base, Assam",30,7090,38,FLANGE_BLIND,50.0,150,ASTM A350 LF2,RTJ,ASME B16.5
BPCL-SAP-0000817,BPCL,VLV-GT-DN300-CL1500-A105-RF,CAN-001593,DEPOT-BPCL-BIN,"Bina Refinery, Madhya Pradesh",133,2872150,438,GATE_VALVE,300.0,1500,ASTM A105,RF,API 600
BPCL-SAP-0000818,BPCL,FLG-BLD-DN100-CL900-A350LF2-RTJ,CAN-000572,DEPOT-BPCL-NML,"Numaligarh Depot Base, Assam",50,73210,33,FLANGE_BLIND,100.0,900,ASTM A350 LF2,RTJ,ASME B16.5
BPCL-SAP-0000819,BPCL,FLG-SO-DN250-PN100-A105-RF,CAN-000953,DEPOT-BPCL-KCH,"Kochi Refinery, Kerala",44,96770,61,FLANGE_SLIP_ON,250.0,600,ASTM A105,RF,ASME B16.5
BPCL-SAP-0000820,BPCL,FLG-SO-DN200-PN50-A105-FF,CAN-000918,DEPOT-BPCL-BIN,"Bina Refinery, Madhya Pradesh",49,41580,602,FLANGE_SLIP_ON,200.0,300,ASTM A105,FF,ASME B16.5
BPCL-SAP-0000821,BPCL,VLV-GT-DN250-PN100-A105-BW,CAN-001512,DEPOT-BPCL-MUM,"Mumbai Refinery, Mahul, Maharashtra",9,1088730,69,GATE_VALVE,250.0,600,ASTM A105,BW,API 6D
BPCL-SAP-0000822,BPCL,VLV-GT-DN25-CL600-A105-RF,CAN-001090,DEPOT-BPCL-BIN,"Bina Refinery, Madhya Pradesh",14,54560,90,GATE_VALVE,25.0,600,ASTM A105,RF,API 6D
BPCL-SAP-0000823,BPCL,VLV-GL-DN300-PN20-A105-RF,CAN-001984,DEPOT-BPCL-BIN,"Bina Refinery, Madhya Pradesh",34,606940,13,GLOBE_VALVE,300.0,150,ASTM A105,RF,ASME B16.34
BPCL-SAP-0000824,BPCL,FLG-WN-DN150-PN100-SS316-RTJ,CAN-000264,DEPOT-BPCL-BIN,"Bina Refinery, Madhya Pradesh",0,219180,0,FLANGE_WELD_NECK,150.0,600,ASTM A182 F316,RTJ,ASME B16.5
BPCL-SAP-0000825,BPCL,FLG-SO-DN200-CL600-A105-FF,CAN-000924,DEPOT-BPCL-NML,"Numaligarh Depot Base, Assam",26,72400,100,FLANGE_SLIP_ON,200.0,600,ASTM A105,FF,ASME B16.5
BPCL-SAP-0000826,BPCL,FLG-SO-DN40-PN150-A105-FF,CAN-000780,DEPOT-BPCL-MUM,"Mumbai Refinery, Mahul, Maharashtra",31,12350,49,FLANGE_SLIP_ON,40.0,900,ASTM A105,FF,ASME B16.5
BPCL-SAP-0000827,BPCL,VLV-GL-DN50-PN100-A105-RF,CAN-001872,DEPOT-BPCL-BIN,"Bina Refinery, Madhya Pradesh",0,179140,0,GLOBE_VALVE,50.0,600,ASTM A105,RF,ASME B16.34
BPCL-SAP-0000828,BPCL,GSKT-SW-DN40-PN20-SS304-GR-RF,CAN-002022,DEPOT-BPCL-KCH,"Kochi Refinery, Kerala",0,2870,0,SPIRAL_WOUND_GASKET,40.0,150,SS304 / GRAPHITE,RF,ASME B16.20
BPCL-SAP-0000829,BPCL,VLV-GT-DN150-PN100-A105-RF,CAN-001390,DEPOT-BPCL-MUM,"Mumbai Refinery, Mahul, Maharashtra",20,560420,35,GATE_VALVE,150.0,600,ASTM A105,RF,API 6D
BPCL-SAP-0000830,BPCL,FLG-BLD-DN40-CL150-SS316-RF,CAN-000465,DEPOT-BPCL-BIN,"Bina Refinery, Madhya Pradesh",45,10610,110,FLANGE_BLIND,40.0,150,ASTM A182 F316,RF,ASME B16.5
BPCL-SAP-0000831,BPCL,FLG-BLD-DN200-CL600-SS316-RTJ,CAN-000628,DEPOT-BPCL-BIN,"Bina Refinery, Madhya Pradesh",23,260660,115,FLANGE_BLIND,200.0,600,ASTM A182 F316,RTJ,ASME B16.5
BPCL-SAP-0000832,BPCL,VLV-GT-DN80-PN100-WCB-RF,CAN-001265,DEPOT-BPCL-MUM,"Mumbai Refinery, Mahul, Maharashtra",5,247520,94,GATE_VALVE,80.0,600,ASTM A216 WCB,RF,API 600
BPCL-SAP-0000833,BPCL,FLG-SO-DN25-CL1500-SS316-FF,CAN-000760,DEPOT-BPCL-BIN,"Bina Refinery, Madhya Pradesh",99,32300,290,FLANGE_SLIP_ON,25.0,1500,ASTM A182 F316,FF,ASME B16.5
BPCL-SAP-0000834,BPCL,FLG-WN-DN50-PN20-SS316-RF,CAN-000127,DEPOT-BPCL-BIN,"Bina Refinery, Madhya Pradesh",11,17330,113,FLANGE_WELD_NECK,50.0,150,ASTM A182 F316,RF,ASME B16.5
BPCL-SAP-0000835,BPCL,FLG-BLD-DN50-CL1500-A350LF2-RTJ,CAN-000518,DEPOT-BPCL-MUM,"Mumbai Refinery, Mahul, Maharashtra",42,44740,93,FLANGE_BLIND,50.0,1500,ASTM A350 LF2,RTJ,ASME B16.5
BPCL-SAP-0000836,BPCL,VLV-GT-DN25-CL900-A105-BW,CAN-001103,DEPOT-BPCL-MUM,"Mumbai Refinery, Mahul, Maharashtra",34,75470,120,GATE_VALVE,25.0,900,ASTM A105,BW,API 600
BPCL-SAP-0000837,BPCL,VLV-GT-DN250-CL150-A105-RF,CAN-001486,DEPOT-BPCL-MUM,"Mumbai Refinery, Mahul, Maharashtra",41,359140,74,GATE_VALVE,250.0,150,ASTM A105,RF,API 6D
BPCL-SAP-0000838,BPCL,FLG-SO-DN100-PN150-SS304-FF,CAN-000872,DEPOT-BPCL-KCH,"Kochi Refinery, Kerala",100,97610,712,FLANGE_SLIP_ON,100.0,900,ASTM A182 F304,FF,ASME B16.5
BPCL-SAP-0000839,BPCL,VLV-GT-DN200-CL150-SS316-RF,CAN-001429,DEPOT-BPCL-MUM,"Mumbai Refinery, Mahul, Maharashtra",13,859880,68,GATE_VALVE,200.0,150,ASTM A182 F316,RF,API 600
BPCL-SAP-0000840,BPCL,FLG-SO-DN100-PN250-A105-FF,CAN-000876,DEPOT-BPCL-KCH,"Kochi Refinery, Kerala",145,61200,287,FLANGE_SLIP_ON,100.0,1500,ASTM A105,FF,ASME B16.5
BPCL-SAP-0000841,BPCL,FLG-SO-DN40-PN100-A105-FF,CAN-000774,DEPOT-BPCL-NML,"Numaligarh Depot Base, Assam",26,8930,34,FLANGE_SLIP_ON,40.0,600,ASTM A105,FF,ASME B16.5
BPCL-SAP-0000842,BPCL,VLV-GT-DN40-PN150-A105-BW,CAN-001163,DEPOT-BPCL-MUM,"Mumbai Refinery, Mahul, Maharashtra",44,139040,641,GATE_VALVE,40.0,900,ASTM A105,BW,API 600
BPCL-SAP-0000843,BPCL,FLG-WN-DN200-CL1500-SS304-RTJ,CAN-000318,DEPOT-BPCL-NML,"Numaligarh Depot Base, Assam",21,497330,11,FLANGE_WELD_NECK,200.0,1500,ASTM A182 F304,RTJ,ASME B16.5
BPCL-SAP-0000844,BPCL,VLV-GT-DN300-PN250-A105-RF,CAN-001594,DEPOT-BPCL-MUM,"Mumbai Refinery, Mahul, Maharashtra",6,2872150,111,GATE_VALVE,300.0,1500,ASTM A105,RF,API 6D
BPCL-SAP-0000845,BPCL,GSKT-SW-DN100-PN20-SS316-GR-RF,CAN-002051,DEPOT-BPCL-KCH,"Kochi Refinery, Kerala",0,12610,0,SPIRAL_WOUND_GASKET,100.0,150,SS316 / GRAPHITE,RF,ASME B16.20
BPCL-SAP-0000846,BPCL,VLV-GL-DN150-PN100-A105-RF,CAN-001931,DEPOT-BPCL-NML,"Numaligarh Depot Base, Assam",11,747230,87,GLOBE_VALVE,150.0,600,ASTM A105,RF,BS 1873
BPCL-SAP-0000847,BPCL,FLG-BLD-DN15-PN150-A105-RF,CAN-000419,DEPOT-BPCL-NML,"Numaligarh Depot Base, Assam",23,3880,14,FLANGE_BLIND,15.0,900,ASTM A105,RF,ASME B16.5
BPCL-SAP-0000848,BPCL,VLV-GL-DN200-CL900-WCB-RF,CAN-001953,DEPOT-BPCL-KCH,"Kochi Refinery, Kerala",21,1502270,51,GLOBE_VALVE,200.0,900,ASTM A216 WCB,RF,BS 1873
BPCL-SAP-0000849,BPCL,VLV-BL-DN80-CL600-SS316-BW,CAN-001692,DEPOT-BPCL-NML,"Numaligarh Depot Base, Assam",40,968080,67,BALL_VALVE,80.0,600,ASTM A182 F316,BW,API 6D
BPCL-SAP-0000850,BPCL,VLV-GL-DN50-PN20-A105-RF,CAN-001864,DEPOT-BPCL-MUM,"Mumbai Refinery, Mahul, Maharashtra",80,59090,743,GLOBE_VALVE,50.0,150,ASTM A105,RF,ASME B16.34
BPCL-SAP-0000851,BPCL,FLG-WN-DN25-PN50-A350LF2-RF,CAN-000051,DEPOT-BPCL-BIN,"Bina Refinery, Madhya Pradesh",31,6120,15,FLANGE_WELD_NECK,25.0,300,ASTM A350 LF2,RF,ASME B16.5
BPCL-SAP-0000852,BPCL,BLT-STUD-DN300-PN20-L7-GR7-THRD,CAN-002192,DEPOT-BPCL-MUM,"Mumbai Refinery, Mahul, Maharashtra",39,14160,13,STUD_BOLT,300.0,150,ASTM A320 L7 / A194 7,THRD,ASME B18.2.1
BPCL-SAP-0000853,BPCL,BLT-STUD-DN250-PN100-L7-GR7-THRD,CAN-002186,DEPOT-BPCL-MUM,"Mumbai Refinery, Mahul, Maharashtra",150,33870,193,STUD_BOLT,250.0,600,ASTM A320 L7 / A194 7,THRD,ASME B18.2.1
BPCL-SAP-0000854,BPCL,VLV-GL-DN250-CL300-WCB-RF,CAN-001966,DEPOT-BPCL-KCH,"Kochi Refinery, Kerala",0,833740,0,GLOBE_VALVE,250.0,300,ASTM A216 WCB,RF,ASME B16.34
BPCL-SAP-0000855,BPCL,BLT-STUD-DN100-CL300-L7-GR7-THRD,CAN-002154,DEPOT-BPCL-KCH,"Kochi Refinery, Kerala",14,5910,79,STUD_BOLT,100.0,300,ASTM A320 L7 / A194 7,THRD,ASME B18.2.1
BPCL-SAP-0000856,BPCL,VLV-GT-DN50-PN100-SS316-BW,CAN-001216,DEPOT-BPCL-NML,"Numaligarh Depot Base, Assam",46,429940,118,GATE_VALVE,50.0,600,ASTM A182 F316,BW,API 6D
BPCL-SAP-0000857,BPCL,VLV-GT-DN25-PN50-A105-RF,CAN-001077,DEPOT-BPCL-MUM,"Mumbai Refinery, Mahul, Maharashtra",68,31330,190,GATE_VALVE,25.0,300,ASTM A105,RF,API 600
BPCL-SAP-0000858,BPCL,FLG-BLD-DN100-PN50-SS316-RF,CAN-000561,DEPOT-BPCL-MUM,"Mumbai Refinery, Mahul, Maharashtra",36,60800,614,FLANGE_BLIND,100.0,300,ASTM A182 F316,RF,ASME B16.5
BPCL-SAP-0000859,BPCL,GSKT-SW-DN25-PN150-SS304-GR-RF,CAN-002018,DEPOT-BPCL-KCH,"Kochi Refinery, Kerala",72,6540,658,SPIRAL_WOUND_GASKET,25.0,900,SS304 / GRAPHITE,RF,ASME B16.20
BPCL-SAP-0000860,BPCL,FLG-SO-DN150-CL1500-SS316-FF,CAN-000910,DEPOT-BPCL-NML,"Numaligarh Depot Base, Assam",0,331790,0,FLANGE_SLIP_ON,150.0,1500,ASTM A182 F316,FF,ASME B16.5
BPCL-SAP-0000861,BPCL,VLV-GL-DN250-CL150-A105-RF,CAN-001964,DEPOT-BPCL-MUM,"Mumbai Refinery, Mahul, Maharashtra",49,478860,18,GLOBE_VALVE,250.0,150,ASTM A105,RF,ASME B16.34
BPCL-SAP-0000862,BPCL,VLV-GT-DN200-PN250-A105-RF,CAN-001473,DEPOT-BPCL-MUM,"Mumbai Refinery, Mahul, Maharashtra",48,1695460,26,GATE_VALVE,200.0,1500,ASTM A105,RF,API 600
BPCL-SAP-0000863,BPCL,VLV-GT-DN80-PN20-SS316-BW,CAN-001251,DEPOT-BPCL-KCH,"Kochi Refinery, Kerala",15,261280,116,GATE_VALVE,80.0,150,ASTM A182 F316,BW,API 600
BPCL-SAP-0000864,BPCL,VLV-BL-DN300-PN150-WCB-RF,CAN-001793,DEPOT-BPCL-BIN,"Bina Refinery, Madhya Pradesh",59,2332800,598,BALL_VALVE,300.0,900,ASTM A216 WCB,RF,API 6D
BPCL-SAP-0000865,BPCL,GSKT-SW-DN100-CL150-SS304-GR-RF,CAN-002052,DEPOT-BPCL-KCH,"Kochi Refinery, Kerala",15,9450,100,SPIRAL_WOUND_GASKET,100.0,150,SS304 / GRAPHITE,RF,ASME B16.20
BPCL-SAP-0000866,BPCL,FLG-SO-DN50-PN50-SS304-RF,CAN-000799,DEPOT-BPCL-KCH,"Kochi Refinery, Kerala",45,16460,114,FLANGE_SLIP_ON,50.0,300,ASTM A182 F304,RF,ASME B16.5
BPCL-SAP-0000867,BPCL,FLG-BLD-DN100-PN20-A350LF2-RF,CAN-000553,DEPOT-BPCL-BIN,"Bina Refinery, Madhya Pradesh",27,17460,87,FLANGE_BLIND,100.0,150,ASTM A350 LF2,RF,ASME B16.5
BPCL-SAP-0000868,BPCL,VLV-GT-DN50-CL300-A105-RF,CAN-001197,DEPOT-BPCL-KCH,"Kochi Refinery, Kerala",78,77160,425,GATE_VALVE,50.0,300,ASTM A105,RF,API 600
BPCL-SAP-0000869,BPCL,FLG-WN-DN150-CL600-SS304-RF,CAN-000261,DEPOT-BPCL-BIN,"Bina Refinery, Madhya Pradesh",14,164390,75,FLANGE_WELD_NECK,150.0,600,ASTM A182 F304,RF,ASME B16.5
BPCL-SAP-0000870,BPCL,VLV-BL-DN40-PN20-WCB-RF,CAN-001641,DEPOT-BPCL-BIN,"Bina Refinery, Madhya Pradesh",18,40530,92,BALL_VALVE,40.0,150,ASTM A216 WCB,RF,API 6D
BPCL-SAP-0000871,BPCL,VLV-GT-DN250-PN100-SS316-RF,CAN-001514,DEPOT-BPCL-MUM,"Mumbai Refinery, Mahul, Maharashtra",40,3483930,207,GATE_VALVE,250.0,600,ASTM A182 F316,RF,API 6D
BPCL-SAP-0000872,BPCL,VLV-GL-DN80-CL150-WCB-RF,CAN-001882,DEPOT-BPCL-NML,"Numaligarh Depot Base, Assam",6,108860,99,GLOBE_VALVE,80.0,150,ASTM A216 WCB,RF,ASME B16.34
BPCL-SAP-0000873,BPCL,FLG-BLD-DN25-PN50-SS316-RF,CAN-000441,DEPOT-BPCL-NML,"Numaligarh Depot Base, Assam",0,10020,0,FLANGE_BLIND,25.0,300,ASTM A182 F316,RF,ASME B16.5
BPCL-SAP-0000874,BPCL,FLG-BLD-DN80-PN150-A105-RTJ,CAN-000540,DEPOT-BPCL-MUM,"Mumbai Refinery, Mahul, Maharashtra",96,34230,246,FLANGE_BLIND,80.0,900,ASTM A105,RTJ,ASME B16.5
BPCL-SAP-0000875,BPCL,VLV-GL-DN200-PN50-WCB-RF,CAN-001946,DEPOT-BPCL-BIN,"Bina Refinery, Madhya Pradesh",15,623800,93,GLOBE_VALVE,200.0,300,ASTM A216 WCB,RF,ASME B16.34
BPCL-SAP-0000876,BPCL,FLG-WN-DN25-CL1500-SS316-RTJ,CAN-000080,DEPOT-BPCL-NML,"Numaligarh Depot Base, Assam",37,44410,88,FLANGE_WELD_NECK,25.0,1500,ASTM A182 F316,RTJ,ASME B16.5
BPCL-SAP-0000877,BPCL,FLG-BLD-DN40-PN150-SS316-RF,CAN-000483,DEPOT-BPCL-MUM,"Mumbai Refinery, Mahul, Maharashtra",21,44490,79,FLANGE_BLIND,40.0,900,ASTM A182 F316,RF,ASME B16.5
BPCL-SAP-0000878,BPCL,FLG-BLD-DN150-CL600-SS316-RF,CAN-000597,DEPOT-BPCL-MUM,"Mumbai Refinery, Mahul, Maharashtra",44,179330,25,FLANGE_BLIND,150.0,600,ASTM A182 F316,RF,ASME B16.5
BPCL-SAP-0000879,BPCL,VLV-BL-DN300-PN150-SS316-RF,CAN-001795,DEPOT-BPCL-KCH,"Kochi Refinery, Kerala",26,7464990,110,BALL_VALVE,300.0,900,ASTM A182 F316,RF,API 6D
BPCL-SAP-0000880,BPCL,FLG-BLD-DN200-PN20-SS316-RF,CAN-000615,DEPOT-BPCL-NML,"Numaligarh Depot Base, Assam",21,85980,15,FLANGE_BLIND,200.0,150,ASTM A182 F316,RF,ASME B16.5
BPCL-SAP-0000881,BPCL,FLG-WN-DN200-PN150-SS304-RTJ,CAN-000310,DEPOT-BPCL-KCH,"Kochi Refinery, Kerala",40,330500,109,FLANGE_WELD_NECK,200.0,900,ASTM A182 F304,RTJ,ASME B16.5
BPCL-SAP-0000882,BPCL,VLV-GT-DN150-PN150-SS316-RF,CAN-001406,DEPOT-BPCL-NML,"Numaligarh Depot Base, Assam",39,2480500,117,GATE_VALVE,150.0,900,ASTM A182 F316,RF,API 6D
BPCL-SAP-0000883,BPCL,VLV-GT-DN40-CL300-WCB-RF,CAN-001133,DEPOT-BPCL-NML,"Numaligarh Depot Base, Assam",6,57730,116,GATE_VALVE,40.0,300,ASTM A216 WCB,RF,API 600
BPCL-SAP-0000884,BPCL,FLG-SO-DN40-CL600-SS316-RF,CAN-000777,DEPOT-BPCL-MUM,"Mumbai Refinery, Mahul, Maharashtra",6,28590,20,FLANGE_SLIP_ON,40.0,600,ASTM A182 F316,RF,ASME B16.5
BPCL-SAP-0000885,BPCL,VLV-GT-DN50-PN50-SS316-RF,CAN-001201,DEPOT-BPCL-NML,"Numaligarh Depot Base, Assam",18,246930,107,GATE_VALVE,50.0,300,ASTM A182 F316,RF,API 600
BPCL-SAP-0000886,BPCL,VLV-GT-DN40-PN20-WCB-RF,CAN-001122,DEPOT-BPCL-BIN,"Bina Refinery, Madhya Pradesh",48,33160,28,GATE_VALVE,40.0,150,ASTM A216 WCB,RF,API 6D
BPCL-SAP-0000887,BPCL,VLV-GT-DN80-PN250-SS316-RF,CAN-001297,DEPOT-BPCL-KCH,"Kochi Refinery, Kerala",49,1648600,107,GATE_VALVE,80.0,1500,ASTM A182 F316,RF,API 600
BPCL-SAP-0000888,BPCL,FLG-WN-DN15-CL1500-A105-RTJ,CAN-000034,DEPOT-BPCL-NML,"Numaligarh Depot Base, Assam",49,7140,98,FLANGE_WELD_NECK,15.0,1500,ASTM A105,RTJ,ASME B16.5
BPCL-SAP-0000889,BPCL,VLV-GT-DN100-PN150-SS316-BW,CAN-001347,DEPOT-BPCL-NML,"Numaligarh Depot Base, Assam",23,1464270,181,GATE_VALVE,100.0,900,ASTM A182 F316,BW,API 600
BPCL-SAP-0000890,BPCL,FLG-SO-DN80-CL150-A105-RF,CAN-000821,DEPOT-BPCL-MUM,"Mumbai Refinery, Mahul, Maharashtra",0,7250,0,FLANGE_SLIP_ON,80.0,150,ASTM A105,RF,ASME B16.5
BPCL-SAP-0000891,BPCL,VLV-GT-DN100-CL1500-WCB-RF,CAN-001350,DEPOT-BPCL-KCH,"Kochi Refinery, Kerala",16,688570,47,GATE_VALVE,100.0,1500,ASTM A216 WCB,RF,API 6D
BPCL-SAP-0000892,BPCL,FLG-WN-DN300-PN150-SS316-RTJ,CAN-000392,DEPOT-BPCL-BIN,"Bina Refinery, Madhya Pradesh",29,746490,184,FLANGE_WELD_NECK,300.0,900,ASTM A182 F316,RTJ,ASME B16.5
BPCL-SAP-0000893,BPCL,VLV-GT-DN200-CL900-A105-RF,CAN-001462,DEPOT-BPCL-BIN,"Bina Refinery, Madhya Pradesh",0,1126700,0,GATE_VALVE,200.0,900,ASTM A105,RF,API 6D
BPCL-SAP-0000894,BPCL,VLV-GT-DN100-PN50-WCB-BW,CAN-001316,DEPOT-BPCL-NML,"Numaligarh Depot Base, Assam",134,190000,322,GATE_VALVE,100.0,300,ASTM A216 WCB,BW,API 6D
BPCL-SAP-0000895,BPCL,VLV-BL-DN300-CL150-SS316-RF,CAN-001783,DEPOT-BPCL-BIN,"Bina Refinery, Madhya Pradesh",32,1780360,548,BALL_VALVE,300.0,150,ASTM A182 F316,RF,API 6D
BPCL-SAP-0000896,BPCL,GSKT-SW-DN300-PN100-SS316-GR-RF,CAN-002095,DEPOT-BPCL-NML,"Numaligarh Depot Base, Assam",15,159450,117,SPIRAL_WOUND_GASKET,300.0,600,SS316 / GRAPHITE,RF,ASME B16.20
BPCL-SAP-0000897,BPCL,FLG-SO-DN250-CL900-A105-RF,CAN-000959,DEPOT-BPCL-NML,"Numaligarh Depot Base, Assam",34,133850,59,FLANGE_SLIP_ON,250.0,900,ASTM A105,RF,ASME B16.5
BPCL-SAP-0000898,BPCL,FLG-WN-DN250-CL1500-SS316-RTJ,CAN-000360,DEPOT-BPCL-MUM,"Mumbai Refinery, Mahul, Maharashtra",74,886280,521,FLANGE_WELD_NECK,250.0,1500,ASTM A182 F316,RTJ,ASME B16.5
BPCL-SAP-0000899,BPCL,FLG-BLD-DN80-PN50-A105-RTJ,CAN-000528,DEPOT-BPCL-MUM,"Mumbai Refinery, Mahul, Maharashtra",44,14210,238,FLANGE_BLIND,80.0,300,ASTM A105,RTJ,ASME B16.5
BPCL-SAP-0000900,BPCL,VLV-GT-DN50-CL150-A105-RF,CAN-001186,DEPOT-BPCL-NML,"Numaligarh Depot Base, Assam",0,44320,0,GATE_VALVE,50.0,150,ASTM A105,RF,API 6D
BPCL-SAP-0000901,BPCL,FLG-WN-DN80-PN100-SS316-RF,CAN-000183,DEPOT-BPCL-BIN,"Bina Refinery, Madhya Pradesh",48,96800,20,FLANGE_WELD_NECK,80.0,600,ASTM A182 F316,RF,ASME B16.5
BPCL-SAP-0000902,BPCL,FLG-WN-DN300-PN100-SS316-RF,CAN-000383,DEPOT-BPCL-BIN,"Bina Refinery, Madhya Pradesh",54,539700,226,FLANGE_WELD_NECK,300.0,600,ASTM A182 F316,RF,ASME B16.5
BPCL-SAP-0000903,BPCL,FLG-SO-DN25-PN150-A105-FF,CAN-000750,DEPOT-BPCL-KCH,"Kochi Refinery, Kerala",0,6700,0,FLANGE_SLIP_ON,25.0,900,ASTM A105,FF,ASME B16.5
BPCL-SAP-0000904,BPCL,VLV-GL-DN300-CL900-WCB-RF,CAN-001993,DEPOT-BPCL-NML,"Numaligarh Depot Base, Assam",136,2544880,435,GLOBE_VALVE,300.0,900,ASTM A216 WCB,RF,BS 1873
BPCL-SAP-0000905,BPCL,FLG-WN-DN150-CL900-SS316-RF,CAN-000271,DEPOT-BPCL-NML,"Numaligarh Depot Base, Assam",67,303170,693,FLANGE_WELD_NECK,150.0,900,ASTM A182 F316,RF,ASME B16.5
BPCL-SAP-0000906,BPCL,FLG-BLD-DN25-PN150-SS316-RF,CAN-000453,DEPOT-BPCL-NML,"Numaligarh Depot Base, Assam",33,24150,56,FLANGE_BLIND,25.0,900,ASTM A182 F316,RF,ASME B16.5
BPCL-SAP-0000907,BPCL,VLV-BL-DN25-PN50-SS316-RF,CAN-001627,DEPOT-BPCL-BIN,"Bina Refinery, Madhya Pradesh",0,122570,0,BALL_VALVE,25.0,300,ASTM A182 F316,RF,API 6D
BPCL-SAP-0000908,BPCL,VLV-GT-DN300-PN20-SS316-RF,CAN-001549,DEPOT-BPCL-BIN,"Bina Refinery, Madhya Pradesh",112,1456650,205,GATE_VALVE,300.0,150,ASTM A182 F316,RF,API 600
BPCL-SAP-0000909,BPCL,BLT-STUD-DN300-PN250-B7-2H-THRD,CAN-002199,DEPOT-BPCL-NML,"Numaligarh Depot Base, Assam",88,55840,692,STUD_BOLT,300.0,1500,ASTM A193 B7 / A194 2H,THRD,ASME B18.2.1
BPCL-SAP-0000910,BPCL,BLT-STUD-DN40-PN50-L7-GR7-THRD,CAN-002124,DEPOT-BPCL-KCH,"Kochi Refinery, Kerala",24,1790,75,STUD_BOLT,40.0,300,ASTM A320 L7 / A194 7,THRD,ASME B18.2.1
BPCL-SAP-0000911,BPCL,VLV-GT-DN150-PN150-WCB-RF,CAN-001397,DEPOT-BPCL-KCH,"Kochi Refinery, Kerala",0,775150,0,GATE_VALVE,150.0,900,ASTM A216 WCB,RF,API 600
BPCL-SAP-0000912,BPCL,VLV-GT-DN15-CL600-SS316-BW,CAN-001035,DEPOT-BPCL-BIN,"Bina Refinery, Madhya Pradesh",30,89880,92,GATE_VALVE,15.0,600,ASTM A182 F316,BW,API 600
BPCL-SAP-0000913,BPCL,VLV-GT-DN50-CL1500-A105-BW,CAN-001235,DEPOT-BPCL-KCH,"Kochi Refinery, Kerala",0,279640,0,GATE_VALVE,50.0,1500,ASTM A105,BW,API 600
BPCL-SAP-0000914,BPCL,VLV-BL-DN40-PN50-SS316-RF,CAN-001647,DEPOT-BPCL-BIN,"Bina Refinery, Madhya Pradesh",0,225810,0,BALL_VALVE,40.0,300,ASTM A182 F316,RF,API 6D
BPCL-SAP-0000915,BPCL,GSKT-SW-DN300-CL300-SS316-GR-RF,CAN-002093,DEPOT-BPCL-BIN,"Bina Refinery, Madhya Pradesh",5,91580,46,SPIRAL_WOUND_GASKET,300.0,300,SS316 / GRAPHITE,RF,ASME B16.20
BPCL-SAP-0000916,BPCL,FLG-WN-DN250-PN250-A350LF2-RF,CAN-000355,DEPOT-BPCL-BIN,"Bina Refinery, Madhya Pradesh",26,443140,95,FLANGE_WELD_NECK,250.0,1500,ASTM A350 LF2,RF,ASME B16.5
BPCL-SAP-0000917,BPCL,BLT-STUD-DN25-PN150-B7-2H-THRD,CAN-002117,DEPOT-BPCL-KCH,"Kochi Refinery, Kerala",143,1460,221,STUD_BOLT,25.0,900,ASTM A193 B7 / A194 2H,THRD,ASME B18.2.1
BPCL-SAP-0000918,BPCL,GSKT-SW-DN80-PN50-SS316-GR-RF,CAN-002043,DEPOT-BPCL-BIN,"Bina Refinery, Madhya Pradesh",9,16420,76,SPIRAL_WOUND_GASKET,80.0,300,SS316 / GRAPHITE,RF,ASME B16.20
BPCL-SAP-0000919,BPCL,VLV-GL-DN50-CL600-A105-RF,CAN-001871,DEPOT-BPCL-NML,"Numaligarh Depot Base, Assam",17,179140,78,GLOBE_VALVE,50.0,600,ASTM A105,RF,BS 1873
BPCL-SAP-0000920,BPCL,FLG-WN-DN200-PN50-SS316-RTJ,CAN-000296,DEPOT-BPCL-BIN,"Bina Refinery, Madhya Pradesh",27,182980,51,FLANGE_WELD_NECK,200.0,300,ASTM A182 F316,RTJ,ASME B16.5
BPCL-SAP-0000921,BPCL,VLV-GT-DN40-PN20-SS316-BW,CAN-001131,DEPOT-BPCL-KCH,"Kochi Refinery, Kerala",0,106110,0,GATE_VALVE,40.0,150,ASTM A182 F316,BW,API 600
BPCL-SAP-0000922,BPCL,FLG-WN-DN80-PN250-A105-RTJ,CAN-000194,DEPOT-BPCL-MUM,"Mumbai Refinery, Mahul, Maharashtra",20,62960,92,FLANGE_WELD_NECK,80.0,1500,ASTM A105,RTJ,ASME B16.5
BPCL-SAP-0000923,BPCL,FLG-SO-DN300-CL1500-SS316-FF,CAN-001000,DEPOT-BPCL-MUM,"Mumbai Refinery, Mahul, Maharashtra",44,816960,68,FLANGE_SLIP_ON,300.0,1500,ASTM A182 F316,FF,ASME B16.5
BPCL-SAP-0000924,BPCL,FLG-WN-DN80-PN100-A105-RTJ,CAN-000178,DEPOT-BPCL-NML,"Numaligarh Depot Base, Assam",40,30250,712,FLANGE_WELD_NECK,80.0,600,ASTM A105,RTJ,ASME B16.5
BPCL-SAP-0000925,BPCL,BLT-STUD-DN80-CL150-B7-2H-THRD,CAN-002141,DEPOT-BPCL-MUM,"Mumbai Refinery, Mahul, Maharashtra",116,1580,632,STUD_BOLT,80.0,150,ASTM A193 B7 / A194 2H,THRD,ASME B18.2.1
BPCL-SAP-0000926,BPCL,FLG-SO-DN200-PN100-SS304-FF,CAN-000926,DEPOT-BPCL-NML,"Numaligarh Depot Base, Assam",17,173770,58,FLANGE_SLIP_ON,200.0,600,ASTM A182 F304,FF,ASME B16.5
BPCL-SAP-0000927,BPCL,VLV-GT-DN80-CL150-WCB-RF,CAN-001241,DEPOT-BPCL-BIN,"Bina Refinery, Madhya Pradesh",5,81650,120,GATE_VALVE,80.0,150,ASTM A216 WCB,RF,API 600
BPCL-SAP-0000928,BPCL,FLG-SO-DN50-PN50-SS304-RF,CAN-000799,DEPOT-BPCL-BIN,"Bina Refinery, Madhya Pradesh",33,16460,22,FLANGE_SLIP_ON,50.0,300,ASTM A182 F304,RF,ASME B16.5
BPCL-SAP-0000929,BPCL,GSKT-SW-DN25-PN20-SS304-GR-RF,CAN-002012,DEPOT-BPCL-KCH,"Kochi Refinery, Kerala",41,1560,108,SPIRAL_WOUND_GASKET,25.0,150,SS304 / GRAPHITE,RF,ASME B16.20
BPCL-SAP-0000930,BPCL,FLG-WN-DN200-CL300-SS304-RTJ,CAN-000294,DEPOT-BPCL-BIN,"Bina Refinery, Madhya Pradesh",72,137230,493,FLANGE_WELD_NECK,200.0,300,ASTM A182 F304,RTJ,ASME B16.5
BPCL-SAP-0000931,BPCL,FLG-SO-DN100-PN20-A105-RF,CAN-000851,DEPOT-BPCL-NML,"Numaligarh Depot Base, Assam",38,9700,78,FLANGE_SLIP_ON,100.0,150,ASTM A105,RF,ASME B16.5
BPCL-SAP-0000932,BPCL,VLV-BL-DN50-PN100-WCB-RF,CAN-001669,DEPOT-BPCL-NML,"Numaligarh Depot Base, Assam",0,164210,0,BALL_VALVE,50.0,600,ASTM A216 WCB,RF,API 6D
BPCL-SAP-0000933,BPCL,FLG-BLD-DN200-PN150-A105-RTJ,CAN-000630,DEPOT-BPCL-MUM,"Mumbai Refinery, Mahul, Maharashtra",143,112670,650,FLANGE_BLIND,200.0,900,ASTM A105,RTJ,ASME B16.5
BPCL-SAP-0000934,BPCL,VLV-GT-DN15-CL150-WCB-RF,CAN-001001,DEPOT-BPCL-BIN,"Bina Refinery, Madhya Pradesh",8,9260,79,GATE_VALVE,15.0,150,ASTM A216 WCB,RF,API 600
BPCL-SAP-0000935,BPCL,VLV-BL-DN100-CL600-WCB-BW,CAN-001710,DEPOT-BPCL-MUM,"Mumbai Refinery, Mahul, Maharashtra",126,404340,505,BALL_VALVE,100.0,600,ASTM A216 WCB,BW,API 6D
BPCL-SAP-0000936,BPCL,VLV-GT-DN200-CL900-SS316-BW,CAN-001468,DEPOT-BPCL-MUM,"Mumbai Refinery, Mahul, Maharashtra",134,3605450,217,GATE_VALVE,200.0,900,ASTM A182 F316,BW,API 6D
BPCL-SAP-0000937,BPCL,FLG-BLD-DN200-PN20-A105-RF,CAN-000611,DEPOT-BPCL-MUM,"Mumbai Refinery, Mahul, Maharashtra",69,26870,246,FLANGE_BLIND,200.0,150,ASTM A105,RF,ASME B16.5
BPCL-SAP-0000938,BPCL,BLT-STUD-DN250-CL900-B7-2H-THRD,CAN-002187,DEPOT-BPCL-NML,"Numaligarh Depot Base, Assam",0,29280,0,STUD_BOLT,250.0,900,ASTM A193 B7 / A194 2H,THRD,ASME B18.2.1
BPCL-SAP-0000939,BPCL,VLV-GL-DN40-CL300-WCB-RF,CAN-001846,DEPOT-BPCL-NML,"Numaligarh Depot Base, Assam",13,76980,90,GLOBE_VALVE,40.0,300,ASTM A216 WCB,RF,ASME B16.34
BPCL-SAP-0000940,BPCL,FLG-BLD-DN200-PN50-SS316-RF,CAN-000621,DEPOT-BPCL-BIN,"Bina Refinery, Madhya Pradesh",114,149710,730,FLANGE_BLIND,200.0,300,ASTM A182 F316,RF,ASME B16.5
BPCL-SAP-0000941,BPCL,FLG-BLD-DN80-PN150-SS316-RF,CAN-000543,DEPOT-BPCL-NML,"Numaligarh Depot Base, Assam",25,109550,57,FLANGE_BLIND,80.0,900,ASTM A182 F316,RF,ASME B16.5
BPCL-SAP-0000942,BPCL,FLG-WN-DN80-PN20-A105-RTJ,CAN-000162,DEPOT-BPCL-MUM,"Mumbai Refinery, Mahul, Maharashtra",31,9970,76,FLANGE_WELD_NECK,80.0,150,ASTM A105,RTJ,ASME B16.5
BPCL-SAP-0000943,BPCL,VLV-BL-DN25-CL900-SS316-RF,CAN-001635,DEPOT-BPCL-MUM,"Mumbai Refinery, Mahul, Maharashtra",20,295180,67,BALL_VALVE,25.0,900,ASTM A182 F316,RF,API 6D
BPCL-SAP-0000944,BPCL,FLG-BLD-DN15-PN50-A350LF2-RTJ,CAN-000410,DEPOT-BPCL-MUM,"Mumbai Refinery, Mahul, Maharashtra",81,2580,536,FLANGE_BLIND,15.0,300,ASTM A350 LF2,RTJ,ASME B16.5
BPCL-SAP-0000945,BPCL,FLG-BLD-DN80-PN20-SS316-RF,CAN-000525,DEPOT-BPCL-BIN,"Bina Refinery, Madhya Pradesh",0,26120,0,FLANGE_BLIND,80.0,150,ASTM A182 F316,RF,ASME B16.5
BPCL-SAP-0000946,BPCL,VLV-GT-DN300-PN20-WCB-RF,CAN-001541,DEPOT-BPCL-BIN,"Bina Refinery, Madhya Pradesh",50,455200,32,GATE_VALVE,300.0,150,ASTM A216 WCB,RF,API 600
BPCL-SAP-0000947,BPCL,VLV-GL-DN15-CL1500-A105-RF,CAN-001820,DEPOT-BPCL-BIN,"Bina Refinery, Madhya Pradesh",8,77940,105,GLOBE_VALVE,15.0,1500,ASTM A105,RF,ASME B16.34
BPCL-SAP-0000948,BPCL,FLG-SO-DN250-CL300-SS304-RF,CAN-000949,DEPOT-BPCL-BIN,"Bina Refinery, Madhya Pradesh",36,133390,19,FLANGE_SLIP_ON,250.0,300,ASTM A182 F304,RF,ASME B16.5
BPCL-SAP-0000949,BPCL,VLV-GT-DN200-PN150-WCB-BW,CAN-001459,DEPOT-BPCL-NML,"Numaligarh Depot Base, Assam",139,1126700,456,GATE_VALVE,200.0,900,ASTM A216 WCB,BW,API 600
BPCL-SAP-0000950,BPCL,FLG-SO-DN200-PN250-SS316-FF,CAN-000940,DEPOT-BPCL-BIN,"Bina Refinery, Madhya Pradesh",0,482260,0,FLANGE_SLIP_ON,200.0,1500,ASTM A182 F316,FF,ASME B16.5
BPCL-SAP-0000951,BPCL,VLV-GT-DN15-PN100-A105-BW,CAN-001032,DEPOT-BPCL-KCH,"Kochi Refinery, Kerala",31,28080,35,GATE_VALVE,15.0,600,ASTM A105,BW,API 6D
BPCL-SAP-0000952,BPCL,VLV-GT-DN80-CL300-SS316-RF,CAN-001261,DEPOT-BPCL-MUM,"Mumbai Refinery, Mahul, Maharashtra",0,454920,0,GATE_VALVE,80.0,300,ASTM A182 F316,RF,API 600
BPCL-SAP-0000953,BPCL,FLG-WN-DN40-CL900-SS304-RTJ,CAN-000110,DEPOT-BPCL-BIN,"Bina Refinery, Madhya Pradesh",7,40780,26,FLANGE_WELD_NECK,40.0,900,ASTM A182 F304,RTJ,ASME B16.5
BPCL-SAP-0000954,BPCL,FLG-SO-DN200-PN250-A105-RF,CAN-000935,DEPOT-BPCL-MUM,"Mumbai Refinery, Mahul, Maharashtra",0,150700,0,FLANGE_SLIP_ON,200.0,1500,ASTM A105,RF,ASME B16.5
BPCL-SAP-0000955,BPCL,VLV-GT-DN150-CL900-SS316-BW,CAN-001408,DEPOT-BPCL-NML,"Numaligarh Depot Base, Assam",23,2480500,45,GATE_VALVE,150.0,900,ASTM A182 F316,BW,API 6D
BPCL-SAP-0000956,BPCL,BLT-STUD-DN25-CL150-L7-GR7-THRD,CAN-002112,DEPOT-BPCL-BIN,"Bina Refinery, Madhya Pradesh",5,560,33,STUD_BOLT,25.0,150,ASTM A320 L7 / A194 7,THRD,ASME B18.2.1
BPCL-SAP-0000957,BPCL,FLG-BLD-DN100-PN100-A350LF2-RTJ,CAN-000566,DEPOT-BPCL-NML,"Numaligarh Depot Base, Assam",73,52930,431,FLANGE_BLIND,100.0,600,ASTM A350 LF2,RTJ,ASME B16.5
BPCL-SAP-0000958,BPCL,VLV-GT-DN25-PN20-WCB-RF,CAN-001061,DEPOT-BPCL-NML,"Numaligarh Depot Base, Assam",50,18000,61,GATE_VALVE,25.0,150,ASTM A216 WCB,RF,API 600
BPCL-SAP-0000959,BPCL,VLV-GT-DN150-PN150-WCB-RF,CAN-001397,DEPOT-BPCL-NML,"Numaligarh Depot Base, Assam",0,775150,0,GATE_VALVE,150.0,900,ASTM A216 WCB,RF,API 600
BPCL-SAP-0000960,BPCL,VLV-BL-DN40-CL900-WCB-RF,CAN-001653,DEPOT-BPCL-KCH,"Kochi Refinery, Kerala",0,169940,0,BALL_VALVE,40.0,900,ASTM A216 WCB,RF,API 6D
BPCL-SAP-0000961,BPCL,VLV-GT-DN300-PN100-WCB-BW,CAN-001568,DEPOT-BPCL-MUM,"Mumbai Refinery, Mahul, Maharashtra",45,1379920,103,GATE_VALVE,300.0,600,ASTM A216 WCB,BW,API 6D
BPCL-SAP-0000962,BPCL,FLG-WN-DN100-CL300-SS316-RF,CAN-000215,DEPOT-BPCL-BIN,"Bina Refinery, Madhya Pradesh",44,74310,666,FLANGE_WELD_NECK,100.0,300,ASTM A182 F316,RF,ASME B16.5
BPCL-SAP-0000963,BPCL,VLV-GT-DN200-CL900-WCB-RF,CAN-001457,DEPOT-BPCL-KCH,"Kochi Refinery, Kerala",37,1126700,56,GATE_VALVE,200.0,900,ASTM A216 WCB,RF,API 600
BPCL-SAP-0000964,BPCL,FLG-WN-DN50-CL300-SS316-RTJ,CAN-000136,DEPOT-BPCL-BIN,"Bina Refinery, Madhya Pradesh",15,30180,59,FLANGE_WELD_NECK,50.0,300,ASTM A182 F316,RTJ,ASME B16.5
BPCL-SAP-0000965,BPCL,FLG-WN-DN15-CL150-A350LF2-RTJ,CAN-000004,DEPOT-BPCL-KCH,"Kochi Refinery, Kerala",82,1810,521,FLANGE_WELD_NECK,15.0,150,ASTM A350 LF2,RTJ,ASME B16.5
BPCL-SAP-0000966,BPCL,FLG-BLD-DN50-CL600-SS316-RTJ,CAN-000508,DEPOT-BPCL-NML,"Numaligarh Depot Base, Assam",0,42990,0,FLANGE_BLIND,50.0,600,ASTM A182 F316,RTJ,ASME B16.5
BPCL-SAP-0000967,BPCL,FLG-BLD-DN100-CL150-A105-RF,CAN-000551,DEPOT-BPCL-MUM,"Mumbai Refinery, Mahul, Maharashtra",112,10910,422,FLANGE_BLIND,100.0,150,ASTM A105,RF,ASME B16.5
BPCL-SAP-0000968,BPCL,VLV-BL-DN25-CL600-SS316-BW,CAN-001632,DEPOT-BPCL-NML,"Numaligarh Depot Base, Assam",49,213410,411,BALL_VALVE,25.0,600,ASTM A182 F316,BW,API 6D
BPCL-SAP-0000969,BPCL,VLV-GL-DN50-PN20-WCB-RF,CAN-001862,DEPOT-BPCL-MUM,"Mumbai Refinery, Mahul, Maharashtra",46,59090,77,GLOBE_VALVE,50.0,150,ASTM A216 WCB,RF,ASME B16.34
BPCL-SAP-0000970,BPCL,FLG-WN-DN300-PN100-SS304-RTJ,CAN-000382,DEPOT-BPCL-KCH,"Kochi Refinery, Kerala",45,404770,31,FLANGE_WELD_NECK,300.0,600,ASTM A182 F304,RTJ,ASME B16.5
BPCL-SAP-0000971,BPCL,FLG-WN-DN15-CL1500-SS316-RTJ,CAN-000040,DEPOT-BPCL-MUM,"Mumbai Refinery, Mahul, Maharashtra",7,22860,106,FLANGE_WELD_NECK,15.0,1500,ASTM A182 F316,RTJ,ASME B16.5
BPCL-SAP-0000972,BPCL,FLG-WN-DN80-CL900-A350LF2-RF,CAN-000187,DEPOT-BPCL-KCH,"Kochi Refinery, Kerala",0,66950,0,FLANGE_WELD_NECK,80.0,900,ASTM A350 LF2,RF,ASME B16.5
BPCL-SAP-0000973,BPCL,VLV-GT-DN50-CL300-SS316-RF,CAN-001202,DEPOT-BPCL-BIN,"Bina Refinery, Madhya Pradesh",37,246930,57,GATE_VALVE,50.0,300,ASTM A182 F316,RF,API 6D
BPCL-SAP-0000974,BPCL,VLV-GT-DN15-PN100-A105-BW,CAN-001032,DEPOT-BPCL-MUM,"Mumbai Refinery, Mahul, Maharashtra",14,28080,81,GATE_VALVE,15.0,600,ASTM A105,BW,API 6D
BPCL-SAP-0000975,BPCL,VLV-GT-DN15-CL900-SS316-BW,CAN-001047,DEPOT-BPCL-KCH,"Kochi Refinery, Kerala",33,124310,48,GATE_VALVE,15.0,900,ASTM A182 F316,BW,API 600
BPCL-SAP-0000976,BPCL,VLV-GT-DN150-PN20-A105-RF,CAN-001366,DEPOT-BPCL-NML,"Numaligarh Depot Base, Assam",7,184870,15,GATE_VALVE,150.0,150,ASTM A105,RF,API 6D
BPCL-SAP-0000977,BPCL,FLG-SO-DN40-PN20-A105-RF,CAN-000761,DEPOT-BPCL-BIN,"Bina Refinery, Madhya Pradesh",18,2940,115,FLANGE_SLIP_ON,40.0,150,ASTM A105,RF,ASME B16.5
BPCL-SAP-0000978,BPCL,FLG-BLD-DN40-PN250-A350LF2-RTJ,CAN-000488,DEPOT-BPCL-KCH,"Kochi Refinery, Kerala",20,33470,651,FLANGE_BLIND,40.0,1500,ASTM A350 LF2,RTJ,ASME B16.5
BPCL-SAP-0000979,BPCL,VLV-GL-DN100-PN50-A105-RF,CAN-001907,DEPOT-BPCL-KCH,"Kochi Refinery, Kerala",29,253340,10,GLOBE_VALVE,100.0,300,ASTM A105,RF,BS 1873
BPCL-SAP-0000980,BPCL,VLV-BL-DN40-PN20-SS316-BW,CAN-001644,DEPOT-BPCL-BIN,"Bina Refinery, Madhya Pradesh",0,129690,0,BALL_VALVE,40.0,150,ASTM A182 F316,BW,API 6D
BPCL-SAP-0000981,BPCL,FLG-BLD-DN200-CL300-SS316-RTJ,CAN-000622,DEPOT-BPCL-BIN,"Bina Refinery, Madhya Pradesh",0,149710,0,FLANGE_BLIND,200.0,300,ASTM A182 F316,RTJ,ASME B16.5
BPCL-SAP-0000982,BPCL,FLG-WN-DN200-PN50-SS304-RTJ,CAN-000294,DEPOT-BPCL-BIN,"Bina Refinery, Madhya Pradesh",0,137230,0,FLANGE_WELD_NECK,200.0,300,ASTM A182 F304,RTJ,ASME B16.5
BPCL-SAP-0000983,BPCL,FLG-BLD-DN40-PN20-SS316-RTJ,CAN-000466,DEPOT-BPCL-NML,"Numaligarh Depot Base, Assam",25,10610,76,FLANGE_BLIND,40.0,150,ASTM A182 F316,RTJ,ASME B16.5
BPCL-SAP-0000984,BPCL,FLG-BLD-DN50-PN50-A105-RTJ,CAN-000498,DEPOT-BPCL-MUM,"Mumbai Refinery, Mahul, Maharashtra",25,7710,78,FLANGE_BLIND,50.0,300,ASTM A105,RTJ,ASME B16.5
BPCL-SAP-0000985,BPCL,VLV-GT-DN100-PN250-A105-BW,CAN-001356,DEPOT-BPCL-NML,"Numaligarh Depot Base, Assam",54,688570,347,GATE_VALVE,100.0,1500,ASTM A105,BW,API 6D
BPCL-SAP-0000986,BPCL,FLG-WN-DN200-CL300-SS316-RF,CAN-000295,DEPOT-BPCL-BIN,"Bina Refinery, Madhya Pradesh",0,182980,0,FLANGE_WELD_NECK,200.0,300,ASTM A182 F316,RF,ASME B16.5
BPCL-SAP-0000987,BPCL,FLG-WN-DN200-CL150-A105-RTJ,CAN-000282,DEPOT-BPCL-MUM,"Mumbai Refinery, Mahul, Maharashtra",0,32840,0,FLANGE_WELD_NECK,200.0,150,ASTM A105,RTJ,ASME B16.5
BPCL-SAP-0000988,BPCL,VLV-GL-DN200-CL300-A105-RF,CAN-001948,DEPOT-BPCL-MUM,"Mumbai Refinery, Mahul, Maharashtra",7,623800,115,GLOBE_VALVE,200.0,300,ASTM A105,RF,ASME B16.34
BPCL-SAP-0000989,BPCL,VLV-GT-DN25-PN50-SS316-BW,CAN-001084,DEPOT-BPCL-NML,"Numaligarh Depot Base, Assam",45,100280,432,GATE_VALVE,25.0,300,ASTM A182 F316,BW,API 6D
BPCL-SAP-0000990,BPCL,FLG-SO-DN300-CL900-SS316-RF,CAN-000993,DEPOT-BPCL-KCH,"Kochi Refinery, Kerala",10,542900,107,FLANGE_SLIP_ON,300.0,900,ASTM A182 F316,RF,ASME B16.5
BPCL-SAP-0000991,BPCL,FLG-WN-DN300-PN250-SS316-RTJ,CAN-000400,DEPOT-BPCL-MUM,"Mumbai Refinery, Mahul, Maharashtra",57,1123330,230,FLANGE_WELD_NECK,300.0,1500,ASTM A182 F316,RTJ,ASME B16.5
BPCL-SAP-0000992,BPCL,VLV-GT-DN15-PN20-WCB-BW,CAN-001004,DEPOT-BPCL-KCH,"Kochi Refinery, Kerala",11,9260,27,GATE_VALVE,15.0,150,ASTM A216 WCB,BW,API 6D
BPCL-SAP-0000993,BPCL,FLG-SO-DN50-PN50-A105-RF,CAN-000797,DEPOT-BPCL-KCH,"Kochi Refinery, Kerala",0,6850,0,FLANGE_SLIP_ON,50.0,300,ASTM A105,RF,ASME B16.5
BPCL-SAP-0000994,BPCL,VLV-GT-DN250-PN20-WCB-BW,CAN-001484,DEPOT-BPCL-MUM,"Mumbai Refinery, Mahul, Maharashtra",50,359140,108,GATE_VALVE,250.0,150,ASTM A216 WCB,BW,API 6D
BPCL-SAP-0000995,BPCL,FLG-WN-DN40-CL900-A105-RTJ,CAN-000106,DEPOT-BPCL-BIN,"Bina Refinery, Madhya Pradesh",96,16990,319,FLANGE_WELD_NECK,40.0,900,ASTM A105,RTJ,ASME B16.5
BPCL-SAP-0000996,BPCL,BLT-STUD-DN250-CL1500-L7-GR7-THRD,CAN-002190,DEPOT-BPCL-KCH,"Kochi Refinery, Kerala",0,70490,0,STUD_BOLT,250.0,1500,ASTM A320 L7 / A194 7,THRD,ASME B18.2.1
BPCL-SAP-0000997,BPCL,VLV-GT-DN200-CL600-A105-RF,CAN-001449,DEPOT-BPCL-KCH,"Kochi Refinery, Kerala",0,814580,0,GATE_VALVE,200.0,600,ASTM A105,RF,API 600
BPCL-SAP-0000998,BPCL,VLV-GT-DN40-CL600-WCB-BW,CAN-001147,DEPOT-BPCL-MUM,"Mumbai Refinery, Mahul, Maharashtra",0,100520,0,GATE_VALVE,40.0,600,ASTM A216 WCB,BW,API 600
BPCL-SAP-0000999,BPCL,VLV-GL-DN150-CL600-WCB-RF,CAN-001930,DEPOT-BPCL-KCH,"Kochi Refinery, Kerala",43,747230,31,GLOBE_VALVE,150.0,600,ASTM A216 WCB,RF,ASME B16.34
BPCL-SAP-0001000,BPCL,FLG-BLD-DN15-PN50-SS316-RF,CAN-000411,DEPOT-BPCL-KCH,"Kochi Refinery, Kerala",20,5160,52,FLANGE_BLIND,15.0,300,ASTM A182 F316,RF,ASME B16.5
BPCL-SAP-0001001,BPCL,FLG-WN-DN100-CL600-A350LF2-RTJ,CAN-000220,DEPOT-BPCL-NML,"Numaligarh Depot Base, Assam",50,64690,39,FLANGE_WELD_NECK,100.0,600,ASTM A350 LF2,RTJ,ASME B16.5
BPCL-SAP-0001002,BPCL,GSKT-SW-DN50-CL900-SS316-GR-RF,CAN-002037,DEPOT-BPCL-KCH,"Kochi Refinery, Kerala",29,21470,24,SPIRAL_WOUND_GASKET,50.0,900,SS316 / GRAPHITE,RF,ASME B16.20
BPCL-SAP-0001003,BPCL,VLV-GT-DN40-PN150-WCB-RF,CAN-001158,DEPOT-BPCL-NML,"Numaligarh Depot Base, Assam",67,139040,467,GATE_VALVE,40.0,900,ASTM A216 WCB,RF,API 6D
BPCL-SAP-0001004,BPCL,FLG-SO-DN250-PN50-SS316-RF,CAN-000951,DEPOT-BPCL-BIN,"Bina Refinery, Madhya Pradesh",36,177860,112,FLANGE_SLIP_ON,250.0,300,ASTM A182 F316,RF,ASME B16.5
BPCL-SAP-0001005,BPCL,FLG-WN-DN25-CL1500-SS304-RF,CAN-000077,DEPOT-BPCL-MUM,"Mumbai Refinery, Mahul, Maharashtra",136,33310,649,FLANGE_WELD_NECK,25.0,1500,ASTM A182 F304,RF,ASME B16.5
BPCL-SAP-0001006,BPCL,VLV-GT-DN300-PN100-WCB-RF,CAN-001565,DEPOT-BPCL-BIN,"Bina Refinery, Madhya Pradesh",0,1379920,0,GATE_VALVE,300.0,600,ASTM A216 WCB,RF,API 600
BPCL-SAP-0001007,BPCL,FLG-BLD-DN15-CL600-SS316-RTJ,CAN-000418,DEPOT-BPCL-BIN,"Bina Refinery, Madhya Pradesh",0,8980,0,FLANGE_BLIND,15.0,600,ASTM A182 F316,RTJ,ASME B16.5
BPCL-SAP-0001008,BPCL,FLG-BLD-DN50-CL600-SS316-RF,CAN-000507,DEPOT-BPCL-NML,"Numaligarh Depot Base, Assam",0,42990,0,FLANGE_BLIND,50.0,600,ASTM A182 F316,RF,ASME B16.5
BPCL-SAP-0001009,BPCL,VLV-GL-DN15-CL1500-A105-RF,CAN-001820,DEPOT-BPCL-KCH,"Kochi Refinery, Kerala",80,77940,565,GLOBE_VALVE,15.0,1500,ASTM A105,RF,ASME B16.34
BPCL-SAP-0001010,BPCL,VLV-GT-DN300-CL600-WCB-RF,CAN-001566,DEPOT-BPCL-NML,"Numaligarh Depot Base, Assam",51,1379920,522,GATE_VALVE,300.0,600,ASTM A216 WCB,RF,API 6D
BPCL-SAP-0001011,BPCL,VLV-GT-DN40-PN250-A105-BW,CAN-001176,DEPOT-BPCL-KCH,"Kochi Refinery, Kerala",36,209230,105,GATE_VALVE,40.0,1500,ASTM A105,BW,API 6D
BPCL-SAP-0001012,BPCL,VLV-GT-DN50-PN50-WCB-RF,CAN-001193,DEPOT-BPCL-KCH,"Kochi Refinery, Kerala",42,77160,28,GATE_VALVE,50.0,300,ASTM A216 WCB,RF,API 600
BPCL-SAP-0001013,BPCL,VLV-GT-DN25-CL1500-A105-RF,CAN-001113,DEPOT-BPCL-NML,"Numaligarh Depot Base, Assam",136,113570,380,GATE_VALVE,25.0,1500,ASTM A105,RF,API 600
BPCL-SAP-0001014,BPCL,FLG-BLD-DN250-PN100-A350LF2-RTJ,CAN-000656,DEPOT-BPCL-KCH,"Kochi Refinery, Kerala",17,174190,74,FLANGE_BLIND,250.0,600,ASTM A350 LF2,RTJ,ASME B16.5
BPCL-SAP-0001015,BPCL,VLV-BL-DN300-CL300-WCB-RF,CAN-001785,DEPOT-BPCL-BIN,"Bina Refinery, Madhya Pradesh",43,968680,30,BALL_VALVE,300.0,300,ASTM A216 WCB,RF,API 6D
BPCL-SAP-0001016,BPCL,FLG-WN-DN15-CL1500-A350LF2-RF,CAN-000035,DEPOT-BPCL-KCH,"Kochi Refinery, Kerala",77,11430,381,FLANGE_WELD_NECK,15.0,1500,ASTM A350 LF2,RF,ASME B16.5
BPCL-SAP-0001017,BPCL,VLV-BL-DN40-PN50-WCB-BW,CAN-001646,DEPOT-BPCL-MUM,"Mumbai Refinery, Mahul, Maharashtra",0,70560,0,BALL_VALVE,40.0,300,ASTM A216 WCB,BW,API 6D
BPCL-SAP-0001018,BPCL,VLV-GT-DN200-PN150-SS316-BW,CAN-001468,DEPOT-BPCL-BIN,"Bina Refinery, Madhya Pradesh",0,3605450,0,GATE_VALVE,200.0,900,ASTM A182 F316,BW,API 6D
BPCL-SAP-0001019,BPCL,VLV-GT-DN15-CL300-A105-RF,CAN-001017,DEPOT-BPCL-BIN,"Bina Refinery, Madhya Pradesh",6,16130,59,GATE_VALVE,15.0,300,ASTM A105,RF,API 600
BPCL-SAP-0001020,BPCL,VLV-GL-DN300-CL150-WCB-RF,CAN-001981,DEPOT-BPCL-MUM,"Mumbai Refinery, Mahul, Maharashtra",94,606940,223,GLOBE_VALVE,300.0,150,ASTM A216 WCB,RF,BS 1873
BPCL-SAP-0001021,BPCL,VLV-GT-DN150-PN50-A105-RF,CAN-001377,DEPOT-BPCL-MUM,"Mumbai Refinery, Mahul, Maharashtra",96,321870,256,GATE_VALVE,150.0,300,ASTM A105,RF,API 600
BPCL-SAP-0001022,BPCL,VLV-GL-DN200-CL300-WCB-RF,CAN-001946,DEPOT-BPCL-BIN,"Bina Refinery, Madhya Pradesh",67,623800,338,GLOBE_VALVE,200.0,300,ASTM A216 WCB,RF,ASME B16.34
BPCL-SAP-0001023,BPCL,VLV-BL-DN80-CL1500-SS316-RF,CAN-001699,DEPOT-BPCL-BIN,"Bina Refinery, Madhya Pradesh",48,2014960,13,BALL_VALVE,80.0,1500,ASTM A182 F316,RF,API 6D
BPCL-SAP-0001024,BPCL,FLG-BLD-DN80-PN150-SS316-RF,CAN-000543,DEPOT-BPCL-KCH,"Kochi Refinery, Kerala",19,109550,99,FLANGE_BLIND,80.0,900,ASTM A182 F316,RF,ASME B16.5
BPCL-SAP-0001025,BPCL,VLV-GT-DN200-PN150-WCB-BW,CAN-001460,DEPOT-BPCL-MUM,"Mumbai Refinery, Mahul, Maharashtra",15,1126700,98,GATE_VALVE,200.0,900,ASTM A216 WCB,BW,API 6D
BPCL-SAP-0001026,BPCL,VLV-BL-DN200-PN20-WCB-BW,CAN-001742,DEPOT-BPCL-KCH,"Kochi Refinery, Kerala",0,328420,0,BALL_VALVE,200.0,150,ASTM A216 WCB,BW,API 6D
BPCL-SAP-0001027,BPCL,FLG-BLD-DN300-PN100-A350LF2-RF,CAN-000685,DEPOT-BPCL-BIN,"Bina Refinery, Madhya Pradesh",0,220780,0,FLANGE_BLIND,300.0,600,ASTM A350 LF2,RF,ASME B16.5
BPCL-SAP-0001028,BPCL,VLV-BL-DN40-PN250-WCB-RF,CAN-001657,DEPOT-BPCL-BIN,"Bina Refinery, Madhya Pradesh",19,255720,36,BALL_VALVE,40.0,1500,ASTM A216 WCB,RF,API 6D
BPCL-SAP-0001029,BPCL,FLG-WN-DN50-PN20-A350LF2-RTJ,CAN-000124,DEPOT-BPCL-NML,"Numaligarh Depot Base, Assam",42,8660,56,FLANGE_WELD_NECK,50.0,150,ASTM A350 LF2,RTJ,ASME B16.5
BPCL-SAP-0001030,BPCL,FLG-SO-DN80-PN150-SS316-FF,CAN-000844,DEPOT-BPCL-MUM,"Mumbai Refinery, Mahul, Maharashtra",25,97380,528,FLANGE_SLIP_ON,80.0,900,ASTM A182 F316,FF,ASME B16.5
BPCL-SAP-0001031,BPCL,VLV-GT-DN300-CL150-WCB-BW,CAN-001544,DEPOT-BPCL-MUM,"Mumbai Refinery, Mahul, Maharashtra",22,455200,53,GATE_VALVE,300.0,150,ASTM A216 WCB,BW,API 6D
BPCL-SAP-0001032,BPCL,VLV-GT-DN300-PN250-WCB-RF,CAN-001589,DEPOT-BPCL-BIN,"Bina Refinery, Madhya Pradesh",8,2872150,75,GATE_VALVE,300.0,1500,ASTM A216 WCB,RF,API 600
BPCL-SAP-0001033,BPCL,FLG-BLD-DN80-PN100-SS316-RTJ,CAN-000538,DEPOT-BPCL-KCH,"Kochi Refinery, Kerala",35,79200,26,FLANGE_BLIND,80.0,600,ASTM A182 F316,RTJ,ASME B16.5
BPCL-SAP-0001034,BPCL,VLV-GT-DN80-CL1500-SS316-RF,CAN-001298,DEPOT-BPCL-KCH,"Kochi Refinery, Kerala",0,1648600,0,GATE_VALVE,80.0,1500,ASTM A182 F316,RF,API 6D
BPCL-SAP-0001035,BPCL,VLV-GT-DN40-PN150-WCB-RF,CAN-001158,DEPOT-BPCL-NML,"Numaligarh Depot Base, Assam",37,139040,750,GATE_VALVE,40.0,900,ASTM A216 WCB,RF,API 6D
BPCL-SAP-0001036,BPCL,FLG-BLD-DN80-PN50-SS316-RF,CAN-000531,DEPOT-BPCL-BIN,"Bina Refinery, Madhya Pradesh",24,45490,60,FLANGE_BLIND,80.0,300,ASTM A182 F316,RF,ASME B16.5
BPCL-SAP-0001037,BPCL,VLV-GT-DN150-PN250-SS316-BW,CAN-001420,DEPOT-BPCL-BIN,"Bina Refinery, Madhya Pradesh",45,3732660,106,GATE_VALVE,150.0,1500,ASTM A182 F316,BW,API 6D
BPCL-SAP-0001038,BPCL,FLG-WN-DN50-CL150-A105-RF,CAN-000121,DEPOT-BPCL-MUM,"Mumbai Refinery, Mahul, Maharashtra",20,5410,104,FLANGE_WELD_NECK,50.0,150,ASTM A105,RF,ASME B16.5
BPCL-SAP-0001039,BPCL,BLT-STUD-DN200-CL1500-L7-GR7-THRD,CAN-002180,DEPOT-BPCL-NML,"Numaligarh Depot Base, Assam",30,52740,749,STUD_BOLT,200.0,1500,ASTM A320 L7 / A194 7,THRD,ASME B18.2.1
BPCL-SAP-0001040,BPCL,GSKT-SW-DN100-PN100-SS316-GR-RF,CAN-002055,DEPOT-BPCL-NML,"Numaligarh Depot Base, Assam",47,38220,117,SPIRAL_WOUND_GASKET,100.0,600,SS316 / GRAPHITE,RF,ASME B16.20
BPCL-SAP-0001041,BPCL,FLG-BLD-DN300-CL600-A105-RTJ,CAN-000684,DEPOT-BPCL-MUM,"Mumbai Refinery, Mahul, Maharashtra",105,137990,313,FLANGE_BLIND,300.0,600,ASTM A105,RTJ,ASME B16.5
BPCL-SAP-0001042,BPCL,FLG-WN-DN80-PN100-A350LF2-RF,CAN-000179,DEPOT-BPCL-BIN,"Bina Refinery, Madhya Pradesh",87,48400,285,FLANGE_WELD_NECK,80.0,600,ASTM A350 LF2,RF,ASME B16.5
BPCL-SAP-0001043,BPCL,FLG-SO-DN200-PN100-A105-FF,CAN-000924,DEPOT-BPCL-MUM,"Mumbai Refinery, Mahul, Maharashtra",114,72400,543,FLANGE_SLIP_ON,200.0,600,ASTM A105,FF,ASME B16.5
BPCL-SAP-0001044,BPCL,VLV-GT-DN200-PN150-A105-BW,CAN-001464,DEPOT-BPCL-KCH,"Kochi Refinery, Kerala",9,1126700,28,GATE_VALVE,200.0,900,ASTM A105,BW,API 6D
BPCL-SAP-0001045,BPCL,VLV-GT-DN150-PN250-SS316-BW,CAN-001420,DEPOT-BPCL-NML,"Numaligarh Depot Base, Assam",46,3732660,74,GATE_VALVE,150.0,1500,ASTM A182 F316,BW,API 6D
BPCL-SAP-0001046,BPCL,VLV-GT-DN100-CL150-WCB-BW,CAN-001303,DEPOT-BPCL-BIN,"Bina Refinery, Madhya Pradesh",100,109130,591,GATE_VALVE,100.0,150,ASTM A216 WCB,BW,API 600
BPCL-SAP-0001047,BPCL,FLG-BLD-DN200-CL1500-A350LF2-RTJ,CAN-000638,DEPOT-BPCL-MUM,"Mumbai Refinery, Mahul, Maharashtra",0,271270,0,FLANGE_BLIND,200.0,1500,ASTM A350 LF2,RTJ,ASME B16.5
BPCL-SAP-0001048,BPCL,VLV-BL-DN40-PN20-WCB-BW,CAN-001642,DEPOT-BPCL-BIN,"Bina Refinery, Madhya Pradesh",0,40530,0,BALL_VALVE,40.0,150,ASTM A216 WCB,BW,API 6D
BPCL-SAP-0001049,BPCL,FLG-SO-DN300-CL300-SS304-FF,CAN-000980,DEPOT-BPCL-BIN,"Bina Refinery, Madhya Pradesh",59,169070,204,FLANGE_SLIP_ON,300.0,300,ASTM A182 F304,FF,ASME B16.5
BPCL-SAP-0001050,BPCL,FLG-SO-DN300-PN250-A105-RF,CAN-000995,DEPOT-BPCL-BIN,"Bina Refinery, Madhya Pradesh",77,255300,323,FLANGE_SLIP_ON,300.0,1500,ASTM A105,RF,ASME B16.5
BPCL-SAP-0001051,BPCL,VLV-GT-DN200-PN150-A105-RF,CAN-001462,DEPOT-BPCL-MUM,"Mumbai Refinery, Mahul, Maharashtra",19,1126700,48,GATE_VALVE,200.0,900,ASTM A105,RF,API 6D
BPCL-SAP-0001052,BPCL,FLG-WN-DN50-PN150-SS316-RF,CAN-000151,DEPOT-BPCL-KCH,"Kochi Refinery, Kerala",27,72680,29,FLANGE_WELD_NECK,50.0,900,ASTM A182 F316,RF,ASME B16.5
BPCL-SAP-0001053,BPCL,BLT-STUD-DN250-PN150-B7-2H-THRD,CAN-002187,DEPOT-BPCL-BIN,"Bina Refinery, Madhya Pradesh",0,29280,0,STUD_BOLT,250.0,900,ASTM A193 B7 / A194 2H,THRD,ASME B18.2.1
BPCL-SAP-0001054,BPCL,VLV-GT-DN80-CL300-WCB-RF,CAN-001253,DEPOT-BPCL-MUM,"Mumbai Refinery, Mahul, Maharashtra",31,142160,78,GATE_VALVE,80.0,300,ASTM A216 WCB,RF,API 600
BPCL-SAP-0001055,BPCL,VLV-BL-DN150-CL900-WCB-RF,CAN-001733,DEPOT-BPCL-MUM,"Mumbai Refinery, Mahul, Maharashtra",28,947410,40,BALL_VALVE,150.0,900,ASTM A216 WCB,RF,API 6D
BPCL-SAP-0001056,BPCL,FLG-BLD-DN40-PN100-A105-RTJ,CAN-000474,DEPOT-BPCL-MUM,"Mumbai Refinery, Mahul, Maharashtra",67,10050,347,FLANGE_BLIND,40.0,600,ASTM A105,RTJ,ASME B16.5
BPCL-SAP-0001057,BPCL,FLG-SO-DN200-PN20-A105-FF,CAN-000912,DEPOT-BPCL-KCH,"Kochi Refinery, Kerala",122,23880,462,FLANGE_SLIP_ON,200.0,150,ASTM A105,FF,ASME B16.5
BPCL-SAP-0001058,BPCL,GSKT-SW-DN40-PN50-SS316-GR-RF,CAN-002023,DEPOT-BPCL-BIN,"Bina Refinery, Madhya Pradesh",34,6670,17,SPIRAL_WOUND_GASKET,40.0,300,SS316 / GRAPHITE,RF,ASME B16.20
BPCL-SAP-0001059,BPCL,VLV-GL-DN150-PN20-WCB-RF,CAN-001921,DEPOT-BPCL-NML,"Numaligarh Depot Base, Assam",15,246490,74,GLOBE_VALVE,150.0,150,ASTM A216 WCB,RF,BS 1873
BPCL-SAP-0001060,BPCL,VLV-GL-DN100-PN150-WCB-RF,CAN-001914,DEPOT-BPCL-KCH,"Kochi Refinery, Kerala",0,610110,0,GLOBE_VALVE,100.0,900,ASTM A216 WCB,RF,ASME B16.34
BPCL-SAP-0001061,BPCL,FLG-SO-DN15-PN100-SS316-RF,CAN-000717,DEPOT-BPCL-MUM,"Mumbai Refinery, Mahul, Maharashtra",10,7980,104,FLANGE_SLIP_ON,15.0,600,ASTM A182 F316,RF,ASME B16.5
BPCL-SAP-0001062,BPCL,VLV-GT-DN300-CL900-A105-RF,CAN-001582,DEPOT-BPCL-MUM,"Mumbai Refinery, Mahul, Maharashtra",47,1908660,318,GATE_VALVE,300.0,900,ASTM A105,RF,API 6D
BPCL-SAP-0001063,BPCL,VLV-BL-DN100-CL1500-WCB-RF,CAN-001717,DEPOT-BPCL-BIN,"Bina Refinery, Madhya Pradesh",5,841590,57,BALL_VALVE,100.0,1500,ASTM A216 WCB,RF,API 6D
BPCL-SAP-0001064,BPCL,FLG-SO-DN15-CL900-SS304-FF,CAN-000722,DEPOT-BPCL-BIN,"Bina Refinery, Madhya Pradesh",46,8280,295,FLANGE_SLIP_ON,15.0,900,ASTM A182 F304,FF,ASME B16.5
BPCL-SAP-0001065,BPCL,VLV-BL-DN150-PN50-SS316-BW,CAN-001728,DEPOT-BPCL-NML,"Numaligarh Depot Base, Assam",42,1258900,93,BALL_VALVE,150.0,300,ASTM A182 F316,BW,API 6D
BPCL-SAP-0001066,BPCL,FLG-WN-DN200-CL600-A105-RTJ,CAN-000298,DEPOT-BPCL-BIN,"Bina Refinery, Madhya Pradesh",9,99560,115,FLANGE_WELD_NECK,200.0,600,ASTM A105,RTJ,ASME B16.5
BPCL-SAP-0001067,BPCL,BLT-STUD-DN50-CL1500-L7-GR7-THRD,CAN-002140,DEPOT-BPCL-MUM,"Mumbai Refinery, Mahul, Maharashtra",49,8700,34,STUD_BOLT,50.0,1500,ASTM A320 L7 / A194 7,THRD,ASME B18.2.1
BPCL-SAP-0001068,BPCL,FLG-WN-DN150-PN50-SS304-RF,CAN-000253,DEPOT-BPCL-BIN,"Bina Refinery, Madhya Pradesh",64,94410,211,FLANGE_WELD_NECK,150.0,300,ASTM A182 F304,RF,ASME B16.5
BPCL-SAP-0001069,BPCL,VLV-GT-DN50-CL1500-A105-RF,CAN-001233,DEPOT-BPCL-KCH,"Kochi Refinery, Kerala",0,279640,0,GATE_VALVE,50.0,1500,ASTM A105,RF,API 600
BPCL-SAP-0001070,BPCL,VLV-BL-DN40-PN50-SS316-RF,CAN-001647,DEPOT-BPCL-BIN,"Bina Refinery, Madhya Pradesh",0,225810,0,BALL_VALVE,40.0,300,ASTM A182 F316,RF,API 6D
BPCL-SAP-0001071,BPCL,FLG-WN-DN300-CL600-SS304-RF,CAN-000381,DEPOT-BPCL-KCH,"Kochi Refinery, Kerala",0,404770,0,FLANGE_WELD_NECK,300.0,600,ASTM A182 F304,RF,ASME B16.5
BPCL-SAP-0001072,BPCL,GSKT-SW-DN300-PN150-SS316-GR-RF,CAN-002097,DEPOT-BPCL-BIN,"Bina Refinery, Madhya Pradesh",18,220550,19,SPIRAL_WOUND_GASKET,300.0,900,SS316 / GRAPHITE,RF,ASME B16.20
BPCL-SAP-0001073,BPCL,FLG-SO-DN25-CL150-A105-RF,CAN-000731,DEPOT-BPCL-BIN,"Bina Refinery, Madhya Pradesh",5,1600,37,FLANGE_SLIP_ON,25.0,150,ASTM A105,RF,ASME B16.5
BPCL-SAP-0001074,BPCL,VLV-GT-DN150-CL600-WCB-BW,CAN-001387,DEPOT-BPCL-NML,"Numaligarh Depot Base, Assam",7,560420,59,GATE_VALVE,150.0,600,ASTM A216 WCB,BW,API 600
BPCL-SAP-0001075,BPCL,FLG-WN-DN80-PN250-A105-RF,CAN-000193,DEPOT-BPCL-NML,"Numaligarh Depot Base, Assam",27,62960,92,FLANGE_WELD_NECK,80.0,1500,ASTM A105,RF,ASME B16.5
BPCL-SAP-0001076,BPCL,FLG-BLD-DN200-CL300-A105-RTJ,CAN-000618,DEPOT-BPCL-MUM,"Mumbai Refinery, Mahul, Maharashtra",19,46780,54,FLANGE_BLIND,200.0,300,ASTM A105,RTJ,ASME B16.5
BPCL-SAP-0001077,BPCL,FLG-BLD-DN40-PN50-SS316-RF,CAN-000471,DEPOT-BPCL-BIN,"Bina Refinery, Madhya Pradesh",41,18470,54,FLANGE_BLIND,40.0,300,ASTM A182 F316,RF,ASME B16.5
BPCL-SAP-0001078,BPCL,VLV-GT-DN25-CL300-WCB-RF,CAN-001073,DEPOT-BPCL-KCH,"Kochi Refinery, Kerala",141,31330,232,GATE_VALVE,25.0,300,ASTM A216 WCB,RF,API 600
BPCL-SAP-0001079,BPCL,FLG-SO-DN200-PN150-A105-FF,CAN-000930,DEPOT-BPCL-MUM,"Mumbai Refinery, Mahul, Maharashtra",19,100150,79,FLANGE_SLIP_ON,200.0,900,ASTM A105,FF,ASME B16.5
BPCL-SAP-0001080,BPCL,FLG-SO-DN150-CL150-SS304-RF,CAN-000883,DEPOT-BPCL-MUM,"Mumbai Refinery, Mahul, Maharashtra",51,39430,300,FLANGE_SLIP_ON,150.0,150,ASTM A182 F304,RF,ASME B16.5
BPCL-SAP-0001081,BPCL,FLG-BLD-DN25-CL150-A350LF2-RF,CAN-000433,DEPOT-BPCL-NML,"Numaligarh Depot Base, Assam",0,2880,0,FLANGE_BLIND,25.0,150,ASTM A350 LF2,RF,ASME B16.5
BPCL-SAP-0001082,BPCL,GSKT-SW-DN25-PN50-SS304-GR-RF,CAN-002014,DEPOT-BPCL-MUM,"Mumbai Refinery, Mahul, Maharashtra",28,2710,88,SPIRAL_WOUND_GASKET,25.0,300,SS304 / GRAPHITE,RF,ASME B16.20
BPCL-SAP-0001083,BPCL,VLV-GT-DN80-CL900-A105-BW,CAN-001284,DEPOT-BPCL-MUM,"Mumbai Refinery, Mahul, Maharashtra",0,342360,0,GATE_VALVE,80.0,900,ASTM A105,BW,API 6D
BPCL-SAP-0001084,BPCL,VLV-GL-DN200-CL150-A105-RF,CAN-001944,DEPOT-BPCL-NML,"Numaligarh Depot Base, Assam",22,358280,440,GLOBE_VALVE,200.0,150,ASTM A105,RF,ASME B16.34
BPCL-SAP-0001085,BPCL,FLG-SO-DN40-PN100-SS316-RF,CAN-000777,DEPOT-BPCL-NML,"Numaligarh Depot Base, Assam",0,28590,0,FLANGE_SLIP_ON,40.0,600,ASTM A182 F316,RF,ASME B16.5
BPCL-SAP-0001086,BPCL,VLV-BL-DN80-CL300-WCB-RF,CAN-001685,DEPOT-BPCL-KCH,"Kochi Refinery, Kerala",0,173750,0,BALL_VALVE,80.0,300,ASTM A216 WCB,RF,API 6D
BPCL-SAP-0001087,BPCL,VLV-GT-DN50-PN250-SS316-RF,CAN-001238,DEPOT-BPCL-NML,"Numaligarh Depot Base, Assam",0,894870,0,GATE_VALVE,50.0,1500,ASTM A182 F316,RF,API 6D
BPCL-SAP-0001088,BPCL,VLV-GT-DN150-PN20-SS316-RF,CAN-001370,DEPOT-BPCL-KCH,"Kochi Refinery, Kerala",0,591580,0,GATE_VALVE,150.0,150,ASTM A182 F316,RF,API 6D
BPCL-SAP-0001089,BPCL,VLV-GT-DN25-PN100-WCB-RF,CAN-001086,DEPOT-BPCL-BIN,"Bina Refinery, Madhya Pradesh",98,54560,508,GATE_VALVE,25.0,600,ASTM A216 WCB,RF,API 6D
BPCL-SAP-0001090,BPCL,VLV-GT-DN15-PN50-SS316-BW,CAN-001023,DEPOT-BPCL-KCH,"Kochi Refinery, Kerala",6,51620,80,GATE_VALVE,15.0,300,ASTM A182 F316,BW,API 600
BPCL-SAP-0001091,BPCL,FLG-WN-DN80-PN150-SS304-RF,CAN-000189,DEPOT-BPCL-MUM,"Mumbai Refinery, Mahul, Maharashtra",129,100420,311,FLANGE_WELD_NECK,80.0,900,ASTM A182 F304,RF,ASME B16.5
BPCL-SAP-0001092,BPCL,VLV-GT-DN15-CL1500-A105-RF,CAN-001054,DEPOT-BPCL-KCH,"Kochi Refinery, Kerala",124,58460,219,GATE_VALVE,15.0,1500,ASTM A105,RF,API 6D
BPCL-SAP-0001093,BPCL,VLV-GT-DN150-CL300-A105-BW,CAN-001380,DEPOT-BPCL-MUM,"Mumbai Refinery, Mahul, Maharashtra",80,321870,256,GATE_VALVE,150.0,300,ASTM A105,BW,API 6D
BPCL-SAP-0001094,BPCL,FLG-WN-DN250-PN100-A350LF2-RF,CAN-000339,DEPOT-BPCL-MUM,"Mumbai Refinery, Mahul, Maharashtra",88,212900,240,FLANGE_WELD_NECK,250.0,600,ASTM A350 LF2,RF,ASME B16.5
BPCL-SAP-0001095,BPCL,VLV-GL-DN100-CL150-A105-RF,CAN-001904,DEPOT-BPCL-MUM,"Mumbai Refinery, Mahul, Maharashtra",0,145500,0,GLOBE_VALVE,100.0,150,ASTM A105,RF,ASME B16.34
BPCL-SAP-0001096,BPCL,FLG-WN-DN200-PN100-A105-RTJ,CAN-000298,DEPOT-BPCL-NML,"Numaligarh Depot Base, Assam",48,99560,318,FLANGE_WELD_NECK,200.0,600,ASTM A105,RTJ,ASME B16.5
BPCL-SAP-0001097,BPCL,FLG-WN-DN40-PN100-A105-RF,CAN-000097,DEPOT-BPCL-KCH,"Kochi Refinery, Kerala",33,12280,119,FLANGE_WELD_NECK,40.0,600,ASTM A105,RF,ASME B16.5
BPCL-SAP-0001098,BPCL,VLV-GT-DN300-PN150-WCB-BW,CAN-001580,DEPOT-BPCL-MUM,"Mumbai Refinery, Mahul, Maharashtra",42,1908660,120,GATE_VALVE,300.0,900,ASTM A216 WCB,BW,API 6D
BPCL-SAP-0001099,BPCL,FLG-WN-DN150-PN150-SS316-RTJ,CAN-000272,DEPOT-BPCL-KCH,"Kochi Refinery, Kerala",87,303170,376,FLANGE_WELD_NECK,150.0,900,ASTM A182 F316,RTJ,ASME B16.5
BPCL-SAP-0001100,BPCL,VLV-BL-DN150-CL900-SS316-BW,CAN-001736,DEPOT-BPCL-BIN,"Bina Refinery, Madhya Pradesh",58,3031720,594,BALL_VALVE,150.0,900,ASTM A182 F316,BW,API 6D
BPCL-SAP-0001101,BPCL,FLG-WN-DN100-PN50-SS316-RF,CAN-000215,DEPOT-BPCL-KCH,"Kochi Refinery, Kerala",39,74310,100,FLANGE_WELD_NECK,100.0,300,ASTM A182 F316,RF,ASME B16.5
BPCL-SAP-0001102,BPCL,FLG-BLD-DN100-PN100-A105-RF,CAN-000563,DEPOT-BPCL-NML,"Numaligarh Depot Base, Assam",91,33080,741,FLANGE_BLIND,100.0,600,ASTM A105,RF,ASME B16.5
BPCL-SAP-0001103,BPCL,VLV-GT-DN25-CL1500-WCB-BW,CAN-001111,DEPOT-BPCL-MUM,"Mumbai Refinery, Mahul, Maharashtra",0,113570,0,GATE_VALVE,25.0,1500,ASTM A216 WCB,BW,API 600
BPCL-SAP-0001104,BPCL,FLG-SO-DN150-CL600-SS316-FF,CAN-000898,DEPOT-BPCL-KCH,"Kochi Refinery, Kerala",13,159400,99,FLANGE_SLIP_ON,150.0,600,ASTM A182 F316,FF,ASME B16.5
BPCL-SAP-0001105,BPCL,FLG-SO-DN200-PN20-SS316-FF,CAN-000916,DEPOT-BPCL-KCH,"Kochi Refinery, Kerala",68,76430,199,FLANGE_SLIP_ON,200.0,150,ASTM A182 F316,FF,ASME B16.5
BPCL-SAP-0001106,BPCL,FLG-WN-DN50-PN20-SS316-RF,CAN-000127,DEPOT-BPCL-NML,"Numaligarh Depot Base, Assam",44,17330,76,FLANGE_WELD_NECK,50.0,150,ASTM A182 F316,RF,ASME B16.5
BPCL-SAP-0001107,BPCL,FLG-BLD-DN15-CL150-A105-RF,CAN-000401,DEPOT-BPCL-NML,"Numaligarh Depot Base, Assam",37,920,18,FLANGE_BLIND,15.0,150,ASTM A105,RF,ASME B16.5
BPCL-SAP-0001108,BPCL,FLG-WN-DN80-CL900-SS304-RF,CAN-000189,DEPOT-BPCL-MUM,"Mumbai Refinery, Mahul, Maharashtra",13,100420,42,FLANGE_WELD_NECK,80.0,900,ASTM A182 F304,RF,ASME B16.5
BPCL-SAP-0001109,BPCL,VLV-GT-DN25-PN50-WCB-BW,CAN-001075,DEPOT-BPCL-KCH,"Kochi Refinery, Kerala",10,31330,101,GATE_VALVE,25.0,300,ASTM A216 WCB,BW,API 600
BPCL-SAP-0001110,BPCL,VLV-GT-DN80-PN250-WCB-RF,CAN-001290,DEPOT-BPCL-KCH,"Kochi Refinery, Kerala",0,515190,0,GATE_VALVE,80.0,1500,ASTM A216 WCB,RF,API 6D
BPCL-SAP-0001111,BPCL,FLG-WN-DN100-PN250-SS304-RF,CAN-000237,DEPOT-BPCL-BIN,"Bina Refinery, Madhya Pradesh",16,201980,17,FLANGE_WELD_NECK,100.0,1500,ASTM A182 F304,RF,ASME B16.5
BPCL-SAP-0001112,BPCL,VLV-GL-DN100-PN50-A105-RF,CAN-001908,DEPOT-BPCL-KCH,"Kochi Refinery, Kerala",118,253340,265,GLOBE_VALVE,100.0,300,ASTM A105,RF,ASME B16.34
BPCL-SAP-0001113,BPCL,VLV-BL-DN80-PN50-SS316-BW,CAN-001688,DEPOT-BPCL-NML,"Numaligarh Depot Base, Assam",6,556020,20,BALL_VALVE,80.0,300,ASTM A182 F316,BW,API 6D
BPCL-SAP-0001114,BPCL,VLV-BL-DN50-PN150-SS316-RF,CAN-001675,DEPOT-BPCL-KCH,"Kochi Refinery, Kerala",25,726820,103,BALL_VALVE,50.0,900,ASTM A182 F316,RF,API 6D
BPCL-SAP-0001115,BPCL,VLV-GT-DN80-CL150-WCB-BW,CAN-001244,DEPOT-BPCL-KCH,"Kochi Refinery, Kerala",30,81650,17,GATE_VALVE,80.0,150,ASTM A216 WCB,BW,API 6D
BPCL-SAP-0001116,BPCL,FLG-SO-DN100-PN250-A105-RF,CAN-000875,DEPOT-BPCL-NML,"Numaligarh Depot Base, Assam",128,61200,293,FLANGE_SLIP_ON,100.0,1500,ASTM A105,RF,ASME B16.5
BPCL-SAP-0001117,BPCL,FLG-WN-DN100-PN50-SS316-RTJ,CAN-000216,DEPOT-BPCL-MUM,"Mumbai Refinery, Mahul, Maharashtra",5,74310,96,FLANGE_WELD_NECK,100.0,300,ASTM A182 F316,RTJ,ASME B16.5
BPCL-SAP-0001118,BPCL,VLV-GT-DN250-CL1500-A105-BW,CAN-001535,DEPOT-BPCL-MUM,"Mumbai Refinery, Mahul, Maharashtra",66,2266060,668,GATE_VALVE,250.0,1500,ASTM A105,BW,API 600
BPCL-SAP-0001119,BPCL,VLV-GT-DN200-CL1500-A105-BW,CAN-001476,DEPOT-BPCL-NML,"Numaligarh Depot Base, Assam",0,1695460,0,GATE_VALVE,200.0,1500,ASTM A105,BW,API 6D
BPCL-SAP-0001120,BPCL,VLV-BL-DN250-PN100-SS316-RF,CAN-001771,DEPOT-BPCL-NML,"Numaligarh Depot Base, Assam",0,4258140,0,BALL_VALVE,250.0,600,ASTM A182 F316,RF,API 6D
BPCL-SAP-0001121,BPCL,VLV-GT-DN200-PN150-A105-RF,CAN-001461,DEPOT-BPCL-KCH,"Kochi Refinery, Kerala",108,1126700,225,GATE_VALVE,200.0,900,ASTM A105,RF,API 600
BPCL-SAP-0001122,BPCL,FLG-WN-DN15-CL600-A105-RTJ,CAN-000018,DEPOT-BPCL-NML,"Numaligarh Depot Base, Assam",36,3430,64,FLANGE_WELD_NECK,15.0,600,ASTM A105,RTJ,ASME B16.5
BPCL-SAP-0001123,BPCL,VLV-GT-DN300-CL600-A105-RF,CAN-001569,DEPOT-BPCL-BIN,"Bina Refinery, Madhya Pradesh",38,1379920,92,GATE_VALVE,300.0,600,ASTM A105,RF,API 600
BPCL-SAP-0001124,BPCL,VLV-GT-DN150-CL600-A105-RF,CAN-001389,DEPOT-BPCL-MUM,"Mumbai Refinery, Mahul, Maharashtra",8,560420,96,GATE_VALVE,150.0,600,ASTM A105,RF,API 600
BPCL-SAP-0001125,BPCL,FLG-SO-DN40-PN100-SS316-RF,CAN-000777,DEPOT-BPCL-KCH,"Kochi Refinery, Kerala",0,28590,0,FLANGE_SLIP_ON,40.0,600,ASTM A182 F316,RF,ASME B16.5
BPCL-SAP-0001126,BPCL,VLV-GT-DN250-PN250-WCB-RF,CAN-001529,DEPOT-BPCL-KCH,"Kochi Refinery, Kerala",49,2266060,100,GATE_VALVE,250.0,1500,ASTM A216 WCB,RF,API 600
BPCL-SAP-0001127,BPCL,VLV-GL-DN300-PN20-WCB-RF,CAN-001981,DEPOT-BPCL-MUM,"Mumbai Refinery, Mahul, Maharashtra",28,606940,65,GLOBE_VALVE,300.0,150,ASTM A216 WCB,RF,BS 1873
BPCL-SAP-0001128,BPCL,FLG-BLD-DN150-PN150-A350LF2-RF,CAN-000601,DEPOT-BPCL-BIN,"Bina Refinery, Madhya Pradesh",93,124020,249,FLANGE_BLIND,150.0,900,ASTM A350 LF2,RF,ASME B16.5
BPCL-SAP-0001129,BPCL,VLV-GT-DN200-PN100-A105-RF,CAN-001450,DEPOT-BPCL-BIN,"Bina Refinery, Madhya Pradesh",0,814580,0,GATE_VALVE,200.0,600,ASTM A105,RF,API 6D
BPCL-SAP-0001130,BPCL,VLV-GT-DN25-CL150-A105-RF,CAN-001065,DEPOT-BPCL-MUM,"Mumbai Refinery, Mahul, Maharashtra",49,18000,33,GATE_VALVE,25.0,150,ASTM A105,RF,API 600
BPCL-SAP-0001131,BPCL,VLV-GT-DN250-PN20-WCB-RF,CAN-001482,DEPOT-BPCL-MUM,"Mumbai Refinery, Mahul, Maharashtra",10,359140,84,GATE_VALVE,250.0,150,ASTM A216 WCB,RF,API 6D
BPCL-SAP-0001132,BPCL,VLV-GT-DN150-CL1500-WCB-BW,CAN-001411,DEPOT-BPCL-MUM,"Mumbai Refinery, Mahul, Maharashtra",99,1166450,729,GATE_VALVE,150.0,1500,ASTM A216 WCB,BW,API 600
BPCL-SAP-0001133,BPCL,VLV-GL-DN150-CL600-WCB-RF,CAN-001929,DEPOT-BPCL-NML,"Numaligarh Depot Base, Assam",44,747230,11,GLOBE_VALVE,150.0,600,ASTM A216 WCB,RF,BS 1873
BPCL-SAP-0001134,BPCL,VLV-GT-DN300-CL900-SS316-RF,CAN-001586,DEPOT-BPCL-MUM,"Mumbai Refinery, Mahul, Maharashtra",22,6107710,82,GATE_VALVE,300.0,900,ASTM A182 F316,RF,API 6D
BPCL-SAP-0001135,BPCL,VLV-GT-DN80-PN250-SS316-RF,CAN-001297,DEPOT-BPCL-MUM,"Mumbai Refinery, Mahul, Maharashtra",142,1648600,625,GATE_VALVE,80.0,1500,ASTM A182 F316,RF,API 600
BPCL-SAP-0001136,BPCL,FLG-SO-DN100-PN100-SS316-RF,CAN-000867,DEPOT-BPCL-BIN,"Bina Refinery, Madhya Pradesh",0,94100,0,FLANGE_SLIP_ON,100.0,600,ASTM A182 F316,RF,ASME B16.5
BPCL-SAP-0001137,BPCL,FLG-SO-DN40-PN50-SS304-FF,CAN-000770,DEPOT-BPCL-MUM,"Mumbai Refinery, Mahul, Maharashtra",36,12310,53,FLANGE_SLIP_ON,40.0,300,ASTM A182 F304,FF,ASME B16.5
BPCL-SAP-0001138,BPCL,VLV-GT-DN200-PN100-A105-BW,CAN-001451,DEPOT-BPCL-KCH,"Kochi Refinery, Kerala",46,814580,520,GATE_VALVE,200.0,600,ASTM A105,BW,API 600
BPCL-SAP-0001139,BPCL,VLV-GT-DN150-PN20-WCB-BW,CAN-001363,DEPOT-BPCL-BIN,"Bina Refinery, Madhya Pradesh",47,184870,120,GATE_VALVE,150.0,150,ASTM A216 WCB,BW,API 600
BPCL-SAP-0001140,BPCL,VLV-BL-DN300-CL900-SS316-BW,CAN-001796,DEPOT-BPCL-KCH,"Kochi Refinery, Kerala",8,7464990,101,BALL_VALVE,300.0,900,ASTM A182 F316,BW,API 6D
BPCL-SAP-0001141,BPCL,FLG-BLD-DN25-PN50-A105-RF,CAN-000437,DEPOT-BPCL-NML,"Numaligarh Depot Base, Assam",0,3130,0,FLANGE_BLIND,25.0,300,ASTM A105,RF,ASME B16.5
BPCL-SAP-0001142,BPCL,FLG-WN-DN40-CL600-A350LF2-RF,CAN-000099,DEPOT-BPCL-MUM,"Mumbai Refinery, Mahul, Maharashtra",0,19650,0,FLANGE_WELD_NECK,40.0,600,ASTM A350 LF2,RF,ASME B16.5
BPCL-SAP-0001143,BPCL,BLT-STUD-DN250-PN150-L7-GR7-THRD,CAN-002188,DEPOT-BPCL-NML,"Numaligarh Depot Base, Assam",28,46840,60,STUD_BOLT,250.0,900,ASTM A320 L7 / A194 7,THRD,ASME B18.2.1
BPCL-SAP-0001144,BPCL,FLG-WN-DN150-PN50-SS304-RF,CAN-000253,DEPOT-BPCL-BIN,"Bina Refinery, Madhya Pradesh",103,94410,256,FLANGE_WELD_NECK,150.0,300,ASTM A182 F304,RF,ASME B16.5
BPCL-SAP-0001145,BPCL,FLG-WN-DN150-PN250-A105-RTJ,CAN-000274,DEPOT-BPCL-KCH,"Kochi Refinery, Kerala",49,142560,73,FLANGE_WELD_NECK,150.0,1500,ASTM A105,RTJ,ASME B16.5
BPCL-SAP-0001146,BPCL,VLV-GT-DN15-CL300-SS316-BW,CAN-001023,DEPOT-BPCL-KCH,"Kochi Refinery, Kerala",38,51620,23,GATE_VALVE,15.0,300,ASTM A182 F316,BW,API 600
BPCL-SAP-0001147,BPCL,VLV-BL-DN25-CL900-SS316-RF,CAN-001635,DEPOT-BPCL-NML,"Numaligarh Depot Base, Assam",50,295180,13,BALL_VALVE,25.0,900,ASTM A182 F316,RF,API 6D
BPCL-SAP-0001148,BPCL,FLG-WN-DN50-CL600-SS304-RF,CAN-000141,DEPOT-BPCL-MUM,"Mumbai Refinery, Mahul, Maharashtra",49,39410,183,FLANGE_WELD_NECK,50.0,600,ASTM A182 F304,RF,ASME B16.5
BPCL-SAP-0001149,BPCL,VLV-GT-DN200-CL300-WCB-BW,CAN-001436,DEPOT-BPCL-KCH,"Kochi Refinery, Kerala",21,467850,694,GATE_VALVE,200.0,300,ASTM A216 WCB,BW,API 6D
BPCL-SAP-0001150,BPCL,VLV-GL-DN100-CL150-A105-RF,CAN-001903,DEPOT-BPCL-KCH,"Kochi Refinery, Kerala",11,145500,114,GLOBE_VALVE,100.0,150,ASTM A105,RF,BS 1873
BPCL-SAP-0001151,BPCL,FLG-BLD-DN100-PN100-A105-RTJ,CAN-000564,DEPOT-BPCL-MUM,"Mumbai Refinery, Mahul, Maharashtra",44,33080,13,FLANGE_BLIND,100.0,600,ASTM A105,RTJ,ASME B16.5
BPCL-SAP-0001152,BPCL,VLV-BL-DN50-PN100-WCB-BW,CAN-001670,DEPOT-BPCL-BIN,"Bina Refinery, Madhya Pradesh",38,164210,78,BALL_VALVE,50.0,600,ASTM A216 WCB,BW,API 6D
BPCL-SAP-0001153,BPCL,FLG-BLD-DN50-PN250-A350LF2-RTJ,CAN-000518,DEPOT-BPCL-BIN,"Bina Refinery, Madhya Pradesh",0,44740,0,FLANGE_BLIND,50.0,1500,ASTM A350 LF2,RTJ,ASME B16.5
BPCL-SAP-0001154,BPCL,FLG-BLD-DN50-PN150-A350LF2-RF,CAN-000511,DEPOT-BPCL-MUM,"Mumbai Refinery, Mahul, Maharashtra",36,29730,60,FLANGE_BLIND,50.0,900,ASTM A350 LF2,RF,ASME B16.5
BPCL-SAP-0001155,BPCL,FLG-SO-DN250-CL300-SS316-RF,CAN-000951,DEPOT-BPCL-BIN,"Bina Refinery, Madhya Pradesh",32,177860,467,FLANGE_SLIP_ON,250.0,300,ASTM A182 F316,RF,ASME B16.5
BPCL-SAP-0001156,BPCL,FLG-SO-DN80-CL150-A105-RF,CAN-000821,DEPOT-BPCL-BIN,"Bina Refinery, Madhya Pradesh",122,7250,256,FLANGE_SLIP_ON,80.0,150,ASTM A105,RF,ASME B16.5
BPCL-SAP-0001157,BPCL,FLG-SO-DN300-PN100-SS304-RF,CAN-000985,DEPOT-BPCL-KCH,"Kochi Refinery, Kerala",0,294380,0,FLANGE_SLIP_ON,300.0,600,ASTM A182 F304,RF,ASME B16.5
BPCL-SAP-0001158,BPCL,VLV-GT-DN25-CL150-A105-RF,CAN-001065,DEPOT-BPCL-NML,"Numaligarh Depot Base, Assam",33,18000,26,GATE_VALVE,25.0,150,ASTM A105,RF,API 600
BPCL-SAP-0001159,BPCL,FLG-SO-DN300-PN50-A105-FF,CAN-000978,DEPOT-BPCL-MUM,"Mumbai Refinery, Mahul, Maharashtra",46,70440,111,FLANGE_SLIP_ON,300.0,300,ASTM A105,FF,ASME B16.5
BPCL-SAP-0001160,BPCL,FLG-BLD-DN100-PN20-A105-RTJ,CAN-000552,DEPOT-BPCL-MUM,"Mumbai Refinery, Mahul, Maharashtra",0,10910,0,FLANGE_BLIND,100.0,150,ASTM A105,RTJ,ASME B16.5
BPCL-SAP-0001161,BPCL,VLV-GT-DN300-CL1500-WCB-RF,CAN-001589,DEPOT-BPCL-KCH,"Kochi Refinery, Kerala",24,2872150,118,GATE_VALVE,300.0,1500,ASTM A216 WCB,RF,API 600
BPCL-SAP-0001162,BPCL,VLV-GL-DN15-PN50-WCB-RF,CAN-001806,DEPOT-BPCL-BIN,"Bina Refinery, Madhya Pradesh",56,21500,273,GLOBE_VALVE,15.0,300,ASTM A216 WCB,RF,ASME B16.34
BPCL-SAP-0001163,BPCL,FLG-SO-DN100-PN20-SS304-FF,CAN-000854,DEPOT-BPCL-BIN,"Bina Refinery, Madhya Pradesh",37,23280,113,FLANGE_SLIP_ON,100.0,150,ASTM A182 F304,FF,ASME B16.5
BPCL-SAP-0001164,BPCL,VLV-GL-DN25-PN150-WCB-RF,CAN-001833,DEPOT-BPCL-BIN,"Bina Refinery, Madhya Pradesh",75,100630,376,GLOBE_VALVE,25.0,900,ASTM A216 WCB,RF,BS 1873
BPCL-SAP-0001165,BPCL,FLG-SO-DN25-PN50-A105-RF,CAN-000737,DEPOT-BPCL-NML,"Numaligarh Depot Base, Assam",110,2780,374,FLANGE_SLIP_ON,25.0,300,ASTM A105,RF,ASME B16.5
BPCL-SAP-0001166,BPCL,VLV-GL-DN50-PN250-A105-RF,CAN-001880,DEPOT-BPCL-MUM,"Mumbai Refinery, Mahul, Maharashtra",16,372860,39,GLOBE_VALVE,50.0,1500,ASTM A105,RF,ASME B16.34
BPCL-SAP-0001167,BPCL,FLG-SO-DN15-PN50-SS304-FF,CAN-000710,DEPOT-BPCL-NML,"Numaligarh Depot Base, Assam",45,3440,48,FLANGE_SLIP_ON,15.0,300,ASTM A182 F304,FF,ASME B16.5
BPCL-SAP-0001168,BPCL,FLG-BLD-DN25-CL1500-A105-RF,CAN-000455,DEPOT-BPCL-KCH,"Kochi Refinery, Kerala",77,11350,631,FLANGE_BLIND,25.0,1500,ASTM A105,RF,ASME B16.5
BPCL-SAP-0001169,BPCL,FLG-WN-DN50-PN250-A105-RTJ,CAN-000154,DEPOT-BPCL-NML,"Numaligarh Depot Base, Assam",29,34170,243,FLANGE_WELD_NECK,50.0,1500,ASTM A105,RTJ,ASME B16.5
BPCL-SAP-0001170,BPCL,FLG-BLD-DN250-PN150-A105-RTJ,CAN-000660,DEPOT-BPCL-NML,"Numaligarh Depot Base, Assam",34,150580,87,FLANGE_BLIND,250.0,900,ASTM A105,RTJ,ASME B16.5
BPCL-SAP-0001171,BPCL,VLV-GT-DN200-CL150-WCB-BW,CAN-001424,DEPOT-BPCL-NML,"Numaligarh Depot Base, Assam",46,268710,721,GATE_VALVE,200.0,150,ASTM A216 WCB,BW,API 6D
BPCL-SAP-0001172,BPCL,FLG-SO-DN250-PN150-SS316-RF,CAN-000963,DEPOT-BPCL-BIN,"Bina Refinery, Madhya Pradesh",0,428340,0,FLANGE_SLIP_ON,250.0,900,ASTM A182 F316,RF,ASME B16.5
BPCL-SAP-0001173,BPCL,FLG-WN-DN100-PN20-A350LF2-RF,CAN-000203,DEPOT-BPCL-MUM,"Mumbai Refinery, Mahul, Maharashtra",0,21340,0,FLANGE_WELD_NECK,100.0,150,ASTM A350 LF2,RF,ASME B16.5
BPCL-SAP-0001174,BPCL,FLG-WN-DN15-PN20-A350LF2-RF,CAN-000003,DEPOT-BPCL-KCH,"Kochi Refinery, Kerala",39,1810,111,FLANGE_WELD_NECK,15.0,150,ASTM A350 LF2,RF,ASME B16.5
BPCL-SAP-0001175,BPCL,GSKT-SW-DN15-CL900-SS304-GR-RF,CAN-002008,DEPOT-BPCL-KCH,"Kochi Refinery, Kerala",47,3360,20,SPIRAL_WOUND_GASKET,15.0,900,SS304 / GRAPHITE,RF,ASME B16.20
BPCL-SAP-0001176,BPCL,FLG-WN-DN80-CL150-SS304-RTJ,CAN-000166,DEPOT-BPCL-KCH,"Kochi Refinery, Kerala",0,23950,0,FLANGE_WELD_NECK,80.0,150,ASTM A182 F304,RTJ,ASME B16.5
BPCL-SAP-0001177,BPCL,VLV-GL-DN250-PN100-WCB-RF,CAN-001970,DEPOT-BPCL-NML,"Numaligarh Depot Base, Assam",5,1451640,115,GLOBE_VALVE,250.0,600,ASTM A216 WCB,RF,ASME B16.34
BPCL-SAP-0001178,BPCL,VLV-GT-DN150-PN50-SS316-RF,CAN-001382,DEPOT-BPCL-NML,"Numaligarh Depot Base, Assam",0,1030010,0,GATE_VALVE,150.0,300,ASTM A182 F316,RF,API 6D
BPCL-SAP-0001179,BPCL,VLV-GL-DN100-CL600-WCB-RF,CAN-001909,DEPOT-BPCL-NML,"Numaligarh Depot Base, Assam",149,441100,636,GLOBE_VALVE,100.0,600,ASTM A216 WCB,RF,BS 1873
BPCL-SAP-0001180,BPCL,FLG-WN-DN25-PN150-A105-RTJ,CAN-000066,DEPOT-BPCL-KCH,"Kochi Refinery, Kerala",53,9220,558,FLANGE_WELD_NECK,25.0,900,ASTM A105,RTJ,ASME B16.5
BPCL-SAP-0001181,BPCL,VLV-BL-DN150-PN150-SS316-RF,CAN-001735,DEPOT-BPCL-BIN,"Bina Refinery, Madhya Pradesh",41,3031720,37,BALL_VALVE,150.0,900,ASTM A182 F316,RF,API 6D
BPCL-SAP-0001182,BPCL,FLG-WN-DN80-PN150-A350LF2-RTJ,CAN-000188,DEPOT-BPCL-BIN,"Bina Refinery, Madhya Pradesh",45,66950,15,FLANGE_WELD_NECK,80.0,900,ASTM A350 LF2,RTJ,ASME B16.5
BPCL-SAP-0001183,BPCL,VLV-GT-DN200-PN100-SS316-RF,CAN-001453,DEPOT-BPCL-BIN,"Bina Refinery, Madhya Pradesh",106,2606670,198,GATE_VALVE,200.0,600,ASTM A182 F316,RF,API 600
BPCL-SAP-0001184,BPCL,VLV-GT-DN80-PN100-A105-RF,CAN-001269,DEPOT-BPCL-NML,"Numaligarh Depot Base, Assam",0,247520,0,GATE_VALVE,80.0,600,ASTM A105,RF,API 600
BPCL-SAP-0001185,BPCL,FLG-WN-DN25-PN250-SS304-RTJ,CAN-000078,DEPOT-BPCL-KCH,"Kochi Refinery, Kerala",116,33310,579,FLANGE_WELD_NECK,25.0,1500,ASTM A182 F304,RTJ,ASME B16.5
BPCL-SAP-0001186,BPCL,VLV-GL-DN40-PN150-WCB-RF,CAN-001854,DEPOT-BPCL-MUM,"Mumbai Refinery, Mahul, Maharashtra",21,185390,47,GLOBE_VALVE,40.0,900,ASTM A216 WCB,RF,ASME B16.34
BPCL-SAP-0001187,BPCL,BLT-STUD-DN300-PN50-B7-2H-THRD,CAN-002193,DEPOT-BPCL-NML,"Numaligarh Depot Base, Assam",55,15410,594,STUD_BOLT,300.0,300,ASTM A193 B7 / A194 2H,THRD,ASME B18.2.1
BPCL-SAP-0001188,BPCL,FLG-SO-DN100-PN100-SS304-RF,CAN-000865,DEPOT-BPCL-KCH,"Kochi Refinery, Kerala",0,70570,0,FLANGE_SLIP_ON,100.0,600,ASTM A182 F304,RF,ASME B16.5
BPCL-SAP-0001189,BPCL,VLV-GT-DN300-PN50-A105-RF,CAN-001558,DEPOT-BPCL-KCH,"Kochi Refinery, Kerala",108,792550,386,GATE_VALVE,300.0,300,ASTM A105,RF,API 6D
BPCL-SAP-0001190,BPCL,FLG-SO-DN150-CL1500-SS304-FF,CAN-000908,DEPOT-BPCL-MUM,"Mumbai Refinery, Mahul, Maharashtra",43,248840,112,FLANGE_SLIP_ON,150.0,1500,ASTM A182 F304,FF,ASME B16.5
BPCL-SAP-0001191,BPCL,VLV-BL-DN50-PN250-SS316-RF,CAN-001679,DEPOT-BPCL-MUM,"Mumbai Refinery, Mahul, Maharashtra",147,1093730,708,BALL_VALVE,50.0,1500,ASTM A182 F316,RF,API 6D
BPCL-SAP-0001192,BPCL,VLV-GL-DN25-PN100-A105-RF,CAN-001832,DEPOT-BPCL-MUM,"Mumbai Refinery, Mahul, Maharashtra",0,72750,0,GLOBE_VALVE,25.0,600,ASTM A105,RF,ASME B16.34
BPCL-SAP-0001193,BPCL,FLG-BLD-DN150-CL900-A350LF2-RF,CAN-000601,DEPOT-BPCL-KCH,"Kochi Refinery, Kerala",81,124020,463,FLANGE_BLIND,150.0,900,ASTM A350 LF2,RF,ASME B16.5
BPCL-SAP-0001194,BPCL,FLG-WN-DN250-PN50-SS304-RTJ,CAN-000334,DEPOT-BPCL-MUM,"Mumbai Refinery, Mahul, Maharashtra",0,183420,0,FLANGE_WELD_NECK,250.0,300,ASTM A182 F304,RTJ,ASME B16.5
BPCL-SAP-0001195,BPCL,VLV-GL-DN40-PN250-A105-RF,CAN-001859,DEPOT-BPCL-BIN,"Bina Refinery, Madhya Pradesh",10,278970,75,GLOBE_VALVE,40.0,1500,ASTM A105,RF,BS 1873
BPCL-SAP-0001196,BPCL,GSKT-SW-DN25-CL900-SS316-GR-RF,CAN-002017,DEPOT-BPCL-NML,"Numaligarh Depot Base, Assam",11,8720,48,SPIRAL_WOUND_GASKET,25.0,900,SS316 / GRAPHITE,RF,ASME B16.20
BPCL-SAP-0001197,BPCL,FLG-WN-DN80-PN250-SS316-RF,CAN-000199,DEPOT-BPCL-BIN,"Bina Refinery, Madhya Pradesh",0,201490,0,FLANGE_WELD_NECK,80.0,1500,ASTM A182 F316,RF,ASME B16.5
BPCL-SAP-0001198,BPCL,FLG-WN-DN150-CL600-SS316-RTJ,CAN-000264,DEPOT-BPCL-NML,"Numaligarh Depot Base, Assam",98,219180,407,FLANGE_WELD_NECK,150.0,600,ASTM A182 F316,RTJ,ASME B16.5
BPCL-SAP-0001199,BPCL,GSKT-SW-DN100-PN250-SS316-GR-RF,CAN-002059,DEPOT-BPCL-KCH,"Kochi Refinery, Kerala",0,79560,0,SPIRAL_WOUND_GASKET,100.0,1500,SS316 / GRAPHITE,RF,ASME B16.20
BPCL-SAP-0001200,BPCL,FLG-BLD-DN200-CL1500-A350LF2-RTJ,CAN-000638,DEPOT-BPCL-BIN,"Bina Refinery, Madhya Pradesh",35,271270,236,FLANGE_BLIND,200.0,1500,ASTM A350 LF2,RTJ,ASME B16.5
BPCL-SAP-0001201,BPCL,FLG-BLD-DN50-PN100-SS316-RF,CAN-000507,DEPOT-BPCL-NML,"Numaligarh Depot Base, Assam",26,42990,52,FLANGE_BLIND,50.0,600,ASTM A182 F316,RF,ASME B16.5
BPCL-SAP-0001202,BPCL,FLG-SO-DN100-CL300-SS304-RF,CAN-000859,DEPOT-BPCL-BIN,"Bina Refinery, Madhya Pradesh",0,40530,0,FLANGE_SLIP_ON,100.0,300,ASTM A182 F304,RF,ASME B16.5
BPCL-SAP-0001203,BPCL,VLV-GT-DN25-PN150-A105-RF,CAN-001101,DEPOT-BPCL-NML,"Numaligarh Depot Base, Assam",118,75470,241,GATE_VALVE,25.0,900,ASTM A105,RF,API 600
BPCL-SAP-0001204,BPCL,VLV-BL-DN300-PN20-WCB-BW,CAN-001782,DEPOT-BPCL-NML,"Numaligarh Depot Base, Assam",73,556360,402,BALL_VALVE,300.0,150,ASTM A216 WCB,BW,API 6D
BPCL-SAP-0001205,BPCL,VLV-BL-DN150-PN20-WCB-BW,CAN-001722,DEPOT-BPCL-MUM,"Mumbai Refinery, Mahul, Maharashtra",21,225950,70,BALL_VALVE,150.0,150,ASTM A216 WCB,BW,API 6D
BPCL-SAP-0001206,BPCL,VLV-BL-DN15-CL1500-WCB-BW,CAN-001618,DEPOT-BPCL-BIN,"Bina Refinery, Madhya Pradesh",43,71450,624,BALL_VALVE,15.0,1500,ASTM A216 WCB,BW,API 6D
BPCL-SAP-0001207,BPCL,FLG-BLD-DN40-PN150-A105-RTJ,CAN-000480,DEPOT-BPCL-KCH,"Kochi Refinery, Kerala",32,13900,63,FLANGE_BLIND,40.0,900,ASTM A105,RTJ,ASME B16.5
BPCL-SAP-0001208,BPCL,FLG-SO-DN40-PN50-A105-RF,CAN-000767,DEPOT-BPCL-BIN,"Bina Refinery, Madhya Pradesh",49,5130,30,FLANGE_SLIP_ON,40.0,300,ASTM A105,RF,ASME B16.5
BPCL-SAP-0001209,BPCL,FLG-BLD-DN25-PN20-A350LF2-RTJ,CAN-000434,DEPOT-BPCL-BIN,"Bina Refinery, Madhya Pradesh",31,2880,48,FLANGE_BLIND,25.0,150,ASTM A350 LF2,RTJ,ASME B16.5
BPCL-SAP-0001210,BPCL,GSKT-SW-DN80-PN150-SS316-GR-RF,CAN-002047,DEPOT-BPCL-MUM,"Mumbai Refinery, Mahul, Maharashtra",15,39560,99,SPIRAL_WOUND_GASKET,80.0,900,SS316 / GRAPHITE,RF,ASME B16.20
BPCL-SAP-0001211,BPCL,VLV-GL-DN50-PN50-WCB-RF,CAN-001865,DEPOT-BPCL-BIN,"Bina Refinery, Madhya Pradesh",141,102890,387,GLOBE_VALVE,50.0,300,ASTM A216 WCB,RF,BS 1873
BPCL-SAP-0001212,BPCL,VLV-GT-DN80-CL300-SS316-RF,CAN-001261,DEPOT-BPCL-NML,"Numaligarh Depot Base, Assam",0,454920,0,GATE_VALVE,80.0,300,ASTM A182 F316,RF,API 600
BPCL-SAP-0001213,BPCL,VLV-GT-DN300-PN100-SS316-RF,CAN-001574,DEPOT-BPCL-NML,"Numaligarh Depot Base, Assam",0,4415760,0,GATE_VALVE,300.0,600,ASTM A182 F316,RF,API 6D
BPCL-SAP-0001214,BPCL,VLV-GL-DN200-PN20-A105-RF,CAN-001944,DEPOT-BPCL-BIN,"Bina Refinery, Madhya Pradesh",116,358280,493,GLOBE_VALVE,200.0,150,ASTM A105,RF,ASME B16.34
BPCL-SAP-0001215,BPCL,FLG-SO-DN15-CL600-SS316-FF,CAN-000718,DEPOT-BPCL-MUM,"Mumbai Refinery, Mahul, Maharashtra",0,7980,0,FLANGE_SLIP_ON,15.0,600,ASTM A182 F316,FF,ASME B16.5
BPCL-SAP-0001216,BPCL,FLG-SO-DN300-PN50-SS316-RF,CAN-000981,DEPOT-BPCL-KCH,"Kochi Refinery, Kerala",48,225430,75,FLANGE_SLIP_ON,300.0,300,ASTM A182 F316,RF,ASME B16.5
BPCL-SAP-0001217,BPCL,VLV-BL-DN15-PN250-SS316-BW,CAN-001620,DEPOT-BPCL-BIN,"Bina Refinery, Madhya Pradesh",129,228640,309,BALL_VALVE,15.0,1500,ASTM A182 F316,BW,API 6D
BPCL-SAP-0001218,BPCL,FLG-SO-DN80-PN100-SS304-FF,CAN-000836,DEPOT-BPCL-KCH,"Kochi Refinery, Kerala",40,52800,70,FLANGE_SLIP_ON,80.0,600,ASTM A182 F304,FF,ASME B16.5
BPCL-SAP-0001219,BPCL,FLG-BLD-DN25-PN250-A105-RTJ,CAN-000456,DEPOT-BPCL-NML,"Numaligarh Depot Base, Assam",5,11350,27,FLANGE_BLIND,25.0,1500,ASTM A105,RTJ,ASME B16.5
BPCL-SAP-0001220,BPCL,VLV-BL-DN15-CL300-WCB-RF,CAN-001605,DEPOT-BPCL-NML,"Numaligarh Depot Base, Assam",92,19710,532,BALL_VALVE,15.0,300,ASTM A216 WCB,RF,API 6D
BPCL-SAP-0001221,BPCL,VLV-GT-DN15-CL900-SS316-RF,CAN-001045,DEPOT-BPCL-KCH,"Kochi Refinery, Kerala",47,124310,10,GATE_VALVE,15.0,900,ASTM A182 F316,RF,API 600
BPCL-SAP-0001222,BPCL,VLV-GT-DN50-PN250-A105-RF,CAN-001233,DEPOT-BPCL-KCH,"Kochi Refinery, Kerala",27,279640,112,GATE_VALVE,50.0,1500,ASTM A105,RF,API 600
BPCL-SAP-0001223,BPCL,FLG-WN-DN100-PN20-SS304-RTJ,CAN-000206,DEPOT-BPCL-NML,"Numaligarh Depot Base, Assam",66,32010,408,FLANGE_WELD_NECK,100.0,150,ASTM A182 F304,RTJ,ASME B16.5
BPCL-SAP-0001224,BPCL,FLG-WN-DN50-PN20-A105-RTJ,CAN-000122,DEPOT-BPCL-NML,"Numaligarh Depot Base, Assam",29,5410,32,FLANGE_WELD_NECK,50.0,150,ASTM A105,RTJ,ASME B16.5
BPCL-SAP-0001225,BPCL,VLV-GT-DN25-PN150-WCB-BW,CAN-001099,DEPOT-BPCL-BIN,"Bina Refinery, Madhya Pradesh",21,75470,11,GATE_VALVE,25.0,900,ASTM A216 WCB,BW,API 600
BPCL-SAP-0001226,BPCL,VLV-GT-DN40-CL600-A105-RF,CAN-001150,DEPOT-BPCL-BIN,"Bina Refinery, Madhya Pradesh",37,100520,106,GATE_VALVE,40.0,600,ASTM A105,RF,API 6D
BPCL-SAP-0001227,BPCL,FLG-BLD-DN50-PN20-A350LF2-RF,CAN-000493,DEPOT-BPCL-KCH,"Kochi Refinery, Kerala",28,7090,89,FLANGE_BLIND,50.0,150,ASTM A350 LF2,RF,ASME B16.5
BPCL-SAP-0001228,BPCL,VLV-GT-DN100-CL150-SS316-RF,CAN-001310,DEPOT-BPCL-KCH,"Kochi Refinery, Kerala",24,349220,90,GATE_VALVE,100.0,150,ASTM A182 F316,RF,API 6D
BPCL-SAP-0001229,BPCL,VLV-BL-DN300-PN50-WCB-BW,CAN-001786,DEPOT-BPCL-KCH,"Kochi Refinery, Kerala",42,968680,43,BALL_VALVE,300.0,300,ASTM A216 WCB,BW,API 6D
BPCL-SAP-0001230,BPCL,VLV-GL-DN40-PN100-A105-RF,CAN-001851,DEPOT-BPCL-BIN,"Bina Refinery, Madhya Pradesh",21,134030,73,GLOBE_VALVE,40.0,600,ASTM A105,RF,BS 1873
BPCL-SAP-0001231,BPCL,FLG-BLD-DN150-PN50-A350LF2-RTJ,CAN-000590,DEPOT-BPCL-BIN,"Bina Refinery, Madhya Pradesh",50,51500,99,FLANGE_BLIND,150.0,300,ASTM A350 LF2,RTJ,ASME B16.5
BPCL-SAP-0001232,BPCL,VLV-GT-DN300-CL1500-SS316-RF,CAN-001598,DEPOT-BPCL-MUM,"Mumbai Refinery, Mahul, Maharashtra",0,9190900,0,GATE_VALVE,300.0,1500,ASTM A182 F316,RF,API 6D
BPCL-SAP-0001233,BPCL,VLV-BL-DN40-PN100-WCB-RF,CAN-001649,DEPOT-BPCL-NML,"Numaligarh Depot Base, Assam",49,122860,87,BALL_VALVE,40.0,600,ASTM A216 WCB,RF,API 6D
BPCL-SAP-0001234,BPCL,BLT-STUD-DN40-CL300-L7-GR7-THRD,CAN-002124,DEPOT-BPCL-NML,"Numaligarh Depot Base, Assam",0,1790,0,STUD_BOLT,40.0,300,ASTM A320 L7 / A194 7,THRD,ASME B18.2.1
BPCL-SAP-0001235,BPCL,FLG-WN-DN50-PN250-SS316-RF,CAN-000159,DEPOT-BPCL-BIN,"Bina Refinery, Madhya Pradesh",57,109370,711,FLANGE_WELD_NECK,50.0,1500,ASTM A182 F316,RF,ASME B16.5
BPCL-SAP-0001236,BPCL,VLV-GT-DN250-PN50-WCB-BW,CAN-001496,DEPOT-BPCL-BIN,"Bina Refinery, Madhya Pradesh",79,625310,457,GATE_VALVE,250.0,300,ASTM A216 WCB,BW,API 6D
BPCL-SAP-0001237,BPCL,FLG-WN-DN80-PN250-A105-RTJ,CAN-000194,DEPOT-BPCL-BIN,"Bina Refinery, Madhya Pradesh",0,62960,0,FLANGE_WELD_NECK,80.0,1500,ASTM A105,RTJ,ASME B16.5
BPCL-SAP-0001238,BPCL,VLV-GT-DN100-CL900-A105-RF,CAN-001341,DEPOT-BPCL-NML,"Numaligarh Depot Base, Assam",81,457580,742,GATE_VALVE,100.0,900,ASTM A105,RF,API 600
BPCL-SAP-0001239,BPCL,VLV-GT-DN150-CL900-SS316-RF,CAN-001406,DEPOT-BPCL-BIN,"Bina Refinery, Madhya Pradesh",65,2480500,467,GATE_VALVE,150.0,900,ASTM A182 F316,RF,API 6D
BPCL-SAP-0001240,BPCL,VLV-GT-DN100-CL900-WCB-RF,CAN-001337,DEPOT-BPCL-BIN,"Bina Refinery, Madhya Pradesh",21,457580,488,GATE_VALVE,100.0,900,ASTM A216 WCB,RF,API 600
BPCL-SAP-0001241,BPCL,VLV-GT-DN200-PN50-SS316-BW,CAN-001444,DEPOT-BPCL-NML,"Numaligarh Depot Base, Assam",31,1497140,732,GATE_VALVE,200.0,300,ASTM A182 F316,BW,API 6D
BPCL-SAP-0001242,BPCL,VLV-GT-DN200-PN250-A105-BW,CAN-001475,DEPOT-BPCL-NML,"Numaligarh Depot Base, Assam",0,1695460,0,GATE_VALVE,200.0,1500,ASTM A105,BW,API 600
BPCL-SAP-0001243,BPCL,FLG-BLD-DN80-PN20-A105-RF,CAN-000521,DEPOT-BPCL-BIN,"Bina Refinery, Madhya Pradesh",64,8160,679,FLANGE_BLIND,80.0,150,ASTM A105,RF,ASME B16.5
BPCL-SAP-0001244,BPCL,VLV-BL-DN80-CL1500-WCB-RF,CAN-001697,DEPOT-BPCL-NML,"Numaligarh Depot Base, Assam",46,629670,294,BALL_VALVE,80.0,1500,ASTM A216 WCB,RF,API 6D
BPCL-SAP-0001245,BPCL,FLG-SO-DN100-CL900-A105-RF,CAN-000869,DEPOT-BPCL-NML,"Numaligarh Depot Base, Assam",0,40670,0,FLANGE_SLIP_ON,100.0,900,ASTM A105,RF,ASME B16.5
BPCL-SAP-0001246,BPCL,VLV-GL-DN80-PN150-WCB-RF,CAN-001894,DEPOT-BPCL-MUM,"Mumbai Refinery, Mahul, Maharashtra",31,456480,25,GLOBE_VALVE,80.0,900,ASTM A216 WCB,RF,ASME B16.34
BPCL-SAP-0001247,BPCL,GSKT-SW-DN25-PN150-SS316-GR-RF,CAN-002017,DEPOT-BPCL-NML,"Numaligarh Depot Base, Assam",0,8720,0,SPIRAL_WOUND_GASKET,25.0,900,SS316 / GRAPHITE,RF,ASME B16.20
BPCL-SAP-0001248,BPCL,FLG-SO-DN25-PN20-SS316-RF,CAN-000735,DEPOT-BPCL-KCH,"Kochi Refinery, Kerala",35,5120,118,FLANGE_SLIP_ON,25.0,150,ASTM A182 F316,RF,ASME B16.5
BPCL-SAP-0001249,BPCL,VLV-GT-DN250-CL1500-A105-BW,CAN-001536,DEPOT-BPCL-NML,"Numaligarh Depot Base, Assam",0,2266060,0,GATE_VALVE,250.0,1500,ASTM A105,BW,API 6D
BPCL-SAP-0001250,BPCL,FLG-BLD-DN100-CL600-A105-RF,CAN-000563,DEPOT-BPCL-KCH,"Kochi Refinery, Kerala",50,33080,587,FLANGE_BLIND,100.0,600,ASTM A105,RF,ASME B16.5
BPCL-SAP-0001251,BPCL,VLV-GT-DN80-PN150-WCB-RF,CAN-001277,DEPOT-BPCL-MUM,"Mumbai Refinery, Mahul, Maharashtra",24,342360,105,GATE_VALVE,80.0,900,ASTM A216 WCB,RF,API 600
BPCL-SAP-0001252,BPCL,VLV-BL-DN50-PN250-WCB-RF,CAN-001677,DEPOT-BPCL-NML,"Numaligarh Depot Base, Assam",39,341790,76,BALL_VALVE,50.0,1500,ASTM A216 WCB,RF,API 6D
BPCL-SAP-0001253,BPCL,VLV-GT-DN80-PN150-A105-BW,CAN-001283,DEPOT-BPCL-NML,"Numaligarh Depot Base, Assam",30,342360,32,GATE_VALVE,80.0,900,ASTM A105,BW,API 600
BPCL-SAP-0001254,BPCL,FLG-WN-DN50-PN100-A350LF2-RTJ,CAN-000140,DEPOT-BPCL-MUM,"Mumbai Refinery, Mahul, Maharashtra",16,26270,49,FLANGE_WELD_NECK,50.0,600,ASTM A350 LF2,RTJ,ASME B16.5
BPCL-SAP-0001255,BPCL,VLV-GT-DN100-PN100-A105-BW,CAN-001332,DEPOT-BPCL-KCH,"Kochi Refinery, Kerala",0,330820,0,GATE_VALVE,100.0,600,ASTM A105,BW,API 6D
BPCL-SAP-0001256,BPCL,FLG-SO-DN25-PN50-SS316-FF,CAN-000742,DEPOT-BPCL-NML,"Numaligarh Depot Base, Assam",48,8910,68,FLANGE_SLIP_ON,25.0,300,ASTM A182 F316,FF,ASME B16.5
BPCL-SAP-0001257,BPCL,VLV-GL-DN200-CL900-A105-RF,CAN-001956,DEPOT-BPCL-NML,"Numaligarh Depot Base, Assam",0,1502270,0,GLOBE_VALVE,200.0,900,ASTM A105,RF,ASME B16.34
BPCL-SAP-0001258,BPCL,FLG-SO-DN150-CL150-A105-FF,CAN-000882,DEPOT-BPCL-BIN,"Bina Refinery, Madhya Pradesh",14,16430,52,FLANGE_SLIP_ON,150.0,150,ASTM A105,FF,ASME B16.5
BPCL-SAP-0001259,BPCL,BLT-STUD-DN300-PN150-L7-GR7-THRD,CAN-002198,DEPOT-BPCL-BIN,"Bina Refinery, Madhya Pradesh",17,59380,50,STUD_BOLT,300.0,900,ASTM A320 L7 / A194 7,THRD,ASME B18.2.1
BPCL-SAP-0001260,BPCL,FLG-WN-DN50-PN50-SS316-RTJ,CAN-000136,DEPOT-BPCL-MUM,"Mumbai Refinery, Mahul, Maharashtra",26,30180,373,FLANGE_WELD_NECK,50.0,300,ASTM A182 F316,RTJ,ASME B16.5
BPCL-SAP-0001261,BPCL,FLG-SO-DN100-CL600-SS316-RF,CAN-000867,DEPOT-BPCL-MUM,"Mumbai Refinery, Mahul, Maharashtra",0,94100,0,FLANGE_SLIP_ON,100.0,600,ASTM A182 F316,RF,ASME B16.5
BPCL-SAP-0001262,BPCL,FLG-SO-DN100-PN50-SS304-RF,CAN-000859,DEPOT-BPCL-BIN,"Bina Refinery, Madhya Pradesh",13,40530,46,FLANGE_SLIP_ON,100.0,300,ASTM A182 F304,RF,ASME B16.5
BPCL-SAP-0001263,BPCL,VLV-GT-DN300-PN100-WCB-RF,CAN-001565,DEPOT-BPCL-MUM,"Mumbai Refinery, Mahul, Maharashtra",108,1379920,502,GATE_VALVE,300.0,600,ASTM A216 WCB,RF,API 600
BPCL-SAP-0001264,BPCL,FLG-WN-DN150-PN100-A350LF2-RTJ,CAN-000260,DEPOT-BPCL-KCH,"Kochi Refinery, Kerala",36,109590,750,FLANGE_WELD_NECK,150.0,600,ASTM A350 LF2,RTJ,ASME B16.5
BPCL-SAP-0001265,BPCL,BLT-STUD-DN200-CL1500-L7-GR7-THRD,CAN-002180,DEPOT-BPCL-BIN,"Bina Refinery, Madhya Pradesh",0,52740,0,STUD_BOLT,200.0,1500,ASTM A320 L7 / A194 7,THRD,ASME B18.2.1
BPCL-SAP-0001266,BPCL,FLG-SO-DN40-CL1500-SS316-FF,CAN-000790,DEPOT-BPCL-MUM,"Mumbai Refinery, Mahul, Maharashtra",6,59510,65,FLANGE_SLIP_ON,40.0,1500,ASTM A182 F316,FF,ASME B16.5
BPCL-SAP-0001267,BPCL,FLG-WN-DN80-PN50-A105-RTJ,CAN-000170,DEPOT-BPCL-NML,"Numaligarh Depot Base, Assam",70,17370,299,FLANGE_WELD_NECK,80.0,300,ASTM A105,RTJ,ASME B16.5
BPCL-SAP-0001268,BPCL,FLG-BLD-DN100-CL900-A105-RTJ,CAN-000570,DEPOT-BPCL-NML,"Numaligarh Depot Base, Assam",96,45750,500,FLANGE_BLIND,100.0,900,ASTM A105,RTJ,ASME B16.5
BPCL-SAP-0001269,BPCL,FLG-SO-DN300-CL300-SS304-FF,CAN-000980,DEPOT-BPCL-KCH,"Kochi Refinery, Kerala",0,169070,0,FLANGE_SLIP_ON,300.0,300,ASTM A182 F304,FF,ASME B16.5
BPCL-SAP-0001270,BPCL,VLV-GT-DN15-PN50-A105-RF,CAN-001018,DEPOT-BPCL-KCH,"Kochi Refinery, Kerala",5,16130,119,GATE_VALVE,15.0,300,ASTM A105,RF,API 6D
BPCL-SAP-0001271,BPCL,VLV-BL-DN25-CL600-SS316-RF,CAN-001631,DEPOT-BPCL-BIN,"Bina Refinery, Madhya Pradesh",0,213410,0,BALL_VALVE,25.0,600,ASTM A182 F316,RF,API 6D
BPCL-SAP-0001272,BPCL,BLT-STUD-DN25-PN50-B7-2H-THRD,CAN-002113,DEPOT-BPCL-KCH,"Kochi Refinery, Kerala",42,600,213,STUD_BOLT,25.0,300,ASTM A193 B7 / A194 2H,THRD,ASME B18.2.1
BPCL-SAP-0001273,BPCL,VLV-GT-DN300-CL600-WCB-BW,CAN-001568,DEPOT-BPCL-BIN,"Bina Refinery, Madhya Pradesh",123,1379920,641,GATE_VALVE,300.0,600,ASTM A216 WCB,BW,API 6D
BPCL-SAP-0001274,BPCL,VLV-GT-DN200-CL150-A105-RF,CAN-001426,DEPOT-BPCL-MUM,"Mumbai Refinery, Mahul, Maharashtra",42,268710,95,GATE_VALVE,200.0,150,ASTM A105,RF,API 6D
BPCL-SAP-0001275,BPCL,VLV-GL-DN100-PN250-WCB-RF,CAN-001917,DEPOT-BPCL-NML,"Numaligarh Depot Base, Assam",19,918090,22,GLOBE_VALVE,100.0,1500,ASTM A216 WCB,RF,BS 1873
BPCL-SAP-0001276,BPCL,VLV-GL-DN40-PN50-A105-RF,CAN-001847,DEPOT-BPCL-NML,"Numaligarh Depot Base, Assam",0,76980,0,GLOBE_VALVE,40.0,300,ASTM A105,RF,BS 1873
BPCL-SAP-0001277,BPCL,VLV-GT-DN25-PN150-A105-BW,CAN-001104,DEPOT-BPCL-KCH,"Kochi Refinery, Kerala",17,75470,33,GATE_VALVE,25.0,900,ASTM A105,BW,API 6D
BPCL-SAP-0001278,BPCL,FLG-WN-DN80-CL1500-SS316-RF,CAN-000199,DEPOT-BPCL-BIN,"Bina Refinery, Madhya Pradesh",75,201490,517,FLANGE_WELD_NECK,80.0,1500,ASTM A182 F316,RF,ASME B16.5
BPCL-SAP-0001279,BPCL,VLV-BL-DN25-CL600-WCB-BW,CAN-001630,DEPOT-BPCL-NML,"Numaligarh Depot Base, Assam",69,66690,585,BALL_VALVE,25.0,600,ASTM A216 WCB,BW,API 6D
BPCL-SAP-0001280,BPCL,FLG-SO-DN50-PN50-SS316-RF,CAN-000801,DEPOT-BPCL-KCH,"Kochi Refinery, Kerala",32,21940,40,FLANGE_SLIP_ON,50.0,300,ASTM A182 F316,RF,ASME B16.5
BPCL-SAP-0001281,BPCL,VLV-GL-DN80-PN250-A105-RF,CAN-001900,DEPOT-BPCL-BIN,"Bina Refinery, Madhya Pradesh",99,686920,496,GLOBE_VALVE,80.0,1500,ASTM A105,RF,ASME B16.34
BPCL-SAP-0001282,BPCL,VLV-BL-DN40-PN250-SS316-RF,CAN-001659,DEPOT-BPCL-MUM,"Mumbai Refinery, Mahul, Maharashtra",0,818330,0,BALL_VALVE,40.0,1500,ASTM A182 F316,RF,API 6D
BPCL-SAP-0001283,BPCL,VLV-GL-DN150-PN20-A105-RF,CAN-001923,DEPOT-BPCL-KCH,"Kochi Refinery, Kerala",125,246490,639,GLOBE_VALVE,150.0,150,ASTM A105,RF,BS 1873
BPCL-SAP-0001284,BPCL,VLV-GT-DN250-PN100-SS316-RF,CAN-001514,DEPOT-BPCL-KCH,"Kochi Refinery, Kerala",29,3483930,115,GATE_VALVE,250.0,600,ASTM A182 F316,RF,API 6D
BPCL-SAP-0001285,BPCL,VLV-GT-DN15-PN250-WCB-RF,CAN-001049,DEPOT-BPCL-MUM,"Mumbai Refinery, Mahul, Maharashtra",42,58460,47,GATE_VALVE,15.0,1500,ASTM A216 WCB,RF,API 600
BPCL-SAP-0001286,BPCL,VLV-GT-DN150-CL600-A105-RF,CAN-001390,DEPOT-BPCL-KCH,"Kochi Refinery, Kerala",42,560420,359,GATE_VALVE,150.0,600,ASTM A105,RF,API 6D
BPCL-SAP-0001287,BPCL,VLV-GT-DN200-CL1500-A105-BW,CAN-001476,DEPOT-BPCL-BIN,"Bina Refinery, Madhya Pradesh",107,1695460,231,GATE_VALVE,200.0,1500,ASTM A105,BW,API 6D
BPCL-SAP-0001288,BPCL,FLG-BLD-DN80-PN150-A350LF2-RTJ,CAN-000542,DEPOT-BPCL-NML,"Numaligarh Depot Base, Assam",15,54770,17,FLANGE_BLIND,80.0,900,ASTM A350 LF2,RTJ,ASME B16.5
BPCL-SAP-0001289,BPCL,FLG-SO-DN200-PN20-SS316-RF,CAN-000915,DEPOT-BPCL-KCH,"Kochi Refinery, Kerala",13,76430,25,FLANGE_SLIP_ON,200.0,150,ASTM A182 F316,RF,ASME B16.5
BPCL-SAP-0001290,BPCL,GSKT-SW-DN80-CL1500-SS316-GR-RF,CAN-002049,DEPOT-BPCL-MUM,"Mumbai Refinery, Mahul, Maharashtra",0,59530,0,SPIRAL_WOUND_GASKET,80.0,1500,SS316 / GRAPHITE,RF,ASME B16.20
BPCL-SAP-0001291,BPCL,VLV-GT-DN25-CL150-WCB-BW,CAN-001063,DEPOT-BPCL-KCH,"Kochi Refinery, Kerala",43,18000,116,GATE_VALVE,25.0,150,ASTM A216 WCB,BW,API 600
BPCL-SAP-0001292,BPCL,VLV-GT-DN150-PN50-SS316-BW,CAN-001383,DEPOT-BPCL-MUM,"Mumbai Refinery, Mahul, Maharashtra",5,1030010,109,GATE_VALVE,150.0,300,ASTM A182 F316,BW,API 600
BPCL-SAP-0001293,BPCL,FLG-WN-DN250-PN250-SS316-RTJ,CAN-000360,DEPOT-BPCL-BIN,"Bina Refinery, Madhya Pradesh",24,886280,72,FLANGE_WELD_NECK,250.0,1500,ASTM A182 F316,RTJ,ASME B16.5
BPCL-SAP-0001294,BPCL,VLV-BL-DN250-PN20-SS316-BW,CAN-001764,DEPOT-BPCL-MUM,"Mumbai Refinery, Mahul, Maharashtra",8,1404660,102,BALL_VALVE,250.0,150,ASTM A182 F316,BW,API 6D
BPCL-SAP-0001295,BPCL,FLG-BLD-DN300-PN250-A350LF2-RTJ,CAN-000698,DEPOT-BPCL-NML,"Numaligarh Depot Base, Assam",20,459540,14,FLANGE_BLIND,300.0,1500,ASTM A350 LF2,RTJ,ASME B16.5
BPCL-SAP-0001296,BPCL,VLV-BL-DN40-CL600-WCB-RF,CAN-001649,DEPOT-BPCL-MUM,"Mumbai Refinery, Mahul, Maharashtra",0,122860,0,BALL_VALVE,40.0,600,ASTM A216 WCB,RF,API 6D
BPCL-SAP-0001297,BPCL,FLG-SO-DN100-PN100-A105-FF,CAN-000864,DEPOT-BPCL-BIN,"Bina Refinery, Madhya Pradesh",24,29400,261,FLANGE_SLIP_ON,100.0,600,ASTM A105,FF,ASME B16.5
BPCL-SAP-0001298,BPCL,VLV-GT-DN15-PN50-WCB-RF,CAN-001014,DEPOT-BPCL-KCH,"Kochi Refinery, Kerala",0,16130,0,GATE_VALVE,15.0,300,ASTM A216 WCB,RF,API 6D
BPCL-SAP-0001299,BPCL,VLV-GT-DN250-PN250-A105-RF,CAN-001534,DEPOT-BPCL-BIN,"Bina Refinery, Madhya Pradesh",0,2266060,0,GATE_VALVE,250.0,1500,ASTM A105,RF,API 6D
BPCL-SAP-0001300,BPCL,FLG-SO-DN25-CL300-A105-RF,CAN-000737,DEPOT-BPCL-MUM,"Mumbai Refinery, Mahul, Maharashtra",146,2780,448,FLANGE_SLIP_ON,25.0,300,ASTM A105,RF,ASME B16.5
BPCL-SAP-0001301,BPCL,FLG-BLD-DN250-CL600-SS316-RF,CAN-000657,DEPOT-BPCL-MUM,"Mumbai Refinery, Mahul, Maharashtra",47,348390,302,FLANGE_BLIND,250.0,600,ASTM A182 F316,RF,ASME B16.5
BPCL-SAP-0001302,BPCL,VLV-GT-DN100-PN20-WCB-BW,CAN-001304,DEPOT-BPCL-BIN,"Bina Refinery, Madhya Pradesh",26,109130,89,GATE_VALVE,100.0,150,ASTM A216 WCB,BW,API 6D
BPCL-SAP-0001303,BPCL,VLV-GT-DN300-PN100-A105-BW,CAN-001572,DEPOT-BPCL-KCH,"Kochi Refinery, Kerala",48,1379920,70,GATE_VALVE,300.0,600,ASTM A105,BW,API 6D
BPCL-SAP-0001304,BPCL,FLG-WN-DN40-PN20-A105-RTJ,CAN-000082,DEPOT-BPCL-MUM,"Mumbai Refinery, Mahul, Maharashtra",44,4050,112,FLANGE_WELD_NECK,40.0,150,ASTM A105,RTJ,ASME B16.5
BPCL-SAP-0001305,BPCL,FLG-WN-DN80-PN250-SS304-RF,CAN-000197,DEPOT-BPCL-MUM,"Mumbai Refinery, Mahul, Maharashtra",0,151120,0,FLANGE_WELD_NECK,80.0,1500,ASTM A182 F304,RF,ASME B16.5
BPCL-SAP-0001306,BPCL,FLG-BLD-DN15-CL150-A105-RF,CAN-000401,DEPOT-BPCL-NML,"Numaligarh Depot Base, Assam",25,920,99,FLANGE_BLIND,15.0,150,ASTM A105,RF,ASME B16.5
BPCL-SAP-0001307,BPCL,VLV-GT-DN80-PN250-A105-RF,CAN-001294,DEPOT-BPCL-MUM,"Mumbai Refinery, Mahul, Maharashtra",114,515190,489,GATE_VALVE,80.0,1500,ASTM A105,RF,API 6D
BPCL-SAP-0001308,BPCL,VLV-GT-DN100-PN100-A105-BW,CAN-001332,DEPOT-BPCL-KCH,"Kochi Refinery, Kerala",26,330820,207,GATE_VALVE,100.0,600,ASTM A105,BW,API 6D
BPCL-SAP-0001309,BPCL,VLV-GT-DN100-PN150-WCB-BW,CAN-001340,DEPOT-BPCL-MUM,"Mumbai Refinery, Mahul, Maharashtra",38,457580,11,GATE_VALVE,100.0,900,ASTM A216 WCB,BW,API 6D
BPCL-SAP-0001310,BPCL,VLV-GT-DN100-CL300-SS316-BW,CAN-001323,DEPOT-BPCL-MUM,"Mumbai Refinery, Mahul, Maharashtra",47,608020,37,GATE_VALVE,100.0,300,ASTM A182 F316,BW,API 600
BPCL-SAP-0001311,BPCL,FLG-WN-DN100-PN50-A350LF2-RTJ,CAN-000212,DEPOT-BPCL-NML,"Numaligarh Depot Base, Assam",0,37150,0,FLANGE_WELD_NECK,100.0,300,ASTM A350 LF2,RTJ,ASME B16.5
BPCL-SAP-0001312,BPCL,FLG-BLD-DN250-CL150-A350LF2-RTJ,CAN-000644,DEPOT-BPCL-KCH,"Kochi Refinery, Kerala",28,57460,90,FLANGE_BLIND,250.0,150,ASTM A350 LF2,RTJ,ASME B16.5
BPCL-SAP-0001313,BPCL,VLV-GT-DN50-PN100-A105-RF,CAN-001209,DEPOT-BPCL-KCH,"Kochi Refinery, Kerala",43,134350,73,GATE_VALVE,50.0,600,ASTM A105,RF,API 600
BPCL-SAP-0001314,BPCL,BLT-STUD-DN80-CL300-B7-2H-THRD,CAN-002143,DEPOT-BPCL-MUM,"Mumbai Refinery, Mahul, Maharashtra",0,2760,0,STUD_BOLT,80.0,300,ASTM A193 B7 / A194 2H,THRD,ASME B18.2.1
BPCL-SAP-0001315,BPCL,GSKT-SW-DN150-PN250-SS304-GR-RF,CAN-002070,DEPOT-BPCL-MUM,"Mumbai Refinery, Mahul, Maharashtra",115,101090,381,SPIRAL_WOUND_GASKET,150.0,1500,SS304 / GRAPHITE,RF,ASME B16.20
BPCL-SAP-0001316,BPCL,FLG-WN-DN15-CL600-SS304-RF,CAN-000021,DEPOT-BPCL-MUM,"Mumbai Refinery, Mahul, Maharashtra",16,8230,111,FLANGE_WELD_NECK,15.0,600,ASTM A182 F304,RF,ASME B16.5
BPCL-SAP-0001317,BPCL,VLV-GT-DN200-PN100-WCB-RF,CAN-001446,DEPOT-BPCL-NML,"Numaligarh Depot Base, Assam",98,814580,739,GATE_VALVE,200.0,600,ASTM A216 WCB,RF,API 6D
BPCL-SAP-0001318,BPCL,VLV-GT-DN80-PN50-SS316-BW,CAN-001263,DEPOT-BPCL-MUM,"Mumbai Refinery, Mahul, Maharashtra",96,454920,687,GATE_VALVE,80.0,300,ASTM A182 F316,BW,API 600
BPCL-SAP-0001319,BPCL,FLG-BLD-DN40-CL600-SS316-RTJ,CAN-000478,DEPOT-BPCL-NML,"Numaligarh Depot Base, Assam",49,32160,52,FLANGE_BLIND,40.0,600,ASTM A182 F316,RTJ,ASME B16.5
BPCL-SAP-0001320,BPCL,VLV-GT-DN250-CL1500-WCB-RF,CAN-001530,DEPOT-BPCL-MUM,"Mumbai Refinery, Mahul, Maharashtra",41,2266060,103,GATE_VALVE,250.0,1500,ASTM A216 WCB,RF,API 6D
BPCL-SAP-0001321,BPCL,FLG-WN-DN100-CL900-SS316-RF,CAN-000231,DEPOT-BPCL-BIN,"Bina Refinery, Madhya Pradesh",0,178960,0,FLANGE_WELD_NECK,100.0,900,ASTM A182 F316,RF,ASME B16.5
BPCL-SAP-0001322,BPCL,BLT-STUD-DN100-CL900-L7-GR7-THRD,CAN-002158,DEPOT-BPCL-NML,"Numaligarh Depot Base, Assam",94,14230,282,STUD_BOLT,100.0,900,ASTM A320 L7 / A194 7,THRD,ASME B18.2.1
BPCL-SAP-0001323,BPCL,FLG-SO-DN100-CL300-SS316-RF,CAN-000861,DEPOT-BPCL-KCH,"Kochi Refinery, Kerala",41,54040,22,FLANGE_SLIP_ON,100.0,300,ASTM A182 F316,RF,ASME B16.5
BPCL-SAP-0001324,BPCL,VLV-GT-DN80-PN50-A105-BW,CAN-001259,DEPOT-BPCL-KCH,"Kochi Refinery, Kerala",42,142160,19,GATE_VALVE,80.0,300,ASTM A105,BW,API 600
BPCL-SAP-0001325,BPCL,VLV-GT-DN15-PN150-WCB-RF,CAN-001037,DEPOT-BPCL-NML,"Numaligarh Depot Base, Assam",48,38840,13,GATE_VALVE,15.0,900,ASTM A216 WCB,RF,API 600
BPCL-SAP-0001326,BPCL,FLG-BLD-DN100-PN250-A350LF2-RF,CAN-000577,DEPOT-BPCL-BIN,"Bina Refinery, Madhya Pradesh",0,110170,0,FLANGE_BLIND,100.0,1500,ASTM A350 LF2,RF,ASME B16.5
BPCL-SAP-0001327,BPCL,FLG-WN-DN25-PN20-A350LF2-RTJ,CAN-000044,DEPOT-BPCL-BIN,"Bina Refinery, Madhya Pradesh",29,3520,77,FLANGE_WELD_NECK,25.0,150,ASTM A350 LF2,RTJ,ASME B16.5
BPCL-SAP-0001328,BPCL,FLG-WN-DN50-PN100-SS304-RTJ,CAN-000142,DEPOT-BPCL-MUM,"Mumbai Refinery, Mahul, Maharashtra",17,39410,87,FLANGE_WELD_NECK,50.0,600,ASTM A182 F304,RTJ,ASME B16.5
BPCL-SAP-0001329,BPCL,FLG-SO-DN250-CL600-SS316-RF,CAN-000957,DEPOT-BPCL-MUM,"Mumbai Refinery, Mahul, Maharashtra",0,309680,0,FLANGE_SLIP_ON,250.0,600,ASTM A182 F316,RF,ASME B16.5
BPCL-SAP-0001330,BPCL,VLV-GT-DN50-PN50-A105-BW,CAN-001200,DEPOT-BPCL-KCH,"Kochi Refinery, Kerala",39,77160,116,GATE_VALVE,50.0,300,ASTM A105,BW,API 6D
BPCL-SAP-0001331,BPCL,VLV-GT-DN40-PN250-SS316-BW,CAN-001179,DEPOT-BPCL-NML,"Numaligarh Depot Base, Assam",17,669540,87,GATE_VALVE,40.0,1500,ASTM A182 F316,BW,API 600
BPCL-SAP-0001332,BPCL,FLG-WN-DN80-PN20-SS316-RF,CAN-000167,DEPOT-BPCL-MUM,"Mumbai Refinery, Mahul, Maharashtra",0,31930,0,FLANGE_WELD_NECK,80.0,150,ASTM A182 F316,RF,ASME B16.5
BPCL-SAP-0001333,BPCL,VLV-GT-DN25-CL900-WCB-BW,CAN-001100,DEPOT-BPCL-NML,"Numaligarh Depot Base, Assam",10,75470,29,GATE_VALVE,25.0,900,ASTM A216 WCB,BW,API 6D
BPCL-SAP-0001334,BPCL,FLG-WN-DN80-CL600-SS316-RTJ,CAN-000184,DEPOT-BPCL-NML,"Numaligarh Depot Base, Assam",49,96800,49,FLANGE_WELD_NECK,80.0,600,ASTM A182 F316,RTJ,ASME B16.5
BPCL-SAP-0001335,BPCL,FLG-WN-DN200-PN100-A105-RTJ,CAN-000298,DEPOT-BPCL-KCH,"Kochi Refinery, Kerala",34,99560,42,FLANGE_WELD_NECK,200.0,600,ASTM A105,RTJ,ASME B16.5
BPCL-SAP-0001336,BPCL,VLV-GT-DN100-PN150-WCB-RF,CAN-001337,DEPOT-BPCL-MUM,"Mumbai Refinery, Mahul, Maharashtra",85,457580,202,GATE_VALVE,100.0,900,ASTM A216 WCB,RF,API 600
BPCL-SAP-0001337,BPCL,FLG-WN-DN50-PN150-SS304-RF,CAN-000149,DEPOT-BPCL-BIN,"Bina Refinery, Madhya Pradesh",12,54510,45,FLANGE_WELD_NECK,50.0,900,ASTM A182 F304,RF,ASME B16.5
BPCL-SAP-0001338,BPCL,FLG-BLD-DN150-CL150-SS316-RTJ,CAN-000586,DEPOT-BPCL-MUM,"Mumbai Refinery, Mahul, Maharashtra",45,59150,428,FLANGE_BLIND,150.0,150,ASTM A182 F316,RTJ,ASME B16.5
BPCL-SAP-0001339,BPCL,VLV-GT-DN300-PN20-WCB-RF,CAN-001541,DEPOT-BPCL-NML,"Numaligarh Depot Base, Assam",0,455200,0,GATE_VALVE,300.0,150,ASTM A216 WCB,RF,API 600
BPCL-SAP-0001340,BPCL,VLV-GT-DN200-PN20-WCB-RF,CAN-001422,DEPOT-BPCL-MUM,"Mumbai Refinery, Mahul, Maharashtra",0,268710,0,GATE_VALVE,200.0,150,ASTM A216 WCB,RF,API 6D
BPCL-SAP-0001341,BPCL,FLG-WN-DN50-CL600-A350LF2-RF,CAN-000139,DEPOT-BPCL-BIN,"Bina Refinery, Madhya Pradesh",47,26270,23,FLANGE_WELD_NECK,50.0,600,ASTM A350 LF2,RF,ASME B16.5
BPCL-SAP-0001342,BPCL,VLV-GT-DN80-PN250-SS316-BW,CAN-001299,DEPOT-BPCL-KCH,"Kochi Refinery, Kerala",47,1648600,42,GATE_VALVE,80.0,1500,ASTM A182 F316,BW,API 600
BPCL-SAP-0001343,BPCL,VLV-BL-DN200-PN150-WCB-RF,CAN-001753,DEPOT-BPCL-MUM,"Mumbai Refinery, Mahul, Maharashtra",0,1377080,0,BALL_VALVE,200.0,900,ASTM A216 WCB,RF,API 6D
BPCL-SAP-0001344,BPCL,VLV-BL-DN40-PN250-WCB-RF,CAN-001657,DEPOT-BPCL-BIN,"Bina Refinery, Madhya Pradesh",15,255720,50,BALL_VALVE,40.0,1500,ASTM A216 WCB,RF,API 6D
BPCL-SAP-0001345,BPCL,VLV-GT-DN15-CL900-A105-RF,CAN-001041,DEPOT-BPCL-KCH,"Kochi Refinery, Kerala",29,38840,28,GATE_VALVE,15.0,900,ASTM A105,RF,API 600
BPCL-SAP-0001346,BPCL,VLV-GT-DN200-CL900-SS316-BW,CAN-001467,DEPOT-BPCL-BIN,"Bina Refinery, Madhya Pradesh",22,3605450,44,GATE_VALVE,200.0,900,ASTM A182 F316,BW,API 600
BPCL-SAP-0001347,BPCL,VLV-GL-DN300-CL900-A105-RF,CAN-001996,DEPOT-BPCL-KCH,"Kochi Refinery, Kerala",50,2544880,107,GLOBE_VALVE,300.0,900,ASTM A105,RF,ASME B16.34
BPCL-SAP-0001348,BPCL,FLG-SO-DN25-PN50-SS304-FF,CAN-000740,DEPOT-BPCL-NML,"Numaligarh Depot Base, Assam",0,6680,0,FLANGE_SLIP_ON,25.0,300,ASTM A182 F304,FF,ASME B16.5
BPCL-SAP-0001349,BPCL,VLV-GT-DN100-PN50-SS316-RF,CAN-001321,DEPOT-BPCL-MUM,"Mumbai Refinery, Mahul, Maharashtra",47,608020,26,GATE_VALVE,100.0,300,ASTM A182 F316,RF,API 600
BPCL-SAP-0001350,BPCL,FLG-WN-DN250-CL600-SS304-RTJ,CAN-000342,DEPOT-BPCL-KCH,"Kochi Refinery, Kerala",11,319360,73,FLANGE_WELD_NECK,250.0,600,ASTM A182 F304,RTJ,ASME B16.5
BPCL-SAP-0001351,BPCL,VLV-GT-DN250-PN150-A105-BW,CAN-001524,DEPOT-BPCL-MUM,"Mumbai Refinery, Mahul, Maharashtra",0,1505890,0,GATE_VALVE,250.0,900,ASTM A105,BW,API 6D
BPCL-SAP-0001352,BPCL,FLG-SO-DN50-PN20-SS316-FF,CAN-000796,DEPOT-BPCL-BIN,"Bina Refinery, Madhya Pradesh",19,12600,30,FLANGE_SLIP_ON,50.0,150,ASTM A182 F316,FF,ASME B16.5
BPCL-SAP-0001353,BPCL,FLG-WN-DN200-CL150-SS304-RTJ,CAN-000286,DEPOT-BPCL-MUM,"Mumbai Refinery, Mahul, Maharashtra",26,78820,106,FLANGE_WELD_NECK,200.0,150,ASTM A182 F304,RTJ,ASME B16.5
BPCL-SAP-0001354,BPCL,VLV-GT-DN50-CL300-SS316-BW,CAN-001203,DEPOT-BPCL-NML,"Numaligarh Depot Base, Assam",53,246930,306,GATE_VALVE,50.0,300,ASTM A182 F316,BW,API 600
BPCL-SAP-0001355,BPCL,VLV-GT-DN50-CL900-SS316-RF,CAN-001225,DEPOT-BPCL-NML,"Numaligarh Depot Base, Assam",96,594670,708,GATE_VALVE,50.0,900,ASTM A182 F316,RF,API 600
BPCL-SAP-0001356,BPCL,VLV-GT-DN200-CL1500-WCB-RF,CAN-001470,DEPOT-BPCL-MUM,"Mumbai Refinery, Mahul, Maharashtra",0,1695460,0,GATE_VALVE,200.0,1500,ASTM A216 WCB,RF,API 6D
BPCL-SAP-0001357,BPCL,VLV-GL-DN100-CL900-WCB-RF,CAN-001914,DEPOT-BPCL-KCH,"Kochi Refinery, Kerala",0,610110,0,GLOBE_VALVE,100.0,900,ASTM A216 WCB,RF,ASME B16.34
BPCL-SAP-0001358,BPCL,VLV-GL-DN250-PN250-WCB-RF,CAN-001977,DEPOT-BPCL-MUM,"Mumbai Refinery, Mahul, Maharashtra",42,3021420,115,GLOBE_VALVE,250.0,1500,ASTM A216 WCB,RF,BS 1873
BPCL-SAP-0001359,BPCL,FLG-BLD-DN15-CL1500-SS316-RF,CAN-000429,DEPOT-BPCL-BIN,"Bina Refinery, Madhya Pradesh",29,18700,93,FLANGE_BLIND,15.0,1500,ASTM A182 F316,RF,ASME B16.5
BPCL-SAP-0001360,BPCL,VLV-BL-DN150-PN50-WCB-RF,CAN-001725,DEPOT-BPCL-KCH,"Kochi Refinery, Kerala",0,393400,0,BALL_VALVE,150.0,300,ASTM A216 WCB,RF,API 6D
BPCL-SAP-0001361,BPCL,FLG-WN-DN250-PN50-SS304-RF,CAN-000333,DEPOT-BPCL-KCH,"Kochi Refinery, Kerala",24,183420,22,FLANGE_WELD_NECK,250.0,300,ASTM A182 F304,RF,ASME B16.5
BPCL-SAP-0001362,BPCL,FLG-WN-DN250-CL150-SS304-RTJ,CAN-000326,DEPOT-BPCL-BIN,"Bina Refinery, Madhya Pradesh",15,105340,32,FLANGE_WELD_NECK,250.0,150,ASTM A182 F304,RTJ,ASME B16.5
BPCL-SAP-0001363,BPCL,VLV-BL-DN100-PN150-WCB-RF,CAN-001713,DEPOT-BPCL-MUM,"Mumbai Refinery, Mahul, Maharashtra",87,559270,237,BALL_VALVE,100.0,900,ASTM A216 WCB,RF,API 6D
BPCL-SAP-0001364,BPCL,VLV-GT-DN300-CL600-A105-RF,CAN-001570,DEPOT-BPCL-KCH,"Kochi Refinery, Kerala",41,1379920,109,GATE_VALVE,300.0,600,ASTM A105,RF,API 6D
BPCL-SAP-0001365,BPCL,VLV-GT-DN100-PN150-WCB-BW,CAN-001339,DEPOT-BPCL-BIN,"Bina Refinery, Madhya Pradesh",114,457580,187,GATE_VALVE,100.0,900,ASTM A216 WCB,BW,API 600
BPCL-SAP-0001366,BPCL,FLG-BLD-DN50-PN20-A105-RF,CAN-000491,DEPOT-BPCL-BIN,"Bina Refinery, Madhya Pradesh",0,4430,0,FLANGE_BLIND,50.0,150,ASTM A105,RF,ASME B16.5
BPCL-SAP-0001367,BPCL,FLG-BLD-DN50-PN250-SS316-RF,CAN-000519,DEPOT-BPCL-NML,"Numaligarh Depot Base, Assam",30,89480,29,FLANGE_BLIND,50.0,1500,ASTM A182 F316,RF,ASME B16.5
BPCL-SAP-0001368,BPCL,GSKT-SW-DN300-CL150-SS304-GR-RF,CAN-002092,DEPOT-BPCL-NML,"Numaligarh Depot Base, Assam",10,39450,13,SPIRAL_WOUND_GASKET,300.0,150,SS304 / GRAPHITE,RF,ASME B16.20
BPCL-SAP-0001369,BPCL,VLV-GT-DN50-PN50-WCB-BW,CAN-001195,DEPOT-BPCL-NML,"Numaligarh Depot Base, Assam",0,77160,0,GATE_VALVE,50.0,300,ASTM A216 WCB,BW,API 600
BPCL-SAP-0001370,BPCL,FLG-SO-DN250-CL1500-A105-FF,CAN-000966,DEPOT-BPCL-MUM,"Mumbai Refinery, Mahul, Maharashtra",115,201420,261,FLANGE_SLIP_ON,250.0,1500,ASTM A105,FF,ASME B16.5
BPCL-SAP-0001371,BPCL,VLV-GT-DN100-PN150-SS316-BW,CAN-001348,DEPOT-BPCL-BIN,"Bina Refinery, Madhya Pradesh",150,1464270,266,GATE_VALVE,100.0,900,ASTM A182 F316,BW,API 6D
BPCL-SAP-0001372,BPCL,FLG-WN-DN100-CL900-SS304-RF,CAN-000229,DEPOT-BPCL-BIN,"Bina Refinery, Madhya Pradesh",0,134220,0,FLANGE_WELD_NECK,100.0,900,ASTM A182 F304,RF,ASME B16.5
BPCL-SAP-0001373,BPCL,VLV-GT-DN300-CL1500-SS316-RF,CAN-001598,DEPOT-BPCL-BIN,"Bina Refinery, Madhya Pradesh",114,9190900,351,GATE_VALVE,300.0,1500,ASTM A182 F316,RF,API 6D
BPCL-SAP-0001374,BPCL,FLG-BLD-DN15-PN250-A350LF2-RF,CAN-000427,DEPOT-BPCL-BIN,"Bina Refinery, Madhya Pradesh",0,9350,0,FLANGE_BLIND,15.0,1500,ASTM A350 LF2,RF,ASME B16.5
BPCL-SAP-0001375,BPCL,VLV-BL-DN250-CL300-SS316-RF,CAN-001767,DEPOT-BPCL-KCH,"Kochi Refinery, Kerala",0,2445660,0,BALL_VALVE,250.0,300,ASTM A182 F316,RF,API 6D
BPCL-SAP-0001376,BPCL,VLV-GT-DN100-CL300-A105-RF,CAN-001317,DEPOT-BPCL-BIN,"Bina Refinery, Madhya Pradesh",0,190000,0,GATE_VALVE,100.0,300,ASTM A105,RF,API 600
BPCL-SAP-0001377,BPCL,FLG-SO-DN150-PN150-SS304-FF,CAN-000902,DEPOT-BPCL-NML,"Numaligarh Depot Base, Assam",63,165360,727,FLANGE_SLIP_ON,150.0,900,ASTM A182 F304,FF,ASME B16.5
BPCL-SAP-0001378,BPCL,VLV-GT-DN25-CL150-A105-RF,CAN-001066,DEPOT-BPCL-KCH,"Kochi Refinery, Kerala",0,18000,0,GATE_VALVE,25.0,150,ASTM A105,RF,API 6D
BPCL-SAP-0001379,BPCL,FLG-WN-DN250-CL900-A105-RF,CAN-000345,DEPOT-BPCL-MUM,"Mumbai Refinery, Mahul, Maharashtra",34,184050,32,FLANGE_WELD_NECK,250.0,900,ASTM A105,RF,ASME B16.5
BPCL-SAP-0001380,BPCL,VLV-GT-DN40-CL900-WCB-RF,CAN-001158,DEPOT-BPCL-MUM,"Mumbai Refinery, Mahul, Maharashtra",20,139040,102,GATE_VALVE,40.0,900,ASTM A216 WCB,RF,API 6D
BPCL-SAP-0001381,BPCL,FLG-BLD-DN300-CL300-SS316-RTJ,CAN-000682,DEPOT-BPCL-MUM,"Mumbai Refinery, Mahul, Maharashtra",26,253610,117,FLANGE_BLIND,300.0,300,ASTM A182 F316,RTJ,ASME B16.5
BPCL-SAP-0001382,BPCL,VLV-BL-DN25-PN20-SS316-RF,CAN-001623,DEPOT-BPCL-MUM,"Mumbai Refinery, Mahul, Maharashtra",82,70400,289,BALL_VALVE,25.0,150,ASTM A182 F316,RF,API 6D
BPCL-SAP-0001383,BPCL,FLG-BLD-DN150-CL150-SS316-RTJ,CAN-000586,DEPOT-BPCL-NML,"Numaligarh Depot Base, Assam",0,59150,0,FLANGE_BLIND,150.0,150,ASTM A182 F316,RTJ,ASME B16.5
BPCL-SAP-0001384,BPCL,FLG-BLD-DN150-CL1500-SS316-RTJ,CAN-000610,DEPOT-BPCL-MUM,"Mumbai Refinery, Mahul, Maharashtra",0,373260,0,FLANGE_BLIND,150.0,1500,ASTM A182 F316,RTJ,ASME B16.5
BPCL-SAP-0001385,BPCL,FLG-SO-DN50-PN20-A105-FF,CAN-000792,DEPOT-BPCL-BIN,"Bina Refinery, Madhya Pradesh",76,3930,196,FLANGE_SLIP_ON,50.0,150,ASTM A105,FF,ASME B16.5
BPCL-SAP-0001386,BPCL,FLG-WN-DN25-CL1500-A350LF2-RF,CAN-000075,DEPOT-BPCL-MUM,"Mumbai Refinery, Mahul, Maharashtra",0,22200,0,FLANGE_WELD_NECK,25.0,1500,ASTM A350 LF2,RF,ASME B16.5
BPCL-SAP-0001387,BPCL,VLV-GT-DN250-CL600-WCB-RF,CAN-001506,DEPOT-BPCL-BIN,"Bina Refinery, Madhya Pradesh",67,1088730,265,GATE_VALVE,250.0,600,ASTM A216 WCB,RF,API 6D
BPCL-SAP-0001388,BPCL,VLV-GL-DN250-CL900-WCB-RF,CAN-001974,DEPOT-BPCL-NML,"Numaligarh Depot Base, Assam",37,2007850,96,GLOBE_VALVE,250.0,900,ASTM A216 WCB,RF,ASME B16.34
BPCL-SAP-0001389,BPCL,FLG-BLD-DN80-PN150-A105-RTJ,CAN-000540,DEPOT-BPCL-MUM,"Mumbai Refinery, Mahul, Maharashtra",115,34230,523,FLANGE_BLIND,80.0,900,ASTM A105,RTJ,ASME B16.5
BPCL-SAP-0001390,BPCL,VLV-BL-DN50-PN100-WCB-RF,CAN-001669,DEPOT-BPCL-KCH,"Kochi Refinery, Kerala",142,164210,665,BALL_VALVE,50.0,600,ASTM A216 WCB,RF,API 6D
BPCL-SAP-0001391,BPCL,GSKT-SW-DN50-CL150-SS304-GR-RF,CAN-002032,DEPOT-BPCL-KCH,"Kochi Refinery, Kerala",24,3840,82,SPIRAL_WOUND_GASKET,50.0,150,SS304 / GRAPHITE,RF,ASME B16.20
BPCL-SAP-0001392,BPCL,FLG-WN-DN150-PN150-SS316-RF,CAN-000271,DEPOT-BPCL-NML,"Numaligarh Depot Base, Assam",38,303170,67,FLANGE_WELD_NECK,150.0,900,ASTM A182 F316,RF,ASME B16.5
BPCL-SAP-0001393,BPCL,VLV-GT-DN50-PN100-A105-BW,CAN-001212,DEPOT-BPCL-BIN,"Bina Refinery, Madhya Pradesh",42,134350,65,GATE_VALVE,50.0,600,ASTM A105,BW,API 6D
BPCL-SAP-0001394,BPCL,FLG-SO-DN40-PN100-SS316-FF,CAN-000778,DEPOT-BPCL-BIN,"Bina Refinery, Madhya Pradesh",0,28590,0,FLANGE_SLIP_ON,40.0,600,ASTM A182 F316,FF,ASME B16.5
BPCL-SAP-0001395,BPCL,VLV-GT-DN250-CL600-WCB-RF,CAN-001506,DEPOT-BPCL-MUM,"Mumbai Refinery, Mahul, Maharashtra",131,1088730,476,GATE_VALVE,250.0,600,ASTM A216 WCB,RF,API 6D
BPCL-SAP-0001396,BPCL,VLV-GT-DN40-PN150-WCB-RF,CAN-001158,DEPOT-BPCL-NML,"Numaligarh Depot Base, Assam",49,139040,67,GATE_VALVE,40.0,900,ASTM A216 WCB,RF,API 6D
BPCL-SAP-0001397,BPCL,FLG-WN-DN40-PN150-SS304-RF,CAN-000109,DEPOT-BPCL-KCH,"Kochi Refinery, Kerala",0,40780,0,FLANGE_WELD_NECK,40.0,900,ASTM A182 F304,RF,ASME B16.5
BPCL-SAP-0001398,BPCL,VLV-GT-DN50-PN20-A105-BW,CAN-001188,DEPOT-BPCL-MUM,"Mumbai Refinery, Mahul, Maharashtra",133,44320,295,GATE_VALVE,50.0,150,ASTM A105,BW,API 6D
BPCL-SAP-0001399,BPCL,FLG-BLD-DN300-PN250-A105-RTJ,CAN-000696,DEPOT-BPCL-BIN,"Bina Refinery, Madhya Pradesh",8,287210,94,FLANGE_BLIND,300.0,1500,ASTM A105,RTJ,ASME B16.5
BPCL-SAP-0001400,BPCL,VLV-BL-DN25-PN100-WCB-RF,CAN-001629,DEPOT-BPCL-BIN,"Bina Refinery, Madhya Pradesh",13,66690,15,BALL_VALVE,25.0,600,ASTM A216 WCB,RF,API 6D
BPCL-SAP-0001401,BPCL,VLV-GL-DN15-CL150-WCB-RF,CAN-001802,DEPOT-BPCL-KCH,"Kochi Refinery, Kerala",143,12350,188,GLOBE_VALVE,15.0,150,ASTM A216 WCB,RF,ASME B16.34
BPCL-SAP-0001402,BPCL,GSKT-SW-DN200-PN50-SS316-GR-RF,CAN-002073,DEPOT-BPCL-KCH,"Kochi Refinery, Kerala",0,54060,0,SPIRAL_WOUND_GASKET,200.0,300,SS316 / GRAPHITE,RF,ASME B16.20
BPCL-SAP-0001403,BPCL,VLV-BL-DN40-PN100-SS316-RF,CAN-001651,DEPOT-BPCL-KCH,"Kochi Refinery, Kerala",0,393160,0,BALL_VALVE,40.0,600,ASTM A182 F316,RF,API 6D
BPCL-SAP-0001404,BPCL,VLV-BL-DN40-PN20-SS316-BW,CAN-001644,DEPOT-BPCL-KCH,"Kochi Refinery, Kerala",0,129690,0,BALL_VALVE,40.0,150,ASTM A182 F316,BW,API 6D
BPCL-SAP-0001405,BPCL,FLG-SO-DN25-PN100-SS304-RF,CAN-000745,DEPOT-BPCL-BIN,"Bina Refinery, Madhya Pradesh",0,11640,0,FLANGE_SLIP_ON,25.0,600,ASTM A182 F304,RF,ASME B16.5
BPCL-SAP-0001406,BPCL,FLG-WN-DN150-CL150-SS304-RF,CAN-000245,DEPOT-BPCL-MUM,"Mumbai Refinery, Mahul, Maharashtra",30,54220,104,FLANGE_WELD_NECK,150.0,150,ASTM A182 F304,RF,ASME B16.5
BPCL-SAP-0001407,BPCL,FLG-WN-DN15-PN150-A350LF2-RF,CAN-000027,DEPOT-BPCL-NML,"Numaligarh Depot Base, Assam",24,7590,62,FLANGE_WELD_NECK,15.0,900,ASTM A350 LF2,RF,ASME B16.5
BPCL-SAP-0001408,BPCL,VLV-GT-DN40-PN150-SS316-RF,CAN-001166,DEPOT-BPCL-MUM,"Mumbai Refinery, Mahul, Maharashtra",12,444930,87,GATE_VALVE,40.0,900,ASTM A182 F316,RF,API 6D
BPCL-SAP-0001409,BPCL,FLG-WN-DN100-PN250-SS316-RTJ,CAN-000240,DEPOT-BPCL-BIN,"Bina Refinery, Madhya Pradesh",48,269300,300,FLANGE_WELD_NECK,100.0,1500,ASTM A182 F316,RTJ,ASME B16.5
BPCL-SAP-0001410,BPCL,VLV-GT-DN50-CL1500-SS316-RF,CAN-001237,DEPOT-BPCL-NML,"Numaligarh Depot Base, Assam",0,894870,0,GATE_VALVE,50.0,1500,ASTM A182 F316,RF,API 600
BPCL-SAP-0001411,BPCL,VLV-GT-DN150-PN250-WCB-BW,CAN-001412,DEPOT-BPCL-KCH,"Kochi Refinery, Kerala",25,1166450,92,GATE_VALVE,150.0,1500,ASTM A216 WCB,BW,API 6D
BPCL-SAP-0001412,BPCL,VLV-GL-DN200-CL1500-WCB-RF,CAN-001958,DEPOT-BPCL-NML,"Numaligarh Depot Base, Assam",0,2260620,0,GLOBE_VALVE,200.0,1500,ASTM A216 WCB,RF,ASME B16.34
BPCL-SAP-0001413,BPCL,VLV-GL-DN15-PN150-WCB-RF,CAN-001813,DEPOT-BPCL-KCH,"Kochi Refinery, Kerala",0,51790,0,GLOBE_VALVE,15.0,900,ASTM A216 WCB,RF,BS 1873
BPCL-SAP-0001414,BPCL,VLV-GT-DN25-PN20-SS316-BW,CAN-001071,DEPOT-BPCL-BIN,"Bina Refinery, Madhya Pradesh",37,57600,78,GATE_VALVE,25.0,150,ASTM A182 F316,BW,API 600
BPCL-SAP-0001415,BPCL,VLV-GT-DN25-PN50-SS316-BW,CAN-001083,DEPOT-BPCL-BIN,"Bina Refinery, Madhya Pradesh",72,100280,636,GATE_VALVE,25.0,300,ASTM A182 F316,BW,API 600
BPCL-SAP-0001416,BPCL,BLT-STUD-DN40-CL600-L7-GR7-THRD,CAN-002126,DEPOT-BPCL-BIN,"Bina Refinery, Madhya Pradesh",40,3120,73,STUD_BOLT,40.0,600,ASTM A320 L7 / A194 7,THRD,ASME B18.2.1
BPCL-SAP-0001417,BPCL,FLG-BLD-DN100-CL300-A350LF2-RF,CAN-000559,DEPOT-BPCL-MUM,"Mumbai Refinery, Mahul, Maharashtra",6,30400,55,FLANGE_BLIND,100.0,300,ASTM A350 LF2,RF,ASME B16.5
BPCL-SAP-0001418,BPCL,FLG-SO-DN250-PN100-SS316-FF,CAN-000958,DEPOT-BPCL-NML,"Numaligarh Depot Base, Assam",9,309680,114,FLANGE_SLIP_ON,250.0,600,ASTM A182 F316,FF,ASME B16.5
BPCL-SAP-0001419,BPCL,VLV-GT-DN80-PN250-A105-BW,CAN-001295,DEPOT-BPCL-BIN,"Bina Refinery, Madhya Pradesh",22,515190,16,GATE_VALVE,80.0,1500,ASTM A105,BW,API 600
BPCL-SAP-0001420,BPCL,FLG-SO-DN300-CL600-A105-RF,CAN-000983,DEPOT-BPCL-NML,"Numaligarh Depot Base, Assam",150,122660,441,FLANGE_SLIP_ON,300.0,600,ASTM A105,RF,ASME B16.5
BPCL-SAP-0001421,BPCL,VLV-BL-DN300-CL300-WCB-RF,CAN-001785,DEPOT-BPCL-BIN,"Bina Refinery, Madhya Pradesh",133,968680,389,BALL_VALVE,300.0,300,ASTM A216 WCB,RF,API 6D
BPCL-SAP-0001422,BPCL,VLV-BL-DN15-PN50-WCB-BW,CAN-001606,DEPOT-BPCL-NML,"Numaligarh Depot Base, Assam",93,19710,496,BALL_VALVE,15.0,300,ASTM A216 WCB,BW,API 6D
BPCL-SAP-0001423,BPCL,BLT-STUD-DN15-PN20-B7-2H-THRD,CAN-002101,DEPOT-BPCL-NML,"Numaligarh Depot Base, Assam",137,180,299,STUD_BOLT,15.0,150,ASTM A193 B7 / A194 2H,THRD,ASME B18.2.1
BPCL-SAP-0001424,BPCL,FLG-SO-DN80-CL300-SS304-FF,CAN-000830,DEPOT-BPCL-MUM,"Mumbai Refinery, Mahul, Maharashtra",38,30320,31,FLANGE_SLIP_ON,80.0,300,ASTM A182 F304,FF,ASME B16.5
BPCL-SAP-0001425,BPCL,VLV-GL-DN25-PN50-A105-RF,CAN-001827,DEPOT-BPCL-NML,"Numaligarh Depot Base, Assam",23,41780,115,GLOBE_VALVE,25.0,300,ASTM A105,RF,BS 1873
BPCL-SAP-0001426,BPCL,VLV-BL-DN150-PN100-WCB-RF,CAN-001729,DEPOT-BPCL-BIN,"Bina Refinery, Madhya Pradesh",33,684960,76,BALL_VALVE,150.0,600,ASTM A216 WCB,RF,API 6D
BPCL-SAP-0001427,BPCL,FLG-BLD-DN250-PN50-SS316-RF,CAN-000651,DEPOT-BPCL-BIN,"Bina Refinery, Madhya Pradesh",138,200090,420,FLANGE_BLIND,250.0,300,ASTM A182 F316,RF,ASME B16.5
BPCL-SAP-0001428,BPCL,VLV-BL-DN50-PN250-SS316-RF,CAN-001679,DEPOT-BPCL-KCH,"Kochi Refinery, Kerala",45,1093730,23,BALL_VALVE,50.0,1500,ASTM A182 F316,RF,API 6D
BPCL-SAP-0001429,BPCL,FLG-BLD-DN80-PN100-A105-RF,CAN-000533,DEPOT-BPCL-MUM,"Mumbai Refinery, Mahul, Maharashtra",36,24750,51,FLANGE_BLIND,80.0,600,ASTM A105,RF,ASME B16.5
BPCL-SAP-0001430,BPCL,FLG-BLD-DN40-PN150-SS316-RF,CAN-000483,DEPOT-BPCL-MUM,"Mumbai Refinery, Mahul, Maharashtra",105,44490,463,FLANGE_BLIND,40.0,900,ASTM A182 F316,RF,ASME B16.5
BPCL-SAP-0001431,BPCL,FLG-BLD-DN250-PN150-A350LF2-RF,CAN-000661,DEPOT-BPCL-BIN,"Bina Refinery, Madhya Pradesh",33,240940,86,FLANGE_BLIND,250.0,900,ASTM A350 LF2,RF,ASME B16.5
BPCL-SAP-0001432,BPCL,FLG-SO-DN300-PN50-A105-FF,CAN-000978,DEPOT-BPCL-MUM,"Mumbai Refinery, Mahul, Maharashtra",35,70440,667,FLANGE_SLIP_ON,300.0,300,ASTM A105,FF,ASME B16.5
BPCL-SAP-0001433,BPCL,FLG-BLD-DN150-PN250-SS316-RF,CAN-000609,DEPOT-BPCL-MUM,"Mumbai Refinery, Mahul, Maharashtra",115,373260,525,FLANGE_BLIND,150.0,1500,ASTM A182 F316,RF,ASME B16.5
BPCL-SAP-0001434,BPCL,VLV-GT-DN80-PN50-SS316-BW,CAN-001263,DEPOT-BPCL-MUM,"Mumbai Refinery, Mahul, Maharashtra",38,454920,676,GATE_VALVE,80.0,300,ASTM A182 F316,BW,API 600
BPCL-SAP-0001435,BPCL,BLT-STUD-DN80-CL300-B7-2H-THRD,CAN-002143,DEPOT-BPCL-BIN,"Bina Refinery, Madhya Pradesh",0,2760,0,STUD_BOLT,80.0,300,ASTM A193 B7 / A194 2H,THRD,ASME B18.2.1
BPCL-SAP-0001436,BPCL,FLG-BLD-DN25-PN50-A105-RF,CAN-000437,DEPOT-BPCL-BIN,"Bina Refinery, Madhya Pradesh",11,3130,91,FLANGE_BLIND,25.0,300,ASTM A105,RF,ASME B16.5
BPCL-SAP-0001437,BPCL,VLV-GT-DN15-CL1500-A105-BW,CAN-001055,DEPOT-BPCL-BIN,"Bina Refinery, Madhya Pradesh",49,58460,26,GATE_VALVE,15.0,1500,ASTM A105,BW,API 600
BPCL-SAP-0001438,BPCL,VLV-GL-DN250-CL300-A105-RF,CAN-001968,DEPOT-BPCL-BIN,"Bina Refinery, Madhya Pradesh",46,833740,90,GLOBE_VALVE,250.0,300,ASTM A105,RF,ASME B16.34
BPCL-SAP-0001439,BPCL,FLG-WN-DN250-CL150-SS304-RTJ,CAN-000326,DEPOT-BPCL-MUM,"Mumbai Refinery, Mahul, Maharashtra",23,105340,91,FLANGE_WELD_NECK,250.0,150,ASTM A182 F304,RTJ,ASME B16.5
BPCL-SAP-0001440,BPCL,VLV-BL-DN200-PN50-WCB-BW,CAN-001746,DEPOT-BPCL-NML,"Numaligarh Depot Base, Assam",46,571820,61,BALL_VALVE,200.0,300,ASTM A216 WCB,BW,API 6D
BPCL-SAP-0001441,BPCL,GSKT-SW-DN80-CL1500-SS316-GR-RF,CAN-002049,DEPOT-BPCL-KCH,"Kochi Refinery, Kerala",89,59530,401,SPIRAL_WOUND_GASKET,80.0,1500,SS316 / GRAPHITE,RF,ASME B16.20
BPCL-SAP-0001442,BPCL,FLG-SO-DN250-PN50-A105-RF,CAN-000947,DEPOT-BPCL-KCH,"Kochi Refinery, Kerala",13,55580,110,FLANGE_SLIP_ON,250.0,300,ASTM A105,RF,ASME B16.5
BPCL-SAP-0001443,BPCL,VLV-GL-DN250-CL150-A105-RF,CAN-001964,DEPOT-BPCL-KCH,"Kochi Refinery, Kerala",0,478860,0,GLOBE_VALVE,250.0,150,ASTM A105,RF,ASME B16.34
BPCL-SAP-0001444,BPCL,VLV-GT-DN25-CL900-SS316-RF,CAN-001105,DEPOT-BPCL-MUM,"Mumbai Refinery, Mahul, Maharashtra",41,241510,61,GATE_VALVE,25.0,900,ASTM A182 F316,RF,API 600
BPCL-SAP-0001445,BPCL,VLV-GT-DN100-CL1500-A105-BW,CAN-001356,DEPOT-BPCL-KCH,"Kochi Refinery, Kerala",15,688570,101,GATE_VALVE,100.0,1500,ASTM A105,BW,API 6D
BPCL-SAP-0001446,BPCL,FLG-WN-DN80-CL150-A350LF2-RTJ,CAN-000164,DEPOT-BPCL-MUM,"Mumbai Refinery, Mahul, Maharashtra",138,15960,609,FLANGE_WELD_NECK,80.0,150,ASTM A350 LF2,RTJ,ASME B16.5
BPCL-SAP-0001447,BPCL,FLG-WN-DN15-CL150-A105-RTJ,CAN-000002,DEPOT-BPCL-NML,"Numaligarh Depot Base, Assam",19,1130,66,FLANGE_WELD_NECK,15.0,150,ASTM A105,RTJ,ASME B16.5
BPCL-SAP-0001448,BPCL,FLG-BLD-DN40-CL900-A350LF2-RF,CAN-000481,DEPOT-BPCL-MUM,"Mumbai Refinery, Mahul, Maharashtra",0,22240,0,FLANGE_BLIND,40.0,900,ASTM A350 LF2,RF,ASME B16.5
BPCL-SAP-0001449,BPCL,FLG-BLD-DN200-CL1500-SS316-RF,CAN-000639,DEPOT-BPCL-KCH,"Kochi Refinery, Kerala",107,542540,579,FLANGE_BLIND,200.0,1500,ASTM A182 F316,RF,ASME B16.5
BPCL-SAP-0001450,BPCL,VLV-GT-DN50-PN100-A105-RF,CAN-001209,DEPOT-BPCL-KCH,"Kochi Refinery, Kerala",35,134350,563,GATE_VALVE,50.0,600,ASTM A105,RF,API 600
BPCL-SAP-0001451,BPCL,VLV-GT-DN150-PN150-SS316-RF,CAN-001406,DEPOT-BPCL-NML,"Numaligarh Depot Base, Assam",30,2480500,586,GATE_VALVE,150.0,900,ASTM A182 F316,RF,API 6D
BPCL-SAP-0001452,BPCL,FLG-BLD-DN80-PN150-A105-RF,CAN-000539,DEPOT-BPCL-NML,"Numaligarh Depot Base, Assam",49,34230,523,FLANGE_BLIND,80.0,900,ASTM A105,RF,ASME B16.5
BPCL-SAP-0001453,BPCL,BLT-STUD-DN200-PN20-L7-GR7-THRD,CAN-002172,DEPOT-BPCL-BIN,"Bina Refinery, Madhya Pradesh",27,8350,26,STUD_BOLT,200.0,150,ASTM A320 L7 / A194 7,THRD,ASME B18.2.1
BPCL-SAP-0001454,BPCL,FLG-WN-DN40-CL900-SS316-RF,CAN-000111,DEPOT-BPCL-BIN,"Bina Refinery, Madhya Pradesh",21,54380,19,FLANGE_WELD_NECK,40.0,900,ASTM A182 F316,RF,ASME B16.5
BPCL-SAP-0001455,BPCL,BLT-STUD-DN25-CL1500-L7-GR7-THRD,CAN-002120,DEPOT-BPCL-MUM,"Mumbai Refinery, Mahul, Maharashtra",63,3530,213,STUD_BOLT,25.0,1500,ASTM A320 L7 / A194 7,THRD,ASME B18.2.1
BPCL-SAP-0001456,BPCL,FLG-WN-DN150-PN50-SS304-RTJ,CAN-000254,DEPOT-BPCL-NML,"Numaligarh Depot Base, Assam",7,94410,48,FLANGE_WELD_NECK,150.0,300,ASTM A182 F304,RTJ,ASME B16.5
BPCL-SAP-0001457,BPCL,FLG-BLD-DN200-CL1500-A350LF2-RTJ,CAN-000638,DEPOT-BPCL-NML,"Numaligarh Depot Base, Assam",0,271270,0,FLANGE_BLIND,200.0,1500,ASTM A350 LF2,RTJ,ASME B16.5
BPCL-SAP-0001458,BPCL,FLG-SO-DN15-PN20-SS304-RF,CAN-000703,DEPOT-BPCL-MUM,"Mumbai Refinery, Mahul, Maharashtra",50,1970,657,FLANGE_SLIP_ON,15.0,150,ASTM A182 F304,RF,ASME B16.5
BPCL-SAP-0001459,BPCL,VLV-GT-DN150-CL600-SS316-RF,CAN-001394,DEPOT-BPCL-NML,"Numaligarh Depot Base, Assam",16,1793350,83,GATE_VALVE,150.0,600,ASTM A182 F316,RF,API 6D
BPCL-SAP-0001460,BPCL,FLG-BLD-DN100-PN20-SS316-RTJ,CAN-000556,DEPOT-BPCL-BIN,"Bina Refinery, Madhya Pradesh",27,34920,39,FLANGE_BLIND,100.0,150,ASTM A182 F316,RTJ,ASME B16.5
BPCL-SAP-0001461,BPCL,FLG-WN-DN200-CL150-SS316-RTJ,CAN-000288,DEPOT-BPCL-BIN,"Bina Refinery, Madhya Pradesh",18,105090,44,FLANGE_WELD_NECK,200.0,150,ASTM A182 F316,RTJ,ASME B16.5
BPCL-SAP-0001462,BPCL,FLG-SO-DN200-PN50-A105-RF,CAN-000917,DEPOT-BPCL-KCH,"Kochi Refinery, Kerala",0,41580,0,FLANGE_SLIP_ON,200.0,300,ASTM A105,RF,ASME B16.5
BPCL-SAP-0001463,BPCL,VLV-GT-DN150-PN50-WCB-RF,CAN-001374,DEPOT-BPCL-BIN,"Bina Refinery, Madhya Pradesh",0,321870,0,GATE_VALVE,150.0,300,ASTM A216 WCB,RF,API 6D
BPCL-SAP-0001464,BPCL,VLV-GL-DN100-PN20-WCB-RF,CAN-001902,DEPOT-BPCL-MUM,"Mumbai Refinery, Mahul, Maharashtra",137,145500,352,GLOBE_VALVE,100.0,150,ASTM A216 WCB,RF,ASME B16.34
BPCL-SAP-0001465,BPCL,VLV-GT-DN150-CL1500-WCB-BW,CAN-001412,DEPOT-BPCL-NML,"Numaligarh Depot Base, Assam",43,1166450,52,GATE_VALVE,150.0,1500,ASTM A216 WCB,BW,API 6D
BPCL-SAP-0001466,BPCL,FLG-SO-DN200-PN250-SS316-FF,CAN-000940,DEPOT-BPCL-KCH,"Kochi Refinery, Kerala",144,482260,480,FLANGE_SLIP_ON,200.0,1500,ASTM A182 F316,FF,ASME B16.5
BPCL-SAP-0001467,BPCL,VLV-GT-DN100-CL150-SS316-RF,CAN-001310,DEPOT-BPCL-NML,"Numaligarh Depot Base, Assam",0,349220,0,GATE_VALVE,100.0,150,ASTM A182 F316,RF,API 6D
BPCL-SAP-0001468,BPCL,FLG-BLD-DN150-PN100-A105-RTJ,CAN-000594,DEPOT-BPCL-NML,"Numaligarh Depot Base, Assam",140,56040,722,FLANGE_BLIND,150.0,600,ASTM A105,RTJ,ASME B16.5
BPCL-SAP-0001469,BPCL,GSKT-SW-DN250-PN250-SS316-GR-RF,CAN-002089,DEPOT-BPCL-KCH,"Kochi Refinery, Kerala",34,261850,300,SPIRAL_WOUND_GASKET,250.0,1500,SS316 / GRAPHITE,RF,ASME B16.20
BPCL-SAP-0001470,BPCL,VLV-GT-DN25-CL150-SS316-BW,CAN-001071,DEPOT-BPCL-KCH,"Kochi Refinery, Kerala",0,57600,0,GATE_VALVE,25.0,150,ASTM A182 F316,BW,API 600
BPCL-SAP-0001471,BPCL,FLG-BLD-DN50-CL1500-SS316-RTJ,CAN-000520,DEPOT-BPCL-KCH,"Kochi Refinery, Kerala",76,89480,552,FLANGE_BLIND,50.0,1500,ASTM A182 F316,RTJ,ASME B16.5
BPCL-SAP-0001472,BPCL,BLT-STUD-DN50-PN100-B7-2H-THRD,CAN-002135,DEPOT-BPCL-KCH,"Kochi Refinery, Kerala",0,2610,0,STUD_BOLT,50.0,600,ASTM A193 B7 / A194 2H,THRD,ASME B18.2.1
BPCL-SAP-0001473,BPCL,FLG-SO-DN80-PN50-SS316-RF,CAN-000831,DEPOT-BPCL-BIN,"Bina Refinery, Madhya Pradesh",0,40430,0,FLANGE_SLIP_ON,80.0,300,ASTM A182 F316,RF,ASME B16.5
BPCL-SAP-0001474,BPCL,VLV-GT-DN80-CL300-A105-BW,CAN-001259,DEPOT-BPCL-MUM,"Mumbai Refinery, Mahul, Maharashtra",20,142160,90,GATE_VALVE,80.0,300,ASTM A105,BW,API 600
BPCL-SAP-0001475,BPCL,VLV-BL-DN40-CL900-WCB-RF,CAN-001653,DEPOT-BPCL-BIN,"Bina Refinery, Madhya Pradesh",44,169940,61,BALL_VALVE,40.0,900,ASTM A216 WCB,RF,API 6D
BPCL-SAP-0001476,BPCL,GSKT-SW-DN100-PN250-SS316-GR-RF,CAN-002059,DEPOT-BPCL-NML,"Numaligarh Depot Base, Assam",0,79560,0,SPIRAL_WOUND_GASKET,100.0,1500,SS316 / GRAPHITE,RF,ASME B16.20
BPCL-SAP-0001477,BPCL,VLV-GT-DN80-PN150-WCB-RF,CAN-001278,DEPOT-BPCL-KCH,"Kochi Refinery, Kerala",30,342360,102,GATE_VALVE,80.0,900,ASTM A216 WCB,RF,API 6D
BPCL-SAP-0001478,BPCL,VLV-GT-DN100-PN100-SS316-BW,CAN-001335,DEPOT-BPCL-BIN,"Bina Refinery, Madhya Pradesh",13,1058640,69,GATE_VALVE,100.0,600,ASTM A182 F316,BW,API 600
BPCL-SAP-0001479,BPCL,FLG-WN-DN100-PN20-SS304-RF,CAN-000205,DEPOT-BPCL-KCH,"Kochi Refinery, Kerala",41,32010,70,FLANGE_WELD_NECK,100.0,150,ASTM A182 F304,RF,ASME B16.5
BPCL-SAP-0001480,BPCL,VLV-BL-DN40-CL900-WCB-BW,CAN-001654,DEPOT-BPCL-MUM,"Mumbai Refinery, Mahul, Maharashtra",96,169940,570,BALL_VALVE,40.0,900,ASTM A216 WCB,BW,API 6D
BPCL-SAP-0001481,BPCL,VLV-GT-DN25-CL150-A105-BW,CAN-001067,DEPOT-BPCL-NML,"Numaligarh Depot Base, Assam",7,18000,49,GATE_VALVE,25.0,150,ASTM A105,BW,API 600
BPCL-SAP-0001482,BPCL,VLV-GT-DN300-PN150-SS316-RF,CAN-001586,DEPOT-BPCL-NML,"Numaligarh Depot Base, Assam",0,6107710,0,GATE_VALVE,300.0,900,ASTM A182 F316,RF,API 6D
BPCL-SAP-0001483,BPCL,FLG-SO-DN100-CL150-SS316-FF,CAN-000856,DEPOT-BPCL-NML,"Numaligarh Depot Base, Assam",46,31040,93,FLANGE_SLIP_ON,100.0,150,ASTM A182 F316,FF,ASME B16.5
BPCL-SAP-0001484,BPCL,FLG-SO-DN50-PN100-A105-RF,CAN-000803,DEPOT-BPCL-BIN,"Bina Refinery, Madhya Pradesh",42,11940,105,FLANGE_SLIP_ON,50.0,600,ASTM A105,RF,ASME B16.5
BPCL-SAP-0001485,BPCL,VLV-GT-DN100-CL1500-WCB-BW,CAN-001351,DEPOT-BPCL-BIN,"Bina Refinery, Madhya Pradesh",0,688570,0,GATE_VALVE,100.0,1500,ASTM A216 WCB,BW,API 600
BPCL-SAP-0001486,BPCL,VLV-GT-DN200-PN20-WCB-RF,CAN-001421,DEPOT-BPCL-MUM,"Mumbai Refinery, Mahul, Maharashtra",0,268710,0,GATE_VALVE,200.0,150,ASTM A216 WCB,RF,API 600
BPCL-SAP-0001487,BPCL,VLV-GT-DN40-PN150-WCB-BW,CAN-001160,DEPOT-BPCL-NML,"Numaligarh Depot Base, Assam",28,139040,518,GATE_VALVE,40.0,900,ASTM A216 WCB,BW,API 6D
BPCL-SAP-0001488,BPCL,VLV-GT-DN40-CL600-SS316-RF,CAN-001153,DEPOT-BPCL-BIN,"Bina Refinery, Madhya Pradesh",15,321680,40,GATE_VALVE,40.0,600,ASTM A182 F316,RF,API 600
BPCL-SAP-0001489,BPCL,VLV-BL-DN250-PN150-WCB-BW,CAN-001774,DEPOT-BPCL-KCH,"Kochi Refinery, Kerala",90,1840530,586,BALL_VALVE,250.0,900,ASTM A216 WCB,BW,API 6D
BPCL-SAP-0001490,BPCL,VLV-GT-DN25-PN250-A105-RF,CAN-001114,DEPOT-BPCL-BIN,"Bina Refinery, Madhya Pradesh",121,113570,189,GATE_VALVE,25.0,1500,ASTM A105,RF,API 6D
BPCL-SAP-0001491,BPCL,VLV-GT-DN100-CL150-SS316-BW,CAN-001311,DEPOT-BPCL-BIN,"Bina Refinery, Madhya Pradesh",41,349220,212,GATE_VALVE,100.0,150,ASTM A182 F316,BW,API 600
BPCL-SAP-0001492,BPCL,VLV-GT-DN250-PN50-WCB-BW,CAN-001496,DEPOT-BPCL-BIN,"Bina Refinery, Madhya Pradesh",80,625310,360,GATE_VALVE,250.0,300,ASTM A216 WCB,BW,API 6D
BPCL-SAP-0001493,BPCL,VLV-GL-DN300-PN50-A105-RF,CAN-001987,DEPOT-BPCL-NML,"Numaligarh Depot Base, Assam",9,1056740,107,GLOBE_VALVE,300.0,300,ASTM A105,RF,BS 1873
BPCL-SAP-0001494,BPCL,VLV-GL-DN100-CL1500-A105-RF,CAN-001919,DEPOT-BPCL-NML,"Numaligarh Depot Base, Assam",12,918090,33,GLOBE_VALVE,100.0,1500,ASTM A105,RF,BS 1873
BPCL-SAP-0001495,BPCL,FLG-SO-DN300-CL1500-A105-FF,CAN-000996,DEPOT-BPCL-KCH,"Kochi Refinery, Kerala",16,255300,111,FLANGE_SLIP_ON,300.0,1500,ASTM A105,FF,ASME B16.5
BPCL-SAP-0001496,BPCL,FLG-BLD-DN80-PN150-A105-RF,CAN-000539,DEPOT-BPCL-MUM,"Mumbai Refinery, Mahul, Maharashtra",23,34230,27,FLANGE_BLIND,80.0,900,ASTM A105,RF,ASME B16.5
BPCL-SAP-0001497,BPCL,VLV-BL-DN200-PN250-SS316-BW,CAN-001760,DEPOT-BPCL-KCH,"Kochi Refinery, Kerala",56,6631160,536,BALL_VALVE,200.0,1500,ASTM A182 F316,BW,API 6D
BPCL-SAP-0001498,BPCL,VLV-GT-DN100-CL900-SS316-BW,CAN-001347,DEPOT-BPCL-BIN,"Bina Refinery, Madhya Pradesh",0,1464270,0,GATE_VALVE,100.0,900,ASTM A182 F316,BW,API 600
BPCL-SAP-0001499,BPCL,FLG-BLD-DN100-PN50-A105-RF,CAN-000557,DEPOT-BPCL-NML,"Numaligarh Depot Base, Assam",119,19000,268,FLANGE_BLIND,100.0,300,ASTM A105,RF,ASME B16.5
BPCL-SAP-0001500,BPCL,FLG-BLD-DN100-PN250-A350LF2-RTJ,CAN-000578,DEPOT-BPCL-BIN,"Bina Refinery, Madhya Pradesh",15,110170,30,FLANGE_BLIND,100.0,1500,ASTM A350 LF2,RTJ,ASME B16.5
BPCL-SAP-0001501,BPCL,BLT-STUD-DN15-PN150-L7-GR7-THRD,CAN-002108,DEPOT-BPCL-BIN,"Bina Refinery, Madhya Pradesh",80,1200,626,STUD_BOLT,15.0,900,ASTM A320 L7 / A194 7,THRD,ASME B18.2.1
BPCL-SAP-0001502,BPCL,VLV-GT-DN300-PN250-WCB-BW,CAN-001591,DEPOT-BPCL-NML,"Numaligarh Depot Base, Assam",18,2872150,40,GATE_VALVE,300.0,1500,ASTM A216 WCB,BW,API 600
BPCL-SAP-0001503,BPCL,GSKT-SW-DN100-PN20-SS304-GR-RF,CAN-002052,DEPOT-BPCL-BIN,"Bina Refinery, Madhya Pradesh",0,9450,0,SPIRAL_WOUND_GASKET,100.0,150,SS304 / GRAPHITE,RF,ASME B16.20
BPCL-SAP-0001504,BPCL,FLG-WN-DN50-CL600-SS304-RTJ,CAN-000142,DEPOT-BPCL-KCH,"Kochi Refinery, Kerala",18,39410,60,FLANGE_WELD_NECK,50.0,600,ASTM A182 F304,RTJ,ASME B16.5
BPCL-SAP-0001505,BPCL,FLG-SO-DN250-PN100-SS316-FF,CAN-000958,DEPOT-BPCL-MUM,"Mumbai Refinery, Mahul, Maharashtra",45,309680,83,FLANGE_SLIP_ON,250.0,600,ASTM A182 F316,FF,ASME B16.5
BPCL-SAP-0001506,BPCL,VLV-GL-DN40-CL1500-WCB-RF,CAN-001858,DEPOT-BPCL-NML,"Numaligarh Depot Base, Assam",30,278970,58,GLOBE_VALVE,40.0,1500,ASTM A216 WCB,RF,ASME B16.34
BPCL-SAP-0001507,BPCL,FLG-SO-DN15-PN20-SS316-RF,CAN-000705,DEPOT-BPCL-MUM,"Mumbai Refinery, Mahul, Maharashtra",6,2630,71,FLANGE_SLIP_ON,15.0,150,ASTM A182 F316,RF,ASME B16.5
BPCL-SAP-0001508,BPCL,FLG-SO-DN25-PN100-SS304-FF,CAN-000746,DEPOT-BPCL-NML,"Numaligarh Depot Base, Assam",8,11640,13,FLANGE_SLIP_ON,25.0,600,ASTM A182 F304,FF,ASME B16.5
BPCL-SAP-0001509,BPCL,FLG-BLD-DN100-CL150-A350LF2-RF,CAN-000553,DEPOT-BPCL-KCH,"Kochi Refinery, Kerala",28,17460,11,FLANGE_BLIND,100.0,150,ASTM A350 LF2,RF,ASME B16.5
BPCL-SAP-0001510,BPCL,VLV-GT-DN15-PN250-WCB-RF,CAN-001049,DEPOT-BPCL-NML,"Numaligarh Depot Base, Assam",6,58460,45,GATE_VALVE,15.0,1500,ASTM A216 WCB,RF,API 600
BPCL-SAP-0001511,BPCL,FLG-BLD-DN200-PN20-A105-RF,CAN-000611,DEPOT-BPCL-MUM,"Mumbai Refinery, Mahul, Maharashtra",40,26870,14,FLANGE_BLIND,200.0,150,ASTM A105,RF,ASME B16.5
BPCL-SAP-0001512,BPCL,FLG-SO-DN250-CL1500-A105-RF,CAN-000965,DEPOT-BPCL-KCH,"Kochi Refinery, Kerala",10,201420,43,FLANGE_SLIP_ON,250.0,1500,ASTM A105,RF,ASME B16.5
BPCL-SAP-0001513,BPCL,FLG-WN-DN250-CL900-A350LF2-RTJ,CAN-000348,DEPOT-BPCL-MUM,"Mumbai Refinery, Mahul, Maharashtra",0,294480,0,FLANGE_WELD_NECK,250.0,900,ASTM A350 LF2,RTJ,ASME B16.5
BPCL-SAP-0001514,BPCL,FLG-WN-DN200-PN150-SS316-RTJ,CAN-000312,DEPOT-BPCL-NML,"Numaligarh Depot Base, Assam",147,440660,413,FLANGE_WELD_NECK,200.0,900,ASTM A182 F316,RTJ,ASME B16.5
BPCL-SAP-0001515,BPCL,VLV-GT-DN25-PN250-SS316-RF,CAN-001117,DEPOT-BPCL-KCH,"Kochi Refinery, Kerala",50,363430,74,GATE_VALVE,25.0,1500,ASTM A182 F316,RF,API 600
BPCL-SAP-0001516,BPCL,VLV-GT-DN40-PN50-WCB-RF,CAN-001134,DEPOT-BPCL-BIN,"Bina Refinery, Madhya Pradesh",36,57730,115,GATE_VALVE,40.0,300,ASTM A216 WCB,RF,API 6D
BPCL-SAP-0001517,BPCL,FLG-SO-DN300-PN50-A105-FF,CAN-000978,DEPOT-BPCL-KCH,"Kochi Refinery, Kerala",20,70440,60,FLANGE_SLIP_ON,300.0,300,ASTM A105,FF,ASME B16.5
BPCL-SAP-0001518,BPCL,FLG-SO-DN80-PN150-SS316-FF,CAN-000844,DEPOT-BPCL-KCH,"Kochi Refinery, Kerala",0,97380,0,FLANGE_SLIP_ON,80.0,900,ASTM A182 F316,FF,ASME B16.5
BPCL-SAP-0001519,BPCL,VLV-BL-DN300-CL900-WCB-RF,CAN-001793,DEPOT-BPCL-NML,"Numaligarh Depot Base, Assam",0,2332800,0,BALL_VALVE,300.0,900,ASTM A216 WCB,RF,API 6D
BPCL-SAP-0001520,BPCL,VLV-BL-DN150-PN50-SS316-BW,CAN-001728,DEPOT-BPCL-MUM,"Mumbai Refinery, Mahul, Maharashtra",108,1258900,694,BALL_VALVE,150.0,300,ASTM A182 F316,BW,API 6D
BPCL-SAP-0001521,BPCL,GSKT-SW-DN25-CL1500-SS316-GR-RF,CAN-002019,DEPOT-BPCL-NML,"Numaligarh Depot Base, Assam",148,13120,206,SPIRAL_WOUND_GASKET,25.0,1500,SS316 / GRAPHITE,RF,ASME B16.20
BPCL-SAP-0001522,BPCL,FLG-WN-DN80-PN100-A350LF2-RTJ,CAN-000180,DEPOT-BPCL-MUM,"Mumbai Refinery, Mahul, Maharashtra",40,48400,102,FLANGE_WELD_NECK,80.0,600,ASTM A350 LF2,RTJ,ASME B16.5
BPCL-SAP-0001523,BPCL,VLV-GT-DN50-CL600-WCB-BW,CAN-001207,DEPOT-BPCL-MUM,"Mumbai Refinery, Mahul, Maharashtra",19,134350,60,GATE_VALVE,50.0,600,ASTM A216 WCB,BW,API 600
BPCL-SAP-0001524,BPCL,VLV-GT-DN50-PN250-SS316-BW,CAN-001239,DEPOT-BPCL-NML,"Numaligarh Depot Base, Assam",0,894870,0,GATE_VALVE,50.0,1500,ASTM A182 F316,BW,API 600
BPCL-SAP-0001525,BPCL,VLV-GT-DN40-CL300-SS316-BW,CAN-001143,DEPOT-BPCL-BIN,"Bina Refinery, Madhya Pradesh",13,184750,33,GATE_VALVE,40.0,300,ASTM A182 F316,BW,API 600
BPCL-SAP-0001526,BPCL,FLG-SO-DN25-PN20-A105-RF,CAN-000731,DEPOT-BPCL-BIN,"Bina Refinery, Madhya Pradesh",0,1600,0,FLANGE_SLIP_ON,25.0,150,ASTM A105,RF,ASME B16.5
BPCL-SAP-0001527,BPCL,VLV-GT-DN25-PN100-WCB-RF,CAN-001085,DEPOT-BPCL-KCH,"Kochi Refinery, Kerala",50,54560,100,GATE_VALVE,25.0,600,ASTM A216 WCB,RF,API 600
BPCL-SAP-0001528,BPCL,VLV-GL-DN100-PN150-A105-RF,CAN-001916,DEPOT-BPCL-KCH,"Kochi Refinery, Kerala",46,610110,502,GLOBE_VALVE,100.0,900,ASTM A105,RF,ASME B16.34
BPCL-SAP-0001529,BPCL,VLV-GT-DN50-PN20-WCB-BW,CAN-001184,DEPOT-BPCL-KCH,"Kochi Refinery, Kerala",0,44320,0,GATE_VALVE,50.0,150,ASTM A216 WCB,BW,API 6D
BPCL-SAP-0001530,BPCL,BLT-STUD-DN80-CL150-L7-GR7-THRD,CAN-002142,DEPOT-BPCL-MUM,"Mumbai Refinery, Mahul, Maharashtra",42,2540,34,STUD_BOLT,80.0,150,ASTM A320 L7 / A194 7,THRD,ASME B18.2.1
BPCL-SAP-0001531,BPCL,FLG-WN-DN150-PN250-SS316-RTJ,CAN-000280,DEPOT-BPCL-KCH,"Kochi Refinery, Kerala",33,456210,42,FLANGE_WELD_NECK,150.0,1500,ASTM A182 F316,RTJ,ASME B16.5
BPCL-SAP-0001532,BPCL,FLG-BLD-DN15-CL600-A105-RF,CAN-000413,DEPOT-BPCL-MUM,"Mumbai Refinery, Mahul, Maharashtra",121,2800,526,FLANGE_BLIND,15.0,600,ASTM A105,RF,ASME B16.5
BPCL-SAP-0001533,BPCL,VLV-GT-DN100-PN20-SS316-RF,CAN-001309,DEPOT-BPCL-MUM,"Mumbai Refinery, Mahul, Maharashtra",39,349220,61,GATE_VALVE,100.0,150,ASTM A182 F316,RF,API 600
BPCL-SAP-0001534,BPCL,VLV-GT-DN150-CL900-SS316-BW,CAN-001407,DEPOT-BPCL-BIN,"Bina Refinery, Madhya Pradesh",103,2480500,288,GATE_VALVE,150.0,900,ASTM A182 F316,BW,API 600
BPCL-SAP-0001535,BPCL,FLG-WN-DN25-CL600-SS316-RF,CAN-000063,DEPOT-BPCL-NML,"Numaligarh Depot Base, Assam",5,21340,104,FLANGE_WELD_NECK,25.0,600,ASTM A182 F316,RF,ASME B16.5
BPCL-SAP-0001536,BPCL,FLG-WN-DN50-PN50-A350LF2-RTJ,CAN-000132,DEPOT-BPCL-NML,"Numaligarh Depot Base, Assam",14,15090,92,FLANGE_WELD_NECK,50.0,300,ASTM A350 LF2,RTJ,ASME B16.5
BPCL-SAP-0001537,BPCL,VLV-GT-DN80-PN250-SS316-RF,CAN-001297,DEPOT-BPCL-NML,"Numaligarh Depot Base, Assam",142,1648600,247,GATE_VALVE,80.0,1500,ASTM A182 F316,RF,API 600
BPCL-SAP-0001538,BPCL,FLG-SO-DN15-PN20-SS304-FF,CAN-000704,DEPOT-BPCL-MUM,"Mumbai Refinery, Mahul, Maharashtra",18,1970,27,FLANGE_SLIP_ON,15.0,150,ASTM A182 F304,FF,ASME B16.5
BPCL-SAP-0001539,BPCL,FLG-SO-DN40-PN50-SS316-FF,CAN-000772,DEPOT-BPCL-NML,"Numaligarh Depot Base, Assam",0,16420,0,FLANGE_SLIP_ON,40.0,300,ASTM A182 F316,FF,ASME B16.5
BPCL-SAP-0001540,BPCL,FLG-WN-DN150-PN50-A105-RTJ,CAN-000250,DEPOT-BPCL-MUM,"Mumbai Refinery, Mahul, Maharashtra",10,39340,78,FLANGE_WELD_NECK,150.0,300,ASTM A105,RTJ,ASME B16.5
BPCL-SAP-0001541,BPCL,FLG-BLD-DN50-CL600-SS316-RF,CAN-000507,DEPOT-BPCL-NML,"Numaligarh Depot Base, Assam",28,42990,120,FLANGE_BLIND,50.0,600,ASTM A182 F316,RF,ASME B16.5
BPCL-SAP-0001542,BPCL,FLG-SO-DN15-CL300-SS304-RF,CAN-000709,DEPOT-BPCL-NML,"Numaligarh Depot Base, Assam",130,3440,700,FLANGE_SLIP_ON,15.0,300,ASTM A182 F304,RF,ASME B16.5
BPCL-SAP-0001543,BPCL,FLG-SO-DN50-CL300-SS316-FF,CAN-000802,DEPOT-BPCL-MUM,"Mumbai Refinery, Mahul, Maharashtra",137,21940,610,FLANGE_SLIP_ON,50.0,300,ASTM A182 F316,FF,ASME B16.5
BPCL-SAP-0001544,BPCL,FLG-WN-DN25-PN150-SS316-RTJ,CAN-000072,DEPOT-BPCL-BIN,"Bina Refinery, Madhya Pradesh",44,29510,106,FLANGE_WELD_NECK,25.0,900,ASTM A182 F316,RTJ,ASME B16.5
BPCL-SAP-0001545,BPCL,VLV-BL-DN15-PN50-WCB-RF,CAN-001605,DEPOT-BPCL-NML,"Numaligarh Depot Base, Assam",125,19710,633,BALL_VALVE,15.0,300,ASTM A216 WCB,RF,API 6D
BPCL-SAP-0001546,BPCL,FLG-WN-DN50-PN150-A350LF2-RTJ,CAN-000148,DEPOT-BPCL-KCH,"Kochi Refinery, Kerala",0,36340,0,FLANGE_WELD_NECK,50.0,900,ASTM A350 LF2,RTJ,ASME B16.5
BPCL-SAP-0001547,BPCL,FLG-BLD-DN50-CL150-A350LF2-RTJ,CAN-000494,DEPOT-BPCL-BIN,"Bina Refinery, Madhya Pradesh",41,7090,111,FLANGE_BLIND,50.0,150,ASTM A350 LF2,RTJ,ASME B16.5
BPCL-SAP-0001548,BPCL,FLG-BLD-DN250-PN250-A350LF2-RF,CAN-000667,DEPOT-BPCL-MUM,"Mumbai Refinery, Mahul, Maharashtra",80,362570,641,FLANGE_BLIND,250.0,1500,ASTM A350 LF2,RF,ASME B16.5
BPCL-SAP-0001549,BPCL,FLG-BLD-DN15-PN50-A105-RF,CAN-000407,DEPOT-BPCL-BIN,"Bina Refinery, Madhya Pradesh",0,1610,0,FLANGE_BLIND,15.0,300,ASTM A105,RF,ASME B16.5
BPCL-SAP-0001550,BPCL,FLG-SO-DN150-PN150-A105-FF,CAN-000900,DEPOT-BPCL-KCH,"Kochi Refinery, Kerala",11,68900,119,FLANGE_SLIP_ON,150.0,900,ASTM A105,FF,ASME B16.5
BPCL-SAP-0001551,BPCL,VLV-GL-DN80-PN100-A105-RF,CAN-001892,DEPOT-BPCL-NML,"Numaligarh Depot Base, Assam",0,330030,0,GLOBE_VALVE,80.0,600,ASTM A105,RF,ASME B16.34
BPCL-SAP-0001552,BPCL,VLV-BL-DN25-PN50-SS316-RF,CAN-001627,DEPOT-BPCL-NML,"Numaligarh Depot Base, Assam",89,122570,331,BALL_VALVE,25.0,300,ASTM A182 F316,RF,API 6D
BPCL-SAP-0001553,BPCL,VLV-GT-DN15-CL600-SS316-RF,CAN-001033,DEPOT-BPCL-MUM,"Mumbai Refinery, Mahul, Maharashtra",97,89880,314,GATE_VALVE,15.0,600,ASTM A182 F316,RF,API 600
BPCL-SAP-0001554,BPCL,BLT-STUD-DN100-PN150-L7-GR7-THRD,CAN-002158,DEPOT-BPCL-MUM,"Mumbai Refinery, Mahul, Maharashtra",142,14230,376,STUD_BOLT,100.0,900,ASTM A320 L7 / A194 7,THRD,ASME B18.2.1
BPCL-SAP-0001555,BPCL,FLG-BLD-DN15-PN100-A350LF2-RF,CAN-000415,DEPOT-BPCL-MUM,"Mumbai Refinery, Mahul, Maharashtra",48,4490,83,FLANGE_BLIND,15.0,600,ASTM A350 LF2,RF,ASME B16.5
BPCL-SAP-0001556,BPCL,FLG-BLD-DN50-CL1500-A105-RTJ,CAN-000516,DEPOT-BPCL-KCH,"Kochi Refinery, Kerala",18,27960,23,FLANGE_BLIND,50.0,1500,ASTM A105,RTJ,ASME B16.5
BPCL-SAP-0001557,BPCL,GSKT-SW-DN150-PN50-SS304-GR-RF,CAN-002064,DEPOT-BPCL-MUM,"Mumbai Refinery, Mahul, Maharashtra",0,27890,0,SPIRAL_WOUND_GASKET,150.0,300,SS304 / GRAPHITE,RF,ASME B16.20
BPCL-SAP-0001558,BPCL,GSKT-SW-DN15-CL300-SS316-GR-RF,CAN-002003,DEPOT-BPCL-BIN,"Bina Refinery, Madhya Pradesh",40,1860,51,SPIRAL_WOUND_GASKET,15.0,300,SS316 / GRAPHITE,RF,ASME B16.20
BPCL-SAP-0001559,BPCL,VLV-BL-DN100-CL300-WCB-RF,CAN-001705,DEPOT-BPCL-KCH,"Kochi Refinery, Kerala",0,232230,0,BALL_VALVE,100.0,300,ASTM A216 WCB,RF,API 6D
BPCL-SAP-0001560,BPCL,VLV-BL-DN50-PN250-SS316-RF,CAN-001679,DEPOT-BPCL-MUM,"Mumbai Refinery, Mahul, Maharashtra",18,1093730,104,BALL_VALVE,50.0,1500,ASTM A182 F316,RF,API 6D
BPCL-SAP-0001561,BPCL,FLG-SO-DN25-PN50-SS304-FF,CAN-000740,DEPOT-BPCL-MUM,"Mumbai Refinery, Mahul, Maharashtra",101,6680,616,FLANGE_SLIP_ON,25.0,300,ASTM A182 F304,FF,ASME B16.5
BPCL-SAP-0001562,BPCL,FLG-BLD-DN25-PN100-A350LF2-RF,CAN-000445,DEPOT-BPCL-BIN,"Bina Refinery, Madhya Pradesh",36,8730,630,FLANGE_BLIND,25.0,600,ASTM A350 LF2,RF,ASME B16.5
BPCL-SAP-0001563,BPCL,VLV-GL-DN150-PN100-A105-RF,CAN-001931,DEPOT-BPCL-MUM,"Mumbai Refinery, Mahul, Maharashtra",117,747230,415,GLOBE_VALVE,150.0,600,ASTM A105,RF,BS 1873
BPCL-SAP-0001564,BPCL,FLG-BLD-DN15-PN250-SS316-RF,CAN-000429,DEPOT-BPCL-KCH,"Kochi Refinery, Kerala",86,18700,636,FLANGE_BLIND,15.0,1500,ASTM A182 F316,RF,ASME B16.5
BPCL-SAP-0001565,BPCL,VLV-GT-DN300-PN100-A105-BW,CAN-001571,DEPOT-BPCL-BIN,"Bina Refinery, Madhya Pradesh",74,1379920,428,GATE_VALVE,300.0,600,ASTM A105,BW,API 600
BPCL-SAP-0001566,BPCL,VLV-GT-DN100-PN150-SS316-BW,CAN-001348,DEPOT-BPCL-KCH,"Kochi Refinery, Kerala",11,1464270,72,GATE_VALVE,100.0,900,ASTM A182 F316,BW,API 6D
BPCL-SAP-0001567,BPCL,VLV-GT-DN15-PN150-WCB-BW,CAN-001040,DEPOT-BPCL-KCH,"Kochi Refinery, Kerala",14,38840,14,GATE_VALVE,15.0,900,ASTM A216 WCB,BW,API 6D
BPCL-SAP-0001568,BPCL,GSKT-SW-DN100-CL150-SS304-GR-RF,CAN-002052,DEPOT-BPCL-KCH,"Kochi Refinery, Kerala",46,9450,85,SPIRAL_WOUND_GASKET,100.0,150,SS304 / GRAPHITE,RF,ASME B16.20
BPCL-SAP-0001569,BPCL,VLV-GL-DN15-PN50-A105-RF,CAN-001807,DEPOT-BPCL-BIN,"Bina Refinery, Madhya Pradesh",40,21500,98,GLOBE_VALVE,15.0,300,ASTM A105,RF,BS 1873
BPCL-SAP-0001570,BPCL,VLV-GT-DN200-CL1500-A105-BW,CAN-001476,DEPOT-BPCL-BIN,"Bina Refinery, Madhya Pradesh",12,1695460,96,GATE_VALVE,200.0,1500,ASTM A105,BW,API 6D
BPCL-SAP-0001571,BPCL,FLG-WN-DN25-PN20-SS304-RF,CAN-000045,DEPOT-BPCL-MUM,"Mumbai Refinery, Mahul, Maharashtra",41,5280,617,FLANGE_WELD_NECK,25.0,150,ASTM A182 F304,RF,ASME B16.5
BPCL-SAP-0001572,BPCL,FLG-SO-DN100-PN150-SS304-FF,CAN-000872,DEPOT-BPCL-BIN,"Bina Refinery, Madhya Pradesh",70,97610,289,FLANGE_SLIP_ON,100.0,900,ASTM A182 F304,FF,ASME B16.5
BPCL-SAP-0001573,BPCL,VLV-BL-DN300-PN20-SS316-BW,CAN-001784,DEPOT-BPCL-BIN,"Bina Refinery, Madhya Pradesh",0,1780360,0,BALL_VALVE,300.0,150,ASTM A182 F316,BW,API 6D
BPCL-SAP-0001574,BPCL,VLV-GT-DN25-PN250-WCB-RF,CAN-001109,DEPOT-BPCL-MUM,"Mumbai Refinery, Mahul, Maharashtra",0,113570,0,GATE_VALVE,25.0,1500,ASTM A216 WCB,RF,API 600
BPCL-SAP-0001575,BPCL,VLV-BL-DN15-PN50-SS316-RF,CAN-001607,DEPOT-BPCL-NML,"Numaligarh Depot Base, Assam",0,63090,0,BALL_VALVE,15.0,300,ASTM A182 F316,RF,API 6D
BPCL-SAP-0001576,BPCL,FLG-WN-DN150-CL900-A105-RF,CAN-000265,DEPOT-BPCL-NML,"Numaligarh Depot Base, Assam",29,94740,20,FLANGE_WELD_NECK,150.0,900,ASTM A105,RF,ASME B16.5
BPCL-SAP-0001577,BPCL,FLG-SO-DN150-PN50-A105-FF,CAN-000888,DEPOT-BPCL-NML,"Numaligarh Depot Base, Assam",101,28610,459,FLANGE_SLIP_ON,150.0,300,ASTM A105,FF,ASME B16.5
BPCL-SAP-0001578,BPCL,FLG-WN-DN15-CL150-A105-RF,CAN-000001,DEPOT-BPCL-NML,"Numaligarh Depot Base, Assam",35,1130,106,FLANGE_WELD_NECK,15.0,150,ASTM A105,RF,ASME B16.5
BPCL-SAP-0001579,BPCL,VLV-GT-DN25-PN50-A105-BW,CAN-001079,DEPOT-BPCL-KCH,"Kochi Refinery, Kerala",10,31330,26,GATE_VALVE,25.0,300,ASTM A105,BW,API 600
BPCL-SAP-0001580,BPCL,VLV-GT-DN25-PN50-WCB-BW,CAN-001076,DEPOT-BPCL-BIN,"Bina Refinery, Madhya Pradesh",31,31330,87,GATE_VALVE,25.0,300,ASTM A216 WCB,BW,API 6D
BPCL-SAP-0001581,BPCL,VLV-GT-DN150-PN100-WCB-RF,CAN-001385,DEPOT-BPCL-BIN,"Bina Refinery, Madhya Pradesh",39,560420,358,GATE_VALVE,150.0,600,ASTM A216 WCB,RF,API 600
BPCL-SAP-0001582,BPCL,VLV-GT-DN150-CL600-SS316-RF,CAN-001393,DEPOT-BPCL-BIN,"Bina Refinery, Madhya Pradesh",119,1793350,641,GATE_VALVE,150.0,600,ASTM A182 F316,RF,API 600
BPCL-SAP-0001583,BPCL,VLV-GT-DN25-CL1500-WCB-RF,CAN-001110,DEPOT-BPCL-NML,"Numaligarh Depot Base, Assam",14,113570,119,GATE_VALVE,25.0,1500,ASTM A216 WCB,RF,API 6D
BPCL-SAP-0001584,BPCL,VLV-GL-DN80-CL600-A105-RF,CAN-001892,DEPOT-BPCL-MUM,"Mumbai Refinery, Mahul, Maharashtra",15,330030,88,GLOBE_VALVE,80.0,600,ASTM A105,RF,ASME B16.34
BPCL-SAP-0001585,BPCL,FLG-WN-DN250-CL150-A105-RTJ,CAN-000322,DEPOT-BPCL-MUM,"Mumbai Refinery, Mahul, Maharashtra",33,43890,80,FLANGE_WELD_NECK,250.0,150,ASTM A105,RTJ,ASME B16.5
BPCL-SAP-0001586,BPCL,VLV-GT-DN300-PN20-WCB-BW,CAN-001544,DEPOT-BPCL-NML,"Numaligarh Depot Base, Assam",49,455200,81,GATE_VALVE,300.0,150,ASTM A216 WCB,BW,API 6D
BPCL-SAP-0001587,BPCL,VLV-GT-DN15-CL900-SS316-BW,CAN-001048,DEPOT-BPCL-BIN,"Bina Refinery, Madhya Pradesh",21,124310,11,GATE_VALVE,15.0,900,ASTM A182 F316,BW,API 6D
BPCL-SAP-0001588,BPCL,FLG-BLD-DN15-PN150-A105-RF,CAN-000419,DEPOT-BPCL-MUM,"Mumbai Refinery, Mahul, Maharashtra",14,3880,91,FLANGE_BLIND,15.0,900,ASTM A105,RF,ASME B16.5
BPCL-SAP-0001589,BPCL,VLV-GL-DN50-CL900-A105-RF,CAN-001875,DEPOT-BPCL-KCH,"Kochi Refinery, Kerala",135,247780,522,GLOBE_VALVE,50.0,900,ASTM A105,RF,BS 1873
BPCL-SAP-0001590,BPCL,FLG-SO-DN200-CL1500-A105-RF,CAN-000935,DEPOT-BPCL-MUM,"Mumbai Refinery, Mahul, Maharashtra",11,150700,65,FLANGE_SLIP_ON,200.0,1500,ASTM A105,RF,ASME B16.5
BPCL-SAP-0001591,BPCL,FLG-WN-DN40-CL900-A105-RF,CAN-000105,DEPOT-BPCL-KCH,"Kochi Refinery, Kerala",22,16990,16,FLANGE_WELD_NECK,40.0,900,ASTM A105,RF,ASME B16.5
BPCL-SAP-0001592,BPCL,GSKT-SW-DN100-CL150-SS316-GR-RF,CAN-002051,DEPOT-BPCL-NML,"Numaligarh Depot Base, Assam",0,12610,0,SPIRAL_WOUND_GASKET,100.0,150,SS316 / GRAPHITE,RF,ASME B16.20
BPCL-SAP-0001593,BPCL,VLV-GT-DN15-CL150-WCB-BW,CAN-001003,DEPOT-BPCL-BIN,"Bina Refinery, Madhya Pradesh",33,9260,63,GATE_VALVE,15.0,150,ASTM A216 WCB,BW,API 600
BPCL-SAP-0001594,BPCL,VLV-GT-DN80-PN150-WCB-BW,CAN-001279,DEPOT-BPCL-MUM,"Mumbai Refinery, Mahul, Maharashtra",10,342360,43,GATE_VALVE,80.0,900,ASTM A216 WCB,BW,API 600
BPCL-SAP-0001595,BPCL,VLV-BL-DN300-CL600-WCB-RF,CAN-001789,DEPOT-BPCL-MUM,"Mumbai Refinery, Mahul, Maharashtra",30,1686570,35,BALL_VALVE,300.0,600,ASTM A216 WCB,RF,API 6D
BPCL-SAP-0001596,BPCL,VLV-GT-DN300-PN250-A105-BW,CAN-001595,DEPOT-BPCL-MUM,"Mumbai Refinery, Mahul, Maharashtra",0,2872150,0,GATE_VALVE,300.0,1500,ASTM A105,BW,API 600
BPCL-SAP-0001597,BPCL,VLV-GL-DN100-CL600-WCB-RF,CAN-001909,DEPOT-BPCL-BIN,"Bina Refinery, Madhya Pradesh",0,441100,0,GLOBE_VALVE,100.0,600,ASTM A216 WCB,RF,BS 1873
BPCL-SAP-0001598,BPCL,VLV-GL-DN50-PN20-WCB-RF,CAN-001861,DEPOT-BPCL-KCH,"Kochi Refinery, Kerala",0,59090,0,GLOBE_VALVE,50.0,150,ASTM A216 WCB,RF,BS 1873
BPCL-SAP-0001599,BPCL,FLG-SO-DN150-PN250-SS304-RF,CAN-000907,DEPOT-BPCL-KCH,"Kochi Refinery, Kerala",32,248840,72,FLANGE_SLIP_ON,150.0,1500,ASTM A182 F304,RF,ASME B16.5
BPCL-SAP-0001600,BPCL,VLV-GT-DN80-PN50-WCB-RF,CAN-001253,DEPOT-BPCL-BIN,"Bina Refinery, Madhya Pradesh",0,142160,0,GATE_VALVE,80.0,300,ASTM A216 WCB,RF,API 600
BPCL-SAP-0001601,BPCL,VLV-GT-DN200-CL600-WCB-BW,CAN-001447,DEPOT-BPCL-BIN,"Bina Refinery, Madhya Pradesh",11,814580,87,GATE_VALVE,200.0,600,ASTM A216 WCB,BW,API 600
BPCL-SAP-0001602,BPCL,BLT-STUD-DN300-PN20-B7-2H-THRD,CAN-002191,DEPOT-BPCL-NML,"Numaligarh Depot Base, Assam",37,8850,56,STUD_BOLT,300.0,150,ASTM A193 B7 / A194 2H,THRD,ASME B18.2.1
BPCL-SAP-0001603,BPCL,VLV-GT-DN25-PN150-SS316-BW,CAN-001108,DEPOT-BPCL-NML,"Numaligarh Depot Base, Assam",57,241510,325,GATE_VALVE,25.0,900,ASTM A182 F316,BW,API 6D
BPCL-SAP-0001604,BPCL,FLG-SO-DN15-CL600-SS316-RF,CAN-000717,DEPOT-BPCL-BIN,"Bina Refinery, Madhya Pradesh",0,7980,0,FLANGE_SLIP_ON,15.0,600,ASTM A182 F316,RF,ASME B16.5
BPCL-SAP-0001605,BPCL,FLG-SO-DN25-PN50-A105-RF,CAN-000737,DEPOT-BPCL-KCH,"Kochi Refinery, Kerala",16,2780,74,FLANGE_SLIP_ON,25.0,300,ASTM A105,RF,ASME B16.5
BPCL-SAP-0001606,BPCL,FLG-WN-DN15-PN150-A105-RF,CAN-000025,DEPOT-BPCL-MUM,"Mumbai Refinery, Mahul, Maharashtra",12,4740,113,FLANGE_WELD_NECK,15.0,900,ASTM A105,RF,ASME B16.5
BPCL-SAP-0001607,BPCL,VLV-GL-DN150-PN150-A105-RF,CAN-001935,DEPOT-BPCL-KCH,"Kochi Refinery, Kerala",107,1033540,520,GLOBE_VALVE,150.0,900,ASTM A105,RF,BS 1873
BPCL-SAP-0001608,BPCL,FLG-WN-DN50-CL150-A105-RTJ,CAN-000122,DEPOT-BPCL-KCH,"Kochi Refinery, Kerala",28,5410,113,FLANGE_WELD_NECK,50.0,150,ASTM A105,RTJ,ASME B16.5
BPCL-SAP-0001609,BPCL,VLV-GT-DN150-CL1500-A105-RF,CAN-001414,DEPOT-BPCL-BIN,"Bina Refinery, Madhya Pradesh",47,1166450,26,GATE_VALVE,150.0,1500,ASTM A105,RF,API 6D
BPCL-SAP-0001610,BPCL,FLG-BLD-DN200-PN20-A105-RF,CAN-000611,DEPOT-BPCL-NML,"Numaligarh Depot Base, Assam",0,26870,0,FLANGE_BLIND,200.0,150,ASTM A105,RF,ASME B16.5
BPCL-SAP-0001611,BPCL,FLG-SO-DN50-PN50-SS316-RF,CAN-000801,DEPOT-BPCL-NML,"Numaligarh Depot Base, Assam",105,21940,513,FLANGE_SLIP_ON,50.0,300,ASTM A182 F316,RF,ASME B16.5
BPCL-SAP-0001612,BPCL,FLG-WN-DN40-PN100-SS316-RF,CAN-000103,DEPOT-BPCL-BIN,"Bina Refinery, Madhya Pradesh",0,39310,0,FLANGE_WELD_NECK,40.0,600,ASTM A182 F316,RF,ASME B16.5
BPCL-SAP-0001613,BPCL,VLV-GT-DN300-PN20-SS316-RF,CAN-001550,DEPOT-BPCL-BIN,"Bina Refinery, Madhya Pradesh",41,1456650,499,GATE_VALVE,300.0,150,ASTM A182 F316,RF,API 6D
BPCL-SAP-0001614,BPCL,VLV-GT-DN100-PN50-SS316-RF,CAN-001322,DEPOT-BPCL-MUM,"Mumbai Refinery, Mahul, Maharashtra",9,608020,55,GATE_VALVE,100.0,300,ASTM A182 F316,RF,API 6D
BPCL-SAP-0001615,BPCL,FLG-WN-DN250-CL900-A105-RTJ,CAN-000346,DEPOT-BPCL-MUM,"Mumbai Refinery, Mahul, Maharashtra",34,184050,117,FLANGE_WELD_NECK,250.0,900,ASTM A105,RTJ,ASME B16.5
BPCL-SAP-0001616,BPCL,VLV-GT-DN100-CL900-A105-RF,CAN-001342,DEPOT-BPCL-BIN,"Bina Refinery, Madhya Pradesh",112,457580,686,GATE_VALVE,100.0,900,ASTM A105,RF,API 6D
BPCL-SAP-0001617,BPCL,BLT-STUD-DN80-CL150-B7-2H-THRD,CAN-002141,DEPOT-BPCL-BIN,"Bina Refinery, Madhya Pradesh",0,1580,0,STUD_BOLT,80.0,150,ASTM A193 B7 / A194 2H,THRD,ASME B18.2.1
BPCL-SAP-0001618,BPCL,BLT-STUD-DN200-PN150-L7-GR7-THRD,CAN-002178,DEPOT-BPCL-KCH,"Kochi Refinery, Kerala",144,35050,656,STUD_BOLT,200.0,900,ASTM A320 L7 / A194 7,THRD,ASME B18.2.1
BPCL-SAP-0001619,BPCL,VLV-BL-DN100-PN20-WCB-BW,CAN-001702,DEPOT-BPCL-MUM,"Mumbai Refinery, Mahul, Maharashtra",0,133380,0,BALL_VALVE,100.0,150,ASTM A216 WCB,BW,API 6D
BPCL-SAP-0001620,BPCL,FLG-WN-DN25-CL600-A350LF2-RTJ,CAN-000060,DEPOT-BPCL-NML,"Numaligarh Depot Base, Assam",19,10670,16,FLANGE_WELD_NECK,25.0,600,ASTM A350 LF2,RTJ,ASME B16.5
BPCL-SAP-0001621,BPCL,FLG-WN-DN80-PN100-A350LF2-RTJ,CAN-000180,DEPOT-BPCL-NML,"Numaligarh Depot Base, Assam",43,48400,72,FLANGE_WELD_NECK,80.0,600,ASTM A350 LF2,RTJ,ASME B16.5
BPCL-SAP-0001622,BPCL,GSKT-SW-DN80-CL300-SS304-GR-RF,CAN-002044,DEPOT-BPCL-MUM,"Mumbai Refinery, Mahul, Maharashtra",30,12320,100,SPIRAL_WOUND_GASKET,80.0,300,SS304 / GRAPHITE,RF,ASME B16.20
BPCL-SAP-0001623,BPCL,VLV-GT-DN100-PN150-SS316-BW,CAN-001347,DEPOT-BPCL-MUM,"Mumbai Refinery, Mahul, Maharashtra",23,1464270,12,GATE_VALVE,100.0,900,ASTM A182 F316,BW,API 600
BPCL-SAP-0001624,BPCL,VLV-GT-DN300-PN50-SS316-BW,CAN-001564,DEPOT-BPCL-KCH,"Kochi Refinery, Kerala",31,2536190,23,GATE_VALVE,300.0,300,ASTM A182 F316,BW,API 6D
BPCL-SAP-0001625,BPCL,VLV-GT-DN250-CL900-WCB-RF,CAN-001518,DEPOT-BPCL-MUM,"Mumbai Refinery, Mahul, Maharashtra",50,1505890,104,GATE_VALVE,250.0,900,ASTM A216 WCB,RF,API 6D
BPCL-SAP-0001626,BPCL,FLG-WN-DN250-CL150-SS304-RF,CAN-000325,DEPOT-BPCL-MUM,"Mumbai Refinery, Mahul, Maharashtra",41,105340,29,FLANGE_WELD_NECK,250.0,150,ASTM A182 F304,RF,ASME B16.5
BPCL-SAP-0001627,BPCL,FLG-SO-DN40-CL900-SS316-RF,CAN-000783,DEPOT-BPCL-KCH,"Kochi Refinery, Kerala",42,39550,395,FLANGE_SLIP_ON,40.0,900,ASTM A182 F316,RF,ASME B16.5
BPCL-SAP-0001628,BPCL,FLG-SO-DN300-PN100-SS316-FF,CAN-000988,DEPOT-BPCL-MUM,"Mumbai Refinery, Mahul, Maharashtra",0,392510,0,FLANGE_SLIP_ON,300.0,600,ASTM A182 F316,FF,ASME B16.5
BPCL-SAP-0001629,BPCL,FLG-WN-DN250-PN150-SS304-RF,CAN-000349,DEPOT-BPCL-MUM,"Mumbai Refinery, Mahul, Maharashtra",0,441720,0,FLANGE_WELD_NECK,250.0,900,ASTM A182 F304,RF,ASME B16.5
BPCL-SAP-0001630,BPCL,FLG-BLD-DN200-PN250-A350LF2-RTJ,CAN-000638,DEPOT-BPCL-BIN,"Bina Refinery, Madhya Pradesh",48,271270,116,FLANGE_BLIND,200.0,1500,ASTM A350 LF2,RTJ,ASME B16.5
BPCL-SAP-0001631,BPCL,FLG-BLD-DN80-PN20-A350LF2-RF,CAN-000523,DEPOT-BPCL-KCH,"Kochi Refinery, Kerala",8,13060,100,FLANGE_BLIND,80.0,150,ASTM A350 LF2,RF,ASME B16.5
BPCL-SAP-0001632,BPCL,FLG-SO-DN25-CL150-A105-FF,CAN-000732,DEPOT-BPCL-BIN,"Bina Refinery, Madhya Pradesh",20,1600,71,FLANGE_SLIP_ON,25.0,150,ASTM A105,FF,ASME B16.5
BPCL-SAP-0001633,BPCL,FLG-BLD-DN250-PN250-SS316-RTJ,CAN-000670,DEPOT-BPCL-MUM,"Mumbai Refinery, Mahul, Maharashtra",36,725140,54,FLANGE_BLIND,250.0,1500,ASTM A182 F316,RTJ,ASME B16.5
BPCL-SAP-0001634,BPCL,FLG-WN-DN80-PN50-SS304-RF,CAN-000173,DEPOT-BPCL-BIN,"Bina Refinery, Madhya Pradesh",39,41700,46,FLANGE_WELD_NECK,80.0,300,ASTM A182 F304,RF,ASME B16.5
BPCL-SAP-0001635,BPCL,FLG-SO-DN40-CL600-A105-RF,CAN-000773,DEPOT-BPCL-NML,"Numaligarh Depot Base, Assam",0,8930,0,FLANGE_SLIP_ON,40.0,600,ASTM A105,RF,ASME B16.5
BPCL-SAP-0001636,BPCL,VLV-GT-DN25-CL900-WCB-BW,CAN-001100,DEPOT-BPCL-KCH,"Kochi Refinery, Kerala",98,75470,604,GATE_VALVE,25.0,900,ASTM A216 WCB,BW,API 6D
BPCL-SAP-0001637,BPCL,FLG-WN-DN50-CL900-SS304-RF,CAN-000149,DEPOT-BPCL-MUM,"Mumbai Refinery, Mahul, Maharashtra",0,54510,0,FLANGE_WELD_NECK,50.0,900,ASTM A182 F304,RF,ASME B16.5
BPCL-SAP-0001638,BPCL,FLG-SO-DN300-CL150-SS304-RF,CAN-000973,DEPOT-BPCL-KCH,"Kochi Refinery, Kerala",55,97110,481,FLANGE_SLIP_ON,300.0,150,ASTM A182 F304,RF,ASME B16.5
BPCL-SAP-0001639,BPCL,FLG-BLD-DN25-CL600-SS316-RTJ,CAN-000448,DEPOT-BPCL-MUM,"Mumbai Refinery, Mahul, Maharashtra",0,17460,0,FLANGE_BLIND,25.0,600,ASTM A182 F316,RTJ,ASME B16.5
BPCL-SAP-0001640,BPCL,VLV-GT-DN50-PN100-SS316-RF,CAN-001213,DEPOT-BPCL-NML,"Numaligarh Depot Base, Assam",21,429940,94,GATE_VALVE,50.0,600,ASTM A182 F316,RF,API 600
BPCL-SAP-0001641,BPCL,VLV-BL-DN80-PN150-SS316-BW,CAN-001696,DEPOT-BPCL-BIN,"Bina Refinery, Madhya Pradesh",30,1339020,386,BALL_VALVE,80.0,900,ASTM A182 F316,BW,API 6D
BPCL-SAP-0001642,BPCL,VLV-GT-DN300-CL1500-A105-BW,CAN-001596,DEPOT-BPCL-KCH,"Kochi Refinery, Kerala",94,2872150,301,GATE_VALVE,300.0,1500,ASTM A105,BW,API 6D
BPCL-SAP-0001643,BPCL,VLV-BL-DN150-PN150-SS316-RF,CAN-001735,DEPOT-BPCL-NML,"Numaligarh Depot Base, Assam",69,3031720,388,BALL_VALVE,150.0,900,ASTM A182 F316,RF,API 6D
BPCL-SAP-0001644,BPCL,FLG-WN-DN300-CL150-A350LF2-RF,CAN-000363,DEPOT-BPCL-KCH,"Kochi Refinery, Kerala",30,89010,644,FLANGE_WELD_NECK,300.0,150,ASTM A350 LF2,RF,ASME B16.5
BPCL-SAP-0001645,BPCL,VLV-BL-DN250-CL150-SS316-BW,CAN-001764,DEPOT-BPCL-KCH,"Kochi Refinery, Kerala",45,1404660,724,BALL_VALVE,250.0,150,ASTM A182 F316,BW,API 6D
BPCL-SAP-0001646,BPCL,FLG-BLD-DN300-CL1500-A105-RF,CAN-000695,DEPOT-BPCL-NML,"Numaligarh Depot Base, Assam",32,287210,95,FLANGE_BLIND,300.0,1500,ASTM A105,RF,ASME B16.5
BPCL-SAP-0001647,BPCL,FLG-WN-DN80-CL1500-SS316-RTJ,CAN-000200,DEPOT-BPCL-KCH,"Kochi Refinery, Kerala",37,201490,720,FLANGE_WELD_NECK,80.0,1500,ASTM A182 F316,RTJ,ASME B16.5
BPCL-SAP-0001648,BPCL,VLV-GL-DN150-PN150-A105-RF,CAN-001935,DEPOT-BPCL-NML,"Numaligarh Depot Base, Assam",49,1033540,266,GLOBE_VALVE,150.0,900,ASTM A105,RF,BS 1873
BPCL-SAP-0001649,BPCL,VLV-BL-DN150-PN100-SS316-RF,CAN-001731,DEPOT-BPCL-MUM,"Mumbai Refinery, Mahul, Maharashtra",8,2191880,29,BALL_VALVE,150.0,600,ASTM A182 F316,RF,API 6D
BPCL-SAP-0001650,BPCL,VLV-GL-DN50-PN50-WCB-RF,CAN-001865,DEPOT-BPCL-KCH,"Kochi Refinery, Kerala",81,102890,588,GLOBE_VALVE,50.0,300,ASTM A216 WCB,RF,BS 1873
BPCL-SAP-0001651,BPCL,VLV-GT-DN15-PN50-WCB-RF,CAN-001013,DEPOT-BPCL-NML,"Numaligarh Depot Base, Assam",55,16130,544,GATE_VALVE,15.0,300,ASTM A216 WCB,RF,API 600
BPCL-SAP-0001652,BPCL,FLG-WN-DN25-PN250-A350LF2-RTJ,CAN-000076,DEPOT-BPCL-BIN,"Bina Refinery, Madhya Pradesh",0,22200,0,FLANGE_WELD_NECK,25.0,1500,ASTM A350 LF2,RTJ,ASME B16.5
BPCL-SAP-0001653,BPCL,VLV-GT-DN25-CL1500-A105-RF,CAN-001114,DEPOT-BPCL-BIN,"Bina Refinery, Madhya Pradesh",9,113570,18,GATE_VALVE,25.0,1500,ASTM A105,RF,API 6D
BPCL-SAP-0001654,BPCL,VLV-GT-DN25-PN150-A105-RF,CAN-001102,DEPOT-BPCL-KCH,"Kochi Refinery, Kerala",33,75470,98,GATE_VALVE,25.0,900,ASTM A105,RF,API 6D
BPCL-SAP-0001655,BPCL,FLG-WN-DN15-CL300-SS316-RTJ,CAN-000016,DEPOT-BPCL-NML,"Numaligarh Depot Base, Assam",0,6300,0,FLANGE_WELD_NECK,15.0,300,ASTM A182 F316,RTJ,ASME B16.5
BPCL-SAP-0001656,BPCL,FLG-SO-DN15-PN250-A105-RF,CAN-000725,DEPOT-BPCL-NML,"Numaligarh Depot Base, Assam",0,5190,0,FLANGE_SLIP_ON,15.0,1500,ASTM A105,RF,ASME B16.5
BPCL-SAP-0001657,BPCL,FLG-BLD-DN300-PN150-SS316-RTJ,CAN-000694,DEPOT-BPCL-KCH,"Kochi Refinery, Kerala",0,610770,0,FLANGE_BLIND,300.0,900,ASTM A182 F316,RTJ,ASME B16.5
BPCL-SAP-0001658,BPCL,FLG-BLD-DN25-PN50-SS316-RTJ,CAN-000442,DEPOT-BPCL-KCH,"Kochi Refinery, Kerala",0,10020,0,FLANGE_BLIND,25.0,300,ASTM A182 F316,RTJ,ASME B16.5
BPCL-SAP-0001659,BPCL,VLV-GT-DN50-CL600-A105-BW,CAN-001212,DEPOT-BPCL-BIN,"Bina Refinery, Madhya Pradesh",21,134350,51,GATE_VALVE,50.0,600,ASTM A105,BW,API 6D
BPCL-SAP-0001660,BPCL,FLG-WN-DN15-CL150-SS304-RF,CAN-000005,DEPOT-BPCL-MUM,"Mumbai Refinery, Mahul, Maharashtra",6,2710,93,FLANGE_WELD_NECK,15.0,150,ASTM A182 F304,RF,ASME B16.5
BPCL-SAP-0001661,BPCL,FLG-BLD-DN25-CL150-A105-RF,CAN-000431,DEPOT-BPCL-BIN,"Bina Refinery, Madhya Pradesh",55,1800,713,FLANGE_BLIND,25.0,150,ASTM A105,RF,ASME B16.5
BPCL-SAP-0001662,BPCL,FLG-SO-DN100-PN100-A105-RF,CAN-000863,DEPOT-BPCL-KCH,"Kochi Refinery, Kerala",20,29400,83,FLANGE_SLIP_ON,100.0,600,ASTM A105,RF,ASME B16.5
BPCL-SAP-0001663,BPCL,VLV-GT-DN150-PN20-WCB-RF,CAN-001361,DEPOT-BPCL-MUM,"Mumbai Refinery, Mahul, Maharashtra",0,184870,0,GATE_VALVE,150.0,150,ASTM A216 WCB,RF,API 600
BPCL-SAP-0001664,BPCL,VLV-GT-DN15-PN250-WCB-RF,CAN-001050,DEPOT-BPCL-NML,"Numaligarh Depot Base, Assam",0,58460,0,GATE_VALVE,15.0,1500,ASTM A216 WCB,RF,API 6D
BPCL-SAP-0001665,BPCL,FLG-SO-DN250-CL900-SS316-RF,CAN-000963,DEPOT-BPCL-KCH,"Kochi Refinery, Kerala",25,428340,114,FLANGE_SLIP_ON,250.0,900,ASTM A182 F316,RF,ASME B16.5
BPCL-SAP-0001666,BPCL,FLG-BLD-DN40-CL600-SS316-RTJ,CAN-000478,DEPOT-BPCL-BIN,"Bina Refinery, Madhya Pradesh",8,32160,119,FLANGE_BLIND,40.0,600,ASTM A182 F316,RTJ,ASME B16.5
BPCL-SAP-0001667,BPCL,VLV-GT-DN150-CL150-WCB-BW,CAN-001363,DEPOT-BPCL-BIN,"Bina Refinery, Madhya Pradesh",30,184870,76,GATE_VALVE,150.0,150,ASTM A216 WCB,BW,API 600
BPCL-SAP-0001668,BPCL,FLG-SO-DN50-PN250-SS304-RF,CAN-000817,DEPOT-BPCL-KCH,"Kochi Refinery, Kerala",0,59650,0,FLANGE_SLIP_ON,50.0,1500,ASTM A182 F304,RF,ASME B16.5
BPCL-SAP-0001669,BPCL,VLV-BL-DN80-PN150-WCB-RF,CAN-001693,DEPOT-BPCL-BIN,"Bina Refinery, Madhya Pradesh",66,418440,207,BALL_VALVE,80.0,900,ASTM A216 WCB,RF,API 6D
BPCL-SAP-0001670,BPCL,VLV-BL-DN25-CL600-WCB-BW,CAN-001630,DEPOT-BPCL-MUM,"Mumbai Refinery, Mahul, Maharashtra",113,66690,497,BALL_VALVE,25.0,600,ASTM A216 WCB,BW,API 6D
BPCL-SAP-0001671,BPCL,BLT-STUD-DN80-CL300-B7-2H-THRD,CAN-002143,DEPOT-BPCL-BIN,"Bina Refinery, Madhya Pradesh",24,2760,72,STUD_BOLT,80.0,300,ASTM A193 B7 / A194 2H,THRD,ASME B18.2.1
BPCL-SAP-0001672,BPCL,FLG-SO-DN40-PN50-SS304-RF,CAN-000769,DEPOT-BPCL-MUM,"Mumbai Refinery, Mahul, Maharashtra",8,12310,56,FLANGE_SLIP_ON,40.0,300,ASTM A182 F304,RF,ASME B16.5
BPCL-SAP-0001673,BPCL,VLV-BL-DN200-CL900-SS316-RF,CAN-001755,DEPOT-BPCL-NML,"Numaligarh Depot Base, Assam",0,4406670,0,BALL_VALVE,200.0,900,ASTM A182 F316,RF,API 6D
BPCL-SAP-0001674,BPCL,VLV-GL-DN50-CL900-A105-RF,CAN-001875,DEPOT-BPCL-KCH,"Kochi Refinery, Kerala",0,247780,0,GLOBE_VALVE,50.0,900,ASTM A105,RF,BS 1873
BPCL-SAP-0001675,BPCL,FLG-SO-DN150-PN150-A105-FF,CAN-000900,DEPOT-BPCL-NML,"Numaligarh Depot Base, Assam",44,68900,88,FLANGE_SLIP_ON,150.0,900,ASTM A105,FF,ASME B16.5
BPCL-SAP-0001676,BPCL,FLG-SO-DN200-CL150-SS304-FF,CAN-000914,DEPOT-BPCL-BIN,"Bina Refinery, Madhya Pradesh",81,57320,256,FLANGE_SLIP_ON,200.0,150,ASTM A182 F304,FF,ASME B16.5
BPCL-SAP-0001677,BPCL,FLG-WN-DN300-CL1500-SS316-RTJ,CAN-000400,DEPOT-BPCL-KCH,"Kochi Refinery, Kerala",0,1123330,0,FLANGE_WELD_NECK,300.0,1500,ASTM A182 F316,RTJ,ASME B16.5
BPCL-SAP-0001678,BPCL,VLV-BL-DN100-PN150-SS316-RF,CAN-001715,DEPOT-BPCL-MUM,"Mumbai Refinery, Mahul, Maharashtra",78,1789660,678,BALL_VALVE,100.0,900,ASTM A182 F316,RF,API 6D
BPCL-SAP-0001679,BPCL,VLV-GT-DN40-CL1500-SS316-RF,CAN-001177,DEPOT-BPCL-MUM,"Mumbai Refinery, Mahul, Maharashtra",0,669540,0,GATE_VALVE,40.0,1500,ASTM A182 F316,RF,API 600
BPCL-SAP-0001680,BPCL,FLG-BLD-DN300-CL1500-SS316-RF,CAN-000699,DEPOT-BPCL-NML,"Numaligarh Depot Base, Assam",0,919090,0,FLANGE_BLIND,300.0,1500,ASTM A182 F316,RF,ASME B16.5
BPCL-SAP-0001681,BPCL,VLV-GT-DN50-CL600-WCB-RF,CAN-001205,DEPOT-BPCL-NML,"Numaligarh Depot Base, Assam",27,134350,24,GATE_VALVE,50.0,600,ASTM A216 WCB,RF,API 600
BPCL-SAP-0001682,BPCL,VLV-GT-DN50-CL900-WCB-RF,CAN-001217,DEPOT-BPCL-KCH,"Kochi Refinery, Kerala",46,185830,17,GATE_VALVE,50.0,900,ASTM A216 WCB,RF,API 600
BPCL-SAP-0001683,BPCL,VLV-BL-DN100-PN250-SS316-BW,CAN-001720,DEPOT-BPCL-NML,"Numaligarh Depot Base, Assam",74,2693080,392,BALL_VALVE,100.0,1500,ASTM A182 F316,BW,API 6D
BPCL-SAP-0001684,BPCL,VLV-GL-DN25-PN20-WCB-RF,CAN-001822,DEPOT-BPCL-KCH,"Kochi Refinery, Kerala",0,24000,0,GLOBE_VALVE,25.0,150,ASTM A216 WCB,RF,ASME B16.34
BPCL-SAP-0001685,BPCL,FLG-BLD-DN15-CL150-A350LF2-RF,CAN-000403,DEPOT-BPCL-NML,"Numaligarh Depot Base, Assam",39,1480,89,FLANGE_BLIND,15.0,150,ASTM A350 LF2,RF,ASME B16.5
BPCL-SAP-0001686,BPCL,VLV-GL-DN100-PN20-A105-RF,CAN-001904,DEPOT-BPCL-MUM,"Mumbai Refinery, Mahul, Maharashtra",145,145500,472,GLOBE_VALVE,100.0,150,ASTM A105,RF,ASME B16.34
BPCL-SAP-0001687,BPCL,VLV-GT-DN40-PN100-WCB-RF,CAN-001146,DEPOT-BPCL-MUM,"Mumbai Refinery, Mahul, Maharashtra",74,100520,490,GATE_VALVE,40.0,600,ASTM A216 WCB,RF,API 6D
BPCL-SAP-0001688,BPCL,FLG-SO-DN25-CL150-SS304-FF,CAN-000734,DEPOT-BPCL-BIN,"Bina Refinery, Madhya Pradesh",45,3840,89,FLANGE_SLIP_ON,25.0,150,ASTM A182 F304,FF,ASME B16.5
BPCL-SAP-0001689,BPCL,FLG-SO-DN300-PN150-A105-FF,CAN-000990,DEPOT-BPCL-NML,"Numaligarh Depot Base, Assam",121,169650,343,FLANGE_SLIP_ON,300.0,900,ASTM A105,FF,ASME B16.5
BPCL-SAP-0001690,BPCL,VLV-GL-DN150-CL600-A105-RF,CAN-001931,DEPOT-BPCL-KCH,"Kochi Refinery, Kerala",25,747230,118,GLOBE_VALVE,150.0,600,ASTM A105,RF,BS 1873
BPCL-SAP-0001691,BPCL,VLV-GT-DN50-PN150-SS316-RF,CAN-001225,DEPOT-BPCL-BIN,"Bina Refinery, Madhya Pradesh",39,594670,485,GATE_VALVE,50.0,900,ASTM A182 F316,RF,API 600
BPCL-SAP-0001692,BPCL,FLG-WN-DN250-PN100-SS316-RF,CAN-000343,DEPOT-BPCL-KCH,"Kochi Refinery, Kerala",129,425810,380,FLANGE_WELD_NECK,250.0,600,ASTM A182 F316,RF,ASME B16.5
BPCL-SAP-0001693,BPCL,FLG-BLD-DN200-PN250-A105-RTJ,CAN-000636,DEPOT-BPCL-KCH,"Kochi Refinery, Kerala",31,169540,47,FLANGE_BLIND,200.0,1500,ASTM A105,RTJ,ASME B16.5
BPCL-SAP-0001694,BPCL,BLT-STUD-DN25-PN50-B7-2H-THRD,CAN-002113,DEPOT-BPCL-BIN,"Bina Refinery, Madhya Pradesh",24,600,73,STUD_BOLT,25.0,300,ASTM A193 B7 / A194 2H,THRD,ASME B18.2.1
BPCL-SAP-0001695,BPCL,VLV-GT-DN80-PN50-SS316-RF,CAN-001262,DEPOT-BPCL-BIN,"Bina Refinery, Madhya Pradesh",102,454920,688,GATE_VALVE,80.0,300,ASTM A182 F316,RF,API 6D
BPCL-SAP-0001696,BPCL,FLG-BLD-DN300-PN100-A105-RF,CAN-000683,DEPOT-BPCL-MUM,"Mumbai Refinery, Mahul, Maharashtra",40,137990,62,FLANGE_BLIND,300.0,600,ASTM A105,RF,ASME B16.5
BPCL-SAP-0001697,BPCL,FLG-BLD-DN40-PN250-SS316-RTJ,CAN-000490,DEPOT-BPCL-MUM,"Mumbai Refinery, Mahul, Maharashtra",43,66950,103,FLANGE_BLIND,40.0,1500,ASTM A182 F316,RTJ,ASME B16.5
BPCL-SAP-0001698,BPCL,FLG-WN-DN100-PN150-A350LF2-RTJ,CAN-000228,DEPOT-BPCL-NML,"Numaligarh Depot Base, Assam",106,89480,248,FLANGE_WELD_NECK,100.0,900,ASTM A350 LF2,RTJ,ASME B16.5
BPCL-SAP-0001699,BPCL,FLG-BLD-DN80-CL300-SS316-RF,CAN-000531,DEPOT-BPCL-MUM,"Mumbai Refinery, Mahul, Maharashtra",13,45490,117,FLANGE_BLIND,80.0,300,ASTM A182 F316,RF,ASME B16.5
BPCL-SAP-0001700,BPCL,VLV-GL-DN100-CL900-A105-RF,CAN-001916,DEPOT-BPCL-NML,"Numaligarh Depot Base, Assam",0,610110,0,GLOBE_VALVE,100.0,900,ASTM A105,RF,ASME B16.34
BPCL-SAP-0001701,BPCL,FLG-SO-DN200-PN250-SS304-FF,CAN-000938,DEPOT-BPCL-NML,"Numaligarh Depot Base, Assam",44,361690,73,FLANGE_SLIP_ON,200.0,1500,ASTM A182 F304,FF,ASME B16.5
BPCL-SAP-0001702,BPCL,FLG-BLD-DN15-PN150-SS316-RF,CAN-000423,DEPOT-BPCL-MUM,"Mumbai Refinery, Mahul, Maharashtra",32,12430,486,FLANGE_BLIND,15.0,900,ASTM A182 F316,RF,ASME B16.5
BPCL-SAP-0001703,BPCL,FLG-WN-DN25-PN250-SS304-RTJ,CAN-000078,DEPOT-BPCL-NML,"Numaligarh Depot Base, Assam",119,33310,405,FLANGE_WELD_NECK,25.0,1500,ASTM A182 F304,RTJ,ASME B16.5
BPCL-SAP-0001704,BPCL,BLT-STUD-DN15-PN150-B7-2H-THRD,CAN-002107,DEPOT-BPCL-KCH,"Kochi Refinery, Kerala",7,750,101,STUD_BOLT,15.0,900,ASTM A193 B7 / A194 2H,THRD,ASME B18.2.1
BPCL-SAP-0001705,BPCL,FLG-SO-DN50-CL1500-SS316-RF,CAN-000819,DEPOT-BPCL-NML,"Numaligarh Depot Base, Assam",0,79540,0,FLANGE_SLIP_ON,50.0,1500,ASTM A182 F316,RF,ASME B16.5
BPCL-SAP-0001706,BPCL,FLG-BLD-DN40-PN100-A350LF2-RF,CAN-000475,DEPOT-BPCL-MUM,"Mumbai Refinery, Mahul, Maharashtra",61,16080,208,FLANGE_BLIND,40.0,600,ASTM A350 LF2,RF,ASME B16.5
BPCL-SAP-0001707,BPCL,FLG-SO-DN150-PN100-SS316-FF,CAN-000898,DEPOT-BPCL-KCH,"Kochi Refinery, Kerala",0,159400,0,FLANGE_SLIP_ON,150.0,600,ASTM A182 F316,FF,ASME B16.5
BPCL-SAP-0001708,BPCL,FLG-BLD-DN100-CL900-SS316-RTJ,CAN-000574,DEPOT-BPCL-KCH,"Kochi Refinery, Kerala",77,146420,192,FLANGE_BLIND,100.0,900,ASTM A182 F316,RTJ,ASME B16.5
BPCL-SAP-0001709,BPCL,GSKT-SW-DN40-CL900-SS316-GR-RF,CAN-002027,DEPOT-BPCL-BIN,"Bina Refinery, Madhya Pradesh",29,16060,117,SPIRAL_WOUND_GASKET,40.0,900,SS316 / GRAPHITE,RF,ASME B16.20
BPCL-SAP-0001710,BPCL,FLG-BLD-DN25-CL900-A105-RTJ,CAN-000450,DEPOT-BPCL-NML,"Numaligarh Depot Base, Assam",25,7540,102,FLANGE_BLIND,25.0,900,ASTM A105,RTJ,ASME B16.5
BPCL-SAP-0001711,BPCL,VLV-GL-DN80-CL900-WCB-RF,CAN-001893,DEPOT-BPCL-BIN,"Bina Refinery, Madhya Pradesh",21,456480,85,GLOBE_VALVE,80.0,900,ASTM A216 WCB,RF,BS 1873
BPCL-SAP-0001712,BPCL,VLV-BL-DN100-PN150-WCB-RF,CAN-001713,DEPOT-BPCL-MUM,"Mumbai Refinery, Mahul, Maharashtra",11,559270,26,BALL_VALVE,100.0,900,ASTM A216 WCB,RF,API 6D
BPCL-SAP-0001713,BPCL,VLV-BL-DN50-PN250-SS316-RF,CAN-001679,DEPOT-BPCL-BIN,"Bina Refinery, Madhya Pradesh",40,1093730,86,BALL_VALVE,50.0,1500,ASTM A182 F316,RF,API 6D
BPCL-SAP-0001714,BPCL,GSKT-SW-DN80-CL300-SS304-GR-RF,CAN-002044,DEPOT-BPCL-BIN,"Bina Refinery, Madhya Pradesh",0,12320,0,SPIRAL_WOUND_GASKET,80.0,300,SS304 / GRAPHITE,RF,ASME B16.20
BPCL-SAP-0001715,BPCL,FLG-SO-DN200-PN150-SS304-FF,CAN-000932,DEPOT-BPCL-KCH,"Kochi Refinery, Kerala",47,240360,47,FLANGE_SLIP_ON,200.0,900,ASTM A182 F304,FF,ASME B16.5
BPCL-SAP-0001716,BPCL,FLG-WN-DN250-PN250-SS304-RF,CAN-000357,DEPOT-BPCL-MUM,"Mumbai Refinery, Mahul, Maharashtra",27,664710,38,FLANGE_WELD_NECK,250.0,1500,ASTM A182 F304,RF,ASME B16.5
BPCL-SAP-0001717,BPCL,VLV-GT-DN40-PN250-SS316-BW,CAN-001179,DEPOT-BPCL-BIN,"Bina Refinery, Madhya Pradesh",0,669540,0,GATE_VALVE,40.0,1500,ASTM A182 F316,BW,API 600
BPCL-SAP-0001718,BPCL,FLG-SO-DN200-PN250-SS304-RF,CAN-000937,DEPOT-BPCL-NML,"Numaligarh Depot Base, Assam",25,361690,20,FLANGE_SLIP_ON,200.0,1500,ASTM A182 F304,RF,ASME B16.5
BPCL-SAP-0001719,BPCL,VLV-GT-DN200-CL900-SS316-BW,CAN-001467,DEPOT-BPCL-MUM,"Mumbai Refinery, Mahul, Maharashtra",7,3605450,18,GATE_VALVE,200.0,900,ASTM A182 F316,BW,API 600
BPCL-SAP-0001720,BPCL,FLG-WN-DN40-PN100-SS304-RTJ,CAN-000102,DEPOT-BPCL-NML,"Numaligarh Depot Base, Assam",41,29480,68,FLANGE_WELD_NECK,40.0,600,ASTM A182 F304,RTJ,ASME B16.5
BPCL-SAP-0001721,BPCL,FLG-SO-DN100-CL1500-SS304-FF,CAN-000878,DEPOT-BPCL-MUM,"Mumbai Refinery, Mahul, Maharashtra",0,146890,0,FLANGE_SLIP_ON,100.0,1500,ASTM A182 F304,FF,ASME B16.5
BPCL-SAP-0001722,BPCL,VLV-GT-DN15-CL1500-SS316-RF,CAN-001058,DEPOT-BPCL-NML,"Numaligarh Depot Base, Assam",0,187070,0,GATE_VALVE,15.0,1500,ASTM A182 F316,RF,API 6D
BPCL-SAP-0001723,BPCL,BLT-STUD-DN300-PN20-B7-2H-THRD,CAN-002191,DEPOT-BPCL-MUM,"Mumbai Refinery, Mahul, Maharashtra",44,8850,101,STUD_BOLT,300.0,150,ASTM A193 B7 / A194 2H,THRD,ASME B18.2.1
BPCL-SAP-0001724,BPCL,FLG-SO-DN40-CL300-SS304-FF,CAN-000770,DEPOT-BPCL-MUM,"Mumbai Refinery, Mahul, Maharashtra",5,12310,46,FLANGE_SLIP_ON,40.0,300,ASTM A182 F304,FF,ASME B16.5
BPCL-SAP-0001725,BPCL,FLG-SO-DN40-PN150-SS316-RF,CAN-000783,DEPOT-BPCL-BIN,"Bina Refinery, Madhya Pradesh",29,39550,91,FLANGE_SLIP_ON,40.0,900,ASTM A182 F316,RF,ASME B16.5
BPCL-SAP-0001726,BPCL,VLV-BL-DN150-PN50-SS316-RF,CAN-001727,DEPOT-BPCL-NML,"Numaligarh Depot Base, Assam",88,1258900,243,BALL_VALVE,150.0,300,ASTM A182 F316,RF,API 6D
BPCL-SAP-0001727,BPCL,VLV-BL-DN15-CL1500-WCB-BW,CAN-001618,DEPOT-BPCL-BIN,"Bina Refinery, Madhya Pradesh",28,71450,109,BALL_VALVE,15.0,1500,ASTM A216 WCB,BW,API 6D
BPCL-SAP-0001728,BPCL,VLV-BL-DN40-PN250-WCB-BW,CAN-001658,DEPOT-BPCL-BIN,"Bina Refinery, Madhya Pradesh",94,255720,546,BALL_VALVE,40.0,1500,ASTM A216 WCB,BW,API 6D
BPCL-SAP-0001729,BPCL,FLG-SO-DN15-PN150-A105-FF,CAN-000720,DEPOT-BPCL-BIN,"Bina Refinery, Madhya Pradesh",0,3450,0,FLANGE_SLIP_ON,15.0,900,ASTM A105,FF,ASME B16.5
BPCL-SAP-0001730,BPCL,FLG-WN-DN100-CL600-SS304-RTJ,CAN-000222,DEPOT-BPCL-BIN,"Bina Refinery, Madhya Pradesh",0,97040,0,FLANGE_WELD_NECK,100.0,600,ASTM A182 F304,RTJ,ASME B16.5
BPCL-SAP-0001731,BPCL,FLG-WN-DN15-PN20-SS316-RF,CAN-000007,DEPOT-BPCL-BIN,"Bina Refinery, Madhya Pradesh",67,3620,738,FLANGE_WELD_NECK,15.0,150,ASTM A182 F316,RF,ASME B16.5
BPCL-SAP-0001732,BPCL,GSKT-SW-DN200-PN100-SS304-GR-RF,CAN-002076,DEPOT-BPCL-NML,"Numaligarh Depot Base, Assam",41,70590,14,SPIRAL_WOUND_GASKET,200.0,600,SS304 / GRAPHITE,RF,ASME B16.20
BPCL-SAP-0001733,BPCL,VLV-BL-DN50-PN50-WCB-BW,CAN-001666,DEPOT-BPCL-NML,"Numaligarh Depot Base, Assam",0,94310,0,BALL_VALVE,50.0,300,ASTM A216 WCB,BW,API 6D
BPCL-SAP-0001734,BPCL,VLV-GT-DN200-CL1500-WCB-BW,CAN-001472,DEPOT-BPCL-BIN,"Bina Refinery, Madhya Pradesh",26,1695460,25,GATE_VALVE,200.0,1500,ASTM A216 WCB,BW,API 6D
BPCL-SAP-0001735,BPCL,FLG-SO-DN300-PN20-SS304-RF,CAN-000973,DEPOT-BPCL-KCH,"Kochi Refinery, Kerala",33,97110,107,FLANGE_SLIP_ON,300.0,150,ASTM A182 F304,RF,ASME B16.5
BPCL-SAP-0001736,BPCL,VLV-GL-DN300-PN20-WCB-RF,CAN-001981,DEPOT-BPCL-MUM,"Mumbai Refinery, Mahul, Maharashtra",133,606940,568,GLOBE_VALVE,300.0,150,ASTM A216 WCB,RF,BS 1873
BPCL-SAP-0001737,BPCL,FLG-WN-DN200-PN20-SS316-RTJ,CAN-000288,DEPOT-BPCL-MUM,"Mumbai Refinery, Mahul, Maharashtra",122,105090,274,FLANGE_WELD_NECK,200.0,150,ASTM A182 F316,RTJ,ASME B16.5
BPCL-SAP-0001738,BPCL,BLT-STUD-DN80-PN250-L7-GR7-THRD,CAN-002150,DEPOT-BPCL-NML,"Numaligarh Depot Base, Assam",12,16020,37,STUD_BOLT,80.0,1500,ASTM A320 L7 / A194 7,THRD,ASME B18.2.1
BPCL-SAP-0001739,BPCL,FLG-BLD-DN250-PN50-A105-RF,CAN-000647,DEPOT-BPCL-MUM,"Mumbai Refinery, Mahul, Maharashtra",0,62530,0,FLANGE_BLIND,250.0,300,ASTM A105,RF,ASME B16.5
BPCL-SAP-0001740,BPCL,FLG-WN-DN300-PN250-A105-RTJ,CAN-000394,DEPOT-BPCL-KCH,"Kochi Refinery, Kerala",43,351040,50,FLANGE_WELD_NECK,300.0,1500,ASTM A105,RTJ,ASME B16.5
BPCL-SAP-0001741,BPCL,VLV-GT-DN250-PN100-SS316-BW,CAN-001515,DEPOT-BPCL-BIN,"Bina Refinery, Madhya Pradesh",28,3483930,78,GATE_VALVE,250.0,600,ASTM A182 F316,BW,API 600
BPCL-SAP-0001742,BPCL,VLV-BL-DN250-PN50-SS316-RF,CAN-001767,DEPOT-BPCL-NML,"Numaligarh Depot Base, Assam",8,2445660,98,BALL_VALVE,250.0,300,ASTM A182 F316,RF,API 6D
BPCL-SAP-0001743,BPCL,VLV-GT-DN40-PN250-A105-RF,CAN-001174,DEPOT-BPCL-KCH,"Kochi Refinery, Kerala",126,209230,293,GATE_VALVE,40.0,1500,ASTM A105,RF,API 6D
BPCL-SAP-0001744,BPCL,VLV-GT-DN100-PN250-A105-RF,CAN-001353,DEPOT-BPCL-NML,"Numaligarh Depot Base, Assam",47,688570,42,GATE_VALVE,100.0,1500,ASTM A105,RF,API 600
BPCL-SAP-0001745,BPCL,VLV-GT-DN25-PN150-SS316-RF,CAN-001105,DEPOT-BPCL-NML,"Numaligarh Depot Base, Assam",65,241510,689,GATE_VALVE,25.0,900,ASTM A182 F316,RF,API 600
BPCL-SAP-0001746,BPCL,FLG-WN-DN50-PN100-SS316-RF,CAN-000143,DEPOT-BPCL-MUM,"Mumbai Refinery, Mahul, Maharashtra",0,52540,0,FLANGE_WELD_NECK,50.0,600,ASTM A182 F316,RF,ASME B16.5
BPCL-SAP-0001747,BPCL,VLV-GT-DN150-PN50-SS316-BW,CAN-001383,DEPOT-BPCL-BIN,"Bina Refinery, Madhya Pradesh",55,1030010,207,GATE_VALVE,150.0,300,ASTM A182 F316,BW,API 600
BPCL-SAP-0001748,BPCL,GSKT-SW-DN15-PN150-SS316-GR-RF,CAN-002007,DEPOT-BPCL-BIN,"Bina Refinery, Madhya Pradesh",42,4480,100,SPIRAL_WOUND_GASKET,15.0,900,SS316 / GRAPHITE,RF,ASME B16.20
BPCL-SAP-0001749,BPCL,VLV-BL-DN250-PN150-WCB-BW,CAN-001774,DEPOT-BPCL-MUM,"Mumbai Refinery, Mahul, Maharashtra",35,1840530,36,BALL_VALVE,250.0,900,ASTM A216 WCB,BW,API 6D
BPCL-SAP-0001750,BPCL,VLV-GT-DN40-PN150-A105-BW,CAN-001163,DEPOT-BPCL-BIN,"Bina Refinery, Madhya Pradesh",108,139040,613,GATE_VALVE,40.0,900,ASTM A105,BW,API 600
BPCL-SAP-0001751,BPCL,FLG-WN-DN250-CL300-SS304-RF,CAN-000333,DEPOT-BPCL-NML,"Numaligarh Depot Base, Assam",37,183420,98,FLANGE_WELD_NECK,250.0,300,ASTM A182 F304,RF,ASME B16.5
BPCL-SAP-0001752,BPCL,FLG-SO-DN25-PN150-SS316-FF,CAN-000754,DEPOT-BPCL-MUM,"Mumbai Refinery, Mahul, Maharashtra",0,21460,0,FLANGE_SLIP_ON,25.0,900,ASTM A182 F316,FF,ASME B16.5
BPCL-SAP-0001753,BPCL,VLV-GT-DN25-PN250-WCB-RF,CAN-001109,DEPOT-BPCL-NML,"Numaligarh Depot Base, Assam",147,113570,182,GATE_VALVE,25.0,1500,ASTM A216 WCB,RF,API 600
BPCL-SAP-0001754,BPCL,VLV-BL-DN50-CL150-SS316-BW,CAN-001664,DEPOT-BPCL-MUM,"Mumbai Refinery, Mahul, Maharashtra",47,173340,98,BALL_VALVE,50.0,150,ASTM A182 F316,BW,API 6D
BPCL-SAP-0001755,BPCL,VLV-BL-DN150-PN50-WCB-BW,CAN-001726,DEPOT-BPCL-MUM,"Mumbai Refinery, Mahul, Maharashtra",0,393400,0,BALL_VALVE,150.0,300,ASTM A216 WCB,BW,API 6D
BPCL-SAP-0001756,BPCL,VLV-GT-DN150-CL600-WCB-RF,CAN-001385,DEPOT-BPCL-NML,"Numaligarh Depot Base, Assam",47,560420,30,GATE_VALVE,150.0,600,ASTM A216 WCB,RF,API 600
BPCL-SAP-0001757,BPCL,FLG-WN-DN40-CL600-SS316-RF,CAN-000103,DEPOT-BPCL-MUM,"Mumbai Refinery, Mahul, Maharashtra",15,39310,45,FLANGE_WELD_NECK,40.0,600,ASTM A182 F316,RF,ASME B16.5
BPCL-SAP-0001758,BPCL,FLG-WN-DN25-CL150-SS316-RF,CAN-000047,DEPOT-BPCL-NML,"Numaligarh Depot Base, Assam",0,7040,0,FLANGE_WELD_NECK,25.0,150,ASTM A182 F316,RF,ASME B16.5
BPCL-SAP-0001759,BPCL,FLG-BLD-DN200-PN150-SS316-RTJ,CAN-000634,DEPOT-BPCL-MUM,"Mumbai Refinery, Mahul, Maharashtra",0,360540,0,FLANGE_BLIND,200.0,900,ASTM A182 F316,RTJ,ASME B16.5
BPCL-SAP-0001760,BPCL,FLG-WN-DN150-PN50-A350LF2-RTJ,CAN-000252,DEPOT-BPCL-NML,"Numaligarh Depot Base, Assam",0,62940,0,FLANGE_WELD_NECK,150.0,300,ASTM A350 LF2,RTJ,ASME B16.5
BPCL-SAP-0001761,BPCL,VLV-BL-DN200-PN50-WCB-RF,CAN-001745,DEPOT-BPCL-NML,"Numaligarh Depot Base, Assam",30,571820,704,BALL_VALVE,200.0,300,ASTM A216 WCB,RF,API 6D
BPCL-SAP-0001762,BPCL,FLG-WN-DN80-PN150-SS304-RF,CAN-000189,DEPOT-BPCL-KCH,"Kochi Refinery, Kerala",16,100420,32,FLANGE_WELD_NECK,80.0,900,ASTM A182 F304,RF,ASME B16.5
BPCL-SAP-0001763,BPCL,FLG-WN-DN50-PN50-A350LF2-RF,CAN-000131,DEPOT-BPCL-KCH,"Kochi Refinery, Kerala",0,15090,0,FLANGE_WELD_NECK,50.0,300,ASTM A350 LF2,RF,ASME B16.5
BPCL-SAP-0001764,BPCL,VLV-GT-DN15-CL600-WCB-BW,CAN-001028,DEPOT-BPCL-BIN,"Bina Refinery, Madhya Pradesh",47,28080,114,GATE_VALVE,15.0,600,ASTM A216 WCB,BW,API 6D
BPCL-SAP-0001765,BPCL,GSKT-SW-DN250-PN250-SS304-GR-RF,CAN-002090,DEPOT-BPCL-BIN,"Bina Refinery, Madhya Pradesh",0,196390,0,SPIRAL_WOUND_GASKET,250.0,1500,SS304 / GRAPHITE,RF,ASME B16.20
BPCL-SAP-0001766,BPCL,VLV-BL-DN50-PN250-WCB-BW,CAN-001678,DEPOT-BPCL-MUM,"Mumbai Refinery, Mahul, Maharashtra",21,341790,85,BALL_VALVE,50.0,1500,ASTM A216 WCB,BW,API 6D
BPCL-SAP-0001767,BPCL,VLV-GT-DN80-CL600-SS316-BW,CAN-001276,DEPOT-BPCL-MUM,"Mumbai Refinery, Mahul, Maharashtra",28,792070,477,GATE_VALVE,80.0,600,ASTM A182 F316,BW,API 6D
BPCL-SAP-0001768,BPCL,FLG-WN-DN150-PN100-A105-RTJ,CAN-000258,DEPOT-BPCL-BIN,"Bina Refinery, Madhya Pradesh",24,68490,195,FLANGE_WELD_NECK,150.0,600,ASTM A105,RTJ,ASME B16.5
BPCL-SAP-0001769,BPCL,FLG-SO-DN80-PN100-A105-FF,CAN-000834,DEPOT-BPCL-KCH,"Kochi Refinery, Kerala",15,22000,27,FLANGE_SLIP_ON,80.0,600,ASTM A105,FF,ASME B16.5
BPCL-SAP-0001770,BPCL,VLV-GT-DN40-CL600-A105-BW,CAN-001151,DEPOT-BPCL-MUM,"Mumbai Refinery, Mahul, Maharashtra",50,100520,25,GATE_VALVE,40.0,600,ASTM A105,BW,API 600
BPCL-SAP-0001771,BPCL,FLG-WN-DN150-PN100-SS304-RTJ,CAN-000262,DEPOT-BPCL-KCH,"Kochi Refinery, Kerala",44,164390,424,FLANGE_WELD_NECK,150.0,600,ASTM A182 F304,RTJ,ASME B16.5
BPCL-SAP-0001772,BPCL,VLV-BL-DN80-PN50-SS316-RF,CAN-001687,DEPOT-BPCL-BIN,"Bina Refinery, Madhya Pradesh",0,556020,0,BALL_VALVE,80.0,300,ASTM A182 F316,RF,API 6D
BPCL-SAP-0001773,BPCL,VLV-GL-DN15-CL600-WCB-RF,CAN-001809,DEPOT-BPCL-MUM,"Mumbai Refinery, Mahul, Maharashtra",141,37450,354,GLOBE_VALVE,15.0,600,ASTM A216 WCB,RF,BS 1873
BPCL-SAP-0001774,BPCL,FLG-WN-DN80-CL900-SS304-RTJ,CAN-000190,DEPOT-BPCL-MUM,"Mumbai Refinery, Mahul, Maharashtra",19,100420,41,FLANGE_WELD_NECK,80.0,900,ASTM A182 F304,RTJ,ASME B16.5
BPCL-SAP-0001775,BPCL,VLV-GT-DN150-PN150-WCB-RF,CAN-001398,DEPOT-BPCL-MUM,"Mumbai Refinery, Mahul, Maharashtra",0,775150,0,GATE_VALVE,150.0,900,ASTM A216 WCB,RF,API 6D
BPCL-SAP-0001776,BPCL,VLV-GT-DN150-PN100-WCB-RF,CAN-001386,DEPOT-BPCL-KCH,"Kochi Refinery, Kerala",0,560420,0,GATE_VALVE,150.0,600,ASTM A216 WCB,RF,API 6D
BPCL-SAP-0001777,BPCL,BLT-STUD-DN50-PN50-B7-2H-THRD,CAN-002133,DEPOT-BPCL-BIN,"Bina Refinery, Madhya Pradesh",144,1500,608,STUD_BOLT,50.0,300,ASTM A193 B7 / A194 2H,THRD,ASME B18.2.1
BPCL-SAP-0001778,BPCL,FLG-WN-DN80-PN250-SS304-RF,CAN-000197,DEPOT-BPCL-BIN,"Bina Refinery, Madhya Pradesh",10,151120,21,FLANGE_WELD_NECK,80.0,1500,ASTM A182 F304,RF,ASME B16.5
BPCL-SAP-0001779,BPCL,VLV-GT-DN200-CL150-A105-RF,CAN-001426,DEPOT-BPCL-NML,"Numaligarh Depot Base, Assam",0,268710,0,GATE_VALVE,200.0,150,ASTM A105,RF,API 6D
BPCL-SAP-0001780,BPCL,FLG-WN-DN15-CL1500-SS304-RF,CAN-000037,DEPOT-BPCL-KCH,"Kochi Refinery, Kerala",0,17140,0,FLANGE_WELD_NECK,15.0,1500,ASTM A182 F304,RF,ASME B16.5
BPCL-SAP-0001781,BPCL,FLG-BLD-DN150-CL1500-A350LF2-RF,CAN-000607,DEPOT-BPCL-MUM,"Mumbai Refinery, Mahul, Maharashtra",88,186630,190,FLANGE_BLIND,150.0,1500,ASTM A350 LF2,RF,ASME B16.5
BPCL-SAP-0001782,BPCL,VLV-GT-DN200-PN150-WCB-BW,CAN-001460,DEPOT-BPCL-NML,"Numaligarh Depot Base, Assam",45,1126700,91,GATE_VALVE,200.0,900,ASTM A216 WCB,BW,API 6D
BPCL-SAP-0001783,BPCL,FLG-SO-DN40-CL900-SS316-FF,CAN-000784,DEPOT-BPCL-KCH,"Kochi Refinery, Kerala",41,39550,26,FLANGE_SLIP_ON,40.0,900,ASTM A182 F316,FF,ASME B16.5
BPCL-SAP-0001784,BPCL,FLG-WN-DN40-CL300-SS304-RF,CAN-000093,DEPOT-BPCL-KCH,"Kochi Refinery, Kerala",105,16930,224,FLANGE_WELD_NECK,40.0,300,ASTM A182 F304,RF,ASME B16.5
BPCL-SAP-0001785,BPCL,VLV-GL-DN100-PN250-WCB-RF,CAN-001918,DEPOT-BPCL-MUM,"Mumbai Refinery, Mahul, Maharashtra",0,918090,0,GLOBE_VALVE,100.0,1500,ASTM A216 WCB,RF,ASME B16.34
BPCL-SAP-0001786,BPCL,FLG-BLD-DN300-CL600-SS316-RF,CAN-000687,DEPOT-BPCL-NML,"Numaligarh Depot Base, Assam",49,441570,115,FLANGE_BLIND,300.0,600,ASTM A182 F316,RF,ASME B16.5
BPCL-SAP-0001787,BPCL,VLV-GT-DN50-PN100-SS316-BW,CAN-001215,DEPOT-BPCL-MUM,"Mumbai Refinery, Mahul, Maharashtra",41,429940,20,GATE_VALVE,50.0,600,ASTM A182 F316,BW,API 600
BPCL-SAP-0001788,BPCL,FLG-WN-DN25-PN250-A350LF2-RF,CAN-000075,DEPOT-BPCL-BIN,"Bina Refinery, Madhya Pradesh",42,22200,85,FLANGE_WELD_NECK,25.0,1500,ASTM A350 LF2,RF,ASME B16.5
BPCL-SAP-0001789,BPCL,VLV-GT-DN150-CL1500-WCB-RF,CAN-001410,DEPOT-BPCL-BIN,"Bina Refinery, Madhya Pradesh",42,1166450,45,GATE_VALVE,150.0,1500,ASTM A216 WCB,RF,API 6D
BPCL-SAP-0001790,BPCL,VLV-GT-DN80-PN250-WCB-BW,CAN-001292,DEPOT-BPCL-NML,"Numaligarh Depot Base, Assam",0,515190,0,GATE_VALVE,80.0,1500,ASTM A216 WCB,BW,API 6D
BPCL-SAP-0001791,BPCL,FLG-WN-DN200-CL150-SS316-RF,CAN-000287,DEPOT-BPCL-KCH,"Kochi Refinery, Kerala",8,105090,46,FLANGE_WELD_NECK,200.0,150,ASTM A182 F316,RF,ASME B16.5
BPCL-SAP-0001792,BPCL,VLV-GT-DN15-PN250-WCB-BW,CAN-001051,DEPOT-BPCL-BIN,"Bina Refinery, Madhya Pradesh",47,58460,638,GATE_VALVE,15.0,1500,ASTM A216 WCB,BW,API 600
BPCL-SAP-0001793,BPCL,FLG-SO-DN150-PN100-A105-FF,CAN-000894,DEPOT-BPCL-NML,"Numaligarh Depot Base, Assam",0,49810,0,FLANGE_SLIP_ON,150.0,600,ASTM A105,FF,ASME B16.5
BPCL-SAP-0001794,BPCL,VLV-GL-DN250-CL150-A105-RF,CAN-001963,DEPOT-BPCL-MUM,"Mumbai Refinery, Mahul, Maharashtra",118,478860,513,GLOBE_VALVE,250.0,150,ASTM A105,RF,BS 1873
BPCL-SAP-0001795,BPCL,VLV-GT-DN150-CL150-SS316-BW,CAN-001371,DEPOT-BPCL-BIN,"Bina Refinery, Madhya Pradesh",24,591580,63,GATE_VALVE,150.0,150,ASTM A182 F316,BW,API 600
BPCL-SAP-0001796,BPCL,FLG-WN-DN40-PN20-A105-RTJ,CAN-000082,DEPOT-BPCL-BIN,"Bina Refinery, Madhya Pradesh",38,4050,18,FLANGE_WELD_NECK,40.0,150,ASTM A105,RTJ,ASME B16.5
BPCL-SAP-0001797,BPCL,VLV-GT-DN200-PN20-SS316-BW,CAN-001432,DEPOT-BPCL-BIN,"Bina Refinery, Madhya Pradesh",0,859880,0,GATE_VALVE,200.0,150,ASTM A182 F316,BW,API 6D
BPCL-SAP-0001798,BPCL,FLG-BLD-DN300-CL600-A105-RF,CAN-000683,DEPOT-BPCL-NML,"Numaligarh Depot Base, Assam",25,137990,120,FLANGE_BLIND,300.0,600,ASTM A105,RF,ASME B16.5
BPCL-SAP-0001799,BPCL,VLV-BL-DN150-CL1500-WCB-BW,CAN-001738,DEPOT-BPCL-KCH,"Kochi Refinery, Kerala",84,1425670,423,BALL_VALVE,150.0,1500,ASTM A216 WCB,BW,API 6D
BPCL-SAP-0001800,BPCL,VLV-GT-DN150-PN50-WCB-RF,CAN-001373,DEPOT-BPCL-NML,"Numaligarh Depot Base, Assam",95,321870,338,GATE_VALVE,150.0,300,ASTM A216 WCB,RF,API 600
BPCL-SAP-0001801,BPCL,FLG-SO-DN25-CL150-A105-RF,CAN-000731,DEPOT-BPCL-MUM,"Mumbai Refinery, Mahul, Maharashtra",0,1600,0,FLANGE_SLIP_ON,25.0,150,ASTM A105,RF,ASME B16.5
BPCL-SAP-0001802,BPCL,VLV-GT-DN200-PN20-SS316-RF,CAN-001429,DEPOT-BPCL-NML,"Numaligarh Depot Base, Assam",38,859880,38,GATE_VALVE,200.0,150,ASTM A182 F316,RF,API 600
BPCL-SAP-0001803,BPCL,VLV-BL-DN25-PN50-SS316-RF,CAN-001627,DEPOT-BPCL-NML,"Numaligarh Depot Base, Assam",13,122570,105,BALL_VALVE,25.0,300,ASTM A182 F316,RF,API 6D
BPCL-SAP-0001804,BPCL,VLV-GL-DN50-PN150-A105-RF,CAN-001876,DEPOT-BPCL-NML,"Numaligarh Depot Base, Assam",112,247780,437,GLOBE_VALVE,50.0,900,ASTM A105,RF,ASME B16.34
BPCL-SAP-0001805,BPCL,VLV-GT-DN200-PN20-SS316-RF,CAN-001429,DEPOT-BPCL-KCH,"Kochi Refinery, Kerala",15,859880,50,GATE_VALVE,200.0,150,ASTM A182 F316,RF,API 600
BPCL-SAP-0001806,BPCL,VLV-GT-DN25-PN250-A105-RF,CAN-001114,DEPOT-BPCL-MUM,"Mumbai Refinery, Mahul, Maharashtra",73,113570,461,GATE_VALVE,25.0,1500,ASTM A105,RF,API 6D
BPCL-SAP-0001807,BPCL,FLG-WN-DN40-PN50-A105-RTJ,CAN-000090,DEPOT-BPCL-KCH,"Kochi Refinery, Kerala",13,7050,33,FLANGE_WELD_NECK,40.0,300,ASTM A105,RTJ,ASME B16.5
BPCL-SAP-0001808,BPCL,VLV-GT-DN250-CL150-SS316-BW,CAN-001492,DEPOT-BPCL-NML,"Numaligarh Depot Base, Assam",31,1149270,635,GATE_VALVE,250.0,150,ASTM A182 F316,BW,API 6D
BPCL-SAP-0001809,BPCL,VLV-BL-DN150-CL900-SS316-RF,CAN-001735,DEPOT-BPCL-MUM,"Mumbai Refinery, Mahul, Maharashtra",27,3031720,37,BALL_VALVE,150.0,900,ASTM A182 F316,RF,API 6D
BPCL-SAP-0001810,BPCL,FLG-SO-DN100-PN100-SS316-RF,CAN-000867,DEPOT-BPCL-MUM,"Mumbai Refinery, Mahul, Maharashtra",33,94100,619,FLANGE_SLIP_ON,100.0,600,ASTM A182 F316,RF,ASME B16.5
BPCL-SAP-0001811,BPCL,VLV-GT-DN50-CL1500-SS316-RF,CAN-001238,DEPOT-BPCL-KCH,"Kochi Refinery, Kerala",43,894870,81,GATE_VALVE,50.0,1500,ASTM A182 F316,RF,API 6D
BPCL-SAP-0001812,BPCL,FLG-SO-DN150-PN50-A105-FF,CAN-000888,DEPOT-BPCL-NML,"Numaligarh Depot Base, Assam",73,28610,411,FLANGE_SLIP_ON,150.0,300,ASTM A105,FF,ASME B16.5
BPCL-SAP-0001813,BPCL,VLV-GT-DN25-PN20-SS316-BW,CAN-001072,DEPOT-BPCL-KCH,"Kochi Refinery, Kerala",0,57600,0,GATE_VALVE,25.0,150,ASTM A182 F316,BW,API 6D
BPCL-SAP-0001814,BPCL,VLV-GL-DN100-CL900-A105-RF,CAN-001916,DEPOT-BPCL-BIN,"Bina Refinery, Madhya Pradesh",68,610110,651,GLOBE_VALVE,100.0,900,ASTM A105,RF,ASME B16.34
BPCL-SAP-0001815,BPCL,FLG-BLD-DN250-CL1500-SS316-RTJ,CAN-000670,DEPOT-BPCL-KCH,"Kochi Refinery, Kerala",77,725140,342,FLANGE_BLIND,250.0,1500,ASTM A182 F316,RTJ,ASME B16.5
BPCL-SAP-0001816,BPCL,FLG-SO-DN15-PN100-SS304-FF,CAN-000716,DEPOT-BPCL-BIN,"Bina Refinery, Madhya Pradesh",114,5990,282,FLANGE_SLIP_ON,15.0,600,ASTM A182 F304,FF,ASME B16.5
BPCL-SAP-0001817,BPCL,VLV-GT-DN40-PN20-WCB-RF,CAN-001122,DEPOT-BPCL-BIN,"Bina Refinery, Madhya Pradesh",43,33160,720,GATE_VALVE,40.0,150,ASTM A216 WCB,RF,API 6D
BPCL-SAP-0001818,BPCL,VLV-BL-DN25-CL1500-WCB-RF,CAN-001637,DEPOT-BPCL-MUM,"Mumbai Refinery, Mahul, Maharashtra",89,138810,365,BALL_VALVE,25.0,1500,ASTM A216 WCB,RF,API 6D
BPCL-SAP-0001819,BPCL,VLV-GT-DN25-PN20-A105-RF,CAN-001066,DEPOT-BPCL-NML,"Numaligarh Depot Base, Assam",80,18000,472,GATE_VALVE,25.0,150,ASTM A105,RF,API 6D
BPCL-SAP-0001820,BPCL,VLV-GT-DN40-CL600-SS316-RF,CAN-001153,DEPOT-BPCL-MUM,"Mumbai Refinery, Mahul, Maharashtra",17,321680,35,GATE_VALVE,40.0,600,ASTM A182 F316,RF,API 600
BPCL-SAP-0001821,BPCL,FLG-BLD-DN40-PN250-A350LF2-RF,CAN-000487,DEPOT-BPCL-BIN,"Bina Refinery, Madhya Pradesh",24,33470,35,FLANGE_BLIND,40.0,1500,ASTM A350 LF2,RF,ASME B16.5
BPCL-SAP-0001822,BPCL,FLG-SO-DN40-CL300-SS304-RF,CAN-000769,DEPOT-BPCL-NML,"Numaligarh Depot Base, Assam",133,12310,310,FLANGE_SLIP_ON,40.0,300,ASTM A182 F304,RF,ASME B16.5
BPCL-SAP-0001823,BPCL,VLV-BL-DN150-PN20-WCB-BW,CAN-001722,DEPOT-BPCL-BIN,"Bina Refinery, Madhya Pradesh",0,225950,0,BALL_VALVE,150.0,150,ASTM A216 WCB,BW,API 6D
BPCL-SAP-0001824,BPCL,VLV-BL-DN100-PN20-WCB-RF,CAN-001701,DEPOT-BPCL-KCH,"Kochi Refinery, Kerala",0,133380,0,BALL_VALVE,100.0,150,ASTM A216 WCB,RF,API 6D
BPCL-SAP-0001825,BPCL,VLV-GL-DN100-CL1500-WCB-RF,CAN-001917,DEPOT-BPCL-KCH,"Kochi Refinery, Kerala",28,918090,205,GLOBE_VALVE,100.0,1500,ASTM A216 WCB,RF,BS 1873
BPCL-SAP-0001826,BPCL,VLV-GT-DN200-PN250-WCB-RF,CAN-001470,DEPOT-BPCL-MUM,"Mumbai Refinery, Mahul, Maharashtra",34,1695460,38,GATE_VALVE,200.0,1500,ASTM A216 WCB,RF,API 6D
BPCL-SAP-0001827,BPCL,FLG-BLD-DN100-CL900-SS316-RTJ,CAN-000574,DEPOT-BPCL-KCH,"Kochi Refinery, Kerala",0,146420,0,FLANGE_BLIND,100.0,900,ASTM A182 F316,RTJ,ASME B16.5
BPCL-SAP-0001828,BPCL,VLV-GT-DN200-CL150-WCB-BW,CAN-001424,DEPOT-BPCL-KCH,"Kochi Refinery, Kerala",0,268710,0,GATE_VALVE,200.0,150,ASTM A216 WCB,BW,API 6D
BPCL-SAP-0001829,BPCL,VLV-GL-DN100-PN250-A105-RF,CAN-001919,DEPOT-BPCL-NML,"Numaligarh Depot Base, Assam",63,918090,493,GLOBE_VALVE,100.0,1500,ASTM A105,RF,BS 1873
BPCL-SAP-0001830,BPCL,VLV-GT-DN100-CL900-SS316-BW,CAN-001348,DEPOT-BPCL-KCH,"Kochi Refinery, Kerala",27,1464270,677,GATE_VALVE,100.0,900,ASTM A182 F316,BW,API 6D
BPCL-SAP-0001831,BPCL,VLV-GL-DN25-CL300-WCB-RF,CAN-001826,DEPOT-BPCL-KCH,"Kochi Refinery, Kerala",0,41780,0,GLOBE_VALVE,25.0,300,ASTM A216 WCB,RF,ASME B16.34
BPCL-SAP-0001832,BPCL,FLG-SO-DN150-PN100-SS304-FF,CAN-000896,DEPOT-BPCL-BIN,"Bina Refinery, Madhya Pradesh",39,119550,85,FLANGE_SLIP_ON,150.0,600,ASTM A182 F304,FF,ASME B16.5
BPCL-SAP-0001833,BPCL,VLV-GT-DN300-PN20-A105-RF,CAN-001546,DEPOT-BPCL-MUM,"Mumbai Refinery, Mahul, Maharashtra",0,455200,0,GATE_VALVE,300.0,150,ASTM A105,RF,API 6D
BPCL-SAP-0001834,BPCL,VLV-GT-DN200-CL1500-SS316-RF,CAN-001477,DEPOT-BPCL-MUM,"Mumbai Refinery, Mahul, Maharashtra",37,5425490,117,GATE_VALVE,200.0,1500,ASTM A182 F316,RF,API 600
BPCL-SAP-0001835,BPCL,FLG-WN-DN25-PN250-SS304-RTJ,CAN-000078,DEPOT-BPCL-KCH,"Kochi Refinery, Kerala",15,33310,45,FLANGE_WELD_NECK,25.0,1500,ASTM A182 F304,RTJ,ASME B16.5
BPCL-SAP-0001836,BPCL,FLG-WN-DN40-CL300-A105-RTJ,CAN-000090,DEPOT-BPCL-BIN,"Bina Refinery, Madhya Pradesh",0,7050,0,FLANGE_WELD_NECK,40.0,300,ASTM A105,RTJ,ASME B16.5
BPCL-SAP-0001837,BPCL,FLG-WN-DN25-CL1500-SS304-RF,CAN-000077,DEPOT-BPCL-NML,"Numaligarh Depot Base, Assam",45,33310,114,FLANGE_WELD_NECK,25.0,1500,ASTM A182 F304,RF,ASME B16.5
BPCL-SAP-0001838,BPCL,FLG-SO-DN40-CL1500-A105-FF,CAN-000786,DEPOT-BPCL-KCH,"Kochi Refinery, Kerala",73,18590,267,FLANGE_SLIP_ON,40.0,1500,ASTM A105,FF,ASME B16.5
BPCL-SAP-0001839,BPCL,VLV-GT-DN100-CL150-WCB-RF,CAN-001302,DEPOT-BPCL-NML,"Numaligarh Depot Base, Assam",41,109130,55,GATE_VALVE,100.0,150,ASTM A216 WCB,RF,API 6D
BPCL-SAP-0001840,BPCL,GSKT-SW-DN250-CL600-SS304-GR-RF,CAN-002086,DEPOT-BPCL-NML,"Numaligarh Depot Base, Assam",8,94350,23,SPIRAL_WOUND_GASKET,250.0,600,SS304 / GRAPHITE,RF,ASME B16.20
BPCL-SAP-0001841,BPCL,VLV-GT-DN50-PN100-WCB-BW,CAN-001208,DEPOT-BPCL-MUM,"Mumbai Refinery, Mahul, Maharashtra",0,134350,0,GATE_VALVE,50.0,600,ASTM A216 WCB,BW,API 6D
BPCL-SAP-0001842,BPCL,FLG-BLD-DN150-CL900-A350LF2-RTJ,CAN-000602,DEPOT-BPCL-MUM,"Mumbai Refinery, Mahul, Maharashtra",139,124020,628,FLANGE_BLIND,150.0,900,ASTM A350 LF2,RTJ,ASME B16.5
BPCL-SAP-0001843,BPCL,BLT-STUD-DN80-CL150-B7-2H-THRD,CAN-002141,DEPOT-BPCL-MUM,"Mumbai Refinery, Mahul, Maharashtra",13,1580,38,STUD_BOLT,80.0,150,ASTM A193 B7 / A194 2H,THRD,ASME B18.2.1
BPCL-SAP-0001844,BPCL,VLV-GL-DN300-CL300-WCB-RF,CAN-001985,DEPOT-BPCL-KCH,"Kochi Refinery, Kerala",35,1056740,57,GLOBE_VALVE,300.0,300,ASTM A216 WCB,RF,BS 1873
BPCL-SAP-0001845,BPCL,VLV-GT-DN50-CL600-A105-BW,CAN-001211,DEPOT-BPCL-MUM,"Mumbai Refinery, Mahul, Maharashtra",0,134350,0,GATE_VALVE,50.0,600,ASTM A105,BW,API 600
BPCL-SAP-0001846,BPCL,VLV-BL-DN50-CL900-WCB-BW,CAN-001674,DEPOT-BPCL-NML,"Numaligarh Depot Base, Assam",109,227130,662,BALL_VALVE,50.0,900,ASTM A216 WCB,BW,API 6D
BPCL-SAP-0001847,BPCL,VLV-BL-DN200-PN250-WCB-BW,CAN-001758,DEPOT-BPCL-KCH,"Kochi Refinery, Kerala",35,2072230,92,BALL_VALVE,200.0,1500,ASTM A216 WCB,BW,API 6D
BPCL-SAP-0001848,BPCL,FLG-SO-DN200-CL300-A105-FF,CAN-000918,DEPOT-BPCL-BIN,"Bina Refinery, Madhya Pradesh",135,41580,273,FLANGE_SLIP_ON,200.0,300,ASTM A105,FF,ASME B16.5
BPCL-SAP-0001849,BPCL,VLV-GT-DN150-PN100-A105-BW,CAN-001391,DEPOT-BPCL-BIN,"Bina Refinery, Madhya Pradesh",113,560420,694,GATE_VALVE,150.0,600,ASTM A105,BW,API 600
BPCL-SAP-0001850,BPCL,VLV-GL-DN40-CL900-WCB-RF,CAN-001853,DEPOT-BPCL-NML,"Numaligarh Depot Base, Assam",0,185390,0,GLOBE_VALVE,40.0,900,ASTM A216 WCB,RF,BS 1873
BPCL-SAP-0001851,BPCL,FLG-WN-DN100-CL900-SS304-RTJ,CAN-000230,DEPOT-BPCL-KCH,"Kochi Refinery, Kerala",0,134220,0,FLANGE_WELD_NECK,100.0,900,ASTM A182 F304,RTJ,ASME B16.5
BPCL-SAP-0001852,BPCL,FLG-WN-DN15-PN100-SS316-RF,CAN-000023,DEPOT-BPCL-MUM,"Mumbai Refinery, Mahul, Maharashtra",17,10980,62,FLANGE_WELD_NECK,15.0,600,ASTM A182 F316,RF,ASME B16.5
BPCL-SAP-0001853,BPCL,VLV-GT-DN80-CL600-WCB-RF,CAN-001266,DEPOT-BPCL-NML,"Numaligarh Depot Base, Assam",104,247520,295,GATE_VALVE,80.0,600,ASTM A216 WCB,RF,API 6D
BPCL-SAP-0001854,BPCL,FLG-WN-DN150-CL150-A105-RF,CAN-000241,DEPOT-BPCL-MUM,"Mumbai Refinery, Mahul, Maharashtra",72,22590,268,FLANGE_WELD_NECK,150.0,150,ASTM A105,RF,ASME B16.5
BPCL-SAP-0001855,BPCL,FLG-SO-DN250-CL900-SS316-RF,CAN-000963,DEPOT-BPCL-NML,"Numaligarh Depot Base, Assam",0,428340,0,FLANGE_SLIP_ON,250.0,900,ASTM A182 F316,RF,ASME B16.5
BPCL-SAP-0001856,BPCL,VLV-GT-DN80-PN20-WCB-BW,CAN-001243,DEPOT-BPCL-BIN,"Bina Refinery, Madhya Pradesh",0,81650,0,GATE_VALVE,80.0,150,ASTM A216 WCB,BW,API 600
BPCL-SAP-0001857,BPCL,VLV-GT-DN25-PN150-SS316-RF,CAN-001105,DEPOT-BPCL-BIN,"Bina Refinery, Madhya Pradesh",16,241510,96,GATE_VALVE,25.0,900,ASTM A182 F316,RF,API 600
BPCL-SAP-0001858,BPCL,FLG-SO-DN300-CL600-SS304-FF,CAN-000986,DEPOT-BPCL-KCH,"Kochi Refinery, Kerala",25,294380,46,FLANGE_SLIP_ON,300.0,600,ASTM A182 F304,FF,ASME B16.5
BPCL-SAP-0001859,BPCL,FLG-WN-DN80-PN20-A105-RTJ,CAN-000162,DEPOT-BPCL-NML,"Numaligarh Depot Base, Assam",50,9970,96,FLANGE_WELD_NECK,80.0,150,ASTM A105,RTJ,ASME B16.5
BPCL-SAP-0001860,BPCL,VLV-GL-DN15-CL900-A105-RF,CAN-001815,DEPOT-BPCL-NML,"Numaligarh Depot Base, Assam",0,51790,0,GLOBE_VALVE,15.0,900,ASTM A105,RF,BS 1873
BPCL-SAP-0001861,BPCL,GSKT-SW-DN300-CL600-SS304-GR-RF,CAN-002096,DEPOT-BPCL-MUM,"Mumbai Refinery, Mahul, Maharashtra",27,119590,86,SPIRAL_WOUND_GASKET,300.0,600,SS304 / GRAPHITE,RF,ASME B16.20
BPCL-SAP-0001862,BPCL,VLV-GT-DN25-PN150-A105-BW,CAN-001103,DEPOT-BPCL-MUM,"Mumbai Refinery, Mahul, Maharashtra",0,75470,0,GATE_VALVE,25.0,900,ASTM A105,BW,API 600
BPCL-SAP-0001863,BPCL,FLG-WN-DN150-CL300-SS316-RF,CAN-000255,DEPOT-BPCL-BIN,"Bina Refinery, Madhya Pradesh",92,125890,342,FLANGE_WELD_NECK,150.0,300,ASTM A182 F316,RF,ASME B16.5
BPCL-SAP-0001864,BPCL,FLG-SO-DN100-PN250-A105-FF,CAN-000876,DEPOT-BPCL-KCH,"Kochi Refinery, Kerala",21,61200,65,FLANGE_SLIP_ON,100.0,1500,ASTM A105,FF,ASME B16.5
BPCL-SAP-0001865,BPCL,FLG-SO-DN150-PN100-A105-FF,CAN-000894,DEPOT-BPCL-NML,"Numaligarh Depot Base, Assam",52,49810,351,FLANGE_SLIP_ON,150.0,600,ASTM A105,FF,ASME B16.5
BPCL-SAP-0001866,BPCL,VLV-GT-DN40-PN250-A105-RF,CAN-001174,DEPOT-BPCL-NML,"Numaligarh Depot Base, Assam",36,209230,48,GATE_VALVE,40.0,1500,ASTM A105,RF,API 6D
BPCL-SAP-0001867,BPCL,VLV-GT-DN50-PN250-A105-BW,CAN-001235,DEPOT-BPCL-MUM,"Mumbai Refinery, Mahul, Maharashtra",27,279640,106,GATE_VALVE,50.0,1500,ASTM A105,BW,API 600
BPCL-SAP-0001868,BPCL,FLG-BLD-DN50-CL150-A105-RF,CAN-000491,DEPOT-BPCL-KCH,"Kochi Refinery, Kerala",95,4430,354,FLANGE_BLIND,50.0,150,ASTM A105,RF,ASME B16.5
BPCL-SAP-0001869,BPCL,FLG-WN-DN15-PN250-SS316-RTJ,CAN-000040,DEPOT-BPCL-BIN,"Bina Refinery, Madhya Pradesh",32,22860,43,FLANGE_WELD_NECK,15.0,1500,ASTM A182 F316,RTJ,ASME B16.5
BPCL-SAP-0001870,BPCL,VLV-GL-DN80-PN50-A105-RF,CAN-001888,DEPOT-BPCL-KCH,"Kochi Refinery, Kerala",43,189550,67,GLOBE_VALVE,80.0,300,ASTM A105,RF,ASME B16.34
BPCL-SAP-0001871,BPCL,VLV-GT-DN50-PN50-SS316-RF,CAN-001201,DEPOT-BPCL-NML,"Numaligarh Depot Base, Assam",35,246930,20,GATE_VALVE,50.0,300,ASTM A182 F316,RF,API 600
BPCL-SAP-0001872,BPCL,FLG-SO-DN80-PN100-SS304-FF,CAN-000836,DEPOT-BPCL-NML,"Numaligarh Depot Base, Assam",0,52800,0,FLANGE_SLIP_ON,80.0,600,ASTM A182 F304,FF,ASME B16.5
BPCL-SAP-0001873,BPCL,FLG-WN-DN100-PN250-SS316-RF,CAN-000239,DEPOT-BPCL-BIN,"Bina Refinery, Madhya Pradesh",150,269300,677,FLANGE_WELD_NECK,100.0,1500,ASTM A182 F316,RF,ASME B16.5
BPCL-SAP-0001874,BPCL,FLG-WN-DN300-PN250-SS304-RTJ,CAN-000398,DEPOT-BPCL-KCH,"Kochi Refinery, Kerala",0,842490,0,FLANGE_WELD_NECK,300.0,1500,ASTM A182 F304,RTJ,ASME B16.5
BPCL-SAP-0001875,BPCL,FLG-WN-DN100-PN50-A350LF2-RTJ,CAN-000212,DEPOT-BPCL-MUM,"Mumbai Refinery, Mahul, Maharashtra",26,37150,40,FLANGE_WELD_NECK,100.0,300,ASTM A350 LF2,RTJ,ASME B16.5
BPCL-SAP-0001876,BPCL,FLG-WN-DN50-PN20-A105-RF,CAN-000121,DEPOT-BPCL-BIN,"Bina Refinery, Madhya Pradesh",0,5410,0,FLANGE_WELD_NECK,50.0,150,ASTM A105,RF,ASME B16.5
BPCL-SAP-0001877,BPCL,FLG-SO-DN80-CL900-A105-RF,CAN-000839,DEPOT-BPCL-BIN,"Bina Refinery, Madhya Pradesh",16,30430,42,FLANGE_SLIP_ON,80.0,900,ASTM A105,RF,ASME B16.5
BPCL-SAP-0001878,BPCL,FLG-SO-DN15-CL600-SS316-RF,CAN-000717,DEPOT-BPCL-BIN,"Bina Refinery, Madhya Pradesh",0,7980,0,FLANGE_SLIP_ON,15.0,600,ASTM A182 F316,RF,ASME B16.5
BPCL-SAP-0001879,BPCL,GSKT-SW-DN80-PN20-SS316-GR-RF,CAN-002041,DEPOT-BPCL-KCH,"Kochi Refinery, Kerala",139,9430,242,SPIRAL_WOUND_GASKET,80.0,150,SS316 / GRAPHITE,RF,ASME B16.20
BPCL-SAP-0001880,BPCL,FLG-SO-DN80-PN250-SS304-FF,CAN-000848,DEPOT-BPCL-NML,"Numaligarh Depot Base, Assam",26,109900,723,FLANGE_SLIP_ON,80.0,1500,ASTM A182 F304,FF,ASME B16.5
BPCL-SAP-0001881,BPCL,FLG-WN-DN250-PN100-A105-RTJ,CAN-000338,DEPOT-BPCL-KCH,"Kochi Refinery, Kerala",50,133060,105,FLANGE_WELD_NECK,250.0,600,ASTM A105,RTJ,ASME B16.5
BPCL-SAP-0001882,BPCL,FLG-SO-DN250-CL1500-SS304-RF,CAN-000967,DEPOT-BPCL-BIN,"Bina Refinery, Madhya Pradesh",77,483420,617,FLANGE_SLIP_ON,250.0,1500,ASTM A182 F304,RF,ASME B16.5
BPCL-SAP-0001883,BPCL,FLG-WN-DN150-CL150-SS304-RTJ,CAN-000246,DEPOT-BPCL-BIN,"Bina Refinery, Madhya Pradesh",33,54220,57,FLANGE_WELD_NECK,150.0,150,ASTM A182 F304,RTJ,ASME B16.5
BPCL-SAP-0001884,BPCL,VLV-GL-DN100-PN50-WCB-RF,CAN-001906,DEPOT-BPCL-NML,"Numaligarh Depot Base, Assam",50,253340,71,GLOBE_VALVE,100.0,300,ASTM A216 WCB,RF,ASME B16.34
BPCL-SAP-0001885,BPCL,FLG-BLD-DN40-CL900-A350LF2-RTJ,CAN-000482,DEPOT-BPCL-BIN,"Bina Refinery, Madhya Pradesh",61,22240,239,FLANGE_BLIND,40.0,900,ASTM A350 LF2,RTJ,ASME B16.5
BPCL-SAP-0001886,BPCL,FLG-WN-DN100-PN250-SS304-RTJ,CAN-000238,DEPOT-BPCL-BIN,"Bina Refinery, Madhya Pradesh",0,201980,0,FLANGE_WELD_NECK,100.0,1500,ASTM A182 F304,RTJ,ASME B16.5
BPCL-SAP-0001887,BPCL,FLG-SO-DN300-PN20-A105-FF,CAN-000972,DEPOT-BPCL-NML,"Numaligarh Depot Base, Assam",37,40460,42,FLANGE_SLIP_ON,300.0,150,ASTM A105,FF,ASME B16.5
BPCL-SAP-0001888,BPCL,VLV-GT-DN100-PN20-A105-RF,CAN-001306,DEPOT-BPCL-NML,"Numaligarh Depot Base, Assam",103,109130,243,GATE_VALVE,100.0,150,ASTM A105,RF,API 6D
BPCL-SAP-0001889,BPCL,FLG-SO-DN300-PN250-A105-FF,CAN-000996,DEPOT-BPCL-NML,"Numaligarh Depot Base, Assam",46,255300,65,FLANGE_SLIP_ON,300.0,1500,ASTM A105,FF,ASME B16.5
BPCL-SAP-0001890,BPCL,FLG-WN-DN300-PN100-A350LF2-RF,CAN-000379,DEPOT-BPCL-NML,"Numaligarh Depot Base, Assam",101,269850,418,FLANGE_WELD_NECK,300.0,600,ASTM A350 LF2,RF,ASME B16.5
BPCL-SAP-0001891,BPCL,VLV-GL-DN100-CL300-A105-RF,CAN-001908,DEPOT-BPCL-MUM,"Mumbai Refinery, Mahul, Maharashtra",5,253340,79,GLOBE_VALVE,100.0,300,ASTM A105,RF,ASME B16.34
BPCL-SAP-0001892,BPCL,VLV-BL-DN150-PN100-SS316-RF,CAN-001731,DEPOT-BPCL-NML,"Numaligarh Depot Base, Assam",43,2191880,43,BALL_VALVE,150.0,600,ASTM A182 F316,RF,API 6D
BPCL-SAP-0001893,BPCL,GSKT-SW-DN200-CL900-SS304-GR-RF,CAN-002078,DEPOT-BPCL-MUM,"Mumbai Refinery, Mahul, Maharashtra",76,97640,342,SPIRAL_WOUND_GASKET,200.0,900,SS304 / GRAPHITE,RF,ASME B16.20
BPCL-SAP-0001894,BPCL,VLV-GT-DN80-PN150-SS316-RF,CAN-001285,DEPOT-BPCL-NML,"Numaligarh Depot Base, Assam",46,1095560,101,GATE_VALVE,80.0,900,ASTM A182 F316,RF,API 600
BPCL-SAP-0001895,BPCL,GSKT-SW-DN80-PN20-SS304-GR-RF,CAN-002042,DEPOT-BPCL-KCH,"Kochi Refinery, Kerala",15,7070,37,SPIRAL_WOUND_GASKET,80.0,150,SS304 / GRAPHITE,RF,ASME B16.20
BPCL-SAP-0001896,BPCL,VLV-BL-DN200-PN20-WCB-BW,CAN-001742,DEPOT-BPCL-MUM,"Mumbai Refinery, Mahul, Maharashtra",0,328420,0,BALL_VALVE,200.0,150,ASTM A216 WCB,BW,API 6D
BPCL-SAP-0001897,BPCL,VLV-GT-DN150-CL900-SS316-RF,CAN-001406,DEPOT-BPCL-KCH,"Kochi Refinery, Kerala",114,2480500,574,GATE_VALVE,150.0,900,ASTM A182 F316,RF,API 6D
BPCL-SAP-0001898,BPCL,GSKT-SW-DN200-CL150-SS304-GR-RF,CAN-002072,DEPOT-BPCL-MUM,"Mumbai Refinery, Mahul, Maharashtra",144,23280,539,SPIRAL_WOUND_GASKET,200.0,150,SS304 / GRAPHITE,RF,ASME B16.20
BPCL-SAP-0001899,BPCL,VLV-GT-DN25-PN50-WCB-BW,CAN-001075,DEPOT-BPCL-BIN,"Bina Refinery, Madhya Pradesh",0,31330,0,GATE_VALVE,25.0,300,ASTM A216 WCB,BW,API 600
BPCL-SAP-0001900,BPCL,FLG-SO-DN50-CL300-SS316-RF,CAN-000801,DEPOT-BPCL-KCH,"Kochi Refinery, Kerala",19,21940,97,FLANGE_SLIP_ON,50.0,300,ASTM A182 F316,RF,ASME B16.5
BPCL-SAP-0001901,BPCL,VLV-GT-DN50-PN150-A105-RF,CAN-001222,DEPOT-BPCL-MUM,"Mumbai Refinery, Mahul, Maharashtra",31,185830,45,GATE_VALVE,50.0,900,ASTM A105,RF,API 6D
BPCL-SAP-0001902,BPCL,VLV-GT-DN150-PN100-WCB-BW,CAN-001388,DEPOT-BPCL-MUM,"Mumbai Refinery, Mahul, Maharashtra",35,560420,30,GATE_VALVE,150.0,600,ASTM A216 WCB,BW,API 6D
BPCL-SAP-0001903,BPCL,VLV-GT-DN200-PN20-A105-RF,CAN-001425,DEPOT-BPCL-BIN,"Bina Refinery, Madhya Pradesh",0,268710,0,GATE_VALVE,200.0,150,ASTM A105,RF,API 600
BPCL-SAP-0001904,BPCL,VLV-GT-DN100-CL1500-SS316-RF,CAN-001358,DEPOT-BPCL-NML,"Numaligarh Depot Base, Assam",38,2203430,11,GATE_VALVE,100.0,1500,ASTM A182 F316,RF,API 6D
BPCL-SAP-0001905,BPCL,FLG-SO-DN300-CL900-SS316-RF,CAN-000993,DEPOT-BPCL-KCH,"Kochi Refinery, Kerala",0,542900,0,FLANGE_SLIP_ON,300.0,900,ASTM A182 F316,RF,ASME B16.5
BPCL-SAP-0001906,BPCL,VLV-GT-DN15-PN100-WCB-RF,CAN-001026,DEPOT-BPCL-BIN,"Bina Refinery, Madhya Pradesh",0,28080,0,GATE_VALVE,15.0,600,ASTM A216 WCB,RF,API 6D
BPCL-SAP-0001907,BPCL,FLG-BLD-DN50-PN150-A105-RTJ,CAN-000510,DEPOT-BPCL-NML,"Numaligarh Depot Base, Assam",0,18580,0,FLANGE_BLIND,50.0,900,ASTM A105,RTJ,ASME B16.5
BPCL-SAP-0001908,BPCL,FLG-BLD-DN40-CL1500-A105-RTJ,CAN-000486,DEPOT-BPCL-MUM,"Mumbai Refinery, Mahul, Maharashtra",144,20920,208,FLANGE_BLIND,40.0,1500,ASTM A105,RTJ,ASME B16.5
BPCL-SAP-0001909,BPCL,VLV-BL-DN50-PN100-WCB-RF,CAN-001669,DEPOT-BPCL-MUM,"Mumbai Refinery, Mahul, Maharashtra",31,164210,116,BALL_VALVE,50.0,600,ASTM A216 WCB,RF,API 6D
BPCL-SAP-0001910,BPCL,VLV-BL-DN100-PN20-SS316-RF,CAN-001703,DEPOT-BPCL-MUM,"Mumbai Refinery, Mahul, Maharashtra",35,426820,112,BALL_VALVE,100.0,150,ASTM A182 F316,RF,API 6D
BPCL-SAP-0001911,BPCL,FLG-WN-DN100-PN20-SS316-RF,CAN-000207,DEPOT-BPCL-NML,"Numaligarh Depot Base, Assam",0,42680,0,FLANGE_WELD_NECK,100.0,150,ASTM A182 F316,RF,ASME B16.5
BPCL-SAP-0001912,BPCL,FLG-SO-DN200-PN150-SS316-FF,CAN-000934,DEPOT-BPCL-NML,"Numaligarh Depot Base, Assam",56,320480,638,FLANGE_SLIP_ON,200.0,900,ASTM A182 F316,FF,ASME B16.5
BPCL-SAP-0001913,BPCL,VLV-GL-DN250-CL300-A105-RF,CAN-001967,DEPOT-BPCL-KCH,"Kochi Refinery, Kerala",31,833740,16,GLOBE_VALVE,250.0,300,ASTM A105,RF,BS 1873
BPCL-SAP-0001914,BPCL,FLG-WN-DN300-CL600-A350LF2-RTJ,CAN-000380,DEPOT-BPCL-MUM,"Mumbai Refinery, Mahul, Maharashtra",133,269850,661,FLANGE_WELD_NECK,300.0,600,ASTM A350 LF2,RTJ,ASME B16.5
BPCL-SAP-0001915,BPCL,GSKT-SW-DN150-CL300-SS304-GR-RF,CAN-002064,DEPOT-BPCL-MUM,"Mumbai Refinery, Mahul, Maharashtra",34,27890,17,SPIRAL_WOUND_GASKET,150.0,300,SS304 / GRAPHITE,RF,ASME B16.20
BPCL-SAP-0001916,BPCL,VLV-GL-DN15-CL1500-A105-RF,CAN-001820,DEPOT-BPCL-KCH,"Kochi Refinery, Kerala",0,77940,0,GLOBE_VALVE,15.0,1500,ASTM A105,RF,ASME B16.34
BPCL-SAP-0001917,BPCL,FLG-BLD-DN150-PN20-A350LF2-RTJ,CAN-000584,DEPOT-BPCL-NML,"Numaligarh Depot Base, Assam",9,29570,79,FLANGE_BLIND,150.0,150,ASTM A350 LF2,RTJ,ASME B16.5
BPCL-SAP-0001918,BPCL,VLV-GL-DN300-CL1500-A105-RF,CAN-001999,DEPOT-BPCL-MUM,"Mumbai Refinery, Mahul, Maharashtra",0,3829540,0,GLOBE_VALVE,300.0,1500,ASTM A105,RF,BS 1873
BPCL-SAP-0001919,BPCL,FLG-BLD-DN100-PN20-SS316-RTJ,CAN-000556,DEPOT-BPCL-KCH,"Kochi Refinery, Kerala",30,34920,186,FLANGE_BLIND,100.0,150,ASTM A182 F316,RTJ,ASME B16.5
BPCL-SAP-0001920,BPCL,FLG-WN-DN80-PN250-A105-RF,CAN-000193,DEPOT-BPCL-MUM,"Mumbai Refinery, Mahul, Maharashtra",0,62960,0,FLANGE_WELD_NECK,80.0,1500,ASTM A105,RF,ASME B16.5
BPCL-SAP-0001921,BPCL,FLG-SO-DN200-PN50-SS304-RF,CAN-000919,DEPOT-BPCL-KCH,"Kochi Refinery, Kerala",0,99800,0,FLANGE_SLIP_ON,200.0,300,ASTM A182 F304,RF,ASME B16.5
BPCL-SAP-0001922,BPCL,FLG-WN-DN40-CL150-A105-RTJ,CAN-000082,DEPOT-BPCL-NML,"Numaligarh Depot Base, Assam",18,4050,88,FLANGE_WELD_NECK,40.0,150,ASTM A105,RTJ,ASME B16.5
BPCL-SAP-0001923,BPCL,FLG-BLD-DN150-CL150-A350LF2-RF,CAN-000583,DEPOT-BPCL-MUM,"Mumbai Refinery, Mahul, Maharashtra",29,29570,304,FLANGE_BLIND,150.0,150,ASTM A350 LF2,RF,ASME B16.5
BPCL-SAP-0001924,BPCL,VLV-BL-DN80-PN50-WCB-BW,CAN-001686,DEPOT-BPCL-MUM,"Mumbai Refinery, Mahul, Maharashtra",37,173750,567,BALL_VALVE,80.0,300,ASTM A216 WCB,BW,API 6D
BPCL-SAP-0001925,BPCL,FLG-SO-DN50-PN150-SS316-FF,CAN-000814,DEPOT-BPCL-BIN,"Bina Refinery, Madhya Pradesh",48,52860,185,FLANGE_SLIP_ON,50.0,900,ASTM A182 F316,FF,ASME B16.5
BPCL-SAP-0001926,BPCL,FLG-SO-DN250-PN50-A105-RF,CAN-000947,DEPOT-BPCL-NML,"Numaligarh Depot Base, Assam",38,55580,71,FLANGE_SLIP_ON,250.0,300,ASTM A105,RF,ASME B16.5
BPCL-SAP-0001927,BPCL,FLG-BLD-DN200-PN100-A350LF2-RF,CAN-000625,DEPOT-BPCL-MUM,"Mumbai Refinery, Mahul, Maharashtra",48,130330,468,FLANGE_BLIND,200.0,600,ASTM A350 LF2,RF,ASME B16.5
BPCL-SAP-0001928,BPCL,FLG-SO-DN25-PN250-SS316-FF,CAN-000760,DEPOT-BPCL-MUM,"Mumbai Refinery, Mahul, Maharashtra",0,32300,0,FLANGE_SLIP_ON,25.0,1500,ASTM A182 F316,FF,ASME B16.5
BPCL-SAP-0001929,BPCL,VLV-GT-DN200-PN100-A105-BW,CAN-001452,DEPOT-BPCL-NML,"Numaligarh Depot Base, Assam",0,814580,0,GATE_VALVE,200.0,600,ASTM A105,BW,API 6D
BPCL-SAP-0001930,BPCL,VLV-BL-DN25-CL300-SS316-BW,CAN-001628,DEPOT-BPCL-KCH,"Kochi Refinery, Kerala",112,122570,294,BALL_VALVE,25.0,300,ASTM A182 F316,BW,API 6D
BPCL-SAP-0001931,BPCL,FLG-WN-DN200-PN250-A350LF2-RTJ,CAN-000316,DEPOT-BPCL-BIN,"Bina Refinery, Madhya Pradesh",104,331550,699,FLANGE_WELD_NECK,200.0,1500,ASTM A350 LF2,RTJ,ASME B16.5
BPCL-SAP-0001932,BPCL,VLV-GL-DN300-PN50-A105-RF,CAN-001987,DEPOT-BPCL-MUM,"Mumbai Refinery, Mahul, Maharashtra",14,1056740,23,GLOBE_VALVE,300.0,300,ASTM A105,RF,BS 1873
BPCL-SAP-0001933,BPCL,FLG-SO-DN200-CL150-A105-RF,CAN-000911,DEPOT-BPCL-NML,"Numaligarh Depot Base, Assam",0,23880,0,FLANGE_SLIP_ON,200.0,150,ASTM A105,RF,ASME B16.5
BPCL-SAP-0001934,BPCL,VLV-GT-DN100-PN20-SS316-BW,CAN-001312,DEPOT-BPCL-BIN,"Bina Refinery, Madhya Pradesh",24,349220,110,GATE_VALVE,100.0,150,ASTM A182 F316,BW,API 6D
BPCL-SAP-0001935,BPCL,VLV-BL-DN15-PN20-SS316-RF,CAN-001603,DEPOT-BPCL-NML,"Numaligarh Depot Base, Assam",7,36230,30,BALL_VALVE,15.0,150,ASTM A182 F316,RF,API 6D
BPCL-SAP-0001936,BPCL,FLG-SO-DN50-PN150-SS316-RF,CAN-000813,DEPOT-BPCL-KCH,"Kochi Refinery, Kerala",41,52860,710,FLANGE_SLIP_ON,50.0,900,ASTM A182 F316,RF,ASME B16.5
BPCL-SAP-0001937,BPCL,FLG-WN-DN80-PN150-SS304-RTJ,CAN-000190,DEPOT-BPCL-KCH,"Kochi Refinery, Kerala",87,100420,717,FLANGE_WELD_NECK,80.0,900,ASTM A182 F304,RTJ,ASME B16.5
BPCL-SAP-0001938,BPCL,VLV-GT-DN250-CL150-WCB-RF,CAN-001481,DEPOT-BPCL-NML,"Numaligarh Depot Base, Assam",104,359140,182,GATE_VALVE,250.0,150,ASTM A216 WCB,RF,API 600
BPCL-SAP-0001939,BPCL,VLV-GT-DN80-PN50-SS316-RF,CAN-001262,DEPOT-BPCL-KCH,"Kochi Refinery, Kerala",21,454920,93,GATE_VALVE,80.0,300,ASTM A182 F316,RF,API 6D
BPCL-SAP-0001940,BPCL,VLV-GL-DN200-PN20-A105-RF,CAN-001944,DEPOT-BPCL-NML,"Numaligarh Depot Base, Assam",0,358280,0,GLOBE_VALVE,200.0,150,ASTM A105,RF,ASME B16.34
BPCL-SAP-0001941,BPCL,VLV-GL-DN25-PN250-WCB-RF,CAN-001838,DEPOT-BPCL-KCH,"Kochi Refinery, Kerala",0,151420,0,GLOBE_VALVE,25.0,1500,ASTM A216 WCB,RF,ASME B16.34
BPCL-SAP-0001942,BPCL,GSKT-SW-DN100-PN20-SS316-GR-RF,CAN-002051,DEPOT-BPCL-BIN,"Bina Refinery, Madhya Pradesh",33,12610,73,SPIRAL_WOUND_GASKET,100.0,150,SS316 / GRAPHITE,RF,ASME B16.20
BPCL-SAP-0001943,BPCL,VLV-BL-DN300-PN250-SS316-BW,CAN-001800,DEPOT-BPCL-KCH,"Kochi Refinery, Kerala",0,11233320,0,BALL_VALVE,300.0,1500,ASTM A182 F316,BW,API 6D
BPCL-SAP-0001944,BPCL,VLV-GT-DN50-CL900-SS316-BW,CAN-001227,DEPOT-BPCL-NML,"Numaligarh Depot Base, Assam",0,594670,0,GATE_VALVE,50.0,900,ASTM A182 F316,BW,API 600
BPCL-SAP-0001945,BPCL,FLG-BLD-DN100-CL300-A350LF2-RTJ,CAN-000560,DEPOT-BPCL-KCH,"Kochi Refinery, Kerala",0,30400,0,FLANGE_BLIND,100.0,300,ASTM A350 LF2,RTJ,ASME B16.5
BPCL-SAP-0001946,BPCL,VLV-GT-DN25-CL1500-A105-RF,CAN-001114,DEPOT-BPCL-NML,"Numaligarh Depot Base, Assam",34,113570,45,GATE_VALVE,25.0,1500,ASTM A105,RF,API 6D
BPCL-SAP-0001947,BPCL,VLV-GL-DN25-CL150-A105-RF,CAN-001823,DEPOT-BPCL-KCH,"Kochi Refinery, Kerala",0,24000,0,GLOBE_VALVE,25.0,150,ASTM A105,RF,BS 1873
BPCL-SAP-0001948,BPCL,FLG-WN-DN200-PN100-A105-RTJ,CAN-000298,DEPOT-BPCL-MUM,"Mumbai Refinery, Mahul, Maharashtra",17,99560,88,FLANGE_WELD_NECK,200.0,600,ASTM A105,RTJ,ASME B16.5
BPCL-SAP-0001949,BPCL,VLV-GT-DN100-CL600-WCB-BW,CAN-001327,DEPOT-BPCL-BIN,"Bina Refinery, Madhya Pradesh",19,330820,14,GATE_VALVE,100.0,600,ASTM A216 WCB,BW,API 600
BPCL-SAP-0001950,BPCL,VLV-BL-DN300-PN20-SS316-BW,CAN-001784,DEPOT-BPCL-NML,"Numaligarh Depot Base, Assam",33,1780360,106,BALL_VALVE,300.0,150,ASTM A182 F316,BW,API 6D
BPCL-SAP-0001951,BPCL,VLV-BL-DN250-PN250-WCB-BW,CAN-001778,DEPOT-BPCL-KCH,"Kochi Refinery, Kerala",7,2769630,90,BALL_VALVE,250.0,1500,ASTM A216 WCB,BW,API 6D
BPCL-SAP-0001952,BPCL,FLG-SO-DN300-CL300-A105-FF,CAN-000978,DEPOT-BPCL-NML,"Numaligarh Depot Base, Assam",99,70440,251,FLANGE_SLIP_ON,300.0,300,ASTM A105,FF,ASME B16.5
BPCL-SAP-0001953,BPCL,VLV-GT-DN100-PN20-A105-BW,CAN-001308,DEPOT-BPCL-MUM,"Mumbai Refinery, Mahul, Maharashtra",50,109130,73,GATE_VALVE,100.0,150,ASTM A105,BW,API 6D
BPCL-SAP-0001954,BPCL,GSKT-SW-DN80-CL900-SS304-GR-RF,CAN-002048,DEPOT-BPCL-NML,"Numaligarh Depot Base, Assam",43,29670,51,SPIRAL_WOUND_GASKET,80.0,900,SS304 / GRAPHITE,RF,ASME B16.20
BPCL-SAP-0001955,BPCL,VLV-BL-DN15-PN250-SS316-BW,CAN-001620,DEPOT-BPCL-BIN,"Bina Refinery, Madhya Pradesh",21,228640,103,BALL_VALVE,15.0,1500,ASTM A182 F316,BW,API 6D
BPCL-SAP-0001956,BPCL,FLG-BLD-DN300-CL600-SS316-RTJ,CAN-000688,DEPOT-BPCL-NML,"Numaligarh Depot Base, Assam",34,441570,101,FLANGE_BLIND,300.0,600,ASTM A182 F316,RTJ,ASME B16.5
BPCL-SAP-0001957,BPCL,FLG-WN-DN300-PN100-SS304-RTJ,CAN-000382,DEPOT-BPCL-KCH,"Kochi Refinery, Kerala",45,404770,67,FLANGE_WELD_NECK,300.0,600,ASTM A182 F304,RTJ,ASME B16.5
BPCL-SAP-0001958,BPCL,VLV-GT-DN15-CL900-SS316-RF,CAN-001046,DEPOT-BPCL-KCH,"Kochi Refinery, Kerala",34,124310,74,GATE_VALVE,15.0,900,ASTM A182 F316,RF,API 6D
BPCL-SAP-0001959,BPCL,FLG-SO-DN200-PN50-A105-FF,CAN-000918,DEPOT-BPCL-KCH,"Kochi Refinery, Kerala",16,41580,76,FLANGE_SLIP_ON,200.0,300,ASTM A105,FF,ASME B16.5
BPCL-SAP-0001960,BPCL,VLV-GT-DN300-PN20-SS316-BW,CAN-001552,DEPOT-BPCL-NML,"Numaligarh Depot Base, Assam",57,1456650,357,GATE_VALVE,300.0,150,ASTM A182 F316,BW,API 6D
BPCL-SAP-0001961,BPCL,VLV-GT-DN25-PN20-SS316-RF,CAN-001069,DEPOT-BPCL-NML,"Numaligarh Depot Base, Assam",25,57600,42,GATE_VALVE,25.0,150,ASTM A182 F316,RF,API 600
BPCL-SAP-0001962,BPCL,VLV-GT-DN200-PN100-A105-BW,CAN-001452,DEPOT-BPCL-BIN,"Bina Refinery, Madhya Pradesh",0,814580,0,GATE_VALVE,200.0,600,ASTM A105,BW,API 6D
BPCL-SAP-0001963,BPCL,FLG-WN-DN150-PN150-A350LF2-RF,CAN-000267,DEPOT-BPCL-BIN,"Bina Refinery, Madhya Pradesh",98,151580,530,FLANGE_WELD_NECK,150.0,900,ASTM A350 LF2,RF,ASME B16.5
BPCL-SAP-0001964,BPCL,FLG-SO-DN250-PN150-SS304-RF,CAN-000961,DEPOT-BPCL-MUM,"Mumbai Refinery, Mahul, Maharashtra",0,321250,0,FLANGE_SLIP_ON,250.0,900,ASTM A182 F304,RF,ASME B16.5
BPCL-SAP-0001965,BPCL,VLV-GL-DN40-PN250-A105-RF,CAN-001859,DEPOT-BPCL-MUM,"Mumbai Refinery, Mahul, Maharashtra",0,278970,0,GLOBE_VALVE,40.0,1500,ASTM A105,RF,BS 1873
BPCL-SAP-0001966,BPCL,VLV-GL-DN250-CL300-WCB-RF,CAN-001966,DEPOT-BPCL-BIN,"Bina Refinery, Madhya Pradesh",0,833740,0,GLOBE_VALVE,250.0,300,ASTM A216 WCB,RF,ASME B16.34
BPCL-SAP-0001967,BPCL,FLG-WN-DN15-PN20-SS316-RTJ,CAN-000008,DEPOT-BPCL-BIN,"Bina Refinery, Madhya Pradesh",17,3620,80,FLANGE_WELD_NECK,15.0,150,ASTM A182 F316,RTJ,ASME B16.5
BPCL-SAP-0001968,BPCL,FLG-WN-DN300-PN50-SS316-RF,CAN-000375,DEPOT-BPCL-KCH,"Kochi Refinery, Kerala",75,309970,319,FLANGE_WELD_NECK,300.0,300,ASTM A182 F316,RF,ASME B16.5
BPCL-SAP-0001969,BPCL,VLV-GT-DN250-PN150-SS316-BW,CAN-001527,DEPOT-BPCL-BIN,"Bina Refinery, Madhya Pradesh",105,4818850,430,GATE_VALVE,250.0,900,ASTM A182 F316,BW,API 600
BPCL-SAP-0001970,BPCL,FLG-BLD-DN15-CL900-A105-RF,CAN-000419,DEPOT-BPCL-NML,"Numaligarh Depot Base, Assam",15,3880,26,FLANGE_BLIND,15.0,900,ASTM A105,RF,ASME B16.5
BPCL-SAP-0001971,BPCL,FLG-BLD-DN15-PN150-A350LF2-RF,CAN-000421,DEPOT-BPCL-NML,"Numaligarh Depot Base, Assam",143,6210,557,FLANGE_BLIND,15.0,900,ASTM A350 LF2,RF,ASME B16.5
BPCL-SAP-0001972,BPCL,FLG-WN-DN250-CL600-SS304-RF,CAN-000341,DEPOT-BPCL-KCH,"Kochi Refinery, Kerala",19,319360,117,FLANGE_WELD_NECK,250.0,600,ASTM A182 F304,RF,ASME B16.5
BPCL-SAP-0001973,BPCL,FLG-SO-DN40-PN100-SS316-FF,CAN-000778,DEPOT-BPCL-MUM,"Mumbai Refinery, Mahul, Maharashtra",0,28590,0,FLANGE_SLIP_ON,40.0,600,ASTM A182 F316,FF,ASME B16.5
BPCL-SAP-0001974,BPCL,FLG-SO-DN80-CL1500-SS304-FF,CAN-000848,DEPOT-BPCL-NML,"Numaligarh Depot Base, Assam",9,109900,111,FLANGE_SLIP_ON,80.0,1500,ASTM A182 F304,FF,ASME B16.5
BPCL-SAP-0001975,BPCL,VLV-GT-DN50-PN150-SS316-RF,CAN-001226,DEPOT-BPCL-BIN,"Bina Refinery, Madhya Pradesh",35,594670,11,GATE_VALVE,50.0,900,ASTM A182 F316,RF,API 6D
BPCL-SAP-0001976,BPCL,FLG-WN-DN200-CL1500-A350LF2-RTJ,CAN-000316,DEPOT-BPCL-BIN,"Bina Refinery, Madhya Pradesh",49,331550,260,FLANGE_WELD_NECK,200.0,1500,ASTM A350 LF2,RTJ,ASME B16.5
BPCL-SAP-0001977,BPCL,GSKT-SW-DN200-CL1500-SS316-GR-RF,CAN-002079,DEPOT-BPCL-MUM,"Mumbai Refinery, Mahul, Maharashtra",14,195920,37,SPIRAL_WOUND_GASKET,200.0,1500,SS316 / GRAPHITE,RF,ASME B16.20
BPCL-SAP-0001978,BPCL,VLV-GT-DN300-CL900-A105-BW,CAN-001584,DEPOT-BPCL-KCH,"Kochi Refinery, Kerala",15,1908660,80,GATE_VALVE,300.0,900,ASTM A105,BW,API 6D
BPCL-SAP-0001979,BPCL,VLV-GL-DN25-CL600-WCB-RF,CAN-001829,DEPOT-BPCL-BIN,"Bina Refinery, Madhya Pradesh",30,72750,53,GLOBE_VALVE,25.0,600,ASTM A216 WCB,RF,BS 1873
BPCL-SAP-0001980,BPCL,FLG-BLD-DN25-CL1500-A350LF2-RTJ,CAN-000458,DEPOT-BPCL-MUM,"Mumbai Refinery, Mahul, Maharashtra",43,18170,67,FLANGE_BLIND,25.0,1500,ASTM A350 LF2,RTJ,ASME B16.5
BPCL-SAP-0001981,BPCL,FLG-BLD-DN100-PN100-A105-RF,CAN-000563,DEPOT-BPCL-BIN,"Bina Refinery, Madhya Pradesh",0,33080,0,FLANGE_BLIND,100.0,600,ASTM A105,RF,ASME B16.5
BPCL-SAP-0001982,BPCL,FLG-WN-DN150-PN150-SS316-RF,CAN-000271,DEPOT-BPCL-KCH,"Kochi Refinery, Kerala",0,303170,0,FLANGE_WELD_NECK,150.0,900,ASTM A182 F316,RF,ASME B16.5
BPCL-SAP-0001983,BPCL,VLV-GT-DN250-PN100-SS316-RF,CAN-001514,DEPOT-BPCL-MUM,"Mumbai Refinery, Mahul, Maharashtra",0,3483930,0,GATE_VALVE,250.0,600,ASTM A182 F316,RF,API 6D
BPCL-SAP-0001984,BPCL,FLG-SO-DN25-PN250-SS316-RF,CAN-000759,DEPOT-BPCL-MUM,"Mumbai Refinery, Mahul, Maharashtra",0,32300,0,FLANGE_SLIP_ON,25.0,1500,ASTM A182 F316,RF,ASME B16.5
BPCL-SAP-0001985,BPCL,VLV-GL-DN40-PN150-WCB-RF,CAN-001854,DEPOT-BPCL-BIN,"Bina Refinery, Madhya Pradesh",5,185390,14,GLOBE_VALVE,40.0,900,ASTM A216 WCB,RF,ASME B16.34
BPCL-SAP-0001986,BPCL,VLV-GT-DN80-CL600-WCB-BW,CAN-001267,DEPOT-BPCL-NML,"Numaligarh Depot Base, Assam",0,247520,0,GATE_VALVE,80.0,600,ASTM A216 WCB,BW,API 600
BPCL-SAP-0001987,BPCL,FLG-SO-DN40-PN100-A105-FF,CAN-000774,DEPOT-BPCL-NML,"Numaligarh Depot Base, Assam",41,8930,47,FLANGE_SLIP_ON,40.0,600,ASTM A105,FF,ASME B16.5
BPCL-SAP-0001988,BPCL,GSKT-SW-DN80-CL600-SS304-GR-RF,CAN-002046,DEPOT-BPCL-NML,"Numaligarh Depot Base, Assam",40,21450,11,SPIRAL_WOUND_GASKET,80.0,600,SS304 / GRAPHITE,RF,ASME B16.20
BPCL-SAP-0001989,BPCL,VLV-GL-DN100-PN150-A105-RF,CAN-001916,DEPOT-BPCL-KCH,"Kochi Refinery, Kerala",17,610110,31,GLOBE_VALVE,100.0,900,ASTM A105,RF,ASME B16.34
BPCL-SAP-0001990,BPCL,VLV-GT-DN150-PN50-SS316-BW,CAN-001383,DEPOT-BPCL-NML,"Numaligarh Depot Base, Assam",19,1030010,98,GATE_VALVE,150.0,300,ASTM A182 F316,BW,API 600
BPCL-SAP-0001991,BPCL,VLV-BL-DN100-PN20-WCB-RF,CAN-001701,DEPOT-BPCL-MUM,"Mumbai Refinery, Mahul, Maharashtra",10,133380,105,BALL_VALVE,100.0,150,ASTM A216 WCB,RF,API 6D
BPCL-SAP-0001992,BPCL,VLV-GL-DN100-CL300-WCB-RF,CAN-001906,DEPOT-BPCL-BIN,"Bina Refinery, Madhya Pradesh",0,253340,0,GLOBE_VALVE,100.0,300,ASTM A216 WCB,RF,ASME B16.34
BPCL-SAP-0001993,BPCL,FLG-SO-DN25-PN100-SS316-RF,CAN-000747,DEPOT-BPCL-NML,"Numaligarh Depot Base, Assam",90,15520,291,FLANGE_SLIP_ON,25.0,600,ASTM A182 F316,RF,ASME B16.5
BPCL-SAP-0001994,BPCL,FLG-SO-DN50-CL900-A105-FF,CAN-000810,DEPOT-BPCL-KCH,"Kochi Refinery, Kerala",23,16510,27,FLANGE_SLIP_ON,50.0,900,ASTM A105,FF,ASME B16.5
BPCL-SAP-0001995,BPCL,VLV-GL-DN300-PN50-WCB-RF,CAN-001986,DEPOT-BPCL-MUM,"Mumbai Refinery, Mahul, Maharashtra",85,1056740,570,GLOBE_VALVE,300.0,300,ASTM A216 WCB,RF,ASME B16.34
BPCL-SAP-0001996,BPCL,VLV-GT-DN25-PN150-SS316-BW,CAN-001108,DEPOT-BPCL-BIN,"Bina Refinery, Madhya Pradesh",149,241510,386,GATE_VALVE,25.0,900,ASTM A182 F316,BW,API 6D
BPCL-SAP-0001997,BPCL,FLG-WN-DN50-PN50-SS316-RTJ,CAN-000136,DEPOT-BPCL-MUM,"Mumbai Refinery, Mahul, Maharashtra",24,30180,100,FLANGE_WELD_NECK,50.0,300,ASTM A182 F316,RTJ,ASME B16.5
BPCL-SAP-0001998,BPCL,VLV-GL-DN300-PN100-A105-RF,CAN-001991,DEPOT-BPCL-BIN,"Bina Refinery, Madhya Pradesh",33,1839900,544,GLOBE_VALVE,300.0,600,ASTM A105,RF,BS 1873
BPCL-SAP-0001999,BPCL,VLV-GT-DN200-PN20-WCB-BW,CAN-001424,DEPOT-BPCL-NML,"Numaligarh Depot Base, Assam",40,268710,111,GATE_VALVE,200.0,150,ASTM A216 WCB,BW,API 6D
BPCL-SAP-0002000,BPCL,VLV-GT-DN40-PN150-WCB-RF,CAN-001157,DEPOT-BPCL-NML,"Numaligarh Depot Base, Assam",54,139040,700,GATE_VALVE,40.0,900,ASTM A216 WCB,RF,API 600
BPCL-SAP-0002001,BPCL,FLG-WN-DN300-PN100-A350LF2-RF,CAN-000379,DEPOT-BPCL-NML,"Numaligarh Depot Base, Assam",61,269850,492,FLANGE_WELD_NECK,300.0,600,ASTM A350 LF2,RF,ASME B16.5
BPCL-SAP-0002002,BPCL,FLG-WN-DN15-CL900-SS304-RTJ,CAN-000030,DEPOT-BPCL-NML,"Numaligarh Depot Base, Assam",65,11390,371,FLANGE_WELD_NECK,15.0,900,ASTM A182 F304,RTJ,ASME B16.5
BPCL-SAP-0002003,BPCL,FLG-WN-DN250-PN100-SS316-RTJ,CAN-000344,DEPOT-BPCL-BIN,"Bina Refinery, Madhya Pradesh",49,425810,47,FLANGE_WELD_NECK,250.0,600,ASTM A182 F316,RTJ,ASME B16.5
BPCL-SAP-0002004,BPCL,FLG-WN-DN50-CL1500-SS316-RF,CAN-000159,DEPOT-BPCL-BIN,"Bina Refinery, Madhya Pradesh",0,109370,0,FLANGE_WELD_NECK,50.0,1500,ASTM A182 F316,RF,ASME B16.5
BPCL-SAP-0002005,BPCL,FLG-SO-DN100-CL300-SS316-RF,CAN-000861,DEPOT-BPCL-MUM,"Mumbai Refinery, Mahul, Maharashtra",42,54040,88,FLANGE_SLIP_ON,100.0,300,ASTM A182 F316,RF,ASME B16.5
BPCL-SAP-0002006,BPCL,FLG-BLD-DN25-CL900-SS316-RF,CAN-000453,DEPOT-BPCL-MUM,"Mumbai Refinery, Mahul, Maharashtra",141,24150,636,FLANGE_BLIND,25.0,900,ASTM A182 F316,RF,ASME B16.5
BPCL-SAP-0002007,BPCL,FLG-WN-DN25-PN150-SS316-RTJ,CAN-000072,DEPOT-BPCL-BIN,"Bina Refinery, Madhya Pradesh",41,29510,104,FLANGE_WELD_NECK,25.0,900,ASTM A182 F316,RTJ,ASME B16.5
BPCL-SAP-0002008,BPCL,VLV-GT-DN200-PN150-A105-RF,CAN-001461,DEPOT-BPCL-MUM,"Mumbai Refinery, Mahul, Maharashtra",132,1126700,739,GATE_VALVE,200.0,900,ASTM A105,RF,API 600
BPCL-SAP-0002009,BPCL,VLV-GT-DN200-CL600-WCB-RF,CAN-001445,DEPOT-BPCL-KCH,"Kochi Refinery, Kerala",130,814580,360,GATE_VALVE,200.0,600,ASTM A216 WCB,RF,API 600
BPCL-SAP-0002010,BPCL,FLG-BLD-DN40-PN50-A105-RF,CAN-000467,DEPOT-BPCL-KCH,"Kochi Refinery, Kerala",0,5770,0,FLANGE_BLIND,40.0,300,ASTM A105,RF,ASME B16.5
BPCL-SAP-0002011,BPCL,VLV-GT-DN40-CL900-SS316-RF,CAN-001165,DEPOT-BPCL-KCH,"Kochi Refinery, Kerala",22,444930,213,GATE_VALVE,40.0,900,ASTM A182 F316,RF,API 600
BPCL-SAP-0002012,BPCL,FLG-WN-DN100-PN150-SS316-RTJ,CAN-000232,DEPOT-BPCL-KCH,"Kochi Refinery, Kerala",27,178960,35,FLANGE_WELD_NECK,100.0,900,ASTM A182 F316,RTJ,ASME B16.5
BPCL-SAP-0002013,BPCL,VLV-BL-DN150-PN20-SS316-RF,CAN-001723,DEPOT-BPCL-KCH,"Kochi Refinery, Kerala",114,723050,589,BALL_VALVE,150.0,150,ASTM A182 F316,RF,API 6D
BPCL-SAP-0002014,BPCL,FLG-WN-DN250-PN50-SS304-RTJ,CAN-000334,DEPOT-BPCL-NML,"Numaligarh Depot Base, Assam",144,183420,403,FLANGE_WELD_NECK,250.0,300,ASTM A182 F304,RTJ,ASME B16.5
BPCL-SAP-0002015,BPCL,VLV-GT-DN15-CL600-SS316-RF,CAN-001034,DEPOT-BPCL-BIN,"Bina Refinery, Madhya Pradesh",0,89880,0,GATE_VALVE,15.0,600,ASTM A182 F316,RF,API 6D
BPCL-SAP-0002016,BPCL,FLG-SO-DN300-CL900-SS316-RF,CAN-000993,DEPOT-BPCL-NML,"Numaligarh Depot Base, Assam",51,542900,406,FLANGE_SLIP_ON,300.0,900,ASTM A182 F316,RF,ASME B16.5
BPCL-SAP-0002017,BPCL,FLG-BLD-DN80-PN100-SS316-RF,CAN-000537,DEPOT-BPCL-MUM,"Mumbai Refinery, Mahul, Maharashtra",0,79200,0,FLANGE_BLIND,80.0,600,ASTM A182 F316,RF,ASME B16.5
BPCL-SAP-0002018,BPCL,VLV-GL-DN150-CL900-WCB-RF,CAN-001933,DEPOT-BPCL-NML,"Numaligarh Depot Base, Assam",0,1033540,0,GLOBE_VALVE,150.0,900,ASTM A216 WCB,RF,BS 1873
BPCL-SAP-0002019,BPCL,FLG-WN-DN150-CL1500-A350LF2-RTJ,CAN-000276,DEPOT-BPCL-KCH,"Kochi Refinery, Kerala",23,228100,116,FLANGE_WELD_NECK,150.0,1500,ASTM A350 LF2,RTJ,ASME B16.5
BPCL-SAP-0002020,BPCL,FLG-SO-DN300-PN100-A105-FF,CAN-000984,DEPOT-BPCL-KCH,"Kochi Refinery, Kerala",0,122660,0,FLANGE_SLIP_ON,300.0,600,ASTM A105,FF,ASME B16.5
BPCL-SAP-0002021,BPCL,VLV-GT-DN300-CL900-SS316-BW,CAN-001587,DEPOT-BPCL-NML,"Numaligarh Depot Base, Assam",24,6107710,38,GATE_VALVE,300.0,900,ASTM A182 F316,BW,API 600
BPCL-SAP-0002022,BPCL,FLG-SO-DN250-PN250-A105-FF,CAN-000966,DEPOT-BPCL-NML,"Numaligarh Depot Base, Assam",0,201420,0,FLANGE_SLIP_ON,250.0,1500,ASTM A105,FF,ASME B16.5
BPCL-SAP-0002023,BPCL,FLG-SO-DN250-PN100-SS304-FF,CAN-000956,DEPOT-BPCL-KCH,"Kochi Refinery, Kerala",48,232260,87,FLANGE_SLIP_ON,250.0,600,ASTM A182 F304,FF,ASME B16.5
BPCL-SAP-0002024,BPCL,VLV-GT-DN100-CL1500-WCB-BW,CAN-001352,DEPOT-BPCL-MUM,"Mumbai Refinery, Mahul, Maharashtra",109,688570,465,GATE_VALVE,100.0,1500,ASTM A216 WCB,BW,API 6D
BPCL-SAP-0002025,BPCL,GSKT-SW-DN15-PN100-SS304-GR-RF,CAN-002006,DEPOT-BPCL-KCH,"Kochi Refinery, Kerala",15,2430,102,SPIRAL_WOUND_GASKET,15.0,600,SS304 / GRAPHITE,RF,ASME B16.20
BPCL-SAP-0002026,BPCL,VLV-BL-DN200-PN50-WCB-BW,CAN-001746,DEPOT-BPCL-KCH,"Kochi Refinery, Kerala",22,571820,35,BALL_VALVE,200.0,300,ASTM A216 WCB,BW,API 6D
BPCL-SAP-0002027,BPCL,VLV-GL-DN80-PN100-A105-RF,CAN-001892,DEPOT-BPCL-KCH,"Kochi Refinery, Kerala",130,330030,264,GLOBE_VALVE,80.0,600,ASTM A105,RF,ASME B16.34
BPCL-SAP-0002028,BPCL,VLV-GT-DN80-PN150-WCB-RF,CAN-001278,DEPOT-BPCL-MUM,"Mumbai Refinery, Mahul, Maharashtra",44,342360,28,GATE_VALVE,80.0,900,ASTM A216 WCB,RF,API 6D
BPCL-SAP-0002029,BPCL,VLV-GL-DN40-PN250-WCB-RF,CAN-001858,DEPOT-BPCL-NML,"Numaligarh Depot Base, Assam",47,278970,102,GLOBE_VALVE,40.0,1500,ASTM A216 WCB,RF,ASME B16.34
BPCL-SAP-0002030,BPCL,VLV-BL-DN50-PN250-WCB-BW,CAN-001678,DEPOT-BPCL-BIN,"Bina Refinery, Madhya Pradesh",0,341790,0,BALL_VALVE,50.0,1500,ASTM A216 WCB,BW,API 6D
BPCL-SAP-0002031,BPCL,VLV-GT-DN50-PN20-WCB-BW,CAN-001183,DEPOT-BPCL-NML,"Numaligarh Depot Base, Assam",25,44320,38,GATE_VALVE,50.0,150,ASTM A216 WCB,BW,API 600
BPCL-SAP-0002032,BPCL,FLG-SO-DN300-CL300-SS316-FF,CAN-000982,DEPOT-BPCL-NML,"Numaligarh Depot Base, Assam",32,225430,630,FLANGE_SLIP_ON,300.0,300,ASTM A182 F316,FF,ASME B16.5
BPCL-SAP-0002033,BPCL,VLV-GT-DN300-PN50-WCB-BW,CAN-001555,DEPOT-BPCL-BIN,"Bina Refinery, Madhya Pradesh",0,792550,0,GATE_VALVE,300.0,300,ASTM A216 WCB,BW,API 600
BPCL-SAP-0002034,BPCL,VLV-BL-DN40-CL900-SS316-BW,CAN-001656,DEPOT-BPCL-MUM,"Mumbai Refinery, Mahul, Maharashtra",46,543810,26,BALL_VALVE,40.0,900,ASTM A182 F316,BW,API 6D
BPCL-SAP-0002035,BPCL,VLV-GT-DN80-PN150-A105-BW,CAN-001284,DEPOT-BPCL-BIN,"Bina Refinery, Madhya Pradesh",121,342360,710,GATE_VALVE,80.0,900,ASTM A105,BW,API 6D
BPCL-SAP-0002036,BPCL,FLG-WN-DN250-CL300-SS304-RF,CAN-000333,DEPOT-BPCL-BIN,"Bina Refinery, Madhya Pradesh",31,183420,46,FLANGE_WELD_NECK,250.0,300,ASTM A182 F304,RF,ASME B16.5
BPCL-SAP-0002037,BPCL,VLV-GT-DN80-PN100-WCB-RF,CAN-001266,DEPOT-BPCL-KCH,"Kochi Refinery, Kerala",0,247520,0,GATE_VALVE,80.0,600,ASTM A216 WCB,RF,API 6D
BPCL-SAP-0002038,BPCL,FLG-BLD-DN150-PN50-SS316-RF,CAN-000591,DEPOT-BPCL-MUM,"Mumbai Refinery, Mahul, Maharashtra",0,103000,0,FLANGE_BLIND,150.0,300,ASTM A182 F316,RF,ASME B16.5
BPCL-SAP-0002039,BPCL,VLV-GT-DN100-CL900-A105-BW,CAN-001344,DEPOT-BPCL-BIN,"Bina Refinery, Madhya Pradesh",6,457580,31,GATE_VALVE,100.0,900,ASTM A105,BW,API 6D
BPCL-SAP-0002040,BPCL,VLV-BL-DN150-CL900-WCB-RF,CAN-001733,DEPOT-BPCL-KCH,"Kochi Refinery, Kerala",0,947410,0,BALL_VALVE,150.0,900,ASTM A216 WCB,RF,API 6D
BPCL-SAP-0002041,BPCL,FLG-BLD-DN25-CL600-A105-RF,CAN-000443,DEPOT-BPCL-MUM,"Mumbai Refinery, Mahul, Maharashtra",124,5450,435,FLANGE_BLIND,25.0,600,ASTM A105,RF,ASME B16.5
BPCL-SAP-0002042,BPCL,VLV-GT-DN25-CL300-WCB-BW,CAN-001076,DEPOT-BPCL-BIN,"Bina Refinery, Madhya Pradesh",103,31330,355,GATE_VALVE,25.0,300,ASTM A216 WCB,BW,API 6D
BPCL-SAP-0002043,BPCL,VLV-GT-DN150-CL900-A105-RF,CAN-001402,DEPOT-BPCL-MUM,"Mumbai Refinery, Mahul, Maharashtra",27,775150,61,GATE_VALVE,150.0,900,ASTM A105,RF,API 6D
BPCL-SAP-0002044,BPCL,VLV-GT-DN25-CL600-A105-RF,CAN-001089,DEPOT-BPCL-MUM,"Mumbai Refinery, Mahul, Maharashtra",81,54560,707,GATE_VALVE,25.0,600,ASTM A105,RF,API 600
BPCL-SAP-0002045,BPCL,BLT-STUD-DN200-PN100-B7-2H-THRD,CAN-002175,DEPOT-BPCL-MUM,"Mumbai Refinery, Mahul, Maharashtra",23,15830,75,STUD_BOLT,200.0,600,ASTM A193 B7 / A194 2H,THRD,ASME B18.2.1
BPCL-SAP-0002046,BPCL,VLV-GL-DN25-CL300-WCB-RF,CAN-001825,DEPOT-BPCL-BIN,"Bina Refinery, Madhya Pradesh",98,41780,383,GLOBE_VALVE,25.0,300,ASTM A216 WCB,RF,BS 1873
BPCL-SAP-0002047,BPCL,VLV-BL-DN40-CL600-SS316-RF,CAN-001651,DEPOT-BPCL-NML,"Numaligarh Depot Base, Assam",26,393160,114,BALL_VALVE,40.0,600,ASTM A182 F316,RF,API 6D
BPCL-SAP-0002048,BPCL,FLG-SO-DN150-PN50-A105-FF,CAN-000888,DEPOT-BPCL-NML,"Numaligarh Depot Base, Assam",140,28610,477,FLANGE_SLIP_ON,150.0,300,ASTM A105,FF,ASME B16.5
BPCL-SAP-0002049,BPCL,VLV-GT-DN25-CL1500-WCB-BW,CAN-001111,DEPOT-BPCL-BIN,"Bina Refinery, Madhya Pradesh",108,113570,282,GATE_VALVE,25.0,1500,ASTM A216 WCB,BW,API 600
BPCL-SAP-0002050,BPCL,VLV-GT-DN300-PN50-SS316-RF,CAN-001561,DEPOT-BPCL-MUM,"Mumbai Refinery, Mahul, Maharashtra",17,2536190,106,GATE_VALVE,300.0,300,ASTM A182 F316,RF,API 600
BPCL-SAP-0002051,BPCL,VLV-GT-DN100-CL600-WCB-BW,CAN-001328,DEPOT-BPCL-BIN,"Bina Refinery, Madhya Pradesh",0,330820,0,GATE_VALVE,100.0,600,ASTM A216 WCB,BW,API 6D
BPCL-SAP-0002052,BPCL,VLV-GL-DN150-PN100-WCB-RF,CAN-001929,DEPOT-BPCL-KCH,"Kochi Refinery, Kerala",70,747230,220,GLOBE_VALVE,150.0,600,ASTM A216 WCB,RF,BS 1873
BPCL-SAP-0002053,BPCL,GSKT-SW-DN15-CL150-SS304-GR-RF,CAN-002002,DEPOT-BPCL-BIN,"Bina Refinery, Madhya Pradesh",37,800,114,SPIRAL_WOUND_GASKET,15.0,150,SS304 / GRAPHITE,RF,ASME B16.20
BPCL-SAP-0002054,BPCL,FLG-SO-DN15-CL1500-SS304-RF,CAN-000727,DEPOT-BPCL-MUM,"Mumbai Refinery, Mahul, Maharashtra",8,12470,33,FLANGE_SLIP_ON,15.0,1500,ASTM A182 F304,RF,ASME B16.5
BPCL-SAP-0002055,BPCL,FLG-SO-DN150-PN50-SS304-FF,CAN-000890,DEPOT-BPCL-BIN,"Bina Refinery, Madhya Pradesh",0,68660,0,FLANGE_SLIP_ON,150.0,300,ASTM A182 F304,FF,ASME B16.5
BPCL-SAP-0002056,BPCL,FLG-SO-DN200-PN150-A105-FF,CAN-000930,DEPOT-BPCL-NML,"Numaligarh Depot Base, Assam",7,100150,59,FLANGE_SLIP_ON,200.0,900,ASTM A105,FF,ASME B16.5
BPCL-SAP-0002057,BPCL,FLG-SO-DN250-PN250-SS304-RF,CAN-000967,DEPOT-BPCL-BIN,"Bina Refinery, Madhya Pradesh",0,483420,0,FLANGE_SLIP_ON,250.0,1500,ASTM A182 F304,RF,ASME B16.5
BPCL-SAP-0002058,BPCL,VLV-GT-DN25-PN150-A105-BW,CAN-001104,DEPOT-BPCL-KCH,"Kochi Refinery, Kerala",8,75470,63,GATE_VALVE,25.0,900,ASTM A105,BW,API 6D
BPCL-SAP-0002059,BPCL,VLV-BL-DN50-PN250-SS316-BW,CAN-001680,DEPOT-BPCL-NML,"Numaligarh Depot Base, Assam",18,1093730,27,BALL_VALVE,50.0,1500,ASTM A182 F316,BW,API 6D
BPCL-SAP-0002060,BPCL,FLG-WN-DN25-CL900-SS304-RTJ,CAN-000070,DEPOT-BPCL-BIN,"Bina Refinery, Madhya Pradesh",11,22130,93,FLANGE_WELD_NECK,25.0,900,ASTM A182 F304,RTJ,ASME B16.5
BPCL-SAP-0002061,BPCL,FLG-WN-DN80-PN20-SS316-RF,CAN-000167,DEPOT-BPCL-MUM,"Mumbai Refinery, Mahul, Maharashtra",0,31930,0,FLANGE_WELD_NECK,80.0,150,ASTM A182 F316,RF,ASME B16.5
BPCL-SAP-0002062,BPCL,FLG-WN-DN150-CL900-SS316-RTJ,CAN-000272,DEPOT-BPCL-BIN,"Bina Refinery, Madhya Pradesh",0,303170,0,FLANGE_WELD_NECK,150.0,900,ASTM A182 F316,RTJ,ASME B16.5
BPCL-SAP-0002063,BPCL,VLV-GT-DN300-PN100-A105-RF,CAN-001569,DEPOT-BPCL-BIN,"Bina Refinery, Madhya Pradesh",18,1379920,50,GATE_VALVE,300.0,600,ASTM A105,RF,API 600
BPCL-SAP-0002064,BPCL,VLV-BL-DN100-PN100-WCB-BW,CAN-001710,DEPOT-BPCL-NML,"Numaligarh Depot Base, Assam",0,404340,0,BALL_VALVE,100.0,600,ASTM A216 WCB,BW,API 6D
BPCL-SAP-0002065,BPCL,VLV-GL-DN150-CL150-A105-RF,CAN-001924,DEPOT-BPCL-MUM,"Mumbai Refinery, Mahul, Maharashtra",48,246490,29,GLOBE_VALVE,150.0,150,ASTM A105,RF,ASME B16.34
BPCL-SAP-0002066,BPCL,VLV-GT-DN25-CL150-A105-RF,CAN-001065,DEPOT-BPCL-NML,"Numaligarh Depot Base, Assam",0,18000,0,GATE_VALVE,25.0,150,ASTM A105,RF,API 600
BPCL-SAP-0002067,BPCL,VLV-GT-DN100-PN50-WCB-RF,CAN-001314,DEPOT-BPCL-MUM,"Mumbai Refinery, Mahul, Maharashtra",50,190000,96,GATE_VALVE,100.0,300,ASTM A216 WCB,RF,API 6D
BPCL-SAP-0002068,BPCL,FLG-SO-DN25-PN150-SS304-FF,CAN-000752,DEPOT-BPCL-KCH,"Kochi Refinery, Kerala",41,16100,22,FLANGE_SLIP_ON,25.0,900,ASTM A182 F304,FF,ASME B16.5
BPCL-SAP-0002069,BPCL,FLG-BLD-DN250-PN250-A105-RTJ,CAN-000666,DEPOT-BPCL-KCH,"Kochi Refinery, Kerala",11,226600,88,FLANGE_BLIND,250.0,1500,ASTM A105,RTJ,ASME B16.5
BPCL-SAP-0002070,BPCL,GSKT-SW-DN25-PN50-SS304-GR-RF,CAN-002014,DEPOT-BPCL-KCH,"Kochi Refinery, Kerala",0,2710,0,SPIRAL_WOUND_GASKET,25.0,300,SS304 / GRAPHITE,RF,ASME B16.20
BPCL-SAP-0002071,BPCL,VLV-GT-DN50-CL900-A105-RF,CAN-001221,DEPOT-BPCL-MUM,"Mumbai Refinery, Mahul, Maharashtra",38,185830,656,GATE_VALVE,50.0,900,ASTM A105,RF,API 600
BPCL-SAP-0002072,BPCL,VLV-GT-DN40-PN250-A105-BW,CAN-001175,DEPOT-BPCL-NML,"Numaligarh Depot Base, Assam",5,209230,23,GATE_VALVE,40.0,1500,ASTM A105,BW,API 600
BPCL-SAP-0002073,BPCL,FLG-BLD-DN15-PN100-SS316-RF,CAN-000417,DEPOT-BPCL-NML,"Numaligarh Depot Base, Assam",101,8980,308,FLANGE_BLIND,15.0,600,ASTM A182 F316,RF,ASME B16.5
BPCL-SAP-0002074,BPCL,FLG-WN-DN100-CL600-SS316-RTJ,CAN-000224,DEPOT-BPCL-KCH,"Kochi Refinery, Kerala",10,129380,52,FLANGE_WELD_NECK,100.0,600,ASTM A182 F316,RTJ,ASME B16.5
BPCL-SAP-0002075,BPCL,FLG-SO-DN15-CL150-A105-FF,CAN-000702,DEPOT-BPCL-KCH,"Kochi Refinery, Kerala",0,820,0,FLANGE_SLIP_ON,15.0,150,ASTM A105,FF,ASME B16.5
BPCL-SAP-0002076,BPCL,BLT-STUD-DN80-CL150-B7-2H-THRD,CAN-002141,DEPOT-BPCL-NML,"Numaligarh Depot Base, Assam",106,1580,262,STUD_BOLT,80.0,150,ASTM A193 B7 / A194 2H,THRD,ASME B18.2.1
BPCL-SAP-0002077,BPCL,GSKT-SW-DN200-PN20-SS304-GR-RF,CAN-002072,DEPOT-BPCL-NML,"Numaligarh Depot Base, Assam",0,23280,0,SPIRAL_WOUND_GASKET,200.0,150,SS304 / GRAPHITE,RF,ASME B16.20
BPCL-SAP-0002078,BPCL,VLV-BL-DN15-CL150-WCB-BW,CAN-001602,DEPOT-BPCL-NML,"Numaligarh Depot Base, Assam",82,11320,298,BALL_VALVE,15.0,150,ASTM A216 WCB,BW,API 6D
BPCL-SAP-0002079,BPCL,VLV-GT-DN40-CL150-A105-BW,CAN-001127,DEPOT-BPCL-KCH,"Kochi Refinery, Kerala",145,33160,616,GATE_VALVE,40.0,150,ASTM A105,BW,API 600
BPCL-SAP-0002080,BPCL,FLG-WN-DN100-PN150-SS316-RTJ,CAN-000232,DEPOT-BPCL-BIN,"Bina Refinery, Madhya Pradesh",20,178960,72,FLANGE_WELD_NECK,100.0,900,ASTM A182 F316,RTJ,ASME B16.5
BPCL-SAP-0002081,BPCL,FLG-SO-DN150-PN50-A105-RF,CAN-000887,DEPOT-BPCL-BIN,"Bina Refinery, Madhya Pradesh",0,28610,0,FLANGE_SLIP_ON,150.0,300,ASTM A105,RF,ASME B16.5
BPCL-SAP-0002082,BPCL,VLV-GT-DN50-PN20-SS316-RF,CAN-001190,DEPOT-BPCL-KCH,"Kochi Refinery, Kerala",32,141820,90,GATE_VALVE,50.0,150,ASTM A182 F316,RF,API 6D
BPCL-SAP-0002083,BPCL,FLG-WN-DN15-PN150-A105-RF,CAN-000025,DEPOT-BPCL-MUM,"Mumbai Refinery, Mahul, Maharashtra",43,4740,24,FLANGE_WELD_NECK,15.0,900,ASTM A105,RF,ASME B16.5
BPCL-SAP-0002084,BPCL,FLG-BLD-DN80-PN250-SS316-RF,CAN-000549,DEPOT-BPCL-NML,"Numaligarh Depot Base, Assam",0,164860,0,FLANGE_BLIND,80.0,1500,ASTM A182 F316,RF,ASME B16.5
BPCL-SAP-0002085,BPCL,FLG-WN-DN200-CL600-A105-RTJ,CAN-000298,DEPOT-BPCL-KCH,"Kochi Refinery, Kerala",39,99560,21,FLANGE_WELD_NECK,200.0,600,ASTM A105,RTJ,ASME B16.5
BPCL-SAP-0002086,BPCL,FLG-WN-DN50-PN50-A105-RF,CAN-000129,DEPOT-BPCL-KCH,"Kochi Refinery, Kerala",19,9430,110,FLANGE_WELD_NECK,50.0,300,ASTM A105,RF,ASME B16.5
BPCL-SAP-0002087,BPCL,FLG-WN-DN150-CL600-SS316-RF,CAN-000263,DEPOT-BPCL-KCH,"Kochi Refinery, Kerala",0,219180,0,FLANGE_WELD_NECK,150.0,600,ASTM A182 F316,RF,ASME B16.5
BPCL-SAP-0002088,BPCL,VLV-GT-DN100-PN50-WCB-RF,CAN-001314,DEPOT-BPCL-NML,"Numaligarh Depot Base, Assam",42,190000,63,GATE_VALVE,100.0,300,ASTM A216 WCB,RF,API 6D
BPCL-SAP-0002089,BPCL,VLV-GT-DN25-PN150-A105-RF,CAN-001102,DEPOT-BPCL-NML,"Numaligarh Depot Base, Assam",24,75470,92,GATE_VALVE,25.0,900,ASTM A105,RF,API 6D
BPCL-SAP-0002090,BPCL,VLV-GL-DN40-PN20-WCB-RF,CAN-001841,DEPOT-BPCL-NML,"Numaligarh Depot Base, Assam",24,44210,100,GLOBE_VALVE,40.0,150,ASTM A216 WCB,RF,BS 1873
BPCL-SAP-0002091,BPCL,VLV-BL-DN25-CL150-SS316-RF,CAN-001623,DEPOT-BPCL-KCH,"Kochi Refinery, Kerala",0,70400,0,BALL_VALVE,25.0,150,ASTM A182 F316,RF,API 6D
BPCL-SAP-0002092,BPCL,VLV-GT-DN100-PN250-A105-RF,CAN-001353,DEPOT-BPCL-NML,"Numaligarh Depot Base, Assam",0,688570,0,GATE_VALVE,100.0,1500,ASTM A105,RF,API 600
BPCL-SAP-0002093,BPCL,VLV-GL-DN150-PN20-WCB-RF,CAN-001922,DEPOT-BPCL-KCH,"Kochi Refinery, Kerala",0,246490,0,GLOBE_VALVE,150.0,150,ASTM A216 WCB,RF,ASME B16.34
BPCL-SAP-0002094,BPCL,BLT-STUD-DN15-CL150-L7-GR7-THRD,CAN-002102,DEPOT-BPCL-BIN,"Bina Refinery, Madhya Pradesh",150,280,736,STUD_BOLT,15.0,150,ASTM A320 L7 / A194 7,THRD,ASME B18.2.1
BPCL-SAP-0002095,BPCL,FLG-WN-DN50-PN250-SS316-RF,CAN-000159,DEPOT-BPCL-NML,"Numaligarh Depot Base, Assam",7,109370,109,FLANGE_WELD_NECK,50.0,1500,ASTM A182 F316,RF,ASME B16.5
BPCL-SAP-0002096,BPCL,FLG-SO-DN40-CL600-SS316-FF,CAN-000778,DEPOT-BPCL-KCH,"Kochi Refinery, Kerala",107,28590,247,FLANGE_SLIP_ON,40.0,600,ASTM A182 F316,FF,ASME B16.5
BPCL-SAP-0002097,BPCL,VLV-BL-DN100-CL300-WCB-RF,CAN-001705,DEPOT-BPCL-NML,"Numaligarh Depot Base, Assam",39,232230,100,BALL_VALVE,100.0,300,ASTM A216 WCB,RF,API 6D
BPCL-SAP-0002098,BPCL,VLV-GT-DN200-PN250-WCB-RF,CAN-001470,DEPOT-BPCL-BIN,"Bina Refinery, Madhya Pradesh",44,1695460,82,GATE_VALVE,200.0,1500,ASTM A216 WCB,RF,API 6D
BPCL-SAP-0002099,BPCL,FLG-BLD-DN80-PN50-SS316-RF,CAN-000531,DEPOT-BPCL-KCH,"Kochi Refinery, Kerala",22,45490,47,FLANGE_BLIND,80.0,300,ASTM A182 F316,RF,ASME B16.5
BPCL-SAP-0002100,BPCL,VLV-GT-DN25-PN20-A105-RF,CAN-001065,DEPOT-BPCL-NML,"Numaligarh Depot Base, Assam",0,18000,0,GATE_VALVE,25.0,150,ASTM A105,RF,API 600
BPCL-SAP-0002101,BPCL,VLV-GL-DN300-CL1500-A105-RF,CAN-002000,DEPOT-BPCL-KCH,"Kochi Refinery, Kerala",20,3829540,92,GLOBE_VALVE,300.0,1500,ASTM A105,RF,ASME B16.34
BPCL-SAP-0002102,BPCL,FLG-SO-DN50-PN20-A105-RF,CAN-000791,DEPOT-BPCL-KCH,"Kochi Refinery, Kerala",10,3930,13,FLANGE_SLIP_ON,50.0,150,ASTM A105,RF,ASME B16.5
BPCL-SAP-0002103,BPCL,FLG-BLD-DN80-PN150-A350LF2-RTJ,CAN-000542,DEPOT-BPCL-NML,"Numaligarh Depot Base, Assam",54,54770,636,FLANGE_BLIND,80.0,900,ASTM A350 LF2,RTJ,ASME B16.5
BPCL-SAP-0002104,BPCL,VLV-BL-DN300-PN20-WCB-RF,CAN-001781,DEPOT-BPCL-NML,"Numaligarh Depot Base, Assam",15,556360,101,BALL_VALVE,300.0,150,ASTM A216 WCB,RF,API 6D
BPCL-SAP-0002105,BPCL,VLV-GL-DN80-PN150-WCB-RF,CAN-001893,DEPOT-BPCL-NML,"Numaligarh Depot Base, Assam",32,456480,421,GLOBE_VALVE,80.0,900,ASTM A216 WCB,RF,BS 1873
BPCL-SAP-0002106,BPCL,VLV-GT-DN80-PN100-SS316-BW,CAN-001276,DEPOT-BPCL-KCH,"Kochi Refinery, Kerala",0,792070,0,GATE_VALVE,80.0,600,ASTM A182 F316,BW,API 6D
BPCL-SAP-0002107,BPCL,FLG-WN-DN80-CL900-A105-RTJ,CAN-000186,DEPOT-BPCL-NML,"Numaligarh Depot Base, Assam",24,41840,118,FLANGE_WELD_NECK,80.0,900,ASTM A105,RTJ,ASME B16.5
BPCL-SAP-0002108,BPCL,VLV-GT-DN250-CL150-WCB-BW,CAN-001483,DEPOT-BPCL-BIN,"Bina Refinery, Madhya Pradesh",0,359140,0,GATE_VALVE,250.0,150,ASTM A216 WCB,BW,API 600
BPCL-SAP-0002109,BPCL,VLV-BL-DN100-PN50-WCB-RF,CAN-001705,DEPOT-BPCL-MUM,"Mumbai Refinery, Mahul, Maharashtra",48,232230,712,BALL_VALVE,100.0,300,ASTM A216 WCB,RF,API 6D
BPCL-SAP-0002110,BPCL,FLG-WN-DN15-CL900-A350LF2-RTJ,CAN-000028,DEPOT-BPCL-MUM,"Mumbai Refinery, Mahul, Maharashtra",75,7590,461,FLANGE_WELD_NECK,15.0,900,ASTM A350 LF2,RTJ,ASME B16.5
BPCL-SAP-0002111,BPCL,FLG-SO-DN200-CL600-SS304-RF,CAN-000925,DEPOT-BPCL-KCH,"Kochi Refinery, Kerala",37,173770,33,FLANGE_SLIP_ON,200.0,600,ASTM A182 F304,RF,ASME B16.5
BPCL-SAP-0002112,BPCL,FLG-BLD-DN15-PN20-A350LF2-RTJ,CAN-000404,DEPOT-BPCL-MUM,"Mumbai Refinery, Mahul, Maharashtra",144,1480,382,FLANGE_BLIND,15.0,150,ASTM A350 LF2,RTJ,ASME B16.5
BPCL-SAP-0002113,BPCL,VLV-GT-DN300-PN100-SS316-BW,CAN-001575,DEPOT-BPCL-KCH,"Kochi Refinery, Kerala",33,4415760,396,GATE_VALVE,300.0,600,ASTM A182 F316,BW,API 600
BPCL-SAP-0002114,BPCL,FLG-SO-DN40-CL600-SS316-FF,CAN-000778,DEPOT-BPCL-MUM,"Mumbai Refinery, Mahul, Maharashtra",30,28590,46,FLANGE_SLIP_ON,40.0,600,ASTM A182 F316,FF,ASME B16.5
BPCL-SAP-0002115,BPCL,FLG-BLD-DN200-PN250-A350LF2-RTJ,CAN-000638,DEPOT-BPCL-BIN,"Bina Refinery, Madhya Pradesh",0,271270,0,FLANGE_BLIND,200.0,1500,ASTM A350 LF2,RTJ,ASME B16.5
BPCL-SAP-0002116,BPCL,FLG-WN-DN40-PN20-A350LF2-RTJ,CAN-000084,DEPOT-BPCL-BIN,"Bina Refinery, Madhya Pradesh",37,6480,73,FLANGE_WELD_NECK,40.0,150,ASTM A350 LF2,RTJ,ASME B16.5
BPCL-SAP-0002117,BPCL,FLG-WN-DN200-PN150-SS316-RF,CAN-000311,DEPOT-BPCL-NML,"Numaligarh Depot Base, Assam",37,440660,48,FLANGE_WELD_NECK,200.0,900,ASTM A182 F316,RF,ASME B16.5
BPCL-SAP-0002118,BPCL,GSKT-SW-DN15-CL1500-SS316-GR-RF,CAN-002009,DEPOT-BPCL-NML,"Numaligarh Depot Base, Assam",27,6750,69,SPIRAL_WOUND_GASKET,15.0,1500,SS316 / GRAPHITE,RF,ASME B16.20
BPCL-SAP-0002119,BPCL,VLV-GT-DN200-PN50-A105-RF,CAN-001437,DEPOT-BPCL-NML,"Numaligarh Depot Base, Assam",0,467850,0,GATE_VALVE,200.0,300,ASTM A105,RF,API 600
BPCL-SAP-0002120,BPCL,VLV-BL-DN300-CL150-WCB-BW,CAN-001782,DEPOT-BPCL-MUM,"Mumbai Refinery, Mahul, Maharashtra",43,556360,117,BALL_VALVE,300.0,150,ASTM A216 WCB,BW,API 6D
BPCL-SAP-0002121,BPCL,FLG-BLD-DN300-CL600-A350LF2-RF,CAN-000685,DEPOT-BPCL-MUM,"Mumbai Refinery, Mahul, Maharashtra",44,220780,16,FLANGE_BLIND,300.0,600,ASTM A350 LF2,RF,ASME B16.5
BPCL-SAP-0002122,BPCL,GSKT-SW-DN300-PN100-SS316-GR-RF,CAN-002095,DEPOT-BPCL-KCH,"Kochi Refinery, Kerala",110,159450,278,SPIRAL_WOUND_GASKET,300.0,600,SS316 / GRAPHITE,RF,ASME B16.20
BPCL-SAP-0002123,BPCL,VLV-GT-DN50-CL600-SS316-BW,CAN-001215,DEPOT-BPCL-KCH,"Kochi Refinery, Kerala",146,429940,709,GATE_VALVE,50.0,600,ASTM A182 F316,BW,API 600
BPCL-SAP-0002124,BPCL,VLV-GT-DN100-PN100-A105-BW,CAN-001332,DEPOT-BPCL-NML,"Numaligarh Depot Base, Assam",32,330820,79,GATE_VALVE,100.0,600,ASTM A105,BW,API 6D
BPCL-SAP-0002125,BPCL,FLG-WN-DN200-PN250-SS316-RF,CAN-000319,DEPOT-BPCL-BIN,"Bina Refinery, Madhya Pradesh",0,663110,0,FLANGE_WELD_NECK,200.0,1500,ASTM A182 F316,RF,ASME B16.5
BPCL-SAP-0002126,BPCL,GSKT-SW-DN50-CL150-SS304-GR-RF,CAN-002032,DEPOT-BPCL-KCH,"Kochi Refinery, Kerala",104,3840,241,SPIRAL_WOUND_GASKET,50.0,150,SS304 / GRAPHITE,RF,ASME B16.20
BPCL-SAP-0002127,BPCL,FLG-SO-DN25-PN50-SS316-FF,CAN-000742,DEPOT-BPCL-MUM,"Mumbai Refinery, Mahul, Maharashtra",55,8910,447,FLANGE_SLIP_ON,25.0,300,ASTM A182 F316,FF,ASME B16.5
BPCL-SAP-0002128,BPCL,VLV-GT-DN150-CL900-SS316-RF,CAN-001405,DEPOT-BPCL-BIN,"Bina Refinery, Madhya Pradesh",30,2480500,633,GATE_VALVE,150.0,900,ASTM A182 F316,RF,API 600
BPCL-SAP-0002129,BPCL,VLV-GT-DN50-PN100-A105-BW,CAN-001211,DEPOT-BPCL-BIN,"Bina Refinery, Madhya Pradesh",77,134350,401,GATE_VALVE,50.0,600,ASTM A105,BW,API 600
BPCL-SAP-0002130,BPCL,VLV-GT-DN250-CL1500-WCB-BW,CAN-001532,DEPOT-BPCL-BIN,"Bina Refinery, Madhya Pradesh",35,2266060,65,GATE_VALVE,250.0,1500,ASTM A216 WCB,BW,API 6D
BPCL-SAP-0002131,BPCL,VLV-GL-DN100-CL600-A105-RF,CAN-001912,DEPOT-BPCL-NML,"Numaligarh Depot Base, Assam",38,441100,211,GLOBE_VALVE,100.0,600,ASTM A105,RF,ASME B16.34
BPCL-SAP-0002132,BPCL,VLV-GL-DN250-PN50-A105-RF,CAN-001967,DEPOT-BPCL-KCH,"Kochi Refinery, Kerala",142,833740,235,GLOBE_VALVE,250.0,300,ASTM A105,RF,BS 1873
BPCL-SAP-0002133,BPCL,BLT-STUD-DN25-CL600-L7-GR7-THRD,CAN-002116,DEPOT-BPCL-BIN,"Bina Refinery, Madhya Pradesh",0,1690,0,STUD_BOLT,25.0,600,ASTM A320 L7 / A194 7,THRD,ASME B18.2.1
BPCL-SAP-0002134,BPCL,FLG-WN-DN100-PN100-A350LF2-RF,CAN-000219,DEPOT-BPCL-NML,"Numaligarh Depot Base, Assam",14,64690,98,FLANGE_WELD_NECK,100.0,600,ASTM A350 LF2,RF,ASME B16.5
BPCL-SAP-0002135,BPCL,VLV-BL-DN200-PN20-SS316-RF,CAN-001743,DEPOT-BPCL-NML,"Numaligarh Depot Base, Assam",29,1050960,29,BALL_VALVE,200.0,150,ASTM A182 F316,RF,API 6D
BPCL-SAP-0002136,BPCL,FLG-BLD-DN80-CL900-A105-RF,CAN-000539,DEPOT-BPCL-KCH,"Kochi Refinery, Kerala",45,34230,51,FLANGE_BLIND,80.0,900,ASTM A105,RF,ASME B16.5
BPCL-SAP-0002137,BPCL,FLG-WN-DN40-PN50-SS316-RF,CAN-000095,DEPOT-BPCL-MUM,"Mumbai Refinery, Mahul, Maharashtra",78,22580,303,FLANGE_WELD_NECK,40.0,300,ASTM A182 F316,RF,ASME B16.5
BPCL-SAP-0002138,BPCL,FLG-SO-DN200-CL150-SS316-RF,CAN-000915,DEPOT-BPCL-KCH,"Kochi Refinery, Kerala",68,76430,491,FLANGE_SLIP_ON,200.0,150,ASTM A182 F316,RF,ASME B16.5
BPCL-SAP-0002139,BPCL,FLG-WN-DN50-PN100-SS316-RTJ,CAN-000144,DEPOT-BPCL-BIN,"Bina Refinery, Madhya Pradesh",0,52540,0,FLANGE_WELD_NECK,50.0,600,ASTM A182 F316,RTJ,ASME B16.5
BPCL-SAP-0002140,BPCL,VLV-GT-DN40-PN150-SS316-RF,CAN-001165,DEPOT-BPCL-KCH,"Kochi Refinery, Kerala",32,444930,212,GATE_VALVE,40.0,900,ASTM A182 F316,RF,API 600
BPCL-SAP-0002141,BPCL,FLG-WN-DN25-PN250-A105-RF,CAN-000073,DEPOT-BPCL-BIN,"Bina Refinery, Madhya Pradesh",7,13880,49,FLANGE_WELD_NECK,25.0,1500,ASTM A105,RF,ASME B16.5
BPCL-SAP-0002142,BPCL,FLG-SO-DN15-CL300-SS316-RF,CAN-000711,DEPOT-BPCL-MUM,"Mumbai Refinery, Mahul, Maharashtra",91,4580,286,FLANGE_SLIP_ON,15.0,300,ASTM A182 F316,RF,ASME B16.5
BPCL-SAP-0002143,BPCL,VLV-GT-DN15-PN250-SS316-RF,CAN-001057,DEPOT-BPCL-NML,"Numaligarh Depot Base, Assam",0,187070,0,GATE_VALVE,15.0,1500,ASTM A182 F316,RF,API 600
BPCL-SAP-0002144,BPCL,VLV-GT-DN100-PN250-WCB-RF,CAN-001350,DEPOT-BPCL-BIN,"Bina Refinery, Madhya Pradesh",0,688570,0,GATE_VALVE,100.0,1500,ASTM A216 WCB,RF,API 6D
BPCL-SAP-0002145,BPCL,VLV-GT-DN80-CL900-A105-RF,CAN-001281,DEPOT-BPCL-NML,"Numaligarh Depot Base, Assam",75,342360,259,GATE_VALVE,80.0,900,ASTM A105,RF,API 600
BPCL-SAP-0002146,BPCL,GSKT-SW-DN50-CL150-SS304-GR-RF,CAN-002032,DEPOT-BPCL-KCH,"Kochi Refinery, Kerala",23,3840,90,SPIRAL_WOUND_GASKET,50.0,150,SS304 / GRAPHITE,RF,ASME B16.20
BPCL-SAP-0002147,BPCL,FLG-WN-DN15-PN250-SS316-RF,CAN-000039,DEPOT-BPCL-NML,"Numaligarh Depot Base, Assam",120,22860,346,FLANGE_WELD_NECK,15.0,1500,ASTM A182 F316,RF,ASME B16.5
BPCL-SAP-0002148,BPCL,FLG-WN-DN200-PN100-A350LF2-RTJ,CAN-000300,DEPOT-BPCL-NML,"Numaligarh Depot Base, Assam",140,159290,481,FLANGE_WELD_NECK,200.0,600,ASTM A350 LF2,RTJ,ASME B16.5
BPCL-SAP-0002149,BPCL,VLV-GT-DN100-PN250-A105-RF,CAN-001354,DEPOT-BPCL-KCH,"Kochi Refinery, Kerala",0,688570,0,GATE_VALVE,100.0,1500,ASTM A105,RF,API 6D
BPCL-SAP-0002150,BPCL,VLV-GT-DN40-PN100-A105-BW,CAN-001152,DEPOT-BPCL-NML,"Numaligarh Depot Base, Assam",0,100520,0,GATE_VALVE,40.0,600,ASTM A105,BW,API 6D
BPCL-SAP-0002151,BPCL,FLG-WN-DN40-PN20-A105-RTJ,CAN-000082,DEPOT-BPCL-KCH,"Kochi Refinery, Kerala",0,4050,0,FLANGE_WELD_NECK,40.0,150,ASTM A105,RTJ,ASME B16.5
BPCL-SAP-0002152,BPCL,BLT-STUD-DN300-CL900-L7-GR7-THRD,CAN-002198,DEPOT-BPCL-MUM,"Mumbai Refinery, Mahul, Maharashtra",106,59380,200,STUD_BOLT,300.0,900,ASTM A320 L7 / A194 7,THRD,ASME B18.2.1
BPCL-SAP-0002153,BPCL,VLV-GT-DN15-PN250-WCB-BW,CAN-001051,DEPOT-BPCL-NML,"Numaligarh Depot Base, Assam",31,58460,40,GATE_VALVE,15.0,1500,ASTM A216 WCB,BW,API 600
BPCL-SAP-0002154,BPCL,FLG-SO-DN40-CL900-A105-RF,CAN-000779,DEPOT-BPCL-KCH,"Kochi Refinery, Kerala",8,12350,94,FLANGE_SLIP_ON,40.0,900,ASTM A105,RF,ASME B16.5
BPCL-SAP-0002155,BPCL,VLV-GL-DN100-PN50-A105-RF,CAN-001908,DEPOT-BPCL-BIN,"Bina Refinery, Madhya Pradesh",10,253340,89,GLOBE_VALVE,100.0,300,ASTM A105,RF,ASME B16.34
BPCL-SAP-0002156,BPCL,FLG-SO-DN200-PN150-A105-FF,CAN-000930,DEPOT-BPCL-BIN,"Bina Refinery, Madhya Pradesh",0,100150,0,FLANGE_SLIP_ON,200.0,900,ASTM A105,FF,ASME B16.5
BPCL-SAP-0002157,BPCL,FLG-SO-DN100-CL900-SS304-RF,CAN-000871,DEPOT-BPCL-KCH,"Kochi Refinery, Kerala",22,97610,54,FLANGE_SLIP_ON,100.0,900,ASTM A182 F304,RF,ASME B16.5
BPCL-SAP-0002158,BPCL,GSKT-SW-DN100-PN50-SS316-GR-RF,CAN-002053,DEPOT-BPCL-NML,"Numaligarh Depot Base, Assam",49,21950,78,SPIRAL_WOUND_GASKET,100.0,300,SS316 / GRAPHITE,RF,ASME B16.20
BPCL-SAP-0002159,BPCL,FLG-WN-DN40-PN150-SS304-RTJ,CAN-000110,DEPOT-BPCL-NML,"Numaligarh Depot Base, Assam",131,40780,346,FLANGE_WELD_NECK,40.0,900,ASTM A182 F304,RTJ,ASME B16.5
BPCL-SAP-0002160,BPCL,VLV-GT-DN40-PN250-A105-RF,CAN-001174,DEPOT-BPCL-KCH,"Kochi Refinery, Kerala",28,209230,99,GATE_VALVE,40.0,1500,ASTM A105,RF,API 6D
BPCL-SAP-0002161,BPCL,FLG-SO-DN200-PN50-SS316-FF,CAN-000922,DEPOT-BPCL-NML,"Numaligarh Depot Base, Assam",0,133070,0,FLANGE_SLIP_ON,200.0,300,ASTM A182 F316,FF,ASME B16.5
BPCL-SAP-0002162,BPCL,FLG-WN-DN100-PN20-SS304-RF,CAN-000205,DEPOT-BPCL-NML,"Numaligarh Depot Base, Assam",0,32010,0,FLANGE_WELD_NECK,100.0,150,ASTM A182 F304,RF,ASME B16.5
BPCL-SAP-0002163,BPCL,FLG-SO-DN100-CL300-SS316-RF,CAN-000861,DEPOT-BPCL-KCH,"Kochi Refinery, Kerala",42,54040,684,FLANGE_SLIP_ON,100.0,300,ASTM A182 F316,RF,ASME B16.5
BPCL-SAP-0002164,BPCL,GSKT-SW-DN80-CL600-SS304-GR-RF,CAN-002046,DEPOT-BPCL-NML,"Numaligarh Depot Base, Assam",0,21450,0,SPIRAL_WOUND_GASKET,80.0,600,SS304 / GRAPHITE,RF,ASME B16.20
BPCL-SAP-0002165,BPCL,VLV-GT-DN250-PN20-WCB-RF,CAN-001482,DEPOT-BPCL-NML,"Numaligarh Depot Base, Assam",5,359140,26,GATE_VALVE,250.0,150,ASTM A216 WCB,RF,API 6D
BPCL-SAP-0002166,BPCL,FLG-WN-DN300-CL150-A105-RF,CAN-000361,DEPOT-BPCL-NML,"Numaligarh Depot Base, Assam",32,55630,109,FLANGE_WELD_NECK,300.0,150,ASTM A105,RF,ASME B16.5
BPCL-SAP-0002167,BPCL,FLG-BLD-DN250-CL150-A105-RF,CAN-000641,DEPOT-BPCL-BIN,"Bina Refinery, Madhya Pradesh",16,35910,66,FLANGE_BLIND,250.0,150,ASTM A105,RF,ASME B16.5
BPCL-SAP-0002168,BPCL,FLG-SO-DN300-PN20-SS304-FF,CAN-000974,DEPOT-BPCL-BIN,"Bina Refinery, Madhya Pradesh",20,97110,190,FLANGE_SLIP_ON,300.0,150,ASTM A182 F304,FF,ASME B16.5
BPCL-SAP-0002169,BPCL,FLG-BLD-DN50-CL300-A105-RTJ,CAN-000498,DEPOT-BPCL-NML,"Numaligarh Depot Base, Assam",7,7710,63,FLANGE_BLIND,50.0,300,ASTM A105,RTJ,ASME B16.5
BPCL-SAP-0002170,BPCL,BLT-STUD-DN150-PN250-B7-2H-THRD,CAN-002169,DEPOT-BPCL-BIN,"Bina Refinery, Madhya Pradesh",26,22680,116,STUD_BOLT,150.0,1500,ASTM A193 B7 / A194 2H,THRD,ASME B18.2.1
BPCL-SAP-0002171,BPCL,FLG-WN-DN40-PN250-SS316-RF,CAN-000119,DEPOT-BPCL-MUM,"Mumbai Refinery, Mahul, Maharashtra",39,81830,63,FLANGE_WELD_NECK,40.0,1500,ASTM A182 F316,RF,ASME B16.5
BPCL-SAP-0002172,BPCL,VLV-GT-DN250-PN100-A105-RF,CAN-001509,DEPOT-BPCL-BIN,"Bina Refinery, Madhya Pradesh",37,1088730,72,GATE_VALVE,250.0,600,ASTM A105,RF,API 600
BPCL-SAP-0002173,BPCL,FLG-SO-DN300-PN250-SS304-FF,CAN-000998,DEPOT-BPCL-KCH,"Kochi Refinery, Kerala",5,612720,36,FLANGE_SLIP_ON,300.0,1500,ASTM A182 F304,FF,ASME B16.5
BPCL-SAP-0002174,BPCL,GSKT-SW-DN50-PN20-SS304-GR-RF,CAN-002032,DEPOT-BPCL-KCH,"Kochi Refinery, Kerala",0,3840,0,SPIRAL_WOUND_GASKET,50.0,150,SS304 / GRAPHITE,RF,ASME B16.20
BPCL-SAP-0002175,BPCL,VLV-BL-DN40-PN250-SS316-BW,CAN-001660,DEPOT-BPCL-NML,"Numaligarh Depot Base, Assam",6,818330,92,BALL_VALVE,40.0,1500,ASTM A182 F316,BW,API 6D
BPCL-SAP-0002176,BPCL,VLV-GT-DN80-PN100-SS316-RF,CAN-001273,DEPOT-BPCL-NML,"Numaligarh Depot Base, Assam",36,792070,78,GATE_VALVE,80.0,600,ASTM A182 F316,RF,API 600
BPCL-SAP-0002177,BPCL,FLG-BLD-DN15-CL1500-SS316-RTJ,CAN-000430,DEPOT-BPCL-BIN,"Bina Refinery, Madhya Pradesh",50,18700,98,FLANGE_BLIND,15.0,1500,ASTM A182 F316,RTJ,ASME B16.5
BPCL-SAP-0002178,BPCL,FLG-WN-DN15-PN100-SS316-RF,CAN-000023,DEPOT-BPCL-BIN,"Bina Refinery, Madhya Pradesh",0,10980,0,FLANGE_WELD_NECK,15.0,600,ASTM A182 F316,RF,ASME B16.5
BPCL-SAP-0002179,BPCL,VLV-GL-DN250-PN50-A105-RF,CAN-001967,DEPOT-BPCL-BIN,"Bina Refinery, Madhya Pradesh",127,833740,474,GLOBE_VALVE,250.0,300,ASTM A105,RF,BS 1873
BPCL-SAP-0002180,BPCL,FLG-WN-DN250-CL600-SS304-RTJ,CAN-000342,DEPOT-BPCL-MUM,"Mumbai Refinery, Mahul, Maharashtra",0,319360,0,FLANGE_WELD_NECK,250.0,600,ASTM A182 F304,RTJ,ASME B16.5
BPCL-SAP-0002181,BPCL,GSKT-SW-DN15-CL1500-SS304-GR-RF,CAN-002010,DEPOT-BPCL-BIN,"Bina Refinery, Madhya Pradesh",114,5060,199,SPIRAL_WOUND_GASKET,15.0,1500,SS304 / GRAPHITE,RF,ASME B16.20
BPCL-SAP-0002182,BPCL,FLG-SO-DN25-CL900-SS304-RF,CAN-000751,DEPOT-BPCL-KCH,"Kochi Refinery, Kerala",0,16100,0,FLANGE_SLIP_ON,25.0,900,ASTM A182 F304,RF,ASME B16.5
BPCL-SAP-0002183,BPCL,VLV-BL-DN150-CL1500-SS316-BW,CAN-001740,DEPOT-BPCL-KCH,"Kochi Refinery, Kerala",28,4562140,103,BALL_VALVE,150.0,1500,ASTM A182 F316,BW,API 6D
BPCL-SAP-0002184,BPCL,VLV-GT-DN200-PN150-A105-BW,CAN-001463,DEPOT-BPCL-BIN,"Bina Refinery, Madhya Pradesh",100,1126700,558,GATE_VALVE,200.0,900,ASTM A105,BW,API 600
BPCL-SAP-0002185,BPCL,FLG-WN-DN300-PN150-SS304-RTJ,CAN-000390,DEPOT-BPCL-NML,"Numaligarh Depot Base, Assam",0,559870,0,FLANGE_WELD_NECK,300.0,900,ASTM A182 F304,RTJ,ASME B16.5
BPCL-SAP-0002186,BPCL,VLV-BL-DN200-CL600-SS316-BW,CAN-001752,DEPOT-BPCL-KCH,"Kochi Refinery, Kerala",32,3185940,64,BALL_VALVE,200.0,600,ASTM A182 F316,BW,API 6D
BPCL-SAP-0002187,BPCL,VLV-GT-DN25-CL150-WCB-RF,CAN-001062,DEPOT-BPCL-BIN,"Bina Refinery, Madhya Pradesh",32,18000,10,GATE_VALVE,25.0,150,ASTM A216 WCB,RF,API 6D
BPCL-SAP-0002188,BPCL,VLV-GT-DN150-CL600-A105-BW,CAN-001392,DEPOT-BPCL-KCH,"Kochi Refinery, Kerala",148,560420,240,GATE_VALVE,150.0,600,ASTM A105,BW,API 6D
BPCL-SAP-0002189,BPCL,BLT-STUD-DN150-PN150-B7-2H-THRD,CAN-002167,DEPOT-BPCL-MUM,"Mumbai Refinery, Mahul, Maharashtra",0,15070,0,STUD_BOLT,150.0,900,ASTM A193 B7 / A194 2H,THRD,ASME B18.2.1
BPCL-SAP-0002190,BPCL,GSKT-SW-DN100-CL1500-SS316-GR-RF,CAN-002059,DEPOT-BPCL-BIN,"Bina Refinery, Madhya Pradesh",50,79560,77,SPIRAL_WOUND_GASKET,100.0,1500,SS316 / GRAPHITE,RF,ASME B16.20
BPCL-SAP-0002191,BPCL,VLV-GT-DN25-PN50-SS316-BW,CAN-001084,DEPOT-BPCL-NML,"Numaligarh Depot Base, Assam",45,100280,68,GATE_VALVE,25.0,300,ASTM A182 F316,BW,API 6D
BPCL-SAP-0002192,BPCL,VLV-GT-DN40-PN20-SS316-BW,CAN-001131,DEPOT-BPCL-KCH,"Kochi Refinery, Kerala",29,106110,88,GATE_VALVE,40.0,150,ASTM A182 F316,BW,API 600
BPCL-SAP-0002193,BPCL,FLG-SO-DN15-PN150-A105-RF,CAN-000719,DEPOT-BPCL-KCH,"Kochi Refinery, Kerala",45,3450,38,FLANGE_SLIP_ON,15.0,900,ASTM A105,RF,ASME B16.5
BPCL-SAP-0002194,BPCL,VLV-GT-DN200-PN50-A105-RF,CAN-001438,DEPOT-BPCL-KCH,"Kochi Refinery, Kerala",0,467850,0,GATE_VALVE,200.0,300,ASTM A105,RF,API 6D
BPCL-SAP-0002195,BPCL,VLV-GT-DN150-CL300-WCB-RF,CAN-001373,DEPOT-BPCL-KCH,"Kochi Refinery, Kerala",32,321870,80,GATE_VALVE,150.0,300,ASTM A216 WCB,RF,API 600
BPCL-SAP-0002196,BPCL,VLV-GT-DN300-PN100-SS316-BW,CAN-001576,DEPOT-BPCL-NML,"Numaligarh Depot Base, Assam",38,4415760,29,GATE_VALVE,300.0,600,ASTM A182 F316,BW,API 6D
BPCL-SAP-0002197,BPCL,VLV-GL-DN40-CL900-A105-RF,CAN-001855,DEPOT-BPCL-MUM,"Mumbai Refinery, Mahul, Maharashtra",73,185390,750,GLOBE_VALVE,40.0,900,ASTM A105,RF,BS 1873
BPCL-SAP-0002198,BPCL,VLV-GT-DN100-PN250-A105-BW,CAN-001356,DEPOT-BPCL-NML,"Numaligarh Depot Base, Assam",46,688570,567,GATE_VALVE,100.0,1500,ASTM A105,BW,API 6D
BPCL-SAP-0002199,BPCL,FLG-WN-DN50-CL600-A350LF2-RF,CAN-000139,DEPOT-BPCL-KCH,"Kochi Refinery, Kerala",0,26270,0,FLANGE_WELD_NECK,50.0,600,ASTM A350 LF2,RF,ASME B16.5
BPCL-SAP-0002200,BPCL,FLG-WN-DN300-CL300-A350LF2-RF,CAN-000371,DEPOT-BPCL-KCH,"Kochi Refinery, Kerala",36,154980,39,FLANGE_WELD_NECK,300.0,300,ASTM A350 LF2,RF,ASME B16.5
BPCL-SAP-0002201,BPCL,FLG-BLD-DN50-PN100-A105-RF,CAN-000503,DEPOT-BPCL-BIN,"Bina Refinery, Madhya Pradesh",0,13430,0,FLANGE_BLIND,50.0,600,ASTM A105,RF,ASME B16.5
BPCL-SAP-0002202,BPCL,FLG-WN-DN150-PN100-A105-RTJ,CAN-000258,DEPOT-BPCL-MUM,"Mumbai Refinery, Mahul, Maharashtra",38,68490,42,FLANGE_WELD_NECK,150.0,600,ASTM A105,RTJ,ASME B16.5
BPCL-SAP-0002203,BPCL,FLG-SO-DN15-PN250-SS304-RF,CAN-000727,DEPOT-BPCL-NML,"Numaligarh Depot Base, Assam",0,12470,0,FLANGE_SLIP_ON,15.0,1500,ASTM A182 F304,RF,ASME B16.5
BPCL-SAP-0002204,BPCL,FLG-WN-DN300-CL600-SS316-RTJ,CAN-000384,DEPOT-BPCL-KCH,"Kochi Refinery, Kerala",65,539700,539,FLANGE_WELD_NECK,300.0,600,ASTM A182 F316,RTJ,ASME B16.5
BPCL-SAP-0002205,BPCL,VLV-GT-DN100-CL150-SS316-BW,CAN-001312,DEPOT-BPCL-NML,"Numaligarh Depot Base, Assam",14,349220,62,GATE_VALVE,100.0,150,ASTM A182 F316,BW,API 6D
BPCL-SAP-0002206,BPCL,VLV-GL-DN15-PN250-WCB-RF,CAN-001818,DEPOT-BPCL-NML,"Numaligarh Depot Base, Assam",0,77940,0,GLOBE_VALVE,15.0,1500,ASTM A216 WCB,RF,ASME B16.34
BPCL-SAP-0002207,BPCL,FLG-WN-DN300-CL600-SS304-RF,CAN-000381,DEPOT-BPCL-MUM,"Mumbai Refinery, Mahul, Maharashtra",33,404770,68,FLANGE_WELD_NECK,300.0,600,ASTM A182 F304,RF,ASME B16.5
BPCL-SAP-0002208,BPCL,VLV-GT-DN80-PN100-WCB-RF,CAN-001265,DEPOT-BPCL-NML,"Numaligarh Depot Base, Assam",125,247520,633,GATE_VALVE,80.0,600,ASTM A216 WCB,RF,API 600
BPCL-SAP-0002209,BPCL,VLV-GT-DN200-PN250-A105-BW,CAN-001476,DEPOT-BPCL-KCH,"Kochi Refinery, Kerala",143,1695460,257,GATE_VALVE,200.0,1500,ASTM A105,BW,API 6D
BPCL-SAP-0002210,BPCL,FLG-WN-DN300-PN150-A105-RF,CAN-000385,DEPOT-BPCL-MUM,"Mumbai Refinery, Mahul, Maharashtra",31,233280,547,FLANGE_WELD_NECK,300.0,900,ASTM A105,RF,ASME B16.5
BPCL-SAP-0002211,BPCL,VLV-BL-DN80-PN150-SS316-BW,CAN-001696,DEPOT-BPCL-NML,"Numaligarh Depot Base, Assam",32,1339020,74,BALL_VALVE,80.0,900,ASTM A182 F316,BW,API 6D
BPCL-SAP-0002212,BPCL,FLG-BLD-DN100-PN100-A105-RTJ,CAN-000564,DEPOT-BPCL-KCH,"Kochi Refinery, Kerala",0,33080,0,FLANGE_BLIND,100.0,600,ASTM A105,RTJ,ASME B16.5
BPCL-SAP-0002213,BPCL,FLG-WN-DN150-CL150-SS316-RF,CAN-000247,DEPOT-BPCL-NML,"Numaligarh Depot Base, Assam",47,72300,64,FLANGE_WELD_NECK,150.0,150,ASTM A182 F316,RF,ASME B16.5
BPCL-SAP-0002214,BPCL,VLV-GT-DN100-CL150-WCB-BW,CAN-001304,DEPOT-BPCL-BIN,"Bina Refinery, Madhya Pradesh",0,109130,0,GATE_VALVE,100.0,150,ASTM A216 WCB,BW,API 6D
BPCL-SAP-0002215,BPCL,VLV-GL-DN50-CL1500-WCB-RF,CAN-001878,DEPOT-BPCL-KCH,"Kochi Refinery, Kerala",0,372860,0,GLOBE_VALVE,50.0,1500,ASTM A216 WCB,RF,ASME B16.34
BPCL-SAP-0002216,BPCL,FLG-BLD-DN80-CL1500-A350LF2-RTJ,CAN-000548,DEPOT-BPCL-NML,"Numaligarh Depot Base, Assam",29,82430,54,FLANGE_BLIND,80.0,1500,ASTM A350 LF2,RTJ,ASME B16.5
BPCL-SAP-0002217,BPCL,VLV-GT-DN250-CL600-WCB-RF,CAN-001505,DEPOT-BPCL-BIN,"Bina Refinery, Madhya Pradesh",48,1088730,729,GATE_VALVE,250.0,600,ASTM A216 WCB,RF,API 600
BPCL-SAP-0002218,BPCL,VLV-GL-DN50-PN20-WCB-RF,CAN-001861,DEPOT-BPCL-NML,"Numaligarh Depot Base, Assam",0,59090,0,GLOBE_VALVE,50.0,150,ASTM A216 WCB,RF,BS 1873
BPCL-SAP-0002219,BPCL,FLG-BLD-DN250-CL300-SS316-RF,CAN-000651,DEPOT-BPCL-BIN,"Bina Refinery, Madhya Pradesh",0,200090,0,FLANGE_BLIND,250.0,300,ASTM A182 F316,RF,ASME B16.5
BPCL-SAP-0002220,BPCL,VLV-BL-DN80-CL900-SS316-BW,CAN-001696,DEPOT-BPCL-BIN,"Bina Refinery, Madhya Pradesh",66,1339020,450,BALL_VALVE,80.0,900,ASTM A182 F316,BW,API 6D
BPCL-SAP-0002221,BPCL,FLG-SO-DN50-PN150-A105-FF,CAN-000810,DEPOT-BPCL-KCH,"Kochi Refinery, Kerala",27,16510,70,FLANGE_SLIP_ON,50.0,900,ASTM A105,FF,ASME B16.5
BPCL-SAP-0002222,BPCL,FLG-BLD-DN50-PN250-A350LF2-RF,CAN-000517,DEPOT-BPCL-NML,"Numaligarh Depot Base, Assam",38,44740,51,FLANGE_BLIND,50.0,1500,ASTM A350 LF2,RF,ASME B16.5
BPCL-SAP-0002223,BPCL,FLG-WN-DN80-CL900-A350LF2-RTJ,CAN-000188,DEPOT-BPCL-NML,"Numaligarh Depot Base, Assam",0,66950,0,FLANGE_WELD_NECK,80.0,900,ASTM A350 LF2,RTJ,ASME B16.5
BPCL-SAP-0002224,BPCL,VLV-GT-DN50-PN20-WCB-RF,CAN-001182,DEPOT-BPCL-BIN,"Bina Refinery, Madhya Pradesh",150,44320,543,GATE_VALVE,50.0,150,ASTM A216 WCB,RF,API 6D
BPCL-SAP-0002225,BPCL,VLV-BL-DN150-PN150-WCB-RF,CAN-001733,DEPOT-BPCL-MUM,"Mumbai Refinery, Mahul, Maharashtra",0,947410,0,BALL_VALVE,150.0,900,ASTM A216 WCB,RF,API 6D
BPCL-SAP-0002226,BPCL,FLG-SO-DN50-PN20-SS316-RF,CAN-000795,DEPOT-BPCL-NML,"Numaligarh Depot Base, Assam",48,12600,99,FLANGE_SLIP_ON,50.0,150,ASTM A182 F316,RF,ASME B16.5
BPCL-SAP-0002227,BPCL,FLG-BLD-DN150-PN50-SS316-RF,CAN-000591,DEPOT-BPCL-BIN,"Bina Refinery, Madhya Pradesh",25,103000,98,FLANGE_BLIND,150.0,300,ASTM A182 F316,RF,ASME B16.5
BPCL-SAP-0002228,BPCL,VLV-GT-DN50-CL300-SS316-RF,CAN-001202,DEPOT-BPCL-BIN,"Bina Refinery, Madhya Pradesh",0,246930,0,GATE_VALVE,50.0,300,ASTM A182 F316,RF,API 6D
BPCL-SAP-0002229,BPCL,FLG-WN-DN50-CL150-SS316-RF,CAN-000127,DEPOT-BPCL-MUM,"Mumbai Refinery, Mahul, Maharashtra",34,17330,105,FLANGE_WELD_NECK,50.0,150,ASTM A182 F316,RF,ASME B16.5
BPCL-SAP-0002230,BPCL,VLV-BL-DN300-CL600-SS316-RF,CAN-001791,DEPOT-BPCL-NML,"Numaligarh Depot Base, Assam",19,5397040,117,BALL_VALVE,300.0,600,ASTM A182 F316,RF,API 6D
BPCL-SAP-0002231,BPCL,VLV-GL-DN25-CL600-WCB-RF,CAN-001829,DEPOT-BPCL-BIN,"Bina Refinery, Madhya Pradesh",0,72750,0,GLOBE_VALVE,25.0,600,ASTM A216 WCB,RF,BS 1873
BPCL-SAP-0002232,BPCL,VLV-GT-DN80-CL300-SS316-BW,CAN-001263,DEPOT-BPCL-BIN,"Bina Refinery, Madhya Pradesh",30,454920,22,GATE_VALVE,80.0,300,ASTM A182 F316,BW,API 600
BPCL-SAP-0002233,BPCL,VLV-BL-DN25-PN20-WCB-RF,CAN-001621,DEPOT-BPCL-NML,"Numaligarh Depot Base, Assam",41,22000,87,BALL_VALVE,25.0,150,ASTM A216 WCB,RF,API 6D
BPCL-SAP-0002234,BPCL,FLG-BLD-DN150-PN100-A105-RTJ,CAN-000594,DEPOT-BPCL-NML,"Numaligarh Depot Base, Assam",0,56040,0,FLANGE_BLIND,150.0,600,ASTM A105,RTJ,ASME B16.5
BPCL-SAP-0002235,BPCL,FLG-SO-DN250-CL150-SS304-RF,CAN-000943,DEPOT-BPCL-NML,"Numaligarh Depot Base, Assam",29,76610,103,FLANGE_SLIP_ON,250.0,150,ASTM A182 F304,RF,ASME B16.5
BPCL-SAP-0002236,BPCL,FLG-SO-DN100-PN250-SS316-FF,CAN-000880,DEPOT-BPCL-BIN,"Bina Refinery, Madhya Pradesh",80,195860,214,FLANGE_SLIP_ON,100.0,1500,ASTM A182 F316,FF,ASME B16.5
BPCL-SAP-0002237,BPCL,BLT-STUD-DN200-CL150-L7-GR7-THRD,CAN-002172,DEPOT-BPCL-NML,"Numaligarh Depot Base, Assam",0,8350,0,STUD_BOLT,200.0,150,ASTM A320 L7 / A194 7,THRD,ASME B18.2.1
BPCL-SAP-0002238,BPCL,VLV-GL-DN25-PN250-A105-RF,CAN-001839,DEPOT-BPCL-BIN,"Bina Refinery, Madhya Pradesh",141,151420,609,GLOBE_VALVE,25.0,1500,ASTM A105,RF,BS 1873
BPCL-SAP-0002239,BPCL,FLG-BLD-DN80-PN100-A105-RF,CAN-000533,DEPOT-BPCL-NML,"Numaligarh Depot Base, Assam",131,24750,429,FLANGE_BLIND,80.0,600,ASTM A105,RF,ASME B16.5
BPCL-SAP-0002240,BPCL,VLV-GL-DN40-PN150-WCB-RF,CAN-001853,DEPOT-BPCL-MUM,"Mumbai Refinery, Mahul, Maharashtra",47,185390,438,GLOBE_VALVE,40.0,900,ASTM A216 WCB,RF,BS 1873
BPCL-SAP-0002241,BPCL,FLG-SO-DN50-CL150-A105-RF,CAN-000791,DEPOT-BPCL-NML,"Numaligarh Depot Base, Assam",48,3930,11,FLANGE_SLIP_ON,50.0,150,ASTM A105,RF,ASME B16.5
BPCL-SAP-0002242,BPCL,VLV-GT-DN150-CL900-SS316-RF,CAN-001405,DEPOT-BPCL-NML,"Numaligarh Depot Base, Assam",9,2480500,29,GATE_VALVE,150.0,900,ASTM A182 F316,RF,API 600
BPCL-SAP-0002243,BPCL,FLG-SO-DN50-PN100-SS304-RF,CAN-000805,DEPOT-BPCL-MUM,"Mumbai Refinery, Mahul, Maharashtra",5,28660,16,FLANGE_SLIP_ON,50.0,600,ASTM A182 F304,RF,ASME B16.5
BPCL-SAP-0002244,BPCL,FLG-WN-DN15-CL1500-SS304-RTJ,CAN-000038,DEPOT-BPCL-MUM,"Mumbai Refinery, Mahul, Maharashtra",113,17140,722,FLANGE_WELD_NECK,15.0,1500,ASTM A182 F304,RTJ,ASME B16.5
BPCL-SAP-0002245,BPCL,VLV-GL-DN25-PN100-WCB-RF,CAN-001830,DEPOT-BPCL-BIN,"Bina Refinery, Madhya Pradesh",76,72750,340,GLOBE_VALVE,25.0,600,ASTM A216 WCB,RF,ASME B16.34
BPCL-SAP-0002246,BPCL,FLG-SO-DN25-PN50-SS304-FF,CAN-000740,DEPOT-BPCL-BIN,"Bina Refinery, Madhya Pradesh",27,6680,65,FLANGE_SLIP_ON,25.0,300,ASTM A182 F304,FF,ASME B16.5
BPCL-SAP-0002247,BPCL,FLG-BLD-DN80-CL600-SS316-RF,CAN-000537,DEPOT-BPCL-KCH,"Kochi Refinery, Kerala",0,79200,0,FLANGE_BLIND,80.0,600,ASTM A182 F316,RF,ASME B16.5
BPCL-SAP-0002248,BPCL,VLV-GT-DN25-CL600-WCB-RF,CAN-001085,DEPOT-BPCL-BIN,"Bina Refinery, Madhya Pradesh",10,54560,34,GATE_VALVE,25.0,600,ASTM A216 WCB,RF,API 600
BPCL-SAP-0002249,BPCL,FLG-WN-DN40-PN20-SS304-RTJ,CAN-000086,DEPOT-BPCL-BIN,"Bina Refinery, Madhya Pradesh",33,9720,61,FLANGE_WELD_NECK,40.0,150,ASTM A182 F304,RTJ,ASME B16.5
BPCL-SAP-0002250,BPCL,VLV-GL-DN150-PN20-A105-RF,CAN-001924,DEPOT-BPCL-KCH,"Kochi Refinery, Kerala",0,246490,0,GLOBE_VALVE,150.0,150,ASTM A105,RF,ASME B16.34
BPCL-SAP-0002251,BPCL,VLV-GT-DN25-CL900-WCB-BW,CAN-001100,DEPOT-BPCL-MUM,"Mumbai Refinery, Mahul, Maharashtra",42,75470,51,GATE_VALVE,25.0,900,ASTM A216 WCB,BW,API 6D
BPCL-SAP-0002252,BPCL,VLV-GT-DN15-PN50-SS316-BW,CAN-001023,DEPOT-BPCL-MUM,"Mumbai Refinery, Mahul, Maharashtra",27,51620,104,GATE_VALVE,15.0,300,ASTM A182 F316,BW,API 600
BPCL-SAP-0002253,BPCL,FLG-WN-DN25-PN150-SS304-RF,CAN-000069,DEPOT-BPCL-NML,"Numaligarh Depot Base, Assam",50,22130,18,FLANGE_WELD_NECK,25.0,900,ASTM A182 F304,RF,ASME B16.5
BPCL-SAP-0002254,BPCL,VLV-GT-DN80-CL900-WCB-BW,CAN-001279,DEPOT-BPCL-NML,"Numaligarh Depot Base, Assam",73,342360,601,GATE_VALVE,80.0,900,ASTM A216 WCB,BW,API 600
BPCL-SAP-0002255,BPCL,VLV-BL-DN15-PN100-WCB-BW,CAN-001610,DEPOT-BPCL-MUM,"Mumbai Refinery, Mahul, Maharashtra",144,34320,478,BALL_VALVE,15.0,600,ASTM A216 WCB,BW,API 6D
BPCL-SAP-0002256,BPCL,FLG-WN-DN150-CL300-SS316-RF,CAN-000255,DEPOT-BPCL-MUM,"Mumbai Refinery, Mahul, Maharashtra",0,125890,0,FLANGE_WELD_NECK,150.0,300,ASTM A182 F316,RF,ASME B16.5
BPCL-SAP-0002257,BPCL,VLV-BL-DN150-PN250-WCB-RF,CAN-001737,DEPOT-BPCL-MUM,"Mumbai Refinery, Mahul, Maharashtra",41,1425670,111,BALL_VALVE,150.0,1500,ASTM A216 WCB,RF,API 6D
BPCL-SAP-0002258,BPCL,FLG-WN-DN100-PN50-A105-RF,CAN-000209,DEPOT-BPCL-KCH,"Kochi Refinery, Kerala",0,23220,0,FLANGE_WELD_NECK,100.0,300,ASTM A105,RF,ASME B16.5
BPCL-SAP-0002259,BPCL,VLV-GL-DN150-CL900-WCB-RF,CAN-001934,DEPOT-BPCL-NML,"Numaligarh Depot Base, Assam",121,1033540,318,GLOBE_VALVE,150.0,900,ASTM A216 WCB,RF,ASME B16.34
BPCL-SAP-0002260,BPCL,VLV-BL-DN200-PN50-WCB-BW,CAN-001746,DEPOT-BPCL-KCH,"Kochi Refinery, Kerala",0,571820,0,BALL_VALVE,200.0,300,ASTM A216 WCB,BW,API 6D
BPCL-SAP-0002261,BPCL,VLV-BL-DN80-PN50-WCB-RF,CAN-001685,DEPOT-BPCL-BIN,"Bina Refinery, Madhya Pradesh",0,173750,0,BALL_VALVE,80.0,300,ASTM A216 WCB,RF,API 6D
BPCL-SAP-0002262,BPCL,BLT-STUD-DN250-CL150-L7-GR7-THRD,CAN-002182,DEPOT-BPCL-BIN,"Bina Refinery, Madhya Pradesh",0,11170,0,STUD_BOLT,250.0,150,ASTM A320 L7 / A194 7,THRD,ASME B18.2.1
BPCL-SAP-0002263,BPCL,VLV-GT-DN300-CL300-WCB-BW,CAN-001555,DEPOT-BPCL-MUM,"Mumbai Refinery, Mahul, Maharashtra",17,792550,105,GATE_VALVE,300.0,300,ASTM A216 WCB,BW,API 600
BPCL-SAP-0002264,BPCL,FLG-WN-DN15-CL150-SS304-RTJ,CAN-000006,DEPOT-BPCL-MUM,"Mumbai Refinery, Mahul, Maharashtra",0,2710,0,FLANGE_WELD_NECK,15.0,150,ASTM A182 F304,RTJ,ASME B16.5
BPCL-SAP-0002265,BPCL,FLG-BLD-DN15-PN250-A105-RF,CAN-000425,DEPOT-BPCL-BIN,"Bina Refinery, Madhya Pradesh",110,5840,720,FLANGE_BLIND,15.0,1500,ASTM A105,RF,ASME B16.5
BPCL-SAP-0002266,BPCL,FLG-BLD-DN80-PN20-A105-RF,CAN-000521,DEPOT-BPCL-BIN,"Bina Refinery, Madhya Pradesh",40,8160,18,FLANGE_BLIND,80.0,150,ASTM A105,RF,ASME B16.5
BPCL-SAP-0002267,BPCL,VLV-BL-DN250-PN150-WCB-BW,CAN-001774,DEPOT-BPCL-BIN,"Bina Refinery, Madhya Pradesh",5,1840530,86,BALL_VALVE,250.0,900,ASTM A216 WCB,BW,API 6D
BPCL-SAP-0002268,BPCL,FLG-SO-DN80-PN20-SS316-RF,CAN-000825,DEPOT-BPCL-NML,"Numaligarh Depot Base, Assam",24,23220,68,FLANGE_SLIP_ON,80.0,150,ASTM A182 F316,RF,ASME B16.5
BPCL-SAP-0002269,BPCL,FLG-SO-DN200-CL600-SS304-FF,CAN-000926,DEPOT-BPCL-KCH,"Kochi Refinery, Kerala",33,173770,561,FLANGE_SLIP_ON,200.0,600,ASTM A182 F304,FF,ASME B16.5
BPCL-SAP-0002270,BPCL,FLG-SO-DN200-CL600-SS304-FF,CAN-000926,DEPOT-BPCL-NML,"Numaligarh Depot Base, Assam",35,173770,14,FLANGE_SLIP_ON,200.0,600,ASTM A182 F304,FF,ASME B16.5
BPCL-SAP-0002271,BPCL,FLG-WN-DN25-CL150-A105-RF,CAN-000041,DEPOT-BPCL-NML,"Numaligarh Depot Base, Assam",0,2200,0,FLANGE_WELD_NECK,25.0,150,ASTM A105,RF,ASME B16.5
BPCL-SAP-0002272,BPCL,FLG-WN-DN40-CL900-A350LF2-RTJ,CAN-000108,DEPOT-BPCL-MUM,"Mumbai Refinery, Mahul, Maharashtra",120,27190,186,FLANGE_WELD_NECK,40.0,900,ASTM A350 LF2,RTJ,ASME B16.5
BPCL-SAP-0002273,BPCL,FLG-BLD-DN300-PN100-SS316-RTJ,CAN-000688,DEPOT-BPCL-BIN,"Bina Refinery, Madhya Pradesh",30,441570,23,FLANGE_BLIND,300.0,600,ASTM A182 F316,RTJ,ASME B16.5
BPCL-SAP-0002274,BPCL,FLG-WN-DN25-CL900-SS304-RF,CAN-000069,DEPOT-BPCL-MUM,"Mumbai Refinery, Mahul, Maharashtra",0,22130,0,FLANGE_WELD_NECK,25.0,900,ASTM A182 F304,RF,ASME B16.5
BPCL-SAP-0002275,BPCL,VLV-GL-DN200-PN100-A105-RF,CAN-001951,DEPOT-BPCL-KCH,"Kochi Refinery, Kerala",33,1086110,607,GLOBE_VALVE,200.0,600,ASTM A105,RF,BS 1873
BPCL-SAP-0002276,BPCL,VLV-GT-DN250-CL150-SS316-RF,CAN-001490,DEPOT-BPCL-BIN,"Bina Refinery, Madhya Pradesh",130,1149270,236,GATE_VALVE,250.0,150,ASTM A182 F316,RF,API 6D
BPCL-SAP-0002277,BPCL,BLT-STUD-DN200-PN100-L7-GR7-THRD,CAN-002176,DEPOT-BPCL-BIN,"Bina Refinery, Madhya Pradesh",0,25340,0,STUD_BOLT,200.0,600,ASTM A320 L7 / A194 7,THRD,ASME B18.2.1
BPCL-SAP-0002278,BPCL,GSKT-SW-DN40-CL150-SS316-GR-RF,CAN-002021,DEPOT-BPCL-MUM,"Mumbai Refinery, Mahul, Maharashtra",112,3830,561,SPIRAL_WOUND_GASKET,40.0,150,SS316 / GRAPHITE,RF,ASME B16.20
BPCL-SAP-0002279,BPCL,FLG-SO-DN15-PN150-A105-FF,CAN-000720,DEPOT-BPCL-NML,"Numaligarh Depot Base, Assam",39,3450,83,FLANGE_SLIP_ON,15.0,900,ASTM A105,FF,ASME B16.5
BPCL-SAP-0002280,BPCL,FLG-WN-DN15-CL300-SS316-RTJ,CAN-000016,DEPOT-BPCL-NML,"Numaligarh Depot Base, Assam",20,6300,84,FLANGE_WELD_NECK,15.0,300,ASTM A182 F316,RTJ,ASME B16.5
BPCL-SAP-0002281,BPCL,GSKT-SW-DN100-CL1500-SS304-GR-RF,CAN-002060,DEPOT-BPCL-BIN,"Bina Refinery, Madhya Pradesh",19,59670,69,SPIRAL_WOUND_GASKET,100.0,1500,SS304 / GRAPHITE,RF,ASME B16.20
BPCL-SAP-0002282,BPCL,FLG-WN-DN300-CL150-SS316-RF,CAN-000367,DEPOT-BPCL-MUM,"Mumbai Refinery, Mahul, Maharashtra",103,178030,336,FLANGE_WELD_NECK,300.0,150,ASTM A182 F316,RF,ASME B16.5
BPCL-SAP-0002283,BPCL,FLG-WN-DN300-CL600-SS316-RTJ,CAN-000384,DEPOT-BPCL-NML,"Numaligarh Depot Base, Assam",24,539700,307,FLANGE_WELD_NECK,300.0,600,ASTM A182 F316,RTJ,ASME B16.5
BPCL-SAP-0002284,BPCL,BLT-STUD-DN50-CL900-L7-GR7-THRD,CAN-002138,DEPOT-BPCL-NML,"Numaligarh Depot Base, Assam",22,5780,73,STUD_BOLT,50.0,900,ASTM A320 L7 / A194 7,THRD,ASME B18.2.1
BPCL-SAP-0002285,BPCL,FLG-WN-DN50-CL150-A105-RF,CAN-000121,DEPOT-BPCL-BIN,"Bina Refinery, Madhya Pradesh",0,5410,0,FLANGE_WELD_NECK,50.0,150,ASTM A105,RF,ASME B16.5
BPCL-SAP-0002286,BPCL,VLV-GT-DN80-PN20-A105-BW,CAN-001248,DEPOT-BPCL-KCH,"Kochi Refinery, Kerala",0,81650,0,GATE_VALVE,80.0,150,ASTM A105,BW,API 6D
BPCL-SAP-0002287,BPCL,FLG-WN-DN80-CL300-A105-RTJ,CAN-000170,DEPOT-BPCL-MUM,"Mumbai Refinery, Mahul, Maharashtra",0,17370,0,FLANGE_WELD_NECK,80.0,300,ASTM A105,RTJ,ASME B16.5
BPCL-SAP-0002288,BPCL,FLG-SO-DN100-PN20-SS304-FF,CAN-000854,DEPOT-BPCL-KCH,"Kochi Refinery, Kerala",0,23280,0,FLANGE_SLIP_ON,100.0,150,ASTM A182 F304,FF,ASME B16.5
BPCL-SAP-0002289,BPCL,FLG-BLD-DN150-PN250-A350LF2-RTJ,CAN-000608,DEPOT-BPCL-MUM,"Mumbai Refinery, Mahul, Maharashtra",83,186630,187,FLANGE_BLIND,150.0,1500,ASTM A350 LF2,RTJ,ASME B16.5
BPCL-SAP-0002290,BPCL,VLV-BL-DN50-PN150-WCB-BW,CAN-001674,DEPOT-BPCL-KCH,"Kochi Refinery, Kerala",0,227130,0,BALL_VALVE,50.0,900,ASTM A216 WCB,BW,API 6D
BPCL-SAP-0002291,BPCL,FLG-SO-DN100-CL1500-SS304-RF,CAN-000877,DEPOT-BPCL-KCH,"Kochi Refinery, Kerala",0,146890,0,FLANGE_SLIP_ON,100.0,1500,ASTM A182 F304,RF,ASME B16.5
BPCL-SAP-0002292,BPCL,GSKT-SW-DN150-PN20-SS304-GR-RF,CAN-002062,DEPOT-BPCL-MUM,"Mumbai Refinery, Mahul, Maharashtra",0,16020,0,SPIRAL_WOUND_GASKET,150.0,150,SS304 / GRAPHITE,RF,ASME B16.20
BPCL-SAP-0002293,BPCL,FLG-BLD-DN50-CL900-A105-RF,CAN-000509,DEPOT-BPCL-KCH,"Kochi Refinery, Kerala",66,18580,707,FLANGE_BLIND,50.0,900,ASTM A105,RF,ASME B16.5
BPCL-SAP-0002294,BPCL,FLG-SO-DN80-PN100-SS304-RF,CAN-000835,DEPOT-BPCL-KCH,"Kochi Refinery, Kerala",126,52800,507,FLANGE_SLIP_ON,80.0,600,ASTM A182 F304,RF,ASME B16.5
BPCL-SAP-0002295,BPCL,FLG-BLD-DN250-PN20-SS316-RF,CAN-000645,DEPOT-BPCL-NML,"Numaligarh Depot Base, Assam",39,114920,14,FLANGE_BLIND,250.0,150,ASTM A182 F316,RF,ASME B16.5
BPCL-SAP-0002296,BPCL,VLV-GL-DN300-PN100-WCB-RF,CAN-001990,DEPOT-BPCL-BIN,"Bina Refinery, Madhya Pradesh",30,1839900,212,GLOBE_VALVE,300.0,600,ASTM A216 WCB,RF,ASME B16.34
BPCL-SAP-0002297,BPCL,GSKT-SW-DN300-CL900-SS304-GR-RF,CAN-002098,DEPOT-BPCL-BIN,"Bina Refinery, Madhya Pradesh",109,165410,400,SPIRAL_WOUND_GASKET,300.0,900,SS304 / GRAPHITE,RF,ASME B16.20
BPCL-SAP-0002298,BPCL,FLG-BLD-DN15-PN150-A105-RF,CAN-000419,DEPOT-BPCL-BIN,"Bina Refinery, Madhya Pradesh",28,3880,120,FLANGE_BLIND,15.0,900,ASTM A105,RF,ASME B16.5
BPCL-SAP-0002299,BPCL,FLG-WN-DN15-PN100-A105-RTJ,CAN-000018,DEPOT-BPCL-MUM,"Mumbai Refinery, Mahul, Maharashtra",89,3430,406,FLANGE_WELD_NECK,15.0,600,ASTM A105,RTJ,ASME B16.5
BPCL-SAP-0002300,BPCL,VLV-GT-DN15-PN150-SS316-RF,CAN-001046,DEPOT-BPCL-BIN,"Bina Refinery, Madhya Pradesh",11,124310,81,GATE_VALVE,15.0,900,ASTM A182 F316,RF,API 6D
BPCL-SAP-0002301,BPCL,VLV-GT-DN250-PN150-A105-RF,CAN-001521,DEPOT-BPCL-NML,"Numaligarh Depot Base, Assam",50,1505890,112,GATE_VALVE,250.0,900,ASTM A105,RF,API 600
BPCL-SAP-0002302,BPCL,FLG-WN-DN150-CL900-A350LF2-RF,CAN-000267,DEPOT-BPCL-MUM,"Mumbai Refinery, Mahul, Maharashtra",49,151580,535,FLANGE_WELD_NECK,150.0,900,ASTM A350 LF2,RF,ASME B16.5
BPCL-SAP-0002303,BPCL,VLV-BL-DN200-PN50-SS316-RF,CAN-001747,DEPOT-BPCL-MUM,"Mumbai Refinery, Mahul, Maharashtra",89,1829840,617,BALL_VALVE,200.0,300,ASTM A182 F316,RF,API 6D
BPCL-SAP-0002304,BPCL,FLG-BLD-DN250-PN50-A350LF2-RTJ,CAN-000650,DEPOT-BPCL-BIN,"Bina Refinery, Madhya Pradesh",34,100040,21,FLANGE_BLIND,250.0,300,ASTM A350 LF2,RTJ,ASME B16.5
BPCL-SAP-0002305,BPCL,VLV-GT-DN15-CL300-SS316-BW,CAN-001024,DEPOT-BPCL-NML,"Numaligarh Depot Base, Assam",126,51620,324,GATE_VALVE,15.0,300,ASTM A182 F316,BW,API 6D
BPCL-SAP-0002306,BPCL,VLV-BL-DN25-PN50-WCB-RF,CAN-001625,DEPOT-BPCL-NML,"Numaligarh Depot Base, Assam",40,38300,56,BALL_VALVE,25.0,300,ASTM A216 WCB,RF,API 6D
BPCL-SAP-0002307,BPCL,FLG-WN-DN40-CL600-SS304-RTJ,CAN-000102,DEPOT-BPCL-BIN,"Bina Refinery, Madhya Pradesh",20,29480,109,FLANGE_WELD_NECK,40.0,600,ASTM A182 F304,RTJ,ASME B16.5
BPCL-SAP-0002308,BPCL,VLV-BL-DN50-PN250-WCB-BW,CAN-001678,DEPOT-BPCL-NML,"Numaligarh Depot Base, Assam",0,341790,0,BALL_VALVE,50.0,1500,ASTM A216 WCB,BW,API 6D
BPCL-SAP-0002309,BPCL,VLV-GT-DN100-PN100-A105-RF,CAN-001329,DEPOT-BPCL-NML,"Numaligarh Depot Base, Assam",28,330820,87,GATE_VALVE,100.0,600,ASTM A105,RF,API 600
BPCL-SAP-0002310,BPCL,VLV-GT-DN150-PN150-A105-RF,CAN-001402,DEPOT-BPCL-BIN,"Bina Refinery, Madhya Pradesh",7,775150,31,GATE_VALVE,150.0,900,ASTM A105,RF,API 6D
BPCL-SAP-0002311,BPCL,FLG-SO-DN50-PN50-A105-RF,CAN-000797,DEPOT-BPCL-BIN,"Bina Refinery, Madhya Pradesh",13,6850,39,FLANGE_SLIP_ON,50.0,300,ASTM A105,RF,ASME B16.5
BPCL-SAP-0002312,BPCL,VLV-GT-DN50-PN150-WCB-BW,CAN-001219,DEPOT-BPCL-MUM,"Mumbai Refinery, Mahul, Maharashtra",66,185830,368,GATE_VALVE,50.0,900,ASTM A216 WCB,BW,API 600
BPCL-SAP-0002313,BPCL,VLV-GT-DN100-CL300-WCB-BW,CAN-001316,DEPOT-BPCL-BIN,"Bina Refinery, Madhya Pradesh",24,190000,88,GATE_VALVE,100.0,300,ASTM A216 WCB,BW,API 6D
BPCL-SAP-0002314,BPCL,VLV-GT-DN300-PN50-SS316-RF,CAN-001562,DEPOT-BPCL-NML,"Numaligarh Depot Base, Assam",0,2536190,0,GATE_VALVE,300.0,300,ASTM A182 F316,RF,API 6D
BPCL-SAP-0002315,BPCL,FLG-WN-DN15-CL300-SS304-RF,CAN-000013,DEPOT-BPCL-KCH,"Kochi Refinery, Kerala",19,4730,61,FLANGE_WELD_NECK,15.0,300,ASTM A182 F304,RF,ASME B16.5
BPCL-SAP-0002316,BPCL,VLV-GL-DN25-CL300-A105-RF,CAN-001827,DEPOT-BPCL-BIN,"Bina Refinery, Madhya Pradesh",8,41780,94,GLOBE_VALVE,25.0,300,ASTM A105,RF,BS 1873
BPCL-SAP-0002317,BPCL,VLV-BL-DN300-CL600-SS316-RF,CAN-001791,DEPOT-BPCL-KCH,"Kochi Refinery, Kerala",0,5397040,0,BALL_VALVE,300.0,600,ASTM A182 F316,RF,API 6D
BPCL-SAP-0002318,BPCL,FLG-SO-DN150-PN250-SS316-RF,CAN-000909,DEPOT-BPCL-MUM,"Mumbai Refinery, Mahul, Maharashtra",9,331790,96,FLANGE_SLIP_ON,150.0,1500,ASTM A182 F316,RF,ASME B16.5
BPCL-SAP-0002319,BPCL,FLG-SO-DN300-PN20-A105-RF,CAN-000971,DEPOT-BPCL-BIN,"Bina Refinery, Madhya Pradesh",11,40460,66,FLANGE_SLIP_ON,300.0,150,ASTM A105,RF,ASME B16.5
BPCL-SAP-0002320,BPCL,VLV-BL-DN250-PN250-SS316-RF,CAN-001779,DEPOT-BPCL-KCH,"Kochi Refinery, Kerala",23,8862830,70,BALL_VALVE,250.0,1500,ASTM A182 F316,RF,API 6D
BPCL-SAP-0002321,BPCL,VLV-GT-DN150-CL900-A105-BW,CAN-001403,DEPOT-BPCL-BIN,"Bina Refinery, Madhya Pradesh",41,775150,110,GATE_VALVE,150.0,900,ASTM A105,BW,API 600
BPCL-SAP-0002322,BPCL,FLG-WN-DN250-CL900-A350LF2-RF,CAN-000347,DEPOT-BPCL-KCH,"Kochi Refinery, Kerala",78,294480,292,FLANGE_WELD_NECK,250.0,900,ASTM A350 LF2,RF,ASME B16.5
BPCL-SAP-0002323,BPCL,FLG-SO-DN200-PN50-A105-FF,CAN-000918,DEPOT-BPCL-NML,"Numaligarh Depot Base, Assam",0,41580,0,FLANGE_SLIP_ON,200.0,300,ASTM A105,FF,ASME B16.5
BPCL-SAP-0002324,BPCL,FLG-BLD-DN50-PN50-A105-RF,CAN-000497,DEPOT-BPCL-NML,"Numaligarh Depot Base, Assam",15,7710,54,FLANGE_BLIND,50.0,300,ASTM A105,RF,ASME B16.5
BPCL-SAP-0002325,BPCL,VLV-GT-DN100-PN50-WCB-BW,CAN-001316,DEPOT-BPCL-BIN,"Bina Refinery, Madhya Pradesh",38,190000,114,GATE_VALVE,100.0,300,ASTM A216 WCB,BW,API 6D
BPCL-SAP-0002326,BPCL,FLG-WN-DN80-CL900-SS316-RTJ,CAN-000192,DEPOT-BPCL-KCH,"Kochi Refinery, Kerala",0,133900,0,FLANGE_WELD_NECK,80.0,900,ASTM A182 F316,RTJ,ASME B16.5
BPCL-SAP-0002327,BPCL,VLV-BL-DN200-PN250-SS316-BW,CAN-001760,DEPOT-BPCL-BIN,"Bina Refinery, Madhya Pradesh",48,6631160,73,BALL_VALVE,200.0,1500,ASTM A182 F316,BW,API 6D
BPCL-SAP-0002328,BPCL,FLG-BLD-DN80-CL150-SS316-RF,CAN-000525,DEPOT-BPCL-NML,"Numaligarh Depot Base, Assam",22,26120,13,FLANGE_BLIND,80.0,150,ASTM A182 F316,RF,ASME B16.5
BPCL-SAP-0002329,BPCL,FLG-BLD-DN15-PN20-A105-RF,CAN-000401,DEPOT-BPCL-KCH,"Kochi Refinery, Kerala",14,920,83,FLANGE_BLIND,15.0,150,ASTM A105,RF,ASME B16.5
BPCL-SAP-0002330,BPCL,FLG-WN-DN150-PN20-A105-RF,CAN-000241,DEPOT-BPCL-MUM,"Mumbai Refinery, Mahul, Maharashtra",108,22590,597,FLANGE_WELD_NECK,150.0,150,ASTM A105,RF,ASME B16.5
BPCL-SAP-0002331,BPCL,VLV-GT-DN200-CL300-WCB-BW,CAN-001435,DEPOT-BPCL-NML,"Numaligarh Depot Base, Assam",8,467850,59,GATE_VALVE,200.0,300,ASTM A216 WCB,BW,API 600
BPCL-SAP-0002332,BPCL,FLG-WN-DN25-CL600-SS304-RTJ,CAN-000062,DEPOT-BPCL-KCH,"Kochi Refinery, Kerala",87,16000,332,FLANGE_WELD_NECK,25.0,600,ASTM A182 F304,RTJ,ASME B16.5
BPCL-SAP-0002333,BPCL,VLV-GT-DN300-CL150-SS316-RF,CAN-001550,DEPOT-BPCL-MUM,"Mumbai Refinery, Mahul, Maharashtra",43,1456650,50,GATE_VALVE,300.0,150,ASTM A182 F316,RF,API 6D
BPCL-SAP-0002334,BPCL,VLV-BL-DN250-CL900-WCB-BW,CAN-001774,DEPOT-BPCL-BIN,"Bina Refinery, Madhya Pradesh",0,1840530,0,BALL_VALVE,250.0,900,ASTM A216 WCB,BW,API 6D
BPCL-SAP-0002335,BPCL,BLT-STUD-DN50-PN250-L7-GR7-THRD,CAN-002140,DEPOT-BPCL-KCH,"Kochi Refinery, Kerala",28,8700,26,STUD_BOLT,50.0,1500,ASTM A320 L7 / A194 7,THRD,ASME B18.2.1
BPCL-SAP-0002336,BPCL,VLV-BL-DN150-PN20-SS316-BW,CAN-001724,DEPOT-BPCL-NML,"Numaligarh Depot Base, Assam",0,723050,0,BALL_VALVE,150.0,150,ASTM A182 F316,BW,API 6D
BPCL-SAP-0002337,BPCL,FLG-SO-DN80-PN50-SS304-RF,CAN-000829,DEPOT-BPCL-MUM,"Mumbai Refinery, Mahul, Maharashtra",0,30320,0,FLANGE_SLIP_ON,80.0,300,ASTM A182 F304,RF,ASME B16.5
BPCL-SAP-0002338,BPCL,BLT-STUD-DN250-PN150-L7-GR7-THRD,CAN-002188,DEPOT-BPCL-MUM,"Mumbai Refinery, Mahul, Maharashtra",8,46840,116,STUD_BOLT,250.0,900,ASTM A320 L7 / A194 7,THRD,ASME B18.2.1
BPCL-SAP-0002339,BPCL,FLG-WN-DN40-PN250-SS316-RTJ,CAN-000120,DEPOT-BPCL-NML,"Numaligarh Depot Base, Assam",12,81830,48,FLANGE_WELD_NECK,40.0,1500,ASTM A182 F316,RTJ,ASME B16.5
BPCL-SAP-0002340,BPCL,FLG-SO-DN200-CL150-A105-FF,CAN-000912,DEPOT-BPCL-KCH,"Kochi Refinery, Kerala",146,23880,537,FLANGE_SLIP_ON,200.0,150,ASTM A105,FF,ASME B16.5
BPCL-SAP-0002341,BPCL,VLV-BL-DN25-PN150-WCB-BW,CAN-001634,DEPOT-BPCL-MUM,"Mumbai Refinery, Mahul, Maharashtra",0,92240,0,BALL_VALVE,25.0,900,ASTM A216 WCB,BW,API 6D
BPCL-SAP-0002342,BPCL,FLG-WN-DN25-CL150-SS316-RTJ,CAN-000048,DEPOT-BPCL-MUM,"Mumbai Refinery, Mahul, Maharashtra",48,7040,23,FLANGE_WELD_NECK,25.0,150,ASTM A182 F316,RTJ,ASME B16.5
BPCL-SAP-0002343,BPCL,FLG-BLD-DN250-CL300-A350LF2-RF,CAN-000649,DEPOT-BPCL-BIN,"Bina Refinery, Madhya Pradesh",109,100040,665,FLANGE_BLIND,250.0,300,ASTM A350 LF2,RF,ASME B16.5
BPCL-SAP-0002344,BPCL,FLG-WN-DN300-CL300-A105-RF,CAN-000369,DEPOT-BPCL-NML,"Numaligarh Depot Base, Assam",38,96860,44,FLANGE_WELD_NECK,300.0,300,ASTM A105,RF,ASME B16.5
BPCL-SAP-0002345,BPCL,FLG-BLD-DN15-CL1500-A105-RTJ,CAN-000426,DEPOT-BPCL-MUM,"Mumbai Refinery, Mahul, Maharashtra",0,5840,0,FLANGE_BLIND,15.0,1500,ASTM A105,RTJ,ASME B16.5
BPCL-SAP-0002346,BPCL,VLV-GL-DN200-CL150-A105-RF,CAN-001944,DEPOT-BPCL-NML,"Numaligarh Depot Base, Assam",5,358280,89,GLOBE_VALVE,200.0,150,ASTM A105,RF,ASME B16.34
BPCL-SAP-0002347,BPCL,FLG-SO-DN250-CL1500-SS316-RF,CAN-000969,DEPOT-BPCL-MUM,"Mumbai Refinery, Mahul, Maharashtra",35,644560,92,FLANGE_SLIP_ON,250.0,1500,ASTM A182 F316,RF,ASME B16.5
BPCL-SAP-0002348,BPCL,FLG-BLD-DN200-CL900-SS316-RF,CAN-000633,DEPOT-BPCL-BIN,"Bina Refinery, Madhya Pradesh",46,360540,499,FLANGE_BLIND,200.0,900,ASTM A182 F316,RF,ASME B16.5
BPCL-SAP-0002349,BPCL,VLV-GT-DN200-PN150-A105-RF,CAN-001462,DEPOT-BPCL-MUM,"Mumbai Refinery, Mahul, Maharashtra",49,1126700,93,GATE_VALVE,200.0,900,ASTM A105,RF,API 6D
BPCL-SAP-0002350,BPCL,VLV-GT-DN80-CL600-SS316-BW,CAN-001276,DEPOT-BPCL-KCH,"Kochi Refinery, Kerala",18,792070,59,GATE_VALVE,80.0,600,ASTM A182 F316,BW,API 6D
BPCL-SAP-0002351,BPCL,FLG-SO-DN50-PN100-SS316-FF,CAN-000808,DEPOT-BPCL-NML,"Numaligarh Depot Base, Assam",0,38210,0,FLANGE_SLIP_ON,50.0,600,ASTM A182 F316,FF,ASME B16.5
BPCL-SAP-0002352,BPCL,FLG-WN-DN80-CL900-A350LF2-RTJ,CAN-000188,DEPOT-BPCL-MUM,"Mumbai Refinery, Mahul, Maharashtra",32,66950,727,FLANGE_WELD_NECK,80.0,900,ASTM A350 LF2,RTJ,ASME B16.5
BPCL-SAP-0002353,BPCL,FLG-SO-DN25-CL300-SS316-FF,CAN-000742,DEPOT-BPCL-MUM,"Mumbai Refinery, Mahul, Maharashtra",39,8910,49,FLANGE_SLIP_ON,25.0,300,ASTM A182 F316,FF,ASME B16.5
BPCL-SAP-0002354,BPCL,FLG-WN-DN250-PN50-SS304-RF,CAN-000333,DEPOT-BPCL-NML,"Numaligarh Depot Base, Assam",70,183420,203,FLANGE_WELD_NECK,250.0,300,ASTM A182 F304,RF,ASME B16.5
BPCL-SAP-0002355,BPCL,VLV-GT-DN300-PN100-A105-RF,CAN-001570,DEPOT-BPCL-MUM,"Mumbai Refinery, Mahul, Maharashtra",6,1379920,110,GATE_VALVE,300.0,600,ASTM A105,RF,API 6D
BPCL-SAP-0002356,BPCL,VLV-GL-DN100-CL150-WCB-RF,CAN-001901,DEPOT-BPCL-NML,"Numaligarh Depot Base, Assam",26,145500,10,GLOBE_VALVE,100.0,150,ASTM A216 WCB,RF,BS 1873
BPCL-SAP-0002357,BPCL,VLV-GT-DN150-CL300-WCB-RF,CAN-001373,DEPOT-BPCL-MUM,"Mumbai Refinery, Mahul, Maharashtra",5,321870,43,GATE_VALVE,150.0,300,ASTM A216 WCB,RF,API 600
BPCL-SAP-0002358,BPCL,VLV-GT-DN100-CL1500-SS316-BW,CAN-001360,DEPOT-BPCL-MUM,"Mumbai Refinery, Mahul, Maharashtra",44,2203430,16,GATE_VALVE,100.0,1500,ASTM A182 F316,BW,API 6D
BPCL-SAP-0002359,BPCL,VLV-GL-DN25-PN250-A105-RF,CAN-001840,DEPOT-BPCL-NML,"Numaligarh Depot Base, Assam",0,151420,0,GLOBE_VALVE,25.0,1500,ASTM A105,RF,ASME B16.34
BPCL-SAP-0002360,BPCL,VLV-GT-DN250-CL900-SS316-BW,CAN-001528,DEPOT-BPCL-KCH,"Kochi Refinery, Kerala",29,4818850,40,GATE_VALVE,250.0,900,ASTM A182 F316,BW,API 6D
BPCL-SAP-0002361,BPCL,VLV-GT-DN250-PN20-SS316-BW,CAN-001491,DEPOT-BPCL-KCH,"Kochi Refinery, Kerala",136,1149270,367,GATE_VALVE,250.0,150,ASTM A182 F316,BW,API 600
BPCL-SAP-0002362,BPCL,FLG-SO-DN40-CL150-SS316-FF,CAN-000766,DEPOT-BPCL-NML,"Numaligarh Depot Base, Assam",0,9430,0,FLANGE_SLIP_ON,40.0,150,ASTM A182 F316,FF,ASME B16.5
BPCL-SAP-0002363,BPCL,FLG-SO-DN100-PN100-SS316-RF,CAN-000867,DEPOT-BPCL-BIN,"Bina Refinery, Madhya Pradesh",0,94100,0,FLANGE_SLIP_ON,100.0,600,ASTM A182 F316,RF,ASME B16.5
BPCL-SAP-0002364,BPCL,FLG-WN-DN150-PN150-SS304-RF,CAN-000269,DEPOT-BPCL-KCH,"Kochi Refinery, Kerala",118,227370,225,FLANGE_WELD_NECK,150.0,900,ASTM A182 F304,RF,ASME B16.5
BPCL-SAP-0002365,BPCL,VLV-GT-DN40-CL900-WCB-BW,CAN-001160,DEPOT-BPCL-MUM,"Mumbai Refinery, Mahul, Maharashtra",19,139040,55,GATE_VALVE,40.0,900,ASTM A216 WCB,BW,API 6D
BPCL-SAP-0002366,BPCL,GSKT-SW-DN200-CL900-SS316-GR-RF,CAN-002077,DEPOT-BPCL-KCH,"Kochi Refinery, Kerala",0,130190,0,SPIRAL_WOUND_GASKET,200.0,900,SS316 / GRAPHITE,RF,ASME B16.20
BPCL-SAP-0002367,BPCL,VLV-GT-DN40-PN100-A105-RF,CAN-001150,DEPOT-BPCL-BIN,"Bina Refinery, Madhya Pradesh",18,100520,16,GATE_VALVE,40.0,600,ASTM A105,RF,API 6D
BPCL-SAP-0002368,BPCL,VLV-GT-DN300-PN20-A105-BW,CAN-001547,DEPOT-BPCL-BIN,"Bina Refinery, Madhya Pradesh",139,455200,374,GATE_VALVE,300.0,150,ASTM A105,BW,API 600
BPCL-SAP-0002369,BPCL,VLV-GL-DN40-PN250-WCB-RF,CAN-001857,DEPOT-BPCL-BIN,"Bina Refinery, Madhya Pradesh",0,278970,0,GLOBE_VALVE,40.0,1500,ASTM A216 WCB,RF,BS 1873
BPCL-SAP-0002370,BPCL,VLV-GT-DN40-PN100-SS316-RF,CAN-001154,DEPOT-BPCL-BIN,"Bina Refinery, Madhya Pradesh",131,321680,483,GATE_VALVE,40.0,600,ASTM A182 F316,RF,API 6D
BPCL-SAP-0002371,BPCL,VLV-BL-DN250-CL900-SS316-BW,CAN-001776,DEPOT-BPCL-MUM,"Mumbai Refinery, Mahul, Maharashtra",8,5889700,101,BALL_VALVE,250.0,900,ASTM A182 F316,BW,API 6D
BPCL-SAP-0002372,BPCL,FLG-WN-DN150-CL300-SS304-RTJ,CAN-000254,DEPOT-BPCL-NML,"Numaligarh Depot Base, Assam",0,94410,0,FLANGE_WELD_NECK,150.0,300,ASTM A182 F304,RTJ,ASME B16.5
BPCL-SAP-0002373,BPCL,VLV-BL-DN300-CL900-SS316-RF,CAN-001795,DEPOT-BPCL-MUM,"Mumbai Refinery, Mahul, Maharashtra",42,7464990,444,BALL_VALVE,300.0,900,ASTM A182 F316,RF,API 6D
BPCL-SAP-0002374,BPCL,VLV-GT-DN50-PN150-WCB-BW,CAN-001219,DEPOT-BPCL-KCH,"Kochi Refinery, Kerala",0,185830,0,GATE_VALVE,50.0,900,ASTM A216 WCB,BW,API 600
BPCL-SAP-0002375,BPCL,FLG-BLD-DN80-PN250-SS316-RF,CAN-000549,DEPOT-BPCL-BIN,"Bina Refinery, Madhya Pradesh",0,164860,0,FLANGE_BLIND,80.0,1500,ASTM A182 F316,RF,ASME B16.5
BPCL-SAP-0002376,BPCL,VLV-GT-DN15-CL1500-WCB-BW,CAN-001051,DEPOT-BPCL-MUM,"Mumbai Refinery, Mahul, Maharashtra",131,58460,555,GATE_VALVE,15.0,1500,ASTM A216 WCB,BW,API 600
BPCL-SAP-0002377,BPCL,FLG-WN-DN100-PN250-A105-RF,CAN-000233,DEPOT-BPCL-MUM,"Mumbai Refinery, Mahul, Maharashtra",60,84150,549,FLANGE_WELD_NECK,100.0,1500,ASTM A105,RF,ASME B16.5
BPCL-SAP-0002378,BPCL,VLV-GL-DN100-PN50-WCB-RF,CAN-001905,DEPOT-BPCL-KCH,"Kochi Refinery, Kerala",7,253340,62,GLOBE_VALVE,100.0,300,ASTM A216 WCB,RF,BS 1873
BPCL-SAP-0002379,BPCL,FLG-WN-DN150-CL300-A105-RTJ,CAN-000250,DEPOT-BPCL-KCH,"Kochi Refinery, Kerala",0,39340,0,FLANGE_WELD_NECK,150.0,300,ASTM A105,RTJ,ASME B16.5
BPCL-SAP-0002380,BPCL,FLG-WN-DN50-PN150-A350LF2-RF,CAN-000147,DEPOT-BPCL-KCH,"Kochi Refinery, Kerala",34,36340,87,FLANGE_WELD_NECK,50.0,900,ASTM A350 LF2,RF,ASME B16.5
BPCL-SAP-0002381,BPCL,FLG-WN-DN250-PN250-SS304-RTJ,CAN-000358,DEPOT-BPCL-KCH,"Kochi Refinery, Kerala",43,664710,50,FLANGE_WELD_NECK,250.0,1500,ASTM A182 F304,RTJ,ASME B16.5
BPCL-SAP-0002382,BPCL,FLG-BLD-DN100-PN250-SS316-RF,CAN-000579,DEPOT-BPCL-BIN,"Bina Refinery, Madhya Pradesh",40,220340,82,FLANGE_BLIND,100.0,1500,ASTM A182 F316,RF,ASME B16.5
BPCL-SAP-0002383,BPCL,FLG-WN-DN250-CL900-A105-RTJ,CAN-000346,DEPOT-BPCL-BIN,"Bina Refinery, Madhya Pradesh",0,184050,0,FLANGE_WELD_NECK,250.0,900,ASTM A105,RTJ,ASME B16.5
BPCL-SAP-0002384,BPCL,VLV-GT-DN300-PN20-WCB-BW,CAN-001544,DEPOT-BPCL-NML,"Numaligarh Depot Base, Assam",43,455200,44,GATE_VALVE,300.0,150,ASTM A216 WCB,BW,API 6D
BPCL-SAP-0002385,BPCL,VLV-GT-DN25-PN150-A105-RF,CAN-001102,DEPOT-BPCL-NML,"Numaligarh Depot Base, Assam",28,75470,50,GATE_VALVE,25.0,900,ASTM A105,RF,API 6D
BPCL-SAP-0002386,BPCL,BLT-STUD-DN250-CL900-B7-2H-THRD,CAN-002187,DEPOT-BPCL-BIN,"Bina Refinery, Madhya Pradesh",71,29280,728,STUD_BOLT,250.0,900,ASTM A193 B7 / A194 2H,THRD,ASME B18.2.1
BPCL-SAP-0002387,BPCL,VLV-GL-DN200-CL600-A105-RF,CAN-001952,DEPOT-BPCL-NML,"Numaligarh Depot Base, Assam",27,1086110,108,GLOBE_VALVE,200.0,600,ASTM A105,RF,ASME B16.34
BPCL-SAP-0002388,BPCL,BLT-STUD-DN40-PN100-L7-GR7-THRD,CAN-002126,DEPOT-BPCL-KCH,"Kochi Refinery, Kerala",0,3120,0,STUD_BOLT,40.0,600,ASTM A320 L7 / A194 7,THRD,ASME B18.2.1
BPCL-SAP-0002389,BPCL,FLG-SO-DN250-CL1500-SS304-FF,CAN-000968,DEPOT-BPCL-KCH,"Kochi Refinery, Kerala",0,483420,0,FLANGE_SLIP_ON,250.0,1500,ASTM A182 F304,FF,ASME B16.5
BPCL-SAP-0002390,BPCL,FLG-WN-DN80-CL150-A350LF2-RTJ,CAN-000164,DEPOT-BPCL-KCH,"Kochi Refinery, Kerala",49,15960,76,FLANGE_WELD_NECK,80.0,150,ASTM A350 LF2,RTJ,ASME B16.5
BPCL-SAP-0002391,BPCL,VLV-GT-DN250-PN20-WCB-RF,CAN-001481,DEPOT-BPCL-KCH,"Kochi Refinery, Kerala",48,359140,110,GATE_VALVE,250.0,150,ASTM A216 WCB,RF,API 600
BPCL-SAP-0002392,BPCL,FLG-BLD-DN25-CL900-A105-RF,CAN-000449,DEPOT-BPCL-MUM,"Mumbai Refinery, Mahul, Maharashtra",37,7540,37,FLANGE_BLIND,25.0,900,ASTM A105,RF,ASME B16.5
BPCL-SAP-0002393,BPCL,FLG-WN-DN80-PN20-A350LF2-RTJ,CAN-000164,DEPOT-BPCL-BIN,"Bina Refinery, Madhya Pradesh",26,15960,106,FLANGE_WELD_NECK,80.0,150,ASTM A350 LF2,RTJ,ASME B16.5
BPCL-SAP-0002394,BPCL,VLV-BL-DN25-PN100-SS316-RF,CAN-001631,DEPOT-BPCL-BIN,"Bina Refinery, Madhya Pradesh",38,213410,101,BALL_VALVE,25.0,600,ASTM A182 F316,RF,API 6D
BPCL-SAP-0002395,BPCL,VLV-GL-DN250-PN100-A105-RF,CAN-001971,DEPOT-BPCL-NML,"Numaligarh Depot Base, Assam",71,1451640,310,GLOBE_VALVE,250.0,600,ASTM A105,RF,BS 1873
BPCL-SAP-0002396,BPCL,VLV-GL-DN200-CL300-A105-RF,CAN-001947,DEPOT-BPCL-BIN,"Bina Refinery, Madhya Pradesh",75,623800,216,GLOBE_VALVE,200.0,300,ASTM A105,RF,BS 1873
BPCL-SAP-0002397,BPCL,FLG-BLD-DN150-PN20-A105-RF,CAN-000581,DEPOT-BPCL-KCH,"Kochi Refinery, Kerala",83,18480,527,FLANGE_BLIND,150.0,150,ASTM A105,RF,ASME B16.5
BPCL-SAP-0002398,BPCL,VLV-GT-DN80-CL300-SS316-RF,CAN-001262,DEPOT-BPCL-MUM,"Mumbai Refinery, Mahul, Maharashtra",36,454920,35,GATE_VALVE,80.0,300,ASTM A182 F316,RF,API 6D
BPCL-SAP-0002399,BPCL,GSKT-SW-DN40-PN250-SS316-GR-RF,CAN-002029,DEPOT-BPCL-BIN,"Bina Refinery, Madhya Pradesh",127,24170,201,SPIRAL_WOUND_GASKET,40.0,1500,SS316 / GRAPHITE,RF,ASME B16.20
BPCL-SAP-0002400,BPCL,VLV-GT-DN250-PN50-SS316-RF,CAN-001502,DEPOT-BPCL-NML,"Numaligarh Depot Base, Assam",58,2000990,441,GATE_VALVE,250.0,300,ASTM A182 F316,RF,API 6D
BPCL-SAP-0002401,BPCL,FLG-SO-DN150-PN20-SS316-FF,CAN-000886,DEPOT-BPCL-BIN,"Bina Refinery, Madhya Pradesh",25,52580,63,FLANGE_SLIP_ON,150.0,150,ASTM A182 F316,FF,ASME B16.5
BPCL-SAP-0002402,BPCL,FLG-SO-DN15-PN50-A105-RF,CAN-000707,DEPOT-BPCL-MUM,"Mumbai Refinery, Mahul, Maharashtra",47,1430,19,FLANGE_SLIP_ON,15.0,300,ASTM A105,RF,ASME B16.5
BPCL-SAP-0002403,BPCL,VLV-GL-DN300-CL600-A105-RF,CAN-001991,DEPOT-BPCL-KCH,"Kochi Refinery, Kerala",61,1839900,363,GLOBE_VALVE,300.0,600,ASTM A105,RF,BS 1873
BPCL-SAP-0002404,BPCL,FLG-BLD-DN300-PN250-SS316-RF,CAN-000699,DEPOT-BPCL-KCH,"Kochi Refinery, Kerala",0,919090,0,FLANGE_BLIND,300.0,1500,ASTM A182 F316,RF,ASME B16.5
BPCL-SAP-0002405,BPCL,FLG-WN-DN40-CL1500-SS304-RTJ,CAN-000118,DEPOT-BPCL-BIN,"Bina Refinery, Madhya Pradesh",0,61370,0,FLANGE_WELD_NECK,40.0,1500,ASTM A182 F304,RTJ,ASME B16.5
BPCL-SAP-0002406,BPCL,FLG-SO-DN40-CL600-SS304-RF,CAN-000775,DEPOT-BPCL-NML,"Numaligarh Depot Base, Assam",19,21440,27,FLANGE_SLIP_ON,40.0,600,ASTM A182 F304,RF,ASME B16.5
BPCL-SAP-0002407,BPCL,VLV-BL-DN25-CL600-WCB-RF,CAN-001629,DEPOT-BPCL-BIN,"Bina Refinery, Madhya Pradesh",45,66690,448,BALL_VALVE,25.0,600,ASTM A216 WCB,RF,API 6D
BPCL-SAP-0002408,BPCL,FLG-WN-DN15-PN50-A350LF2-RF,CAN-000011,DEPOT-BPCL-KCH,"Kochi Refinery, Kerala",19,3150,90,FLANGE_WELD_NECK,15.0,300,ASTM A350 LF2,RF,ASME B16.5
BPCL-SAP-0002409,BPCL,FLG-BLD-DN100-CL300-A350LF2-RTJ,CAN-000560,DEPOT-BPCL-KCH,"Kochi Refinery, Kerala",0,30400,0,FLANGE_BLIND,100.0,300,ASTM A350 LF2,RTJ,ASME B16.5
BPCL-SAP-0002410,BPCL,VLV-GL-DN250-CL300-WCB-RF,CAN-001965,DEPOT-BPCL-KCH,"Kochi Refinery, Kerala",47,833740,524,GLOBE_VALVE,250.0,300,ASTM A216 WCB,RF,BS 1873
BPCL-SAP-0002411,BPCL,VLV-GT-DN200-PN20-SS316-RF,CAN-001429,DEPOT-BPCL-BIN,"Bina Refinery, Madhya Pradesh",44,859880,60,GATE_VALVE,200.0,150,ASTM A182 F316,RF,API 600
BPCL-SAP-0002412,BPCL,VLV-BL-DN200-PN100-WCB-BW,CAN-001750,DEPOT-BPCL-NML,"Numaligarh Depot Base, Assam",37,995600,113,BALL_VALVE,200.0,600,ASTM A216 WCB,BW,API 6D
BPCL-SAP-0002413,BPCL,GSKT-SW-DN100-CL300-SS316-GR-RF,CAN-002053,DEPOT-BPCL-MUM,"Mumbai Refinery, Mahul, Maharashtra",45,21950,55,SPIRAL_WOUND_GASKET,100.0,300,SS316 / GRAPHITE,RF,ASME B16.20
BPCL-SAP-0002414,BPCL,FLG-SO-DN150-PN50-A105-FF,CAN-000888,DEPOT-BPCL-MUM,"Mumbai Refinery, Mahul, Maharashtra",0,28610,0,FLANGE_SLIP_ON,150.0,300,ASTM A105,FF,ASME B16.5
BPCL-SAP-0002415,BPCL,VLV-GL-DN300-PN150-WCB-RF,CAN-001994,DEPOT-BPCL-BIN,"Bina Refinery, Madhya Pradesh",0,2544880,0,GLOBE_VALVE,300.0,900,ASTM A216 WCB,RF,ASME B16.34
BPCL-SAP-0002416,BPCL,VLV-GT-DN15-PN50-WCB-BW,CAN-001016,DEPOT-BPCL-NML,"Numaligarh Depot Base, Assam",0,16130,0,GATE_VALVE,15.0,300,ASTM A216 WCB,BW,API 6D
BPCL-SAP-0002417,BPCL,FLG-SO-DN100-CL150-A105-FF,CAN-000852,DEPOT-BPCL-BIN,"Bina Refinery, Madhya Pradesh",48,9700,15,FLANGE_SLIP_ON,100.0,150,ASTM A105,FF,ASME B16.5
BPCL-SAP-0002418,BPCL,FLG-BLD-DN25-CL900-SS316-RTJ,CAN-000454,DEPOT-BPCL-NML,"Numaligarh Depot Base, Assam",68,24150,268,FLANGE_BLIND,25.0,900,ASTM A182 F316,RTJ,ASME B16.5
BPCL-SAP-0002419,BPCL,VLV-GL-DN150-CL600-WCB-RF,CAN-001930,DEPOT-BPCL-BIN,"Bina Refinery, Madhya Pradesh",41,747230,68,GLOBE_VALVE,150.0,600,ASTM A216 WCB,RF,ASME B16.34
BPCL-SAP-0002420,BPCL,FLG-WN-DN150-CL300-A105-RTJ,CAN-000250,DEPOT-BPCL-KCH,"Kochi Refinery, Kerala",45,39340,542,FLANGE_WELD_NECK,150.0,300,ASTM A105,RTJ,ASME B16.5
BPCL-SAP-0002421,BPCL,VLV-GT-DN200-CL1500-SS316-BW,CAN-001479,DEPOT-BPCL-BIN,"Bina Refinery, Madhya Pradesh",0,5425490,0,GATE_VALVE,200.0,1500,ASTM A182 F316,BW,API 600
BPCL-SAP-0002422,BPCL,FLG-SO-DN300-PN250-A105-RF,CAN-000995,DEPOT-BPCL-NML,"Numaligarh Depot Base, Assam",15,255300,90,FLANGE_SLIP_ON,300.0,1500,ASTM A105,RF,ASME B16.5
BPCL-SAP-0002423,BPCL,VLV-GT-DN40-CL1500-WCB-BW,CAN-001171,DEPOT-BPCL-KCH,"Kochi Refinery, Kerala",104,209230,619,GATE_VALVE,40.0,1500,ASTM A216 WCB,BW,API 600
BPCL-SAP-0002424,BPCL,VLV-GL-DN80-CL300-WCB-RF,CAN-001886,DEPOT-BPCL-KCH,"Kochi Refinery, Kerala",0,189550,0,GLOBE_VALVE,80.0,300,ASTM A216 WCB,RF,ASME B16.34
BPCL-SAP-0002425,BPCL,VLV-GT-DN200-PN150-A105-BW,CAN-001463,DEPOT-BPCL-NML,"Numaligarh Depot Base, Assam",10,1126700,86,GATE_VALVE,200.0,900,ASTM A105,BW,API 600
BPCL-SAP-0002426,BPCL,VLV-GT-DN40-PN100-A105-RF,CAN-001150,DEPOT-BPCL-MUM,"Mumbai Refinery, Mahul, Maharashtra",40,100520,65,GATE_VALVE,40.0,600,ASTM A105,RF,API 6D
BPCL-SAP-0002427,BPCL,VLV-GL-DN25-PN20-A105-RF,CAN-001823,DEPOT-BPCL-NML,"Numaligarh Depot Base, Assam",43,24000,82,GLOBE_VALVE,25.0,150,ASTM A105,RF,BS 1873
BPCL-SAP-0002428,BPCL,FLG-WN-DN80-CL1500-A105-RTJ,CAN-000194,DEPOT-BPCL-MUM,"Mumbai Refinery, Mahul, Maharashtra",51,62960,477,FLANGE_WELD_NECK,80.0,1500,ASTM A105,RTJ,ASME B16.5
BPCL-SAP-0002429,BPCL,FLG-WN-DN250-PN250-SS304-RTJ,CAN-000358,DEPOT-BPCL-NML,"Numaligarh Depot Base, Assam",12,664710,32,FLANGE_WELD_NECK,250.0,1500,ASTM A182 F304,RTJ,ASME B16.5
BPCL-SAP-0002430,BPCL,GSKT-SW-DN150-CL300-SS316-GR-RF,CAN-002063,DEPOT-BPCL-MUM,"Mumbai Refinery, Mahul, Maharashtra",47,37190,11,SPIRAL_WOUND_GASKET,150.0,300,SS316 / GRAPHITE,RF,ASME B16.20
BPCL-SAP-0002431,BPCL,BLT-STUD-DN40-CL300-B7-2H-THRD,CAN-002123,DEPOT-BPCL-BIN,"Bina Refinery, Madhya Pradesh",0,1120,0,STUD_BOLT,40.0,300,ASTM A193 B7 / A194 2H,THRD,ASME B18.2.1
BPCL-SAP-0002432,BPCL,VLV-GT-DN15-CL600-SS316-BW,CAN-001035,DEPOT-BPCL-NML,"Numaligarh Depot Base, Assam",103,89880,712,GATE_VALVE,15.0,600,ASTM A182 F316,BW,API 600
BPCL-SAP-0002433,BPCL,FLG-SO-DN80-PN100-SS316-FF,CAN-000838,DEPOT-BPCL-KCH,"Kochi Refinery, Kerala",135,70400,395,FLANGE_SLIP_ON,80.0,600,ASTM A182 F316,FF,ASME B16.5
BPCL-SAP-0002434,BPCL,BLT-STUD-DN15-CL150-L7-GR7-THRD,CAN-002102,DEPOT-BPCL-KCH,"Kochi Refinery, Kerala",0,280,0,STUD_BOLT,15.0,150,ASTM A320 L7 / A194 7,THRD,ASME B18.2.1
BPCL-SAP-0002435,BPCL,FLG-SO-DN200-PN150-A105-RF,CAN-000929,DEPOT-BPCL-KCH,"Kochi Refinery, Kerala",42,100150,87,FLANGE_SLIP_ON,200.0,900,ASTM A105,RF,ASME B16.5
BPCL-SAP-0002436,BPCL,FLG-WN-DN15-PN150-A350LF2-RF,CAN-000027,DEPOT-BPCL-NML,"Numaligarh Depot Base, Assam",39,7590,57,FLANGE_WELD_NECK,15.0,900,ASTM A350 LF2,RF,ASME B16.5
BPCL-SAP-0002437,BPCL,FLG-WN-DN50-PN100-SS304-RF,CAN-000141,DEPOT-BPCL-BIN,"Bina Refinery, Madhya Pradesh",0,39410,0,FLANGE_WELD_NECK,50.0,600,ASTM A182 F304,RF,ASME B16.5
BPCL-SAP-0002438,BPCL,FLG-WN-DN50-CL600-SS304-RF,CAN-000141,DEPOT-BPCL-KCH,"Kochi Refinery, Kerala",35,39410,594,FLANGE_WELD_NECK,50.0,600,ASTM A182 F304,RF,ASME B16.5
BPCL-SAP-0002439,BPCL,VLV-BL-DN100-CL300-WCB-RF,CAN-001705,DEPOT-BPCL-MUM,"Mumbai Refinery, Mahul, Maharashtra",44,232230,42,BALL_VALVE,100.0,300,ASTM A216 WCB,RF,API 6D
BPCL-SAP-0002440,BPCL,VLV-GT-DN200-PN20-SS316-RF,CAN-001430,DEPOT-BPCL-KCH,"Kochi Refinery, Kerala",123,859880,552,GATE_VALVE,200.0,150,ASTM A182 F316,RF,API 6D
BPCL-SAP-0002441,BPCL,VLV-BL-DN15-PN250-SS316-RF,CAN-001619,DEPOT-BPCL-BIN,"Bina Refinery, Madhya Pradesh",40,228640,198,BALL_VALVE,15.0,1500,ASTM A182 F316,RF,API 6D
BPCL-SAP-0002442,BPCL,FLG-BLD-DN300-CL1500-A350LF2-RTJ,CAN-000698,DEPOT-BPCL-NML,"Numaligarh Depot Base, Assam",47,459540,15,FLANGE_BLIND,300.0,1500,ASTM A350 LF2,RTJ,ASME B16.5
BPCL-SAP-0002443,BPCL,VLV-GL-DN80-PN20-A105-RF,CAN-001883,DEPOT-BPCL-MUM,"Mumbai Refinery, Mahul, Maharashtra",56,108860,652,GLOBE_VALVE,80.0,150,ASTM A105,RF,BS 1873
BPCL-SAP-0002444,BPCL,VLV-BL-DN100-CL1500-SS316-RF,CAN-001719,DEPOT-BPCL-NML,"Numaligarh Depot Base, Assam",0,2693080,0,BALL_VALVE,100.0,1500,ASTM A182 F316,RF,API 6D
BPCL-SAP-0002445,BPCL,VLV-GT-DN300-PN250-WCB-BW,CAN-001591,DEPOT-BPCL-BIN,"Bina Refinery, Madhya Pradesh",44,2872150,67,GATE_VALVE,300.0,1500,ASTM A216 WCB,BW,API 600
BPCL-SAP-0002446,BPCL,VLV-GT-DN300-PN50-SS316-RF,CAN-001562,DEPOT-BPCL-BIN,"Bina Refinery, Madhya Pradesh",96,2536190,388,GATE_VALVE,300.0,300,ASTM A182 F316,RF,API 6D
BPCL-SAP-0002447,BPCL,VLV-GL-DN150-CL150-WCB-RF,CAN-001921,DEPOT-BPCL-KCH,"Kochi Refinery, Kerala",0,246490,0,GLOBE_VALVE,150.0,150,ASTM A216 WCB,RF,BS 1873
BPCL-SAP-0002448,BPCL,VLV-GT-DN50-CL900-WCB-RF,CAN-001217,DEPOT-BPCL-BIN,"Bina Refinery, Madhya Pradesh",62,185830,283,GATE_VALVE,50.0,900,ASTM A216 WCB,RF,API 600
BPCL-SAP-0002449,BPCL,BLT-STUD-DN25-CL150-B7-2H-THRD,CAN-002111,DEPOT-BPCL-NML,"Numaligarh Depot Base, Assam",0,350,0,STUD_BOLT,25.0,150,ASTM A193 B7 / A194 2H,THRD,ASME B18.2.1
BPCL-SAP-0002450,BPCL,VLV-GL-DN50-CL900-WCB-RF,CAN-001874,DEPOT-BPCL-MUM,"Mumbai Refinery, Mahul, Maharashtra",47,247780,744,GLOBE_VALVE,50.0,900,ASTM A216 WCB,RF,ASME B16.34
BPCL-SAP-0002451,BPCL,FLG-WN-DN80-CL150-SS304-RTJ,CAN-000166,DEPOT-BPCL-BIN,"Bina Refinery, Madhya Pradesh",0,23950,0,FLANGE_WELD_NECK,80.0,150,ASTM A182 F304,RTJ,ASME B16.5
BPCL-SAP-0002452,BPCL,FLG-SO-DN200-PN100-SS316-RF,CAN-000927,DEPOT-BPCL-MUM,"Mumbai Refinery, Mahul, Maharashtra",24,231700,105,FLANGE_SLIP_ON,200.0,600,ASTM A182 F316,RF,ASME B16.5
BPCL-SAP-0002453,BPCL,FLG-BLD-DN200-CL300-A105-RF,CAN-000617,DEPOT-BPCL-MUM,"Mumbai Refinery, Mahul, Maharashtra",8,46780,81,FLANGE_BLIND,200.0,300,ASTM A105,RF,ASME B16.5
BPCL-SAP-0002454,BPCL,FLG-BLD-DN150-CL600-SS316-RF,CAN-000597,DEPOT-BPCL-MUM,"Mumbai Refinery, Mahul, Maharashtra",88,179330,670,FLANGE_BLIND,150.0,600,ASTM A182 F316,RF,ASME B16.5
BPCL-SAP-0002455,BPCL,VLV-GT-DN250-PN100-SS316-BW,CAN-001515,DEPOT-BPCL-KCH,"Kochi Refinery, Kerala",122,3483930,404,GATE_VALVE,250.0,600,ASTM A182 F316,BW,API 600
BPCL-SAP-0002456,BPCL,FLG-BLD-DN250-PN250-A350LF2-RF,CAN-000667,DEPOT-BPCL-BIN,"Bina Refinery, Madhya Pradesh",0,362570,0,FLANGE_BLIND,250.0,1500,ASTM A350 LF2,RF,ASME B16.5
BPCL-SAP-0002457,BPCL,VLV-GT-DN200-CL600-SS316-RF,CAN-001454,DEPOT-BPCL-NML,"Numaligarh Depot Base, Assam",13,2606670,50,GATE_VALVE,200.0,600,ASTM A182 F316,RF,API 6D
BPCL-SAP-0002458,BPCL,BLT-STUD-DN200-PN20-B7-2H-THRD,CAN-002171,DEPOT-BPCL-KCH,"Kochi Refinery, Kerala",16,5220,46,STUD_BOLT,200.0,150,ASTM A193 B7 / A194 2H,THRD,ASME B18.2.1
BPCL-SAP-0002459,BPCL,FLG-WN-DN50-CL1500-A105-RTJ,CAN-000154,DEPOT-BPCL-NML,"Numaligarh Depot Base, Assam",0,34170,0,FLANGE_WELD_NECK,50.0,1500,ASTM A105,RTJ,ASME B16.5
BPCL-SAP-0002460,BPCL,FLG-WN-DN150-CL900-SS304-RF,CAN-000269,DEPOT-BPCL-BIN,"Bina Refinery, Madhya Pradesh",0,227370,0,FLANGE_WELD_NECK,150.0,900,ASTM A182 F304,RF,ASME B16.5
BPCL-SAP-0002461,BPCL,VLV-GL-DN150-PN150-WCB-RF,CAN-001933,DEPOT-BPCL-NML,"Numaligarh Depot Base, Assam",45,1033540,45,GLOBE_VALVE,150.0,900,ASTM A216 WCB,RF,BS 1873
BPCL-SAP-0002462,BPCL,VLV-GT-DN15-CL900-A105-RF,CAN-001041,DEPOT-BPCL-KCH,"Kochi Refinery, Kerala",122,38840,720,GATE_VALVE,15.0,900,ASTM A105,RF,API 600
BPCL-SAP-0002463,BPCL,VLV-GL-DN150-PN100-A105-RF,CAN-001931,DEPOT-BPCL-KCH,"Kochi Refinery, Kerala",32,747230,74,GLOBE_VALVE,150.0,600,ASTM A105,RF,BS 1873
BPCL-SAP-0002464,BPCL,VLV-GT-DN200-PN100-A105-RF,CAN-001450,DEPOT-BPCL-MUM,"Mumbai Refinery, Mahul, Maharashtra",40,814580,92,GATE_VALVE,200.0,600,ASTM A105,RF,API 6D
BPCL-SAP-0002465,BPCL,GSKT-SW-DN200-PN50-SS304-GR-RF,CAN-002074,DEPOT-BPCL-KCH,"Kochi Refinery, Kerala",0,40540,0,SPIRAL_WOUND_GASKET,200.0,300,SS304 / GRAPHITE,RF,ASME B16.20
BPCL-SAP-0002466,BPCL,FLG-WN-DN200-PN250-SS304-RTJ,CAN-000318,DEPOT-BPCL-NML,"Numaligarh Depot Base, Assam",21,497330,30,FLANGE_WELD_NECK,200.0,1500,ASTM A182 F304,RTJ,ASME B16.5
BPCL-SAP-0002467,BPCL,GSKT-SW-DN15-PN20-SS304-GR-RF,CAN-002002,DEPOT-BPCL-MUM,"Mumbai Refinery, Mahul, Maharashtra",36,800,10,SPIRAL_WOUND_GASKET,15.0,150,SS304 / GRAPHITE,RF,ASME B16.20
BPCL-SAP-0002468,BPCL,VLV-GT-DN40-CL900-A105-RF,CAN-001162,DEPOT-BPCL-NML,"Numaligarh Depot Base, Assam",5,139040,87,GATE_VALVE,40.0,900,ASTM A105,RF,API 6D
BPCL-SAP-0002469,BPCL,FLG-WN-DN150-PN250-SS316-RTJ,CAN-000280,DEPOT-BPCL-KCH,"Kochi Refinery, Kerala",11,456210,116,FLANGE_WELD_NECK,150.0,1500,ASTM A182 F316,RTJ,ASME B16.5
BPCL-SAP-0002470,BPCL,GSKT-SW-DN300-PN100-SS304-GR-RF,CAN-002096,DEPOT-BPCL-BIN,"Bina Refinery, Madhya Pradesh",9,119590,70,SPIRAL_WOUND_GASKET,300.0,600,SS304 / GRAPHITE,RF,ASME B16.20
BPCL-SAP-0002471,BPCL,FLG-WN-DN50-CL600-A105-RTJ,CAN-000138,DEPOT-BPCL-KCH,"Kochi Refinery, Kerala",0,16420,0,FLANGE_WELD_NECK,50.0,600,ASTM A105,RTJ,ASME B16.5
BPCL-SAP-0002472,BPCL,FLG-SO-DN200-PN250-A105-FF,CAN-000936,DEPOT-BPCL-KCH,"Kochi Refinery, Kerala",27,150700,36,FLANGE_SLIP_ON,200.0,1500,ASTM A105,FF,ASME B16.5
BPCL-SAP-0002473,BPCL,BLT-STUD-DN250-CL600-B7-2H-THRD,CAN-002185,DEPOT-BPCL-NML,"Numaligarh Depot Base, Assam",0,21160,0,STUD_BOLT,250.0,600,ASTM A193 B7 / A194 2H,THRD,ASME B18.2.1
BPCL-SAP-0002474,BPCL,FLG-BLD-DN250-CL300-A105-RF,CAN-000647,DEPOT-BPCL-BIN,"Bina Refinery, Madhya Pradesh",80,62530,658,FLANGE_BLIND,250.0,300,ASTM A105,RF,ASME B16.5
BPCL-SAP-0002475,BPCL,VLV-BL-DN25-PN150-WCB-BW,CAN-001634,DEPOT-BPCL-BIN,"Bina Refinery, Madhya Pradesh",16,92240,108,BALL_VALVE,25.0,900,ASTM A216 WCB,BW,API 6D
BPCL-SAP-0002476,BPCL,VLV-BL-DN200-CL900-WCB-RF,CAN-001753,DEPOT-BPCL-NML,"Numaligarh Depot Base, Assam",0,1377080,0,BALL_VALVE,200.0,900,ASTM A216 WCB,RF,API 6D
BPCL-SAP-0002477,BPCL,FLG-SO-DN200-CL900-SS304-RF,CAN-000931,DEPOT-BPCL-MUM,"Mumbai Refinery, Mahul, Maharashtra",20,240360,39,FLANGE_SLIP_ON,200.0,900,ASTM A182 F304,RF,ASME B16.5
BPCL-SAP-0002478,BPCL,VLV-GT-DN40-CL150-A105-RF,CAN-001125,DEPOT-BPCL-KCH,"Kochi Refinery, Kerala",67,33160,524,GATE_VALVE,40.0,150,ASTM A105,RF,API 600
BPCL-SAP-0002479,BPCL,FLG-SO-DN150-PN20-A105-RF,CAN-000881,DEPOT-BPCL-NML,"Numaligarh Depot Base, Assam",21,16430,18,FLANGE_SLIP_ON,150.0,150,ASTM A105,RF,ASME B16.5
BPCL-SAP-0002480,BPCL,FLG-BLD-DN50-CL150-A350LF2-RTJ,CAN-000494,DEPOT-BPCL-KCH,"Kochi Refinery, Kerala",0,7090,0,FLANGE_BLIND,50.0,150,ASTM A350 LF2,RTJ,ASME B16.5
BPCL-SAP-0002481,BPCL,VLV-BL-DN250-CL900-SS316-RF,CAN-001775,DEPOT-BPCL-MUM,"Mumbai Refinery, Mahul, Maharashtra",37,5889700,39,BALL_VALVE,250.0,900,ASTM A182 F316,RF,API 6D
BPCL-SAP-0002482,BPCL,GSKT-SW-DN200-PN20-SS304-GR-RF,CAN-002072,DEPOT-BPCL-BIN,"Bina Refinery, Madhya Pradesh",0,23280,0,SPIRAL_WOUND_GASKET,200.0,150,SS304 / GRAPHITE,RF,ASME B16.20
BPCL-SAP-0002483,BPCL,VLV-BL-DN250-PN250-SS316-BW,CAN-001780,DEPOT-BPCL-NML,"Numaligarh Depot Base, Assam",0,8862830,0,BALL_VALVE,250.0,1500,ASTM A182 F316,BW,API 6D
BPCL-SAP-0002484,BPCL,FLG-WN-DN100-CL300-SS316-RTJ,CAN-000216,DEPOT-BPCL-KCH,"Kochi Refinery, Kerala",0,74310,0,FLANGE_WELD_NECK,100.0,300,ASTM A182 F316,RTJ,ASME B16.5
BPCL-SAP-0002485,BPCL,VLV-GT-DN300-PN20-WCB-BW,CAN-001544,DEPOT-BPCL-MUM,"Mumbai Refinery, Mahul, Maharashtra",99,455200,300,GATE_VALVE,300.0,150,ASTM A216 WCB,BW,API 6D
BPCL-SAP-0002486,BPCL,VLV-GT-DN100-CL1500-WCB-RF,CAN-001350,DEPOT-BPCL-BIN,"Bina Refinery, Madhya Pradesh",107,688570,380,GATE_VALVE,100.0,1500,ASTM A216 WCB,RF,API 6D
BPCL-SAP-0002487,BPCL,FLG-BLD-DN80-PN20-A350LF2-RTJ,CAN-000524,DEPOT-BPCL-NML,"Numaligarh Depot Base, Assam",10,13060,36,FLANGE_BLIND,80.0,150,ASTM A350 LF2,RTJ,ASME B16.5
BPCL-SAP-0002488,BPCL,GSKT-SW-DN40-PN50-SS316-GR-RF,CAN-002023,DEPOT-BPCL-NML,"Numaligarh Depot Base, Assam",70,6670,516,SPIRAL_WOUND_GASKET,40.0,300,SS316 / GRAPHITE,RF,ASME B16.20
BPCL-SAP-0002489,BPCL,FLG-SO-DN200-CL900-A105-FF,CAN-000930,DEPOT-BPCL-BIN,"Bina Refinery, Madhya Pradesh",16,100150,75,FLANGE_SLIP_ON,200.0,900,ASTM A105,FF,ASME B16.5
BPCL-SAP-0002490,BPCL,FLG-SO-DN15-PN20-A105-RF,CAN-000701,DEPOT-BPCL-KCH,"Kochi Refinery, Kerala",0,820,0,FLANGE_SLIP_ON,15.0,150,ASTM A105,RF,ASME B16.5
BPCL-SAP-0002491,BPCL,FLG-WN-DN50-PN100-SS316-RF,CAN-000143,DEPOT-BPCL-KCH,"Kochi Refinery, Kerala",150,52540,508,FLANGE_WELD_NECK,50.0,600,ASTM A182 F316,RF,ASME B16.5
BPCL-SAP-0002492,BPCL,VLV-BL-DN40-PN250-WCB-BW,CAN-001658,DEPOT-BPCL-NML,"Numaligarh Depot Base, Assam",74,255720,441,BALL_VALVE,40.0,1500,ASTM A216 WCB,BW,API 6D
BPCL-SAP-0002493,BPCL,FLG-BLD-DN200-PN150-A350LF2-RF,CAN-000631,DEPOT-BPCL-NML,"Numaligarh Depot Base, Assam",33,180270,68,FLANGE_BLIND,200.0,900,ASTM A350 LF2,RF,ASME B16.5
BPCL-SAP-0002494,BPCL,FLG-BLD-DN100-CL600-A350LF2-RTJ,CAN-000566,DEPOT-BPCL-KCH,"Kochi Refinery, Kerala",76,52930,534,FLANGE_BLIND,100.0,600,ASTM A350 LF2,RTJ,ASME B16.5
BPCL-SAP-0002495,BPCL,FLG-BLD-DN15-CL600-A350LF2-RF,CAN-000415,DEPOT-BPCL-NML,"Numaligarh Depot Base, Assam",0,4490,0,FLANGE_BLIND,15.0,600,ASTM A350 LF2,RF,ASME B16.5
BPCL-SAP-0002496,BPCL,GSKT-SW-DN50-PN100-SS304-GR-RF,CAN-002036,DEPOT-BPCL-BIN,"Bina Refinery, Madhya Pradesh",0,11640,0,SPIRAL_WOUND_GASKET,50.0,600,SS304 / GRAPHITE,RF,ASME B16.20
BPCL-SAP-0002497,BPCL,FLG-WN-DN100-PN100-A105-RF,CAN-000217,DEPOT-BPCL-MUM,"Mumbai Refinery, Mahul, Maharashtra",0,40430,0,FLANGE_WELD_NECK,100.0,600,ASTM A105,RF,ASME B16.5
BPCL-SAP-0002498,BPCL,FLG-SO-DN250-PN100-A105-RF,CAN-000953,DEPOT-BPCL-MUM,"Mumbai Refinery, Mahul, Maharashtra",7,96770,29,FLANGE_SLIP_ON,250.0,600,ASTM A105,RF,ASME B16.5
BPCL-SAP-0002499,BPCL,VLV-GL-DN100-CL300-WCB-RF,CAN-001906,DEPOT-BPCL-NML,"Numaligarh Depot Base, Assam",5,253340,67,GLOBE_VALVE,100.0,300,ASTM A216 WCB,RF,ASME B16.34
BPCL-SAP-0002500,BPCL,VLV-GT-DN80-PN150-WCB-RF,CAN-001278,DEPOT-BPCL-MUM,"Mumbai Refinery, Mahul, Maharashtra",0,342360,0,GATE_VALVE,80.0,900,ASTM A216 WCB,RF,API 6D
BPCL-SAP-0002501,BPCL,FLG-BLD-DN300-CL900-A350LF2-RTJ,CAN-000692,DEPOT-BPCL-NML,"Numaligarh Depot Base, Assam",17,305380,93,FLANGE_BLIND,300.0,900,ASTM A350 LF2,RTJ,ASME B16.5
BPCL-SAP-0002502,BPCL,FLG-SO-DN250-CL300-A105-RF,CAN-000947,DEPOT-BPCL-MUM,"Mumbai Refinery, Mahul, Maharashtra",6,55580,96,FLANGE_SLIP_ON,250.0,300,ASTM A105,RF,ASME B16.5
BPCL-SAP-0002503,BPCL,VLV-BL-DN100-CL900-SS316-RF,CAN-001715,DEPOT-BPCL-NML,"Numaligarh Depot Base, Assam",121,1789660,385,BALL_VALVE,100.0,900,ASTM A182 F316,RF,API 6D
BPCL-SAP-0002504,BPCL,VLV-GT-DN200-PN20-WCB-RF,CAN-001421,DEPOT-BPCL-NML,"Numaligarh Depot Base, Assam",62,268710,655,GATE_VALVE,200.0,150,ASTM A216 WCB,RF,API 600
BPCL-SAP-0002505,BPCL,FLG-BLD-DN200-PN150-SS316-RTJ,CAN-000634,DEPOT-BPCL-MUM,"Mumbai Refinery, Mahul, Maharashtra",0,360540,0,FLANGE_BLIND,200.0,900,ASTM A182 F316,RTJ,ASME B16.5
BPCL-SAP-0002506,BPCL,FLG-WN-DN100-PN50-A350LF2-RTJ,CAN-000212,DEPOT-BPCL-BIN,"Bina Refinery, Madhya Pradesh",23,37150,35,FLANGE_WELD_NECK,100.0,300,ASTM A350 LF2,RTJ,ASME B16.5
BPCL-SAP-0002507,BPCL,VLV-GL-DN150-CL1500-A105-RF,CAN-001940,DEPOT-BPCL-NML,"Numaligarh Depot Base, Assam",35,1555270,88,GLOBE_VALVE,150.0,1500,ASTM A105,RF,ASME B16.34
BPCL-SAP-0002508,BPCL,VLV-GT-DN15-PN150-SS316-BW,CAN-001047,DEPOT-BPCL-NML,"Numaligarh Depot Base, Assam",29,124310,71,GATE_VALVE,15.0,900,ASTM A182 F316,BW,API 600
BPCL-SAP-0002509,BPCL,BLT-STUD-DN300-PN250-B7-2H-THRD,CAN-002199,DEPOT-BPCL-KCH,"Kochi Refinery, Kerala",37,55840,62,STUD_BOLT,300.0,1500,ASTM A193 B7 / A194 2H,THRD,ASME B18.2.1
BPCL-SAP-0002510,BPCL,VLV-GT-DN200-PN50-A105-RF,CAN-001438,DEPOT-BPCL-MUM,"Mumbai Refinery, Mahul, Maharashtra",42,467850,418,GATE_VALVE,200.0,300,ASTM A105,RF,API 6D
BPCL-SAP-0002511,BPCL,GSKT-SW-DN80-CL1500-SS316-GR-RF,CAN-002049,DEPOT-BPCL-KCH,"Kochi Refinery, Kerala",40,59530,104,SPIRAL_WOUND_GASKET,80.0,1500,SS316 / GRAPHITE,RF,ASME B16.20
BPCL-SAP-0002512,BPCL,VLV-GT-DN150-PN250-A105-RF,CAN-001413,DEPOT-BPCL-KCH,"Kochi Refinery, Kerala",135,1166450,181,GATE_VALVE,150.0,1500,ASTM A105,RF,API 600
BPCL-SAP-0002513,BPCL,FLG-BLD-DN200-CL1500-SS316-RTJ,CAN-000640,DEPOT-BPCL-NML,"Numaligarh Depot Base, Assam",35,542540,25,FLANGE_BLIND,200.0,1500,ASTM A182 F316,RTJ,ASME B16.5
BPCL-SAP-0002514,BPCL,FLG-SO-DN200-PN250-A105-FF,CAN-000936,DEPOT-BPCL-NML,"Numaligarh Depot Base, Assam",0,150700,0,FLANGE_SLIP_ON,200.0,1500,ASTM A105,FF,ASME B16.5
BPCL-SAP-0002515,BPCL,VLV-GL-DN200-PN50-A105-RF,CAN-001947,DEPOT-BPCL-BIN,"Bina Refinery, Madhya Pradesh",39,623800,55,GLOBE_VALVE,200.0,300,ASTM A105,RF,BS 1873
BPCL-SAP-0002516,BPCL,FLG-BLD-DN80-CL600-A105-RF,CAN-000533,DEPOT-BPCL-NML,"Numaligarh Depot Base, Assam",12,24750,63,FLANGE_BLIND,80.0,600,ASTM A105,RF,ASME B16.5
BPCL-SAP-0002517,BPCL,FLG-WN-DN100-PN150-SS316-RTJ,CAN-000232,DEPOT-BPCL-KCH,"Kochi Refinery, Kerala",42,178960,51,FLANGE_WELD_NECK,100.0,900,ASTM A182 F316,RTJ,ASME B16.5
BPCL-SAP-0002518,BPCL,VLV-GT-DN250-PN50-SS316-BW,CAN-001504,DEPOT-BPCL-KCH,"Kochi Refinery, Kerala",31,2000990,75,GATE_VALVE,250.0,300,ASTM A182 F316,BW,API 6D
BPCL-SAP-0002519,BPCL,GSKT-SW-DN250-PN50-SS316-GR-RF,CAN-002083,DEPOT-BPCL-KCH,"Kochi Refinery, Kerala",137,72250,500,SPIRAL_WOUND_GASKET,250.0,300,SS316 / GRAPHITE,RF,ASME B16.20
BPCL-SAP-0002520,BPCL,VLV-GT-DN50-PN50-WCB-BW,CAN-001196,DEPOT-BPCL-MUM,"Mumbai Refinery, Mahul, Maharashtra",10,77160,106,GATE_VALVE,50.0,300,ASTM A216 WCB,BW,API 6D
BPCL-SAP-0002521,BPCL,VLV-GL-DN50-CL300-WCB-RF,CAN-001866,DEPOT-BPCL-NML,"Numaligarh Depot Base, Assam",48,102890,57,GLOBE_VALVE,50.0,300,ASTM A216 WCB,RF,ASME B16.34
BPCL-SAP-0002522,BPCL,FLG-WN-DN40-PN100-SS304-RF,CAN-000101,DEPOT-BPCL-KCH,"Kochi Refinery, Kerala",0,29480,0,FLANGE_WELD_NECK,40.0,600,ASTM A182 F304,RF,ASME B16.5
BPCL-SAP-0002523,BPCL,VLV-GT-DN25-CL150-WCB-BW,CAN-001064,DEPOT-BPCL-NML,"Numaligarh Depot Base, Assam",7,18000,80,GATE_VALVE,25.0,150,ASTM A216 WCB,BW,API 6D
BPCL-SAP-0002524,BPCL,FLG-SO-DN250-PN20-SS304-RF,CAN-000943,DEPOT-BPCL-MUM,"Mumbai Refinery, Mahul, Maharashtra",5,76610,34,FLANGE_SLIP_ON,250.0,150,ASTM A182 F304,RF,ASME B16.5
BPCL-SAP-0002525,BPCL,VLV-GL-DN25-CL1500-A105-RF,CAN-001839,DEPOT-BPCL-KCH,"Kochi Refinery, Kerala",35,151420,104,GLOBE_VALVE,25.0,1500,ASTM A105,RF,BS 1873
BPCL-SAP-0002526,BPCL,VLV-BL-DN40-PN100-WCB-RF,CAN-001649,DEPOT-BPCL-MUM,"Mumbai Refinery, Mahul, Maharashtra",0,122860,0,BALL_VALVE,40.0,600,ASTM A216 WCB,RF,API 6D
BPCL-SAP-0002527,BPCL,FLG-SO-DN300-CL1500-SS304-RF,CAN-000997,DEPOT-BPCL-NML,"Numaligarh Depot Base, Assam",0,612720,0,FLANGE_SLIP_ON,300.0,1500,ASTM A182 F304,RF,ASME B16.5
BPCL-SAP-0002528,BPCL,FLG-SO-DN80-PN50-A105-RF,CAN-000827,DEPOT-BPCL-KCH,"Kochi Refinery, Kerala",112,12630,518,FLANGE_SLIP_ON,80.0,300,ASTM A105,RF,ASME B16.5
BPCL-SAP-0002529,BPCL,FLG-WN-DN150-PN20-SS304-RTJ,CAN-000246,DEPOT-BPCL-MUM,"Mumbai Refinery, Mahul, Maharashtra",13,54220,85,FLANGE_WELD_NECK,150.0,150,ASTM A182 F304,RTJ,ASME B16.5
BPCL-SAP-0002530,BPCL,VLV-BL-DN250-PN20-WCB-BW,CAN-001762,DEPOT-BPCL-MUM,"Mumbai Refinery, Mahul, Maharashtra",14,438950,35,BALL_VALVE,250.0,150,ASTM A216 WCB,BW,API 6D
BPCL-SAP-0002531,BPCL,VLV-GT-DN40-CL900-WCB-BW,CAN-001160,DEPOT-BPCL-KCH,"Kochi Refinery, Kerala",0,139040,0,GATE_VALVE,40.0,900,ASTM A216 WCB,BW,API 6D
BPCL-SAP-0002532,BPCL,BLT-STUD-DN150-PN100-B7-2H-THRD,CAN-002165,DEPOT-BPCL-KCH,"Kochi Refinery, Kerala",0,10890,0,STUD_BOLT,150.0,600,ASTM A193 B7 / A194 2H,THRD,ASME B18.2.1
BPCL-SAP-0002533,BPCL,FLG-BLD-DN150-PN150-SS316-RTJ,CAN-000604,DEPOT-BPCL-BIN,"Bina Refinery, Madhya Pradesh",0,248050,0,FLANGE_BLIND,150.0,900,ASTM A182 F316,RTJ,ASME B16.5
BPCL-SAP-0002534,BPCL,VLV-GT-DN250-PN250-WCB-BW,CAN-001531,DEPOT-BPCL-KCH,"Kochi Refinery, Kerala",44,2266060,84,GATE_VALVE,250.0,1500,ASTM A216 WCB,BW,API 600
BPCL-SAP-0002535,BPCL,FLG-SO-DN15-PN50-SS304-FF,CAN-000710,DEPOT-BPCL-NML,"Numaligarh Depot Base, Assam",82,3440,734,FLANGE_SLIP_ON,15.0,300,ASTM A182 F304,FF,ASME B16.5
BPCL-SAP-0002536,BPCL,VLV-GL-DN80-PN100-WCB-RF,CAN-001890,DEPOT-BPCL-NML,"Numaligarh Depot Base, Assam",33,330030,80,GLOBE_VALVE,80.0,600,ASTM A216 WCB,RF,ASME B16.34
BPCL-SAP-0002537,BPCL,FLG-BLD-DN200-PN20-A350LF2-RF,CAN-000613,DEPOT-BPCL-NML,"Numaligarh Depot Base, Assam",60,42990,431,FLANGE_BLIND,200.0,150,ASTM A350 LF2,RF,ASME B16.5
BPCL-SAP-0002538,BPCL,FLG-BLD-DN200-CL600-A105-RTJ,CAN-000624,DEPOT-BPCL-BIN,"Bina Refinery, Madhya Pradesh",0,81450,0,FLANGE_BLIND,200.0,600,ASTM A105,RTJ,ASME B16.5
BPCL-SAP-0002539,BPCL,FLG-BLD-DN300-PN20-SS316-RF,CAN-000675,DEPOT-BPCL-NML,"Numaligarh Depot Base, Assam",124,145660,516,FLANGE_BLIND,300.0,150,ASTM A182 F316,RF,ASME B16.5
BPCL-SAP-0002540,BPCL,VLV-GT-DN25-CL900-WCB-RF,CAN-001097,DEPOT-BPCL-BIN,"Bina Refinery, Madhya Pradesh",37,75470,58,GATE_VALVE,25.0,900,ASTM A216 WCB,RF,API 600
BPCL-SAP-0002541,BPCL,FLG-BLD-DN80-CL150-A350LF2-RTJ,CAN-000524,DEPOT-BPCL-BIN,"Bina Refinery, Madhya Pradesh",0,13060,0,FLANGE_BLIND,80.0,150,ASTM A350 LF2,RTJ,ASME B16.5
BPCL-SAP-0002542,BPCL,VLV-GT-DN300-PN20-A105-RF,CAN-001545,DEPOT-BPCL-KCH,"Kochi Refinery, Kerala",117,455200,720,GATE_VALVE,300.0,150,ASTM A105,RF,API 600
BPCL-SAP-0002543,BPCL,FLG-SO-DN50-CL1500-SS304-RF,CAN-000817,DEPOT-BPCL-BIN,"Bina Refinery, Madhya Pradesh",51,59650,697,FLANGE_SLIP_ON,50.0,1500,ASTM A182 F304,RF,ASME B16.5
BPCL-SAP-0002544,BPCL,VLV-GT-DN200-PN50-A105-BW,CAN-001440,DEPOT-BPCL-KCH,"Kochi Refinery, Kerala",0,467850,0,GATE_VALVE,200.0,300,ASTM A105,BW,API 6D
BPCL-SAP-0002545,BPCL,VLV-GT-DN200-PN50-A105-RF,CAN-001437,DEPOT-BPCL-MUM,"Mumbai Refinery, Mahul, Maharashtra",0,467850,0,GATE_VALVE,200.0,300,ASTM A105,RF,API 600
BPCL-SAP-0002546,BPCL,VLV-GT-DN100-CL900-WCB-BW,CAN-001340,DEPOT-BPCL-MUM,"Mumbai Refinery, Mahul, Maharashtra",20,457580,92,GATE_VALVE,100.0,900,ASTM A216 WCB,BW,API 6D
BPCL-SAP-0002547,BPCL,FLG-BLD-DN80-CL1500-A350LF2-RF,CAN-000547,DEPOT-BPCL-MUM,"Mumbai Refinery, Mahul, Maharashtra",41,82430,742,FLANGE_BLIND,80.0,1500,ASTM A350 LF2,RF,ASME B16.5
BPCL-SAP-0002548,BPCL,VLV-BL-DN50-CL600-WCB-BW,CAN-001670,DEPOT-BPCL-MUM,"Mumbai Refinery, Mahul, Maharashtra",132,164210,600,BALL_VALVE,50.0,600,ASTM A216 WCB,BW,API 6D
BPCL-SAP-0002549,BPCL,VLV-GT-DN15-CL1500-WCB-BW,CAN-001052,DEPOT-BPCL-KCH,"Kochi Refinery, Kerala",0,58460,0,GATE_VALVE,15.0,1500,ASTM A216 WCB,BW,API 6D
BPCL-SAP-0002550,BPCL,FLG-WN-DN100-CL150-SS316-RF,CAN-000207,DEPOT-BPCL-MUM,"Mumbai Refinery, Mahul, Maharashtra",91,42680,527,FLANGE_WELD_NECK,100.0,150,ASTM A182 F316,RF,ASME B16.5
BPCL-SAP-0002551,BPCL,FLG-SO-DN200-CL1500-SS316-RF,CAN-000939,DEPOT-BPCL-BIN,"Bina Refinery, Madhya Pradesh",15,482260,66,FLANGE_SLIP_ON,200.0,1500,ASTM A182 F316,RF,ASME B16.5
BPCL-SAP-0002552,BPCL,VLV-BL-DN80-CL1500-WCB-BW,CAN-001698,DEPOT-BPCL-KCH,"Kochi Refinery, Kerala",46,629670,10,BALL_VALVE,80.0,1500,ASTM A216 WCB,BW,API 6D
BPCL-SAP-0002553,BPCL,FLG-WN-DN250-CL600-SS316-RTJ,CAN-000344,DEPOT-BPCL-BIN,"Bina Refinery, Madhya Pradesh",87,425810,294,FLANGE_WELD_NECK,250.0,600,ASTM A182 F316,RTJ,ASME B16.5
BPCL-SAP-0002554,BPCL,GSKT-SW-DN300-PN50-SS316-GR-RF,CAN-002093,DEPOT-BPCL-NML,"Numaligarh Depot Base, Assam",0,91580,0,SPIRAL_WOUND_GASKET,300.0,300,SS316 / GRAPHITE,RF,ASME B16.20
BPCL-SAP-0002555,BPCL,VLV-GL-DN40-CL150-WCB-RF,CAN-001841,DEPOT-BPCL-KCH,"Kochi Refinery, Kerala",124,44210,363,GLOBE_VALVE,40.0,150,ASTM A216 WCB,RF,BS 1873
BPCL-SAP-0002556,BPCL,FLG-WN-DN80-CL300-A105-RF,CAN-000169,DEPOT-BPCL-MUM,"Mumbai Refinery, Mahul, Maharashtra",38,17370,108,FLANGE_WELD_NECK,80.0,300,ASTM A105,RF,ASME B16.5
BPCL-SAP-0002557,BPCL,VLV-BL-DN250-CL1500-SS316-BW,CAN-001780,DEPOT-BPCL-MUM,"Mumbai Refinery, Mahul, Maharashtra",129,8862830,418,BALL_VALVE,250.0,1500,ASTM A182 F316,BW,API 6D
BPCL-SAP-0002558,BPCL,VLV-GT-DN300-CL150-A105-RF,CAN-001546,DEPOT-BPCL-MUM,"Mumbai Refinery, Mahul, Maharashtra",0,455200,0,GATE_VALVE,300.0,150,ASTM A105,RF,API 6D
BPCL-SAP-0002559,BPCL,VLV-BL-DN200-CL900-WCB-BW,CAN-001754,DEPOT-BPCL-BIN,"Bina Refinery, Madhya Pradesh",47,1377080,47,BALL_VALVE,200.0,900,ASTM A216 WCB,BW,API 6D
BPCL-SAP-0002560,BPCL,FLG-SO-DN15-CL150-SS304-FF,CAN-000704,DEPOT-BPCL-KCH,"Kochi Refinery, Kerala",15,1970,32,FLANGE_SLIP_ON,15.0,150,ASTM A182 F304,FF,ASME B16.5
BPCL-SAP-0002561,BPCL,FLG-BLD-DN100-PN50-A350LF2-RTJ,CAN-000560,DEPOT-BPCL-BIN,"Bina Refinery, Madhya Pradesh",12,30400,101,FLANGE_BLIND,100.0,300,ASTM A350 LF2,RTJ,ASME B16.5
BPCL-SAP-0002562,BPCL,FLG-WN-DN15-CL300-A105-RTJ,CAN-000010,DEPOT-BPCL-BIN,"Bina Refinery, Madhya Pradesh",73,1970,719,FLANGE_WELD_NECK,15.0,300,ASTM A105,RTJ,ASME B16.5
BPCL-SAP-0002563,BPCL,VLV-GT-DN50-CL1500-SS316-BW,CAN-001240,DEPOT-BPCL-NML,"Numaligarh Depot Base, Assam",0,894870,0,GATE_VALVE,50.0,1500,ASTM A182 F316,BW,API 6D
BPCL-SAP-0002564,BPCL,VLV-GT-DN15-PN150-A105-BW,CAN-001043,DEPOT-BPCL-MUM,"Mumbai Refinery, Mahul, Maharashtra",50,38840,601,GATE_VALVE,15.0,900,ASTM A105,BW,API 600
BPCL-SAP-0002565,BPCL,FLG-WN-DN80-CL600-SS304-RTJ,CAN-000182,DEPOT-BPCL-BIN,"Bina Refinery, Madhya Pradesh",125,72600,692,FLANGE_WELD_NECK,80.0,600,ASTM A182 F304,RTJ,ASME B16.5
BPCL-SAP-0002566,BPCL,VLV-BL-DN40-CL300-WCB-RF,CAN-001645,DEPOT-BPCL-NML,"Numaligarh Depot Base, Assam",0,70560,0,BALL_VALVE,40.0,300,ASTM A216 WCB,RF,API 6D
BPCL-SAP-0002567,BPCL,VLV-GT-DN40-CL300-SS316-RF,CAN-001141,DEPOT-BPCL-MUM,"Mumbai Refinery, Mahul, Maharashtra",45,184750,240,GATE_VALVE,40.0,300,ASTM A182 F316,RF,API 600
BPCL-SAP-0002568,BPCL,VLV-GT-DN150-PN20-A105-BW,CAN-001368,DEPOT-BPCL-MUM,"Mumbai Refinery, Mahul, Maharashtra",107,184870,303,GATE_VALVE,150.0,150,ASTM A105,BW,API 6D
BPCL-SAP-0002569,BPCL,VLV-GT-DN50-PN150-SS316-RF,CAN-001226,DEPOT-BPCL-BIN,"Bina Refinery, Madhya Pradesh",12,594670,115,GATE_VALVE,50.0,900,ASTM A182 F316,RF,API 6D
BPCL-SAP-0002570,BPCL,VLV-GT-DN250-PN250-A105-RF,CAN-001533,DEPOT-BPCL-MUM,"Mumbai Refinery, Mahul, Maharashtra",7,2266060,26,GATE_VALVE,250.0,1500,ASTM A105,RF,API 600
BPCL-SAP-0002571,BPCL,FLG-BLD-DN150-CL300-SS316-RTJ,CAN-000592,DEPOT-BPCL-BIN,"Bina Refinery, Madhya Pradesh",0,103000,0,FLANGE_BLIND,150.0,300,ASTM A182 F316,RTJ,ASME B16.5
BPCL-SAP-0002572,BPCL,FLG-WN-DN15-CL1500-SS316-RTJ,CAN-000040,DEPOT-BPCL-NML,"Numaligarh Depot Base, Assam",37,22860,85,FLANGE_WELD_NECK,15.0,1500,ASTM A182 F316,RTJ,ASME B16.5
BPCL-SAP-0002573,BPCL,VLV-GT-DN150-CL150-A105-RF,CAN-001365,DEPOT-BPCL-BIN,"Bina Refinery, Madhya Pradesh",49,184870,323,GATE_VALVE,150.0,150,ASTM A105,RF,API 600
BPCL-SAP-0002574,BPCL,FLG-WN-DN300-PN50-SS304-RF,CAN-000373,DEPOT-BPCL-BIN,"Bina Refinery, Madhya Pradesh",10,232480,61,FLANGE_WELD_NECK,300.0,300,ASTM A182 F304,RF,ASME B16.5
BPCL-SAP-0002575,BPCL,FLG-WN-DN25-PN20-SS316-RF,CAN-000047,DEPOT-BPCL-NML,"Numaligarh Depot Base, Assam",14,7040,67,FLANGE_WELD_NECK,25.0,150,ASTM A182 F316,RF,ASME B16.5
BPCL-SAP-0002576,BPCL,VLV-GT-DN300-CL1500-A105-RF,CAN-001594,DEPOT-BPCL-KCH,"Kochi Refinery, Kerala",45,2872150,81,GATE_VALVE,300.0,1500,ASTM A105,RF,API 6D
BPCL-SAP-0002577,BPCL,VLV-GT-DN200-PN100-WCB-RF,CAN-001446,DEPOT-BPCL-NML,"Numaligarh Depot Base, Assam",48,814580,111,GATE_VALVE,200.0,600,ASTM A216 WCB,RF,API 6D
BPCL-SAP-0002578,BPCL,FLG-SO-DN40-PN150-A105-FF,CAN-000780,DEPOT-BPCL-MUM,"Mumbai Refinery, Mahul, Maharashtra",44,12350,35,FLANGE_SLIP_ON,40.0,900,ASTM A105,FF,ASME B16.5
BPCL-SAP-0002579,BPCL,VLV-GT-DN100-PN50-A105-RF,CAN-001318,DEPOT-BPCL-KCH,"Kochi Refinery, Kerala",47,190000,66,GATE_VALVE,100.0,300,ASTM A105,RF,API 6D
BPCL-SAP-0002580,BPCL,VLV-GT-DN25-PN20-WCB-BW,CAN-001063,DEPOT-BPCL-BIN,"Bina Refinery, Madhya Pradesh",23,18000,441,GATE_VALVE,25.0,150,ASTM A216 WCB,BW,API 600
BPCL-SAP-0002581,BPCL,VLV-GT-DN80-PN50-WCB-BW,CAN-001256,DEPOT-BPCL-MUM,"Mumbai Refinery, Mahul, Maharashtra",27,142160,369,GATE_VALVE,80.0,300,ASTM A216 WCB,BW,API 6D
BPCL-SAP-0002582,BPCL,VLV-GT-DN25-PN150-SS316-RF,CAN-001105,DEPOT-BPCL-KCH,"Kochi Refinery, Kerala",75,241510,296,GATE_VALVE,25.0,900,ASTM A182 F316,RF,API 600
BPCL-SAP-0002583,BPCL,VLV-GT-DN40-PN150-SS316-BW,CAN-001168,DEPOT-BPCL-BIN,"Bina Refinery, Madhya Pradesh",64,444930,498,GATE_VALVE,40.0,900,ASTM A182 F316,BW,API 6D
BPCL-SAP-0002584,BPCL,FLG-SO-DN300-PN100-A105-FF,CAN-000984,DEPOT-BPCL-MUM,"Mumbai Refinery, Mahul, Maharashtra",97,122660,419,FLANGE_SLIP_ON,300.0,600,ASTM A105,FF,ASME B16.5
BPCL-SAP-0002585,BPCL,FLG-WN-DN250-CL600-A105-RTJ,CAN-000338,DEPOT-BPCL-BIN,"Bina Refinery, Madhya Pradesh",41,133060,69,FLANGE_WELD_NECK,250.0,600,ASTM A105,RTJ,ASME B16.5
BPCL-SAP-0002586,BPCL,FLG-SO-DN100-PN250-SS304-RF,CAN-000877,DEPOT-BPCL-BIN,"Bina Refinery, Madhya Pradesh",0,146890,0,FLANGE_SLIP_ON,100.0,1500,ASTM A182 F304,RF,ASME B16.5
BPCL-SAP-0002587,BPCL,FLG-WN-DN40-CL900-SS304-RTJ,CAN-000110,DEPOT-BPCL-NML,"Numaligarh Depot Base, Assam",0,40780,0,FLANGE_WELD_NECK,40.0,900,ASTM A182 F304,RTJ,ASME B16.5
BPCL-SAP-0002588,BPCL,GSKT-SW-DN250-PN20-SS304-GR-RF,CAN-002082,DEPOT-BPCL-MUM,"Mumbai Refinery, Mahul, Maharashtra",43,31120,642,SPIRAL_WOUND_GASKET,250.0,150,SS304 / GRAPHITE,RF,ASME B16.20
BPCL-SAP-0002589,BPCL,VLV-BL-DN25-PN100-SS316-RF,CAN-001631,DEPOT-BPCL-KCH,"Kochi Refinery, Kerala",0,213410,0,BALL_VALVE,25.0,600,ASTM A182 F316,RF,API 6D
BPCL-SAP-0002590,BPCL,VLV-GT-DN100-CL600-SS316-RF,CAN-001334,DEPOT-BPCL-MUM,"Mumbai Refinery, Mahul, Maharashtra",44,1058640,56,GATE_VALVE,100.0,600,ASTM A182 F316,RF,API 6D
BPCL-SAP-0002591,BPCL,VLV-GT-DN150-CL900-WCB-RF,CAN-001398,DEPOT-BPCL-MUM,"Mumbai Refinery, Mahul, Maharashtra",0,775150,0,GATE_VALVE,150.0,900,ASTM A216 WCB,RF,API 6D
BPCL-SAP-0002592,BPCL,FLG-WN-DN300-CL600-A350LF2-RF,CAN-000379,DEPOT-BPCL-MUM,"Mumbai Refinery, Mahul, Maharashtra",29,269850,119,FLANGE_WELD_NECK,300.0,600,ASTM A350 LF2,RF,ASME B16.5
BPCL-SAP-0002593,BPCL,FLG-WN-DN80-CL300-A105-RTJ,CAN-000170,DEPOT-BPCL-NML,"Numaligarh Depot Base, Assam",0,17370,0,FLANGE_WELD_NECK,80.0,300,ASTM A105,RTJ,ASME B16.5
BPCL-SAP-0002594,BPCL,GSKT-SW-DN150-PN150-SS304-GR-RF,CAN-002068,DEPOT-BPCL-MUM,"Mumbai Refinery, Mahul, Maharashtra",30,67180,81,SPIRAL_WOUND_GASKET,150.0,900,SS304 / GRAPHITE,RF,ASME B16.20
BPCL-SAP-0002595,BPCL,FLG-WN-DN100-PN50-A105-RF,CAN-000209,DEPOT-BPCL-NML,"Numaligarh Depot Base, Assam",49,23220,78,FLANGE_WELD_NECK,100.0,300,ASTM A105,RF,ASME B16.5
BPCL-SAP-0002596,BPCL,VLV-GT-DN100-PN50-WCB-RF,CAN-001314,DEPOT-BPCL-KCH,"Kochi Refinery, Kerala",27,190000,714,GATE_VALVE,100.0,300,ASTM A216 WCB,RF,API 6D
BPCL-SAP-0002597,BPCL,VLV-GL-DN80-PN250-WCB-RF,CAN-001897,DEPOT-BPCL-BIN,"Bina Refinery, Madhya Pradesh",38,686920,704,GLOBE_VALVE,80.0,1500,ASTM A216 WCB,RF,BS 1873
BPCL-SAP-0002598,BPCL,FLG-WN-DN25-CL1500-SS304-RTJ,CAN-000078,DEPOT-BPCL-NML,"Numaligarh Depot Base, Assam",43,33310,27,FLANGE_WELD_NECK,25.0,1500,ASTM A182 F304,RTJ,ASME B16.5
BPCL-SAP-0002599,BPCL,VLV-GT-DN250-CL900-WCB-RF,CAN-001518,DEPOT-BPCL-BIN,"Bina Refinery, Madhya Pradesh",21,1505890,17,GATE_VALVE,250.0,900,ASTM A216 WCB,RF,API 6D
BPCL-SAP-0002600,BPCL,VLV-GT-DN300-CL1500-A105-RF,CAN-001593,DEPOT-BPCL-NML,"Numaligarh Depot Base, Assam",0,2872150,0,GATE_VALVE,300.0,1500,ASTM A105,RF,API 600
BPCL-SAP-0002601,BPCL,VLV-GL-DN250-PN250-WCB-RF,CAN-001978,DEPOT-BPCL-NML,"Numaligarh Depot Base, Assam",63,3021420,264,GLOBE_VALVE,250.0,1500,ASTM A216 WCB,RF,ASME B16.34
BPCL-SAP-0002602,BPCL,VLV-GL-DN25-PN50-WCB-RF,CAN-001825,DEPOT-BPCL-NML,"Numaligarh Depot Base, Assam",123,41780,336,GLOBE_VALVE,25.0,300,ASTM A216 WCB,RF,BS 1873
BPCL-SAP-0002603,BPCL,VLV-BL-DN150-CL1500-WCB-RF,CAN-001737,DEPOT-BPCL-MUM,"Mumbai Refinery, Mahul, Maharashtra",47,1425670,44,BALL_VALVE,150.0,1500,ASTM A216 WCB,RF,API 6D
BPCL-SAP-0002604,BPCL,FLG-WN-DN300-PN150-SS316-RF,CAN-000391,DEPOT-BPCL-BIN,"Bina Refinery, Madhya Pradesh",142,746490,341,FLANGE_WELD_NECK,300.0,900,ASTM A182 F316,RF,ASME B16.5
BPCL-SAP-0002605,BPCL,VLV-GT-DN25-PN50-WCB-RF,CAN-001074,DEPOT-BPCL-MUM,"Mumbai Refinery, Mahul, Maharashtra",27,31330,244,GATE_VALVE,25.0,300,ASTM A216 WCB,RF,API 6D
BPCL-SAP-0002606,BPCL,VLV-GT-DN200-PN20-WCB-RF,CAN-001422,DEPOT-BPCL-NML,"Numaligarh Depot Base, Assam",38,268710,58,GATE_VALVE,200.0,150,ASTM A216 WCB,RF,API 6D
BPCL-SAP-0002607,BPCL,VLV-GL-DN250-CL150-A105-RF,CAN-001964,DEPOT-BPCL-NML,"Numaligarh Depot Base, Assam",0,478860,0,GLOBE_VALVE,250.0,150,ASTM A105,RF,ASME B16.34
BPCL-SAP-0002608,BPCL,FLG-WN-DN25-PN100-A105-RTJ,CAN-000058,DEPOT-BPCL-BIN,"Bina Refinery, Madhya Pradesh",75,6660,534,FLANGE_WELD_NECK,25.0,600,ASTM A105,RTJ,ASME B16.5
BPCL-SAP-0002609,BPCL,BLT-STUD-DN80-PN250-L7-GR7-THRD,CAN-002150,DEPOT-BPCL-BIN,"Bina Refinery, Madhya Pradesh",33,16020,492,STUD_BOLT,80.0,1500,ASTM A320 L7 / A194 7,THRD,ASME B18.2.1
BPCL-SAP-0002610,BPCL,BLT-STUD-DN300-PN50-L7-GR7-THRD,CAN-002194,DEPOT-BPCL-BIN,"Bina Refinery, Madhya Pradesh",10,24650,115,STUD_BOLT,300.0,300,ASTM A320 L7 / A194 7,THRD,ASME B18.2.1
BPCL-SAP-0002611,BPCL,VLV-BL-DN25-PN250-SS316-BW,CAN-001640,DEPOT-BPCL-KCH,"Kochi Refinery, Kerala",101,444190,577,BALL_VALVE,25.0,1500,ASTM A182 F316,BW,API 6D
BPCL-SAP-0002612,BPCL,FLG-WN-DN40-PN250-SS316-RF,CAN-000119,DEPOT-BPCL-NML,"Numaligarh Depot Base, Assam",91,81830,283,FLANGE_WELD_NECK,40.0,1500,ASTM A182 F316,RF,ASME B16.5
BPCL-SAP-0002613,BPCL,VLV-GT-DN25-PN150-SS316-RF,CAN-001106,DEPOT-BPCL-BIN,"Bina Refinery, Madhya Pradesh",31,241510,68,GATE_VALVE,25.0,900,ASTM A182 F316,RF,API 6D
BPCL-SAP-0002614,BPCL,FLG-BLD-DN25-CL600-A105-RTJ,CAN-000444,DEPOT-BPCL-NML,"Numaligarh Depot Base, Assam",48,5450,265,FLANGE_BLIND,25.0,600,ASTM A105,RTJ,ASME B16.5
BPCL-SAP-0002615,BPCL,VLV-BL-DN50-PN250-WCB-RF,CAN-001677,DEPOT-BPCL-KCH,"Kochi Refinery, Kerala",0,341790,0,BALL_VALVE,50.0,1500,ASTM A216 WCB,RF,API 6D
BPCL-SAP-0002616,BPCL,FLG-WN-DN250-PN50-A350LF2-RF,CAN-000331,DEPOT-BPCL-MUM,"Mumbai Refinery, Mahul, Maharashtra",47,122280,12,FLANGE_WELD_NECK,250.0,300,ASTM A350 LF2,RF,ASME B16.5
BPCL-SAP-0002617,BPCL,VLV-GT-DN200-PN250-WCB-RF,CAN-001470,DEPOT-BPCL-KCH,"Kochi Refinery, Kerala",128,1695460,682,GATE_VALVE,200.0,1500,ASTM A216 WCB,RF,API 6D
BPCL-SAP-0002618,BPCL,FLG-WN-DN150-PN100-A350LF2-RTJ,CAN-000260,DEPOT-BPCL-KCH,"Kochi Refinery, Kerala",124,109590,366,FLANGE_WELD_NECK,150.0,600,ASTM A350 LF2,RTJ,ASME B16.5
BPCL-SAP-0002619,BPCL,GSKT-SW-DN150-CL150-SS316-GR-RF,CAN-002061,DEPOT-BPCL-BIN,"Bina Refinery, Madhya Pradesh",0,21360,0,SPIRAL_WOUND_GASKET,150.0,150,SS316 / GRAPHITE,RF,ASME B16.20
BPCL-SAP-0002620,BPCL,FLG-SO-DN25-PN20-A105-RF,CAN-000731,DEPOT-BPCL-MUM,"Mumbai Refinery, Mahul, Maharashtra",50,1600,101,FLANGE_SLIP_ON,25.0,150,ASTM A105,RF,ASME B16.5
BPCL-SAP-0002621,BPCL,FLG-WN-DN200-PN150-A350LF2-RF,CAN-000307,DEPOT-BPCL-KCH,"Kochi Refinery, Kerala",0,220330,0,FLANGE_WELD_NECK,200.0,900,ASTM A350 LF2,RF,ASME B16.5
BPCL-SAP-0002622,BPCL,VLV-GT-DN50-PN150-WCB-BW,CAN-001220,DEPOT-BPCL-BIN,"Bina Refinery, Madhya Pradesh",38,185830,63,GATE_VALVE,50.0,900,ASTM A216 WCB,BW,API 6D
BPCL-SAP-0002623,BPCL,VLV-BL-DN100-CL900-WCB-RF,CAN-001713,DEPOT-BPCL-NML,"Numaligarh Depot Base, Assam",47,559270,98,BALL_VALVE,100.0,900,ASTM A216 WCB,RF,API 6D
BPCL-SAP-0002624,BPCL,VLV-GL-DN150-PN250-WCB-RF,CAN-001938,DEPOT-BPCL-KCH,"Kochi Refinery, Kerala",84,1555270,389,GLOBE_VALVE,150.0,1500,ASTM A216 WCB,RF,ASME B16.34
BPCL-SAP-0002625,BPCL,FLG-BLD-DN40-CL150-A105-RTJ,CAN-000462,DEPOT-BPCL-KCH,"Kochi Refinery, Kerala",0,3310,0,FLANGE_BLIND,40.0,150,ASTM A105,RTJ,ASME B16.5
BPCL-SAP-0002626,BPCL,BLT-STUD-DN15-PN50-B7-2H-THRD,CAN-002103,DEPOT-BPCL-NML,"Numaligarh Depot Base, Assam",18,310,26,STUD_BOLT,15.0,300,ASTM A193 B7 / A194 2H,THRD,ASME B18.2.1
BPCL-SAP-0002627,BPCL,FLG-BLD-DN15-PN50-A105-RTJ,CAN-000408,DEPOT-BPCL-MUM,"Mumbai Refinery, Mahul, Maharashtra",5,1610,18,FLANGE_BLIND,15.0,300,ASTM A105,RTJ,ASME B16.5
BPCL-SAP-0002628,BPCL,FLG-SO-DN100-PN50-SS304-RF,CAN-000859,DEPOT-BPCL-KCH,"Kochi Refinery, Kerala",75,40530,189,FLANGE_SLIP_ON,100.0,300,ASTM A182 F304,RF,ASME B16.5
BPCL-SAP-0002629,BPCL,VLV-GT-DN25-PN150-WCB-RF,CAN-001097,DEPOT-BPCL-BIN,"Bina Refinery, Madhya Pradesh",0,75470,0,GATE_VALVE,25.0,900,ASTM A216 WCB,RF,API 600
BPCL-SAP-0002630,BPCL,FLG-SO-DN40-CL150-A105-FF,CAN-000762,DEPOT-BPCL-NML,"Numaligarh Depot Base, Assam",24,2940,116,FLANGE_SLIP_ON,40.0,150,ASTM A105,FF,ASME B16.5
BPCL-SAP-0002631,BPCL,VLV-GL-DN15-PN150-A105-RF,CAN-001815,DEPOT-BPCL-MUM,"Mumbai Refinery, Mahul, Maharashtra",0,51790,0,GLOBE_VALVE,15.0,900,ASTM A105,RF,BS 1873
BPCL-SAP-0002632,BPCL,VLV-GT-DN300-CL300-A105-BW,CAN-001559,DEPOT-BPCL-BIN,"Bina Refinery, Madhya Pradesh",5,792550,28,GATE_VALVE,300.0,300,ASTM A105,BW,API 600
BPCL-SAP-0002633,BPCL,FLG-BLD-DN40-PN50-SS316-RTJ,CAN-000472,DEPOT-BPCL-NML,"Numaligarh Depot Base, Assam",7,18470,96,FLANGE_BLIND,40.0,300,ASTM A182 F316,RTJ,ASME B16.5
BPCL-SAP-0002634,BPCL,VLV-GL-DN50-PN150-WCB-RF,CAN-001873,DEPOT-BPCL-MUM,"Mumbai Refinery, Mahul, Maharashtra",44,247780,17,GLOBE_VALVE,50.0,900,ASTM A216 WCB,RF,BS 1873
BPCL-SAP-0002635,BPCL,GSKT-SW-DN200-CL600-SS316-GR-RF,CAN-002075,DEPOT-BPCL-NML,"Numaligarh Depot Base, Assam",21,94130,457,SPIRAL_WOUND_GASKET,200.0,600,SS316 / GRAPHITE,RF,ASME B16.20
BPCL-SAP-0002636,BPCL,VLV-GL-DN250-CL150-A105-RF,CAN-001963,DEPOT-BPCL-NML,"Numaligarh Depot Base, Assam",9,478860,109,GLOBE_VALVE,250.0,150,ASTM A105,RF,BS 1873
BPCL-SAP-0002637,BPCL,FLG-WN-DN150-PN150-SS316-RTJ,CAN-000272,DEPOT-BPCL-MUM,"Mumbai Refinery, Mahul, Maharashtra",17,303170,108,FLANGE_WELD_NECK,150.0,900,ASTM A182 F316,RTJ,ASME B16.5
BPCL-SAP-0002638,BPCL,FLG-WN-DN300-PN150-A105-RF,CAN-000385,DEPOT-BPCL-BIN,"Bina Refinery, Madhya Pradesh",39,233280,34,FLANGE_WELD_NECK,300.0,900,ASTM A105,RF,ASME B16.5
BPCL-SAP-0002639,BPCL,VLV-GT-DN15-CL300-WCB-RF,CAN-001014,DEPOT-BPCL-NML,"Numaligarh Depot Base, Assam",31,16130,20,GATE_VALVE,15.0,300,ASTM A216 WCB,RF,API 6D
BPCL-SAP-0002640,BPCL,FLG-WN-DN150-PN50-SS316-RTJ,CAN-000256,DEPOT-BPCL-KCH,"Kochi Refinery, Kerala",33,125890,95,FLANGE_WELD_NECK,150.0,300,ASTM A182 F316,RTJ,ASME B16.5
BPCL-SAP-0002641,BPCL,BLT-STUD-DN40-PN50-B7-2H-THRD,CAN-002123,DEPOT-BPCL-MUM,"Mumbai Refinery, Mahul, Maharashtra",50,1120,68,STUD_BOLT,40.0,300,ASTM A193 B7 / A194 2H,THRD,ASME B18.2.1
BPCL-SAP-0002642,BPCL,FLG-WN-DN100-CL150-A350LF2-RF,CAN-000203,DEPOT-BPCL-NML,"Numaligarh Depot Base, Assam",96,21340,364,FLANGE_WELD_NECK,100.0,150,ASTM A350 LF2,RF,ASME B16.5
BPCL-SAP-0002643,BPCL,FLG-BLD-DN200-PN20-SS316-RF,CAN-000615,DEPOT-BPCL-MUM,"Mumbai Refinery, Mahul, Maharashtra",22,85980,100,FLANGE_BLIND,200.0,150,ASTM A182 F316,RF,ASME B16.5
BPCL-SAP-0002644,BPCL,FLG-WN-DN300-PN100-SS316-RTJ,CAN-000384,DEPOT-BPCL-NML,"Numaligarh Depot Base, Assam",42,539700,451,FLANGE_WELD_NECK,300.0,600,ASTM A182 F316,RTJ,ASME B16.5
BPCL-SAP-0002645,BPCL,VLV-GT-DN200-CL300-WCB-BW,CAN-001436,DEPOT-BPCL-KCH,"Kochi Refinery, Kerala",15,467850,111,GATE_VALVE,200.0,300,ASTM A216 WCB,BW,API 6D
BPCL-SAP-0002646,BPCL,VLV-GT-DN25-PN100-A105-RF,CAN-001089,DEPOT-BPCL-NML,"Numaligarh Depot Base, Assam",0,54560,0,GATE_VALVE,25.0,600,ASTM A105,RF,API 600
BPCL-SAP-0002647,BPCL,FLG-WN-DN200-CL1500-SS304-RF,CAN-000317,DEPOT-BPCL-NML,"Numaligarh Depot Base, Assam",26,497330,15,FLANGE_WELD_NECK,200.0,1500,ASTM A182 F304,RF,ASME B16.5
BPCL-SAP-0002648,BPCL,FLG-BLD-DN300-CL1500-A105-RF,CAN-000695,DEPOT-BPCL-KCH,"Kochi Refinery, Kerala",39,287210,20,FLANGE_BLIND,300.0,1500,ASTM A105,RF,ASME B16.5
BPCL-SAP-0002649,BPCL,VLV-GT-DN25-PN50-SS316-BW,CAN-001083,DEPOT-BPCL-NML,"Numaligarh Depot Base, Assam",42,100280,101,GATE_VALVE,25.0,300,ASTM A182 F316,BW,API 600
BPCL-SAP-0002650,BPCL,VLV-GT-DN250-CL1500-SS316-BW,CAN-001539,DEPOT-BPCL-MUM,"Mumbai Refinery, Mahul, Maharashtra",0,7251410,0,GATE_VALVE,250.0,1500,ASTM A182 F316,BW,API 600
BPCL-SAP-0002651,BPCL,VLV-GL-DN80-PN250-A105-RF,CAN-001899,DEPOT-BPCL-MUM,"Mumbai Refinery, Mahul, Maharashtra",71,686920,718,GLOBE_VALVE,80.0,1500,ASTM A105,RF,BS 1873
BPCL-SAP-0002652,BPCL,FLG-WN-DN300-PN250-A350LF2-RTJ,CAN-000396,DEPOT-BPCL-NML,"Numaligarh Depot Base, Assam",40,561660,485,FLANGE_WELD_NECK,300.0,1500,ASTM A350 LF2,RTJ,ASME B16.5
BPCL-SAP-0002653,BPCL,VLV-BL-DN150-PN50-WCB-BW,CAN-001726,DEPOT-BPCL-MUM,"Mumbai Refinery, Mahul, Maharashtra",0,393400,0,BALL_VALVE,150.0,300,ASTM A216 WCB,BW,API 6D
BPCL-SAP-0002654,BPCL,VLV-GT-DN250-CL150-A105-BW,CAN-001488,DEPOT-BPCL-BIN,"Bina Refinery, Madhya Pradesh",0,359140,0,GATE_VALVE,250.0,150,ASTM A105,BW,API 6D
BPCL-SAP-0002655,BPCL,FLG-BLD-DN300-PN50-SS316-RF,CAN-000681,DEPOT-BPCL-KCH,"Kochi Refinery, Kerala",9,253610,49,FLANGE_BLIND,300.0,300,ASTM A182 F316,RF,ASME B16.5
BPCL-SAP-0002656,BPCL,FLG-WN-DN250-CL300-SS304-RF,CAN-000333,DEPOT-BPCL-NML,"Numaligarh Depot Base, Assam",0,183420,0,FLANGE_WELD_NECK,250.0,300,ASTM A182 F304,RF,ASME B16.5
BPCL-SAP-0002657,BPCL,VLV-GT-DN100-PN150-A105-RF,CAN-001341,DEPOT-BPCL-NML,"Numaligarh Depot Base, Assam",17,457580,111,GATE_VALVE,100.0,900,ASTM A105,RF,API 600
BPCL-SAP-0002658,BPCL,FLG-BLD-DN15-CL300-A105-RTJ,CAN-000408,DEPOT-BPCL-NML,"Numaligarh Depot Base, Assam",67,1610,400,FLANGE_BLIND,15.0,300,ASTM A105,RTJ,ASME B16.5
BPCL-SAP-0002659,BPCL,FLG-SO-DN250-PN250-SS304-RF,CAN-000967,DEPOT-BPCL-KCH,"Kochi Refinery, Kerala",19,483420,39,FLANGE_SLIP_ON,250.0,1500,ASTM A182 F304,RF,ASME B16.5
BPCL-SAP-0002660,BPCL,FLG-BLD-DN80-CL150-SS316-RF,CAN-000525,DEPOT-BPCL-MUM,"Mumbai Refinery, Mahul, Maharashtra",0,26120,0,FLANGE_BLIND,80.0,150,ASTM A182 F316,RF,ASME B16.5
BPCL-SAP-0002661,BPCL,VLV-GT-DN15-CL1500-SS316-BW,CAN-001059,DEPOT-BPCL-BIN,"Bina Refinery, Madhya Pradesh",46,187070,74,GATE_VALVE,15.0,1500,ASTM A182 F316,BW,API 600
BPCL-SAP-0002662,BPCL,FLG-WN-DN150-CL150-SS316-RF,CAN-000247,DEPOT-BPCL-KCH,"Kochi Refinery, Kerala",65,72300,244,FLANGE_WELD_NECK,150.0,150,ASTM A182 F316,RF,ASME B16.5
BPCL-SAP-0002663,BPCL,VLV-GT-DN200-PN20-SS316-RF,CAN-001429,DEPOT-BPCL-MUM,"Mumbai Refinery, Mahul, Maharashtra",102,859880,483,GATE_VALVE,200.0,150,ASTM A182 F316,RF,API 600
BPCL-SAP-0002664,BPCL,VLV-GT-DN15-PN20-WCB-RF,CAN-001002,DEPOT-BPCL-NML,"Numaligarh Depot Base, Assam",11,9260,72,GATE_VALVE,15.0,150,ASTM A216 WCB,RF,API 6D
BPCL-SAP-0002665,BPCL,VLV-GT-DN100-PN250-SS316-BW,CAN-001359,DEPOT-BPCL-KCH,"Kochi Refinery, Kerala",0,2203430,0,GATE_VALVE,100.0,1500,ASTM A182 F316,BW,API 600
BPCL-SAP-0002666,BPCL,VLV-GT-DN100-PN250-SS316-RF,CAN-001357,DEPOT-BPCL-MUM,"Mumbai Refinery, Mahul, Maharashtra",9,2203430,98,GATE_VALVE,100.0,1500,ASTM A182 F316,RF,API 600
BPCL-SAP-0002667,BPCL,FLG-WN-DN200-PN250-A350LF2-RTJ,CAN-000316,DEPOT-BPCL-BIN,"Bina Refinery, Madhya Pradesh",31,331550,18,FLANGE_WELD_NECK,200.0,1500,ASTM A350 LF2,RTJ,ASME B16.5
BPCL-SAP-0002668,BPCL,FLG-WN-DN40-PN150-SS316-RF,CAN-000111,DEPOT-BPCL-BIN,"Bina Refinery, Madhya Pradesh",0,54380,0,FLANGE_WELD_NECK,40.0,900,ASTM A182 F316,RF,ASME B16.5
BPCL-SAP-0002669,BPCL,VLV-GL-DN80-PN100-A105-RF,CAN-001891,DEPOT-BPCL-KCH,"Kochi Refinery, Kerala",109,330030,593,GLOBE_VALVE,80.0,600,ASTM A105,RF,BS 1873
BPCL-SAP-0002670,BPCL,FLG-SO-DN15-PN250-A105-RF,CAN-000725,DEPOT-BPCL-KCH,"Kochi Refinery, Kerala",49,5190,60,FLANGE_SLIP_ON,15.0,1500,ASTM A105,RF,ASME B16.5
BPCL-SAP-0002671,BPCL,VLV-GT-DN80-CL150-A105-BW,CAN-001247,DEPOT-BPCL-MUM,"Mumbai Refinery, Mahul, Maharashtra",28,81650,325,GATE_VALVE,80.0,150,ASTM A105,BW,API 600
BPCL-SAP-0002672,BPCL,VLV-GT-DN200-PN150-WCB-BW,CAN-001459,DEPOT-BPCL-BIN,"Bina Refinery, Madhya Pradesh",42,1126700,99,GATE_VALVE,200.0,900,ASTM A216 WCB,BW,API 600
BPCL-SAP-0002673,BPCL,VLV-GL-DN50-CL150-A105-RF,CAN-001864,DEPOT-BPCL-MUM,"Mumbai Refinery, Mahul, Maharashtra",0,59090,0,GLOBE_VALVE,50.0,150,ASTM A105,RF,ASME B16.34
BPCL-SAP-0002674,BPCL,FLG-SO-DN15-CL1500-SS304-RF,CAN-000727,DEPOT-BPCL-BIN,"Bina Refinery, Madhya Pradesh",9,12470,54,FLANGE_SLIP_ON,15.0,1500,ASTM A182 F304,RF,ASME B16.5
BPCL-SAP-0002675,BPCL,GSKT-SW-DN300-PN100-SS304-GR-RF,CAN-002096,DEPOT-BPCL-NML,"Numaligarh Depot Base, Assam",7,119590,57,SPIRAL_WOUND_GASKET,300.0,600,SS304 / GRAPHITE,RF,ASME B16.20
BPCL-SAP-0002676,BPCL,VLV-GL-DN300-PN100-WCB-RF,CAN-001989,DEPOT-BPCL-KCH,"Kochi Refinery, Kerala",32,1839900,29,GLOBE_VALVE,300.0,600,ASTM A216 WCB,RF,BS 1873
BPCL-SAP-0002677,BPCL,VLV-BL-DN250-PN150-SS316-RF,CAN-001775,DEPOT-BPCL-KCH,"Kochi Refinery, Kerala",0,5889700,0,BALL_VALVE,250.0,900,ASTM A182 F316,RF,API 6D
BPCL-SAP-0002678,BPCL,FLG-WN-DN15-CL150-SS304-RF,CAN-000005,DEPOT-BPCL-BIN,"Bina Refinery, Madhya Pradesh",16,2710,115,FLANGE_WELD_NECK,15.0,150,ASTM A182 F304,RF,ASME B16.5
BPCL-SAP-0002679,BPCL,VLV-BL-DN80-PN50-WCB-BW,CAN-001686,DEPOT-BPCL-KCH,"Kochi Refinery, Kerala",6,173750,51,BALL_VALVE,80.0,300,ASTM A216 WCB,BW,API 6D
BPCL-SAP-0002680,BPCL,FLG-SO-DN50-CL300-SS316-FF,CAN-000802,DEPOT-BPCL-MUM,"Mumbai Refinery, Mahul, Maharashtra",0,21940,0,FLANGE_SLIP_ON,50.0,300,ASTM A182 F316,FF,ASME B16.5
BPCL-SAP-0002681,BPCL,VLV-GT-DN250-CL600-SS316-BW,CAN-001516,DEPOT-BPCL-NML,"Numaligarh Depot Base, Assam",27,3483930,647,GATE_VALVE,250.0,600,ASTM A182 F316,BW,API 6D
BPCL-SAP-0002682,BPCL,VLV-BL-DN25-CL300-SS316-RF,CAN-001627,DEPOT-BPCL-KCH,"Kochi Refinery, Kerala",0,122570,0,BALL_VALVE,25.0,300,ASTM A182 F316,RF,API 6D
BPCL-SAP-0002683,BPCL,VLV-GT-DN50-PN100-WCB-RF,CAN-001205,DEPOT-BPCL-KCH,"Kochi Refinery, Kerala",56,134350,412,GATE_VALVE,50.0,600,ASTM A216 WCB,RF,API 600
BPCL-SAP-0002684,BPCL,VLV-GT-DN25-PN100-WCB-BW,CAN-001088,DEPOT-BPCL-NML,"Numaligarh Depot Base, Assam",127,54560,683,GATE_VALVE,25.0,600,ASTM A216 WCB,BW,API 6D
BPCL-SAP-0002685,BPCL,VLV-BL-DN250-PN20-WCB-BW,CAN-001762,DEPOT-BPCL-BIN,"Bina Refinery, Madhya Pradesh",119,438950,738,BALL_VALVE,250.0,150,ASTM A216 WCB,BW,API 6D
BPCL-SAP-0002686,BPCL,VLV-GT-DN300-CL300-WCB-RF,CAN-001554,DEPOT-BPCL-KCH,"Kochi Refinery, Kerala",23,792550,74,GATE_VALVE,300.0,300,ASTM A216 WCB,RF,API 6D
BPCL-SAP-0002687,BPCL,FLG-BLD-DN50-CL150-A350LF2-RF,CAN-000493,DEPOT-BPCL-NML,"Numaligarh Depot Base, Assam",40,7090,87,FLANGE_BLIND,50.0,150,ASTM A350 LF2,RF,ASME B16.5
BPCL-SAP-0002688,BPCL,FLG-BLD-DN250-PN50-A350LF2-RTJ,CAN-000650,DEPOT-BPCL-MUM,"Mumbai Refinery, Mahul, Maharashtra",132,100040,547,FLANGE_BLIND,250.0,300,ASTM A350 LF2,RTJ,ASME B16.5
BPCL-SAP-0002689,BPCL,VLV-BL-DN150-PN50-WCB-RF,CAN-001725,DEPOT-BPCL-BIN,"Bina Refinery, Madhya Pradesh",27,393400,77,BALL_VALVE,150.0,300,ASTM A216 WCB,RF,API 6D
BPCL-SAP-0002690,BPCL,VLV-GT-DN25-CL300-WCB-BW,CAN-001075,DEPOT-BPCL-NML,"Numaligarh Depot Base, Assam",30,31330,115,GATE_VALVE,25.0,300,ASTM A216 WCB,BW,API 600
BPCL-SAP-0002691,BPCL,VLV-GT-DN15-CL300-WCB-RF,CAN-001013,DEPOT-BPCL-MUM,"Mumbai Refinery, Mahul, Maharashtra",65,16130,463,GATE_VALVE,15.0,300,ASTM A216 WCB,RF,API 600
BPCL-SAP-0002692,BPCL,FLG-SO-DN40-CL300-A105-RF,CAN-000767,DEPOT-BPCL-KCH,"Kochi Refinery, Kerala",39,5130,97,FLANGE_SLIP_ON,40.0,300,ASTM A105,RF,ASME B16.5
BPCL-SAP-0002693,BPCL,FLG-WN-DN250-CL150-SS316-RTJ,CAN-000328,DEPOT-BPCL-BIN,"Bina Refinery, Madhya Pradesh",0,140460,0,FLANGE_WELD_NECK,250.0,150,ASTM A182 F316,RTJ,ASME B16.5
BPCL-SAP-0002694,BPCL,VLV-GT-DN40-CL600-WCB-RF,CAN-001146,DEPOT-BPCL-KCH,"Kochi Refinery, Kerala",36,100520,36,GATE_VALVE,40.0,600,ASTM A216 WCB,RF,API 6D
BPCL-SAP-0002695,BPCL,VLV-GT-DN150-CL300-A105-BW,CAN-001380,DEPOT-BPCL-MUM,"Mumbai Refinery, Mahul, Maharashtra",35,321870,77,GATE_VALVE,150.0,300,ASTM A105,BW,API 6D
BPCL-SAP-0002696,BPCL,FLG-SO-DN200-CL900-A105-FF,CAN-000930,DEPOT-BPCL-BIN,"Bina Refinery, Madhya Pradesh",37,100150,460,FLANGE_SLIP_ON,200.0,900,ASTM A105,FF,ASME B16.5
BPCL-SAP-0002697,BPCL,VLV-GT-DN250-CL300-A105-BW,CAN-001499,DEPOT-BPCL-NML,"Numaligarh Depot Base, Assam",33,625310,48,GATE_VALVE,250.0,300,ASTM A105,BW,API 600
BPCL-SAP-0002698,BPCL,VLV-GL-DN300-PN100-WCB-RF,CAN-001990,DEPOT-BPCL-NML,"Numaligarh Depot Base, Assam",134,1839900,259,GLOBE_VALVE,300.0,600,ASTM A216 WCB,RF,ASME B16.34
BPCL-SAP-0002699,BPCL,FLG-WN-DN200-PN20-A105-RF,CAN-000281,DEPOT-BPCL-MUM,"Mumbai Refinery, Mahul, Maharashtra",0,32840,0,FLANGE_WELD_NECK,200.0,150,ASTM A105,RF,ASME B16.5
BPCL-SAP-0002700,BPCL,FLG-WN-DN250-PN20-SS316-RF,CAN-000327,DEPOT-BPCL-NML,"Numaligarh Depot Base, Assam",65,140460,689,FLANGE_WELD_NECK,250.0,150,ASTM A182 F316,RF,ASME B16.5
BPCL-SAP-0002701,BPCL,FLG-BLD-DN80-PN50-A105-RF,CAN-000527,DEPOT-BPCL-NML,"Numaligarh Depot Base, Assam",124,14210,732,FLANGE_BLIND,80.0,300,ASTM A105,RF,ASME B16.5
BPCL-SAP-0002702,BPCL,FLG-WN-DN100-PN150-SS304-RF,CAN-000229,DEPOT-BPCL-NML,"Numaligarh Depot Base, Assam",50,134220,110,FLANGE_WELD_NECK,100.0,900,ASTM A182 F304,RF,ASME B16.5
BPCL-SAP-0002703,BPCL,VLV-GT-DN200-CL600-A105-BW,CAN-001452,DEPOT-BPCL-KCH,"Kochi Refinery, Kerala",104,814580,211,GATE_VALVE,200.0,600,ASTM A105,BW,API 6D
BPCL-SAP-0002704,BPCL,VLV-GT-DN150-PN150-A105-RF,CAN-001401,DEPOT-BPCL-BIN,"Bina Refinery, Madhya Pradesh",23,775150,61,GATE_VALVE,150.0,900,ASTM A105,RF,API 600
BPCL-SAP-0002705,BPCL,FLG-BLD-DN80-CL300-A105-RF,CAN-000527,DEPOT-BPCL-MUM,"Mumbai Refinery, Mahul, Maharashtra",21,14210,108,FLANGE_BLIND,80.0,300,ASTM A105,RF,ASME B16.5
BPCL-SAP-0002706,BPCL,FLG-BLD-DN25-PN250-A350LF2-RF,CAN-000457,DEPOT-BPCL-MUM,"Mumbai Refinery, Mahul, Maharashtra",30,18170,119,FLANGE_BLIND,25.0,1500,ASTM A350 LF2,RF,ASME B16.5
BPCL-SAP-0002707,BPCL,FLG-WN-DN100-CL1500-A350LF2-RTJ,CAN-000236,DEPOT-BPCL-MUM,"Mumbai Refinery, Mahul, Maharashtra",10,134650,26,FLANGE_WELD_NECK,100.0,1500,ASTM A350 LF2,RTJ,ASME B16.5
BPCL-SAP-0002708,BPCL,VLV-GT-DN15-CL900-SS316-RF,CAN-001046,DEPOT-BPCL-MUM,"Mumbai Refinery, Mahul, Maharashtra",19,124310,101,GATE_VALVE,15.0,900,ASTM A182 F316,RF,API 6D
BPCL-SAP-0002709,BPCL,FLG-BLD-DN15-PN100-A105-RF,CAN-000413,DEPOT-BPCL-NML,"Numaligarh Depot Base, Assam",39,2800,105,FLANGE_BLIND,15.0,600,ASTM A105,RF,ASME B16.5
BPCL-SAP-0002710,BPCL,GSKT-SW-DN250-PN20-SS316-GR-RF,CAN-002081,DEPOT-BPCL-NML,"Numaligarh Depot Base, Assam",32,41500,50,SPIRAL_WOUND_GASKET,250.0,150,SS316 / GRAPHITE,RF,ASME B16.20
BPCL-SAP-0002711,BPCL,VLV-GT-DN250-PN20-SS316-RF,CAN-001489,DEPOT-BPCL-BIN,"Bina Refinery, Madhya Pradesh",31,1149270,113,GATE_VALVE,250.0,150,ASTM A182 F316,RF,API 600
BPCL-SAP-0002712,BPCL,FLG-WN-DN300-CL900-SS316-RTJ,CAN-000392,DEPOT-BPCL-MUM,"Mumbai Refinery, Mahul, Maharashtra",27,746490,82,FLANGE_WELD_NECK,300.0,900,ASTM A182 F316,RTJ,ASME B16.5
BPCL-SAP-0002713,BPCL,FLG-BLD-DN100-CL900-SS316-RF,CAN-000573,DEPOT-BPCL-NML,"Numaligarh Depot Base, Assam",11,146420,114,FLANGE_BLIND,100.0,900,ASTM A182 F316,RF,ASME B16.5
BPCL-SAP-0002714,BPCL,BLT-STUD-DN80-PN50-L7-GR7-THRD,CAN-002144,DEPOT-BPCL-BIN,"Bina Refinery, Madhya Pradesh",15,4420,33,STUD_BOLT,80.0,300,ASTM A320 L7 / A194 7,THRD,ASME B18.2.1
BPCL-SAP-0002715,BPCL,FLG-BLD-DN200-CL150-A350LF2-RTJ,CAN-000614,DEPOT-BPCL-MUM,"Mumbai Refinery, Mahul, Maharashtra",87,42990,575,FLANGE_BLIND,200.0,150,ASTM A350 LF2,RTJ,ASME B16.5
BPCL-SAP-0002716,BPCL,VLV-GT-DN40-PN100-SS316-BW,CAN-001156,DEPOT-BPCL-BIN,"Bina Refinery, Madhya Pradesh",49,321680,94,GATE_VALVE,40.0,600,ASTM A182 F316,BW,API 6D
BPCL-SAP-0002717,BPCL,VLV-BL-DN100-PN50-SS316-BW,CAN-001708,DEPOT-BPCL-BIN,"Bina Refinery, Madhya Pradesh",135,743140,380,BALL_VALVE,100.0,300,ASTM A182 F316,BW,API 6D
BPCL-SAP-0002718,BPCL,FLG-BLD-DN200-PN250-A105-RF,CAN-000635,DEPOT-BPCL-MUM,"Mumbai Refinery, Mahul, Maharashtra",20,169540,27,FLANGE_BLIND,200.0,1500,ASTM A105,RF,ASME B16.5
BPCL-SAP-0002719,BPCL,VLV-BL-DN15-CL600-WCB-BW,CAN-001610,DEPOT-BPCL-KCH,"Kochi Refinery, Kerala",0,34320,0,BALL_VALVE,15.0,600,ASTM A216 WCB,BW,API 6D
BPCL-SAP-0002720,BPCL,FLG-WN-DN100-PN150-A350LF2-RTJ,CAN-000228,DEPOT-BPCL-MUM,"Mumbai Refinery, Mahul, Maharashtra",0,89480,0,FLANGE_WELD_NECK,100.0,900,ASTM A350 LF2,RTJ,ASME B16.5
BPCL-SAP-0002721,BPCL,FLG-BLD-DN40-PN20-SS316-RF,CAN-000465,DEPOT-BPCL-MUM,"Mumbai Refinery, Mahul, Maharashtra",0,10610,0,FLANGE_BLIND,40.0,150,ASTM A182 F316,RF,ASME B16.5
BPCL-SAP-0002722,BPCL,VLV-GL-DN15-CL600-A105-RF,CAN-001811,DEPOT-BPCL-BIN,"Bina Refinery, Madhya Pradesh",8,37450,14,GLOBE_VALVE,15.0,600,ASTM A105,RF,BS 1873
BPCL-SAP-0002723,BPCL,FLG-WN-DN150-PN250-SS304-RTJ,CAN-000278,DEPOT-BPCL-BIN,"Bina Refinery, Madhya Pradesh",48,342160,50,FLANGE_WELD_NECK,150.0,1500,ASTM A182 F304,RTJ,ASME B16.5
BPCL-SAP-0002724,BPCL,FLG-BLD-DN50-PN50-SS316-RTJ,CAN-000502,DEPOT-BPCL-BIN,"Bina Refinery, Madhya Pradesh",48,24690,72,FLANGE_BLIND,50.0,300,ASTM A182 F316,RTJ,ASME B16.5
BPCL-SAP-0002725,BPCL,FLG-WN-DN300-CL300-SS316-RF,CAN-000375,DEPOT-BPCL-KCH,"Kochi Refinery, Kerala",0,309970,0,FLANGE_WELD_NECK,300.0,300,ASTM A182 F316,RF,ASME B16.5
BPCL-SAP-0002726,BPCL,FLG-WN-DN25-CL1500-A105-RTJ,CAN-000074,DEPOT-BPCL-MUM,"Mumbai Refinery, Mahul, Maharashtra",0,13880,0,FLANGE_WELD_NECK,25.0,1500,ASTM A105,RTJ,ASME B16.5
BPCL-SAP-0002727,BPCL,VLV-GT-DN25-PN20-A105-RF,CAN-001066,DEPOT-BPCL-MUM,"Mumbai Refinery, Mahul, Maharashtra",45,18000,40,GATE_VALVE,25.0,150,ASTM A105,RF,API 6D
BPCL-SAP-0002728,BPCL,FLG-BLD-DN80-PN250-SS316-RF,CAN-000549,DEPOT-BPCL-BIN,"Bina Refinery, Madhya Pradesh",20,164860,55,FLANGE_BLIND,80.0,1500,ASTM A182 F316,RF,ASME B16.5
BPCL-SAP-0002729,BPCL,VLV-BL-DN40-PN150-SS316-BW,CAN-001656,DEPOT-BPCL-MUM,"Mumbai Refinery, Mahul, Maharashtra",29,543810,86,BALL_VALVE,40.0,900,ASTM A182 F316,BW,API 6D
BPCL-SAP-0002730,BPCL,VLV-GL-DN200-PN100-A105-RF,CAN-001951,DEPOT-BPCL-NML,"Numaligarh Depot Base, Assam",0,1086110,0,GLOBE_VALVE,200.0,600,ASTM A105,RF,BS 1873
BPCL-SAP-0002731,BPCL,VLV-GL-DN80-PN150-WCB-RF,CAN-001893,DEPOT-BPCL-NML,"Numaligarh Depot Base, Assam",150,456480,459,GLOBE_VALVE,80.0,900,ASTM A216 WCB,RF,BS 1873
BPCL-SAP-0002732,BPCL,VLV-GT-DN15-PN150-A105-BW,CAN-001044,DEPOT-BPCL-NML,"Numaligarh Depot Base, Assam",0,38840,0,GATE_VALVE,15.0,900,ASTM A105,BW,API 6D
BPCL-SAP-0002733,BPCL,GSKT-SW-DN200-CL150-SS316-GR-RF,CAN-002071,DEPOT-BPCL-KCH,"Kochi Refinery, Kerala",45,31050,28,SPIRAL_WOUND_GASKET,200.0,150,SS316 / GRAPHITE,RF,ASME B16.20
BPCL-SAP-0002734,BPCL,VLV-BL-DN50-CL300-WCB-BW,CAN-001666,DEPOT-BPCL-BIN,"Bina Refinery, Madhya Pradesh",44,94310,77,BALL_VALVE,50.0,300,ASTM A216 WCB,BW,API 6D
BPCL-SAP-0002735,BPCL,VLV-GT-DN300-CL900-A105-BW,CAN-001583,DEPOT-BPCL-MUM,"Mumbai Refinery, Mahul, Maharashtra",29,1908660,61,GATE_VALVE,300.0,900,ASTM A105,BW,API 600
BPCL-SAP-0002736,BPCL,FLG-BLD-DN250-PN250-SS316-RTJ,CAN-000670,DEPOT-BPCL-MUM,"Mumbai Refinery, Mahul, Maharashtra",34,725140,77,FLANGE_BLIND,250.0,1500,ASTM A182 F316,RTJ,ASME B16.5
BPCL-SAP-0002737,BPCL,VLV-GT-DN80-CL900-SS316-BW,CAN-001287,DEPOT-BPCL-MUM,"Mumbai Refinery, Mahul, Maharashtra",57,1095560,615,GATE_VALVE,80.0,900,ASTM A182 F316,BW,API 600
BPCL-SAP-0002738,BPCL,VLV-GL-DN25-CL900-A105-RF,CAN-001835,DEPOT-BPCL-BIN,"Bina Refinery, Madhya Pradesh",39,100630,82,GLOBE_VALVE,25.0,900,ASTM A105,RF,BS 1873
BPCL-SAP-0002739,BPCL,FLG-BLD-DN80-PN250-A350LF2-RF,CAN-000547,DEPOT-BPCL-NML,"Numaligarh Depot Base, Assam",0,82430,0,FLANGE_BLIND,80.0,1500,ASTM A350 LF2,RF,ASME B16.5
BPCL-SAP-0002740,BPCL,FLG-WN-DN15-CL900-A350LF2-RF,CAN-000027,DEPOT-BPCL-BIN,"Bina Refinery, Madhya Pradesh",20,7590,20,FLANGE_WELD_NECK,15.0,900,ASTM A350 LF2,RF,ASME B16.5
BPCL-SAP-0002741,BPCL,VLV-GT-DN40-CL900-WCB-BW,CAN-001159,DEPOT-BPCL-BIN,"Bina Refinery, Madhya Pradesh",30,139040,356,GATE_VALVE,40.0,900,ASTM A216 WCB,BW,API 600
BPCL-SAP-0002742,BPCL,FLG-SO-DN40-PN100-SS316-FF,CAN-000778,DEPOT-BPCL-KCH,"Kochi Refinery, Kerala",7,28590,85,FLANGE_SLIP_ON,40.0,600,ASTM A182 F316,FF,ASME B16.5
BPCL-SAP-0002743,BPCL,VLV-GL-DN150-PN100-A105-RF,CAN-001932,DEPOT-BPCL-MUM,"Mumbai Refinery, Mahul, Maharashtra",0,747230,0,GLOBE_VALVE,150.0,600,ASTM A105,RF,ASME B16.34
BPCL-SAP-0002744,BPCL,BLT-STUD-DN15-CL1500-L7-GR7-THRD,CAN-002110,DEPOT-BPCL-MUM,"Mumbai Refinery, Mahul, Maharashtra",11,1810,27,STUD_BOLT,15.0,1500,ASTM A320 L7 / A194 7,THRD,ASME B18.2.1
BPCL-SAP-0002745,BPCL,FLG-BLD-DN25-PN150-A350LF2-RTJ,CAN-000452,DEPOT-BPCL-BIN,"Bina Refinery, Madhya Pradesh",0,12070,0,FLANGE_BLIND,25.0,900,ASTM A350 LF2,RTJ,ASME B16.5
BPCL-SAP-0002746,BPCL,VLV-GT-DN100-CL1500-SS316-BW,CAN-001360,DEPOT-BPCL-BIN,"Bina Refinery, Madhya Pradesh",0,2203430,0,GATE_VALVE,100.0,1500,ASTM A182 F316,BW,API 6D
BPCL-SAP-0002747,BPCL,FLG-WN-DN150-CL1500-A105-RF,CAN-000273,DEPOT-BPCL-MUM,"Mumbai Refinery, Mahul, Maharashtra",104,142560,349,FLANGE_WELD_NECK,150.0,1500,ASTM A105,RF,ASME B16.5
BPCL-SAP-0002748,BPCL,GSKT-SW-DN250-PN250-SS304-GR-RF,CAN-002090,DEPOT-BPCL-NML,"Numaligarh Depot Base, Assam",0,196390,0,SPIRAL_WOUND_GASKET,250.0,1500,SS304 / GRAPHITE,RF,ASME B16.20
BPCL-SAP-0002749,BPCL,FLG-WN-DN150-PN20-SS304-RTJ,CAN-000246,DEPOT-BPCL-NML,"Numaligarh Depot Base, Assam",28,54220,19,FLANGE_WELD_NECK,150.0,150,ASTM A182 F304,RTJ,ASME B16.5
BPCL-SAP-0002750,BPCL,VLV-BL-DN300-PN150-SS316-RF,CAN-001795,DEPOT-BPCL-MUM,"Mumbai Refinery, Mahul, Maharashtra",0,7464990,0,BALL_VALVE,300.0,900,ASTM A182 F316,RF,API 6D
BPCL-SAP-0002751,BPCL,VLV-BL-DN25-CL600-WCB-BW,CAN-001630,DEPOT-BPCL-NML,"Numaligarh Depot Base, Assam",0,66690,0,BALL_VALVE,25.0,600,ASTM A216 WCB,BW,API 6D
BPCL-SAP-0002752,BPCL,FLG-BLD-DN15-CL300-A350LF2-RF,CAN-000409,DEPOT-BPCL-NML,"Numaligarh Depot Base, Assam",23,2580,40,FLANGE_BLIND,15.0,300,ASTM A350 LF2,RF,ASME B16.5
BPCL-SAP-0002753,BPCL,FLG-SO-DN80-CL300-A105-RF,CAN-000827,DEPOT-BPCL-NML,"Numaligarh Depot Base, Assam",99,12630,612,FLANGE_SLIP_ON,80.0,300,ASTM A105,RF,ASME B16.5
BPCL-SAP-0002754,BPCL,FLG-WN-DN40-CL1500-SS316-RF,CAN-000119,DEPOT-BPCL-KCH,"Kochi Refinery, Kerala",0,81830,0,FLANGE_WELD_NECK,40.0,1500,ASTM A182 F316,RF,ASME B16.5
BPCL-SAP-0002755,BPCL,FLG-WN-DN15-CL300-SS316-RF,CAN-000015,DEPOT-BPCL-KCH,"Kochi Refinery, Kerala",0,6300,0,FLANGE_WELD_NECK,15.0,300,ASTM A182 F316,RF,ASME B16.5
BPCL-SAP-0002756,BPCL,BLT-STUD-DN300-PN20-B7-2H-THRD,CAN-002191,DEPOT-BPCL-BIN,"Bina Refinery, Madhya Pradesh",82,8850,637,STUD_BOLT,300.0,150,ASTM A193 B7 / A194 2H,THRD,ASME B18.2.1
BPCL-SAP-0002757,BPCL,VLV-GT-DN100-PN20-SS316-BW,CAN-001312,DEPOT-BPCL-NML,"Numaligarh Depot Base, Assam",0,349220,0,GATE_VALVE,100.0,150,ASTM A182 F316,BW,API 6D
BPCL-SAP-0002758,BPCL,FLG-SO-DN300-PN100-A105-RF,CAN-000983,DEPOT-BPCL-BIN,"Bina Refinery, Madhya Pradesh",9,122660,89,FLANGE_SLIP_ON,300.0,600,ASTM A105,RF,ASME B16.5
BPCL-SAP-0002759,BPCL,FLG-SO-DN50-PN250-SS316-FF,CAN-000820,DEPOT-BPCL-BIN,"Bina Refinery, Madhya Pradesh",127,79540,738,FLANGE_SLIP_ON,50.0,1500,ASTM A182 F316,FF,ASME B16.5
BPCL-SAP-0002760,BPCL,VLV-GT-DN150-CL300-WCB-BW,CAN-001375,DEPOT-BPCL-BIN,"Bina Refinery, Madhya Pradesh",0,321870,0,GATE_VALVE,150.0,300,ASTM A216 WCB,BW,API 600
BPCL-SAP-0002761,BPCL,FLG-WN-DN80-PN20-A350LF2-RTJ,CAN-000164,DEPOT-BPCL-MUM,"Mumbai Refinery, Mahul, Maharashtra",0,15960,0,FLANGE_WELD_NECK,80.0,150,ASTM A350 LF2,RTJ,ASME B16.5
BPCL-SAP-0002762,BPCL,FLG-SO-DN300-PN150-A105-RF,CAN-000989,DEPOT-BPCL-BIN,"Bina Refinery, Madhya Pradesh",148,169650,712,FLANGE_SLIP_ON,300.0,900,ASTM A105,RF,ASME B16.5
BPCL-SAP-0002763,BPCL,VLV-GT-DN50-CL300-WCB-BW,CAN-001196,DEPOT-BPCL-KCH,"Kochi Refinery, Kerala",6,77160,71,GATE_VALVE,50.0,300,ASTM A216 WCB,BW,API 6D
BPCL-SAP-0002764,BPCL,FLG-BLD-DN150-PN100-A105-RTJ,CAN-000594,DEPOT-BPCL-BIN,"Bina Refinery, Madhya Pradesh",0,56040,0,FLANGE_BLIND,150.0,600,ASTM A105,RTJ,ASME B16.5
BPCL-SAP-0002765,BPCL,VLV-GT-DN100-PN50-A105-RF,CAN-001317,DEPOT-BPCL-BIN,"Bina Refinery, Madhya Pradesh",47,190000,62,GATE_VALVE,100.0,300,ASTM A105,RF,API 600
BPCL-SAP-0002766,BPCL,VLV-GT-DN50-PN250-WCB-BW,CAN-001231,DEPOT-BPCL-MUM,"Mumbai Refinery, Mahul, Maharashtra",44,279640,100,GATE_VALVE,50.0,1500,ASTM A216 WCB,BW,API 600
BPCL-SAP-0002767,BPCL,VLV-BL-DN80-PN250-SS316-BW,CAN-001700,DEPOT-BPCL-KCH,"Kochi Refinery, Kerala",96,2014960,439,BALL_VALVE,80.0,1500,ASTM A182 F316,BW,API 6D
BPCL-SAP-0002768,BPCL,FLG-BLD-DN80-PN150-A350LF2-RTJ,CAN-000542,DEPOT-BPCL-BIN,"Bina Refinery, Madhya Pradesh",35,54770,51,FLANGE_BLIND,80.0,900,ASTM A350 LF2,RTJ,ASME B16.5
BPCL-SAP-0002769,BPCL,FLG-WN-DN15-PN20-SS316-RF,CAN-000007,DEPOT-BPCL-NML,"Numaligarh Depot Base, Assam",0,3620,0,FLANGE_WELD_NECK,15.0,150,ASTM A182 F316,RF,ASME B16.5
BPCL-SAP-0002770,BPCL,FLG-SO-DN300-CL300-A105-FF,CAN-000978,DEPOT-BPCL-MUM,"Mumbai Refinery, Mahul, Maharashtra",49,70440,63,FLANGE_SLIP_ON,300.0,300,ASTM A105,FF,ASME B16.5
BPCL-SAP-0002771,BPCL,FLG-BLD-DN200-PN20-A350LF2-RF,CAN-000613,DEPOT-BPCL-NML,"Numaligarh Depot Base, Assam",0,42990,0,FLANGE_BLIND,200.0,150,ASTM A350 LF2,RF,ASME B16.5
BPCL-SAP-0002772,BPCL,VLV-GT-DN200-PN20-SS316-BW,CAN-001431,DEPOT-BPCL-KCH,"Kochi Refinery, Kerala",29,859880,112,GATE_VALVE,200.0,150,ASTM A182 F316,BW,API 600
BPCL-SAP-0002773,BPCL,VLV-GL-DN200-CL900-WCB-RF,CAN-001954,DEPOT-BPCL-NML,"Numaligarh Depot Base, Assam",91,1502270,617,GLOBE_VALVE,200.0,900,ASTM A216 WCB,RF,ASME B16.34
BPCL-SAP-0002774,BPCL,VLV-BL-DN250-PN100-WCB-RF,CAN-001769,DEPOT-BPCL-BIN,"Bina Refinery, Madhya Pradesh",50,1330670,22,BALL_VALVE,250.0,600,ASTM A216 WCB,RF,API 6D
BPCL-SAP-0002775,BPCL,VLV-GT-DN50-PN50-A105-RF,CAN-001197,DEPOT-BPCL-MUM,"Mumbai Refinery, Mahul, Maharashtra",0,77160,0,GATE_VALVE,50.0,300,ASTM A105,RF,API 600
BPCL-SAP-0002776,BPCL,FLG-WN-DN100-CL300-A350LF2-RF,CAN-000211,DEPOT-BPCL-BIN,"Bina Refinery, Madhya Pradesh",35,37150,27,FLANGE_WELD_NECK,100.0,300,ASTM A350 LF2,RF,ASME B16.5
BPCL-SAP-0002777,BPCL,VLV-BL-DN200-CL300-WCB-RF,CAN-001745,DEPOT-BPCL-KCH,"Kochi Refinery, Kerala",35,571820,54,BALL_VALVE,200.0,300,ASTM A216 WCB,RF,API 6D
BPCL-SAP-0002778,BPCL,FLG-SO-DN300-CL300-SS304-FF,CAN-000980,DEPOT-BPCL-KCH,"Kochi Refinery, Kerala",9,169070,87,FLANGE_SLIP_ON,300.0,300,ASTM A182 F304,FF,ASME B16.5
BPCL-SAP-0002779,BPCL,VLV-GT-DN200-CL1500-SS316-RF,CAN-001477,DEPOT-BPCL-BIN,"Bina Refinery, Madhya Pradesh",0,5425490,0,GATE_VALVE,200.0,1500,ASTM A182 F316,RF,API 600
BPCL-SAP-0002780,BPCL,VLV-GT-DN80-PN100-WCB-RF,CAN-001265,DEPOT-BPCL-KCH,"Kochi Refinery, Kerala",0,247520,0,GATE_VALVE,80.0,600,ASTM A216 WCB,RF,API 600
BPCL-SAP-0002781,BPCL,FLG-SO-DN100-PN150-SS304-RF,CAN-000871,DEPOT-BPCL-KCH,"Kochi Refinery, Kerala",27,97610,680,FLANGE_SLIP_ON,100.0,900,ASTM A182 F304,RF,ASME B16.5
BPCL-SAP-0002782,BPCL,FLG-BLD-DN300-CL150-A350LF2-RTJ,CAN-000674,DEPOT-BPCL-NML,"Numaligarh Depot Base, Assam",98,72830,685,FLANGE_BLIND,300.0,150,ASTM A350 LF2,RTJ,ASME B16.5
BPCL-SAP-0002783,BPCL,FLG-SO-DN50-CL600-SS304-FF,CAN-000806,DEPOT-BPCL-BIN,"Bina Refinery, Madhya Pradesh",44,28660,10,FLANGE_SLIP_ON,50.0,600,ASTM A182 F304,FF,ASME B16.5
BPCL-SAP-0002784,BPCL,FLG-BLD-DN300-PN50-A350LF2-RF,CAN-000679,DEPOT-BPCL-MUM,"Mumbai Refinery, Mahul, Maharashtra",30,126800,94,FLANGE_BLIND,300.0,300,ASTM A350 LF2,RF,ASME B16.5
BPCL-SAP-0002785,BPCL,FLG-SO-DN250-PN250-SS304-FF,CAN-000968,DEPOT-BPCL-BIN,"Bina Refinery, Madhya Pradesh",0,483420,0,FLANGE_SLIP_ON,250.0,1500,ASTM A182 F304,FF,ASME B16.5
BPCL-SAP-0002786,BPCL,VLV-GT-DN25-PN50-WCB-BW,CAN-001075,DEPOT-BPCL-KCH,"Kochi Refinery, Kerala",14,31330,34,GATE_VALVE,25.0,300,ASTM A216 WCB,BW,API 600
BPCL-SAP-0002787,BPCL,BLT-STUD-DN150-PN100-B7-2H-THRD,CAN-002165,DEPOT-BPCL-MUM,"Mumbai Refinery, Mahul, Maharashtra",0,10890,0,STUD_BOLT,150.0,600,ASTM A193 B7 / A194 2H,THRD,ASME B18.2.1
BPCL-SAP-0002788,BPCL,FLG-WN-DN15-PN250-A350LF2-RF,CAN-000035,DEPOT-BPCL-MUM,"Mumbai Refinery, Mahul, Maharashtra",150,11430,662,FLANGE_WELD_NECK,15.0,1500,ASTM A350 LF2,RF,ASME B16.5
BPCL-SAP-0002789,BPCL,GSKT-SW-DN25-CL150-SS316-GR-RF,CAN-002011,DEPOT-BPCL-MUM,"Mumbai Refinery, Mahul, Maharashtra",30,2080,730,SPIRAL_WOUND_GASKET,25.0,150,SS316 / GRAPHITE,RF,ASME B16.20
BPCL-SAP-0002790,BPCL,GSKT-SW-DN40-PN20-SS316-GR-RF,CAN-002021,DEPOT-BPCL-KCH,"Kochi Refinery, Kerala",0,3830,0,SPIRAL_WOUND_GASKET,40.0,150,SS316 / GRAPHITE,RF,ASME B16.20
BPCL-SAP-0002791,BPCL,FLG-SO-DN15-CL300-SS304-RF,CAN-000709,DEPOT-BPCL-KCH,"Kochi Refinery, Kerala",0,3440,0,FLANGE_SLIP_ON,15.0,300,ASTM A182 F304,RF,ASME B16.5
BPCL-SAP-0002792,BPCL,GSKT-SW-DN200-CL600-SS304-GR-RF,CAN-002076,DEPOT-BPCL-KCH,"Kochi Refinery, Kerala",27,70590,59,SPIRAL_WOUND_GASKET,200.0,600,SS304 / GRAPHITE,RF,ASME B16.20
BPCL-SAP-0002793,BPCL,VLV-GT-DN40-PN50-SS316-RF,CAN-001142,DEPOT-BPCL-MUM,"Mumbai Refinery, Mahul, Maharashtra",38,184750,13,GATE_VALVE,40.0,300,ASTM A182 F316,RF,API 6D
BPCL-SAP-0002794,BPCL,VLV-GL-DN50-CL1500-A105-RF,CAN-001879,DEPOT-BPCL-NML,"Numaligarh Depot Base, Assam",0,372860,0,GLOBE_VALVE,50.0,1500,ASTM A105,RF,BS 1873
BPCL-SAP-0002795,BPCL,GSKT-SW-DN25-PN150-SS304-GR-RF,CAN-002018,DEPOT-BPCL-MUM,"Mumbai Refinery, Mahul, Maharashtra",93,6540,661,SPIRAL_WOUND_GASKET,25.0,900,SS304 / GRAPHITE,RF,ASME B16.20
BPCL-SAP-0002796,BPCL,VLV-GT-DN50-PN100-SS316-RF,CAN-001214,DEPOT-BPCL-KCH,"Kochi Refinery, Kerala",34,429940,115,GATE_VALVE,50.0,600,ASTM A182 F316,RF,API 6D
BPCL-SAP-0002797,BPCL,FLG-WN-DN100-CL600-SS316-RF,CAN-000223,DEPOT-BPCL-MUM,"Mumbai Refinery, Mahul, Maharashtra",144,129380,376,FLANGE_WELD_NECK,100.0,600,ASTM A182 F316,RF,ASME B16.5
BPCL-SAP-0002798,BPCL,FLG-WN-DN150-PN250-A105-RTJ,CAN-000274,DEPOT-BPCL-NML,"Numaligarh Depot Base, Assam",8,142560,104,FLANGE_WELD_NECK,150.0,1500,ASTM A105,RTJ,ASME B16.5
BPCL-SAP-0002799,BPCL,VLV-GT-DN40-PN20-A105-RF,CAN-001125,DEPOT-BPCL-BIN,"Bina Refinery, Madhya Pradesh",32,33160,109,GATE_VALVE,40.0,150,ASTM A105,RF,API 600
BPCL-SAP-0002800,BPCL,VLV-GT-DN200-CL1500-WCB-RF,CAN-001470,DEPOT-BPCL-NML,"Numaligarh Depot Base, Assam",70,1695460,304,GATE_VALVE,200.0,1500,ASTM A216 WCB,RF,API 6D
BPCL-SAP-0002801,BPCL,VLV-BL-DN300-PN50-WCB-RF,CAN-001785,DEPOT-BPCL-KCH,"Kochi Refinery, Kerala",109,968680,234,BALL_VALVE,300.0,300,ASTM A216 WCB,RF,API 6D
BPCL-SAP-0002802,BPCL,VLV-GT-DN80-CL150-WCB-BW,CAN-001243,DEPOT-BPCL-BIN,"Bina Refinery, Madhya Pradesh",107,81650,195,GATE_VALVE,80.0,150,ASTM A216 WCB,BW,API 600
BPCL-SAP-0002803,BPCL,VLV-BL-DN40-CL150-WCB-BW,CAN-001642,DEPOT-BPCL-KCH,"Kochi Refinery, Kerala",0,40530,0,BALL_VALVE,40.0,150,ASTM A216 WCB,BW,API 6D
BPCL-SAP-0002804,BPCL,VLV-GT-DN40-PN50-A105-BW,CAN-001139,DEPOT-BPCL-MUM,"Mumbai Refinery, Mahul, Maharashtra",109,57730,338,GATE_VALVE,40.0,300,ASTM A105,BW,API 600
BPCL-SAP-0002805,BPCL,FLG-SO-DN15-PN50-SS304-RF,CAN-000709,DEPOT-BPCL-BIN,"Bina Refinery, Madhya Pradesh",129,3440,443,FLANGE_SLIP_ON,15.0,300,ASTM A182 F304,RF,ASME B16.5
BPCL-SAP-0002806,BPCL,VLV-BL-DN250-PN150-WCB-BW,CAN-001774,DEPOT-BPCL-BIN,"Bina Refinery, Madhya Pradesh",24,1840530,58,BALL_VALVE,250.0,900,ASTM A216 WCB,BW,API 6D
BPCL-SAP-0002807,BPCL,FLG-WN-DN200-PN100-A350LF2-RTJ,CAN-000300,DEPOT-BPCL-NML,"Numaligarh Depot Base, Assam",45,159290,94,FLANGE_WELD_NECK,200.0,600,ASTM A350 LF2,RTJ,ASME B16.5
BPCL-SAP-0002808,BPCL,GSKT-SW-DN15-PN50-SS304-GR-RF,CAN-002004,DEPOT-BPCL-BIN,"Bina Refinery, Madhya Pradesh",12,1390,45,SPIRAL_WOUND_GASKET,15.0,300,SS304 / GRAPHITE,RF,ASME B16.20
BPCL-SAP-0002809,BPCL,FLG-BLD-DN200-CL300-A105-RF,CAN-000617,DEPOT-BPCL-BIN,"Bina Refinery, Madhya Pradesh",0,46780,0,FLANGE_BLIND,200.0,300,ASTM A105,RF,ASME B16.5
BPCL-SAP-0002810,BPCL,VLV-GT-DN15-CL1500-SS316-BW,CAN-001059,DEPOT-BPCL-MUM,"Mumbai Refinery, Mahul, Maharashtra",48,187070,396,GATE_VALVE,15.0,1500,ASTM A182 F316,BW,API 600
BPCL-SAP-0002811,BPCL,BLT-STUD-DN80-PN100-L7-GR7-THRD,CAN-002146,DEPOT-BPCL-NML,"Numaligarh Depot Base, Assam",33,7700,75,STUD_BOLT,80.0,600,ASTM A320 L7 / A194 7,THRD,ASME B18.2.1
BPCL-SAP-0002812,BPCL,VLV-BL-DN80-CL150-WCB-RF,CAN-001681,DEPOT-BPCL-MUM,"Mumbai Refinery, Mahul, Maharashtra",0,99790,0,BALL_VALVE,80.0,150,ASTM A216 WCB,RF,API 6D
BPCL-SAP-0002813,BPCL,BLT-STUD-DN25-PN100-L7-GR7-THRD,CAN-002116,DEPOT-BPCL-KCH,"Kochi Refinery, Kerala",0,1690,0,STUD_BOLT,25.0,600,ASTM A320 L7 / A194 7,THRD,ASME B18.2.1
BPCL-SAP-0002814,BPCL,VLV-GT-DN40-CL300-WCB-RF,CAN-001134,DEPOT-BPCL-BIN,"Bina Refinery, Madhya Pradesh",77,57730,408,GATE_VALVE,40.0,300,ASTM A216 WCB,RF,API 6D
BPCL-SAP-0002815,BPCL,VLV-BL-DN15-PN250-SS316-BW,CAN-001620,DEPOT-BPCL-KCH,"Kochi Refinery, Kerala",14,228640,36,BALL_VALVE,15.0,1500,ASTM A182 F316,BW,API 6D
BPCL-SAP-0002816,BPCL,FLG-BLD-DN40-PN150-SS316-RF,CAN-000483,DEPOT-BPCL-BIN,"Bina Refinery, Madhya Pradesh",12,44490,53,FLANGE_BLIND,40.0,900,ASTM A182 F316,RF,ASME B16.5
BPCL-SAP-0002817,BPCL,FLG-WN-DN50-CL1500-A350LF2-RF,CAN-000155,DEPOT-BPCL-NML,"Numaligarh Depot Base, Assam",28,54680,69,FLANGE_WELD_NECK,50.0,1500,ASTM A350 LF2,RF,ASME B16.5
BPCL-SAP-0002818,BPCL,FLG-SO-DN50-PN250-SS304-RF,CAN-000817,DEPOT-BPCL-NML,"Numaligarh Depot Base, Assam",131,59650,260,FLANGE_SLIP_ON,50.0,1500,ASTM A182 F304,RF,ASME B16.5
BPCL-SAP-0002819,BPCL,VLV-BL-DN80-CL900-SS316-RF,CAN-001695,DEPOT-BPCL-MUM,"Mumbai Refinery, Mahul, Maharashtra",0,1339020,0,BALL_VALVE,80.0,900,ASTM A182 F316,RF,API 6D
BPCL-SAP-0002820,BPCL,FLG-WN-DN100-PN100-SS304-RF,CAN-000221,DEPOT-BPCL-MUM,"Mumbai Refinery, Mahul, Maharashtra",51,97040,722,FLANGE_WELD_NECK,100.0,600,ASTM A182 F304,RF,ASME B16.5
BPCL-SAP-0002821,BPCL,VLV-GL-DN200-PN50-WCB-RF,CAN-001946,DEPOT-BPCL-KCH,"Kochi Refinery, Kerala",22,623800,73,GLOBE_VALVE,200.0,300,ASTM A216 WCB,RF,ASME B16.34
BPCL-SAP-0002822,BPCL,VLV-BL-DN250-PN150-SS316-BW,CAN-001776,DEPOT-BPCL-KCH,"Kochi Refinery, Kerala",45,5889700,36,BALL_VALVE,250.0,900,ASTM A182 F316,BW,API 6D
BPCL-SAP-0002823,BPCL,FLG-BLD-DN50-PN250-A350LF2-RF,CAN-000517,DEPOT-BPCL-MUM,"Mumbai Refinery, Mahul, Maharashtra",13,44740,60,FLANGE_BLIND,50.0,1500,ASTM A350 LF2,RF,ASME B16.5
BPCL-SAP-0002824,BPCL,VLV-BL-DN25-PN150-SS316-BW,CAN-001636,DEPOT-BPCL-NML,"Numaligarh Depot Base, Assam",77,295180,268,BALL_VALVE,25.0,900,ASTM A182 F316,BW,API 6D
BPCL-SAP-0002825,BPCL,FLG-SO-DN300-PN50-SS316-FF,CAN-000982,DEPOT-BPCL-BIN,"Bina Refinery, Madhya Pradesh",48,225430,77,FLANGE_SLIP_ON,300.0,300,ASTM A182 F316,FF,ASME B16.5
BPCL-SAP-0002826,BPCL,FLG-WN-DN15-CL1500-A350LF2-RTJ,CAN-000036,DEPOT-BPCL-MUM,"Mumbai Refinery, Mahul, Maharashtra",28,11430,73,FLANGE_WELD_NECK,15.0,1500,ASTM A350 LF2,RTJ,ASME B16.5
BPCL-SAP-0002827,BPCL,FLG-SO-DN150-PN250-A105-RF,CAN-000905,DEPOT-BPCL-NML,"Numaligarh Depot Base, Assam",49,103680,37,FLANGE_SLIP_ON,150.0,1500,ASTM A105,RF,ASME B16.5
BPCL-SAP-0002828,BPCL,VLV-GT-DN250-CL300-A105-BW,CAN-001499,DEPOT-BPCL-KCH,"Kochi Refinery, Kerala",54,625310,377,GATE_VALVE,250.0,300,ASTM A105,BW,API 600
BPCL-SAP-0002829,BPCL,VLV-GT-DN25-PN100-WCB-RF,CAN-001086,DEPOT-BPCL-BIN,"Bina Refinery, Madhya Pradesh",29,54560,78,GATE_VALVE,25.0,600,ASTM A216 WCB,RF,API 6D
BPCL-SAP-0002830,BPCL,VLV-GT-DN150-PN250-SS316-BW,CAN-001419,DEPOT-BPCL-BIN,"Bina Refinery, Madhya Pradesh",0,3732660,0,GATE_VALVE,150.0,1500,ASTM A182 F316,BW,API 600
BPCL-SAP-0002831,BPCL,VLV-GT-DN200-PN150-WCB-RF,CAN-001458,DEPOT-BPCL-MUM,"Mumbai Refinery, Mahul, Maharashtra",0,1126700,0,GATE_VALVE,200.0,900,ASTM A216 WCB,RF,API 6D
BPCL-SAP-0002832,BPCL,FLG-SO-DN150-CL150-SS304-FF,CAN-000884,DEPOT-BPCL-BIN,"Bina Refinery, Madhya Pradesh",99,39430,361,FLANGE_SLIP_ON,150.0,150,ASTM A182 F304,FF,ASME B16.5
BPCL-SAP-0002833,BPCL,VLV-BL-DN80-PN50-WCB-RF,CAN-001685,DEPOT-BPCL-KCH,"Kochi Refinery, Kerala",91,173750,510,BALL_VALVE,80.0,300,ASTM A216 WCB,RF,API 6D
BPCL-SAP-0002834,BPCL,FLG-BLD-DN50-PN150-SS316-RF,CAN-000513,DEPOT-BPCL-MUM,"Mumbai Refinery, Mahul, Maharashtra",33,59460,41,FLANGE_BLIND,50.0,900,ASTM A182 F316,RF,ASME B16.5
BPCL-SAP-0002835,BPCL,FLG-WN-DN100-CL600-A350LF2-RTJ,CAN-000220,DEPOT-BPCL-NML,"Numaligarh Depot Base, Assam",9,64690,16,FLANGE_WELD_NECK,100.0,600,ASTM A350 LF2,RTJ,ASME B16.5
BPCL-SAP-0002836,BPCL,VLV-BL-DN150-PN150-SS316-BW,CAN-001736,DEPOT-BPCL-KCH,"Kochi Refinery, Kerala",27,3031720,47,BALL_VALVE,150.0,900,ASTM A182 F316,BW,API 6D
BPCL-SAP-0002837,BPCL,FLG-WN-DN50-PN150-SS316-RTJ,CAN-000152,DEPOT-BPCL-NML,"Numaligarh Depot Base, Assam",0,72680,0,FLANGE_WELD_NECK,50.0,900,ASTM A182 F316,RTJ,ASME B16.5
BPCL-SAP-0002838,BPCL,FLG-SO-DN250-PN50-A105-FF,CAN-000948,DEPOT-BPCL-KCH,"Kochi Refinery, Kerala",0,55580,0,FLANGE_SLIP_ON,250.0,300,ASTM A105,FF,ASME B16.5
BPCL-SAP-0002839,BPCL,FLG-WN-DN100-CL150-SS304-RTJ,CAN-000206,DEPOT-BPCL-KCH,"Kochi Refinery, Kerala",62,32010,672,FLANGE_WELD_NECK,100.0,150,ASTM A182 F304,RTJ,ASME B16.5
BPCL-SAP-0002840,BPCL,FLG-WN-DN100-PN150-SS304-RTJ,CAN-000230,DEPOT-BPCL-NML,"Numaligarh Depot Base, Assam",20,134220,624,FLANGE_WELD_NECK,100.0,900,ASTM A182 F304,RTJ,ASME B16.5
BPCL-SAP-0002841,BPCL,BLT-STUD-DN25-PN250-B7-2H-THRD,CAN-002119,DEPOT-BPCL-BIN,"Bina Refinery, Madhya Pradesh",0,2200,0,STUD_BOLT,25.0,1500,ASTM A193 B7 / A194 2H,THRD,ASME B18.2.1
BPCL-SAP-0002842,BPCL,FLG-SO-DN25-PN20-A105-FF,CAN-000732,DEPOT-BPCL-NML,"Numaligarh Depot Base, Assam",0,1600,0,FLANGE_SLIP_ON,25.0,150,ASTM A105,FF,ASME B16.5
BPCL-SAP-0002843,BPCL,VLV-BL-DN25-PN150-SS316-BW,CAN-001636,DEPOT-BPCL-NML,"Numaligarh Depot Base, Assam",11,295180,20,BALL_VALVE,25.0,900,ASTM A182 F316,BW,API 6D
BPCL-SAP-0002844,BPCL,FLG-WN-DN25-PN100-A105-RF,CAN-000057,DEPOT-BPCL-KCH,"Kochi Refinery, Kerala",13,6660,120,FLANGE_WELD_NECK,25.0,600,ASTM A105,RF,ASME B16.5
BPCL-SAP-0002845,BPCL,FLG-BLD-DN80-CL900-A105-RF,CAN-000539,DEPOT-BPCL-MUM,"Mumbai Refinery, Mahul, Maharashtra",100,34230,694,FLANGE_BLIND,80.0,900,ASTM A105,RF,ASME B16.5
BPCL-SAP-0002846,BPCL,FLG-BLD-DN25-PN150-SS316-RF,CAN-000453,DEPOT-BPCL-KCH,"Kochi Refinery, Kerala",20,24150,12,FLANGE_BLIND,25.0,900,ASTM A182 F316,RF,ASME B16.5
BPCL-SAP-0002847,BPCL,FLG-WN-DN150-PN50-A350LF2-RF,CAN-000251,DEPOT-BPCL-BIN,"Bina Refinery, Madhya Pradesh",0,62940,0,FLANGE_WELD_NECK,150.0,300,ASTM A350 LF2,RF,ASME B16.5
BPCL-SAP-0002848,BPCL,FLG-BLD-DN15-CL900-A105-RF,CAN-000419,DEPOT-BPCL-NML,"Numaligarh Depot Base, Assam",0,3880,0,FLANGE_BLIND,15.0,900,ASTM A105,RF,ASME B16.5
BPCL-SAP-0002849,BPCL,VLV-GT-DN250-PN100-WCB-BW,CAN-001508,DEPOT-BPCL-KCH,"Kochi Refinery, Kerala",42,1088730,62,GATE_VALVE,250.0,600,ASTM A216 WCB,BW,API 6D
BPCL-SAP-0002850,BPCL,FLG-BLD-DN50-PN100-SS316-RF,CAN-000507,DEPOT-BPCL-MUM,"Mumbai Refinery, Mahul, Maharashtra",30,42990,25,FLANGE_BLIND,50.0,600,ASTM A182 F316,RF,ASME B16.5
BPCL-SAP-0002851,BPCL,VLV-GT-DN25-PN100-WCB-RF,CAN-001085,DEPOT-BPCL-BIN,"Bina Refinery, Madhya Pradesh",39,54560,65,GATE_VALVE,25.0,600,ASTM A216 WCB,RF,API 600
BPCL-SAP-0002852,BPCL,FLG-WN-DN80-CL300-A105-RTJ,CAN-000170,DEPOT-BPCL-BIN,"Bina Refinery, Madhya Pradesh",42,17370,58,FLANGE_WELD_NECK,80.0,300,ASTM A105,RTJ,ASME B16.5
BPCL-SAP-0002853,BPCL,VLV-GT-DN15-PN100-WCB-BW,CAN-001027,DEPOT-BPCL-KCH,"Kochi Refinery, Kerala",0,28080,0,GATE_VALVE,15.0,600,ASTM A216 WCB,BW,API 600
BPCL-SAP-0002854,BPCL,VLV-BL-DN100-PN20-SS316-RF,CAN-001703,DEPOT-BPCL-KCH,"Kochi Refinery, Kerala",26,426820,77,BALL_VALVE,100.0,150,ASTM A182 F316,RF,API 6D
BPCL-SAP-0002855,BPCL,FLG-BLD-DN40-PN100-A105-RF,CAN-000473,DEPOT-BPCL-MUM,"Mumbai Refinery, Mahul, Maharashtra",0,10050,0,FLANGE_BLIND,40.0,600,ASTM A105,RF,ASME B16.5
BPCL-SAP-0002856,BPCL,VLV-GT-DN80-PN50-A105-BW,CAN-001259,DEPOT-BPCL-BIN,"Bina Refinery, Madhya Pradesh",47,142160,99,GATE_VALVE,80.0,300,ASTM A105,BW,API 600
BPCL-SAP-0002857,BPCL,VLV-GT-DN200-PN50-WCB-BW,CAN-001435,DEPOT-BPCL-NML,"Numaligarh Depot Base, Assam",45,467850,41,GATE_VALVE,200.0,300,ASTM A216 WCB,BW,API 600
BPCL-SAP-0002858,BPCL,FLG-WN-DN25-CL600-SS304-RF,CAN-000061,DEPOT-BPCL-BIN,"Bina Refinery, Madhya Pradesh",7,16000,74,FLANGE_WELD_NECK,25.0,600,ASTM A182 F304,RF,ASME B16.5
BPCL-SAP-0002859,BPCL,FLG-WN-DN100-PN50-SS316-RF,CAN-000215,DEPOT-BPCL-KCH,"Kochi Refinery, Kerala",40,74310,79,FLANGE_WELD_NECK,100.0,300,ASTM A182 F316,RF,ASME B16.5
BPCL-SAP-0002860,BPCL,VLV-GT-DN50-CL150-A105-RF,CAN-001185,DEPOT-BPCL-MUM,"Mumbai Refinery, Mahul, Maharashtra",67,44320,631,GATE_VALVE,50.0,150,ASTM A105,RF,API 600
BPCL-SAP-0002861,BPCL,FLG-WN-DN200-PN100-SS304-RTJ,CAN-000302,DEPOT-BPCL-KCH,"Kochi Refinery, Kerala",133,238940,698,FLANGE_WELD_NECK,200.0,600,ASTM A182 F304,RTJ,ASME B16.5
BPCL-SAP-0002862,BPCL,FLG-WN-DN40-PN150-SS316-RTJ,CAN-000112,DEPOT-BPCL-BIN,"Bina Refinery, Madhya Pradesh",0,54380,0,FLANGE_WELD_NECK,40.0,900,ASTM A182 F316,RTJ,ASME B16.5
BPCL-SAP-0002863,BPCL,FLG-WN-DN15-PN250-A105-RF,CAN-000033,DEPOT-BPCL-KCH,"Kochi Refinery, Kerala",0,7140,0,FLANGE_WELD_NECK,15.0,1500,ASTM A105,RF,ASME B16.5
BPCL-SAP-0002864,BPCL,BLT-STUD-DN150-PN150-B7-2H-THRD,CAN-002167,DEPOT-BPCL-MUM,"Mumbai Refinery, Mahul, Maharashtra",42,15070,575,STUD_BOLT,150.0,900,ASTM A193 B7 / A194 2H,THRD,ASME B18.2.1
BPCL-SAP-0002865,BPCL,FLG-SO-DN50-PN250-SS304-RF,CAN-000817,DEPOT-BPCL-MUM,"Mumbai Refinery, Mahul, Maharashtra",145,59650,642,FLANGE_SLIP_ON,50.0,1500,ASTM A182 F304,RF,ASME B16.5
BPCL-SAP-0002866,BPCL,FLG-WN-DN200-PN20-SS304-RTJ,CAN-000286,DEPOT-BPCL-MUM,"Mumbai Refinery, Mahul, Maharashtra",0,78820,0,FLANGE_WELD_NECK,200.0,150,ASTM A182 F304,RTJ,ASME B16.5
BPCL-SAP-0002867,BPCL,VLV-GT-DN15-CL1500-WCB-RF,CAN-001049,DEPOT-BPCL-KCH,"Kochi Refinery, Kerala",0,58460,0,GATE_VALVE,15.0,1500,ASTM A216 WCB,RF,API 600
BPCL-SAP-0002868,BPCL,VLV-BL-DN250-PN150-SS316-RF,CAN-001775,DEPOT-BPCL-KCH,"Kochi Refinery, Kerala",36,5889700,49,BALL_VALVE,250.0,900,ASTM A182 F316,RF,API 6D
BPCL-SAP-0002869,BPCL,FLG-SO-DN100-CL300-SS316-RF,CAN-000861,DEPOT-BPCL-BIN,"Bina Refinery, Madhya Pradesh",0,54040,0,FLANGE_SLIP_ON,100.0,300,ASTM A182 F316,RF,ASME B16.5
BPCL-SAP-0002870,BPCL,VLV-GL-DN25-PN20-WCB-RF,CAN-001822,DEPOT-BPCL-MUM,"Mumbai Refinery, Mahul, Maharashtra",45,24000,77,GLOBE_VALVE,25.0,150,ASTM A216 WCB,RF,ASME B16.34
BPCL-SAP-0002871,BPCL,FLG-SO-DN300-CL600-SS316-FF,CAN-000988,DEPOT-BPCL-MUM,"Mumbai Refinery, Mahul, Maharashtra",0,392510,0,FLANGE_SLIP_ON,300.0,600,ASTM A182 F316,FF,ASME B16.5
BPCL-SAP-0002872,BPCL,VLV-GT-DN250-CL900-SS316-RF,CAN-001525,DEPOT-BPCL-MUM,"Mumbai Refinery, Mahul, Maharashtra",0,4818850,0,GATE_VALVE,250.0,900,ASTM A182 F316,RF,API 600
BPCL-SAP-0002873,BPCL,FLG-WN-DN150-CL1500-SS316-RTJ,CAN-000280,DEPOT-BPCL-KCH,"Kochi Refinery, Kerala",90,456210,740,FLANGE_WELD_NECK,150.0,1500,ASTM A182 F316,RTJ,ASME B16.5
BPCL-SAP-0002874,BPCL,FLG-SO-DN250-PN50-SS304-FF,CAN-000950,DEPOT-BPCL-BIN,"Bina Refinery, Madhya Pradesh",40,133390,275,FLANGE_SLIP_ON,250.0,300,ASTM A182 F304,FF,ASME B16.5
BPCL-SAP-0002875,BPCL,FLG-BLD-DN150-PN100-A350LF2-RF,CAN-000595,DEPOT-BPCL-KCH,"Kochi Refinery, Kerala",61,89660,291,FLANGE_BLIND,150.0,600,ASTM A350 LF2,RF,ASME B16.5
BPCL-SAP-0002876,BPCL,VLV-GT-DN15-CL1500-WCB-BW,CAN-001052,DEPOT-BPCL-MUM,"Mumbai Refinery, Mahul, Maharashtra",34,58460,108,GATE_VALVE,15.0,1500,ASTM A216 WCB,BW,API 6D
BPCL-SAP-0002877,BPCL,FLG-WN-DN250-PN20-SS304-RF,CAN-000325,DEPOT-BPCL-KCH,"Kochi Refinery, Kerala",20,105340,92,FLANGE_WELD_NECK,250.0,150,ASTM A182 F304,RF,ASME B16.5
BPCL-SAP-0002878,BPCL,VLV-GL-DN150-PN150-WCB-RF,CAN-001934,DEPOT-BPCL-NML,"Numaligarh Depot Base, Assam",102,1033540,566,GLOBE_VALVE,150.0,900,ASTM A216 WCB,RF,ASME B16.34
BPCL-SAP-0002879,BPCL,GSKT-SW-DN40-CL900-SS316-GR-RF,CAN-002027,DEPOT-BPCL-BIN,"Bina Refinery, Madhya Pradesh",41,16060,22,SPIRAL_WOUND_GASKET,40.0,900,SS316 / GRAPHITE,RF,ASME B16.20
BPCL-SAP-0002880,BPCL,FLG-WN-DN50-CL300-SS304-RTJ,CAN-000134,DEPOT-BPCL-KCH,"Kochi Refinery, Kerala",0,22630,0,FLANGE_WELD_NECK,50.0,300,ASTM A182 F304,RTJ,ASME B16.5
BPCL-SAP-0002881,BPCL,FLG-SO-DN200-CL1500-A105-RF,CAN-000935,DEPOT-BPCL-BIN,"Bina Refinery, Madhya Pradesh",33,150700,49,FLANGE_SLIP_ON,200.0,1500,ASTM A105,RF,ASME B16.5
BPCL-SAP-0002882,BPCL,FLG-SO-DN15-PN150-SS316-RF,CAN-000723,DEPOT-BPCL-MUM,"Mumbai Refinery, Mahul, Maharashtra",46,11050,478,FLANGE_SLIP_ON,15.0,900,ASTM A182 F316,RF,ASME B16.5
BPCL-SAP-0002883,BPCL,FLG-WN-DN200-PN50-SS316-RTJ,CAN-000296,DEPOT-BPCL-MUM,"Mumbai Refinery, Mahul, Maharashtra",49,182980,96,FLANGE_WELD_NECK,200.0,300,ASTM A182 F316,RTJ,ASME B16.5
BPCL-SAP-0002884,BPCL,VLV-GT-DN200-PN100-SS316-RF,CAN-001454,DEPOT-BPCL-MUM,"Mumbai Refinery, Mahul, Maharashtra",77,2606670,408,GATE_VALVE,200.0,600,ASTM A182 F316,RF,API 6D
BPCL-SAP-0002885,BPCL,FLG-WN-DN25-PN50-SS304-RF,CAN-000053,DEPOT-BPCL-KCH,"Kochi Refinery, Kerala",116,9190,535,FLANGE_WELD_NECK,25.0,300,ASTM A182 F304,RF,ASME B16.5
BPCL-SAP-0002886,BPCL,VLV-GT-DN300-PN150-WCB-RF,CAN-001577,DEPOT-BPCL-NML,"Numaligarh Depot Base, Assam",42,1908660,58,GATE_VALVE,300.0,900,ASTM A216 WCB,RF,API 600
BPCL-SAP-0002887,BPCL,FLG-BLD-DN40-PN150-A350LF2-RTJ,CAN-000482,DEPOT-BPCL-MUM,"Mumbai Refinery, Mahul, Maharashtra",0,22240,0,FLANGE_BLIND,40.0,900,ASTM A350 LF2,RTJ,ASME B16.5
BPCL-SAP-0002888,BPCL,VLV-BL-DN250-PN150-SS316-BW,CAN-001776,DEPOT-BPCL-MUM,"Mumbai Refinery, Mahul, Maharashtra",41,5889700,118,BALL_VALVE,250.0,900,ASTM A182 F316,BW,API 6D
BPCL-SAP-0002889,BPCL,GSKT-SW-DN150-PN250-SS316-GR-RF,CAN-002069,DEPOT-BPCL-KCH,"Kochi Refinery, Kerala",137,134790,643,SPIRAL_WOUND_GASKET,150.0,1500,SS316 / GRAPHITE,RF,ASME B16.20
BPCL-SAP-0002890,BPCL,VLV-GT-DN150-PN50-WCB-RF,CAN-001374,DEPOT-BPCL-NML,"Numaligarh Depot Base, Assam",29,321870,55,GATE_VALVE,150.0,300,ASTM A216 WCB,RF,API 6D
BPCL-SAP-0002891,BPCL,FLG-WN-DN150-PN100-SS316-RTJ,CAN-000264,DEPOT-BPCL-BIN,"Bina Refinery, Madhya Pradesh",128,219180,560,FLANGE_WELD_NECK,150.0,600,ASTM A182 F316,RTJ,ASME B16.5
BPCL-SAP-0002892,BPCL,FLG-WN-DN25-PN50-SS304-RTJ,CAN-000054,DEPOT-BPCL-NML,"Numaligarh Depot Base, Assam",25,9190,86,FLANGE_WELD_NECK,25.0,300,ASTM A182 F304,RTJ,ASME B16.5
BPCL-SAP-0002893,BPCL,FLG-SO-DN300-PN150-SS304-RF,CAN-000991,DEPOT-BPCL-NML,"Numaligarh Depot Base, Assam",35,407180,37,FLANGE_SLIP_ON,300.0,900,ASTM A182 F304,RF,ASME B16.5
BPCL-SAP-0002894,BPCL,FLG-WN-DN250-PN150-SS304-RTJ,CAN-000350,DEPOT-BPCL-MUM,"Mumbai Refinery, Mahul, Maharashtra",0,441720,0,FLANGE_WELD_NECK,250.0,900,ASTM A182 F304,RTJ,ASME B16.5
BPCL-SAP-0002895,BPCL,VLV-GL-DN250-PN150-A105-RF,CAN-001975,DEPOT-BPCL-MUM,"Mumbai Refinery, Mahul, Maharashtra",125,2007850,717,GLOBE_VALVE,250.0,900,ASTM A105,RF,BS 1873
BPCL-SAP-0002896,BPCL,VLV-BL-DN15-CL150-SS316-RF,CAN-001603,DEPOT-BPCL-KCH,"Kochi Refinery, Kerala",80,36230,409,BALL_VALVE,15.0,150,ASTM A182 F316,RF,API 6D
BPCL-SAP-0002897,BPCL,VLV-GT-DN150-PN20-A105-BW,CAN-001368,DEPOT-BPCL-BIN,"Bina Refinery, Madhya Pradesh",23,184870,98,GATE_VALVE,150.0,150,ASTM A105,BW,API 6D
BPCL-SAP-0002898,BPCL,VLV-GT-DN15-CL1500-WCB-RF,CAN-001049,DEPOT-BPCL-KCH,"Kochi Refinery, Kerala",40,58460,74,GATE_VALVE,15.0,1500,ASTM A216 WCB,RF,API 600
BPCL-SAP-0002899,BPCL,VLV-BL-DN300-PN50-SS316-BW,CAN-001788,DEPOT-BPCL-BIN,"Bina Refinery, Madhya Pradesh",33,3099790,41,BALL_VALVE,300.0,300,ASTM A182 F316,BW,API 6D
BPCL-SAP-0002900,BPCL,BLT-STUD-DN50-PN50-L7-GR7-THRD,CAN-002134,DEPOT-BPCL-BIN,"Bina Refinery, Madhya Pradesh",30,2400,10,STUD_BOLT,50.0,300,ASTM A320 L7 / A194 7,THRD,ASME B18.2.1
BPCL-SAP-0002901,BPCL,FLG-WN-DN25-PN50-A105-RTJ,CAN-000050,DEPOT-BPCL-BIN,"Bina Refinery, Madhya Pradesh",0,3830,0,FLANGE_WELD_NECK,25.0,300,ASTM A105,RTJ,ASME B16.5
BPCL-SAP-0002902,BPCL,FLG-BLD-DN50-PN250-A105-RTJ,CAN-000516,DEPOT-BPCL-KCH,"Kochi Refinery, Kerala",0,27960,0,FLANGE_BLIND,50.0,1500,ASTM A105,RTJ,ASME B16.5
BPCL-SAP-0002903,BPCL,VLV-GT-DN250-CL1500-WCB-RF,CAN-001530,DEPOT-BPCL-MUM,"Mumbai Refinery, Mahul, Maharashtra",37,2266060,112,GATE_VALVE,250.0,1500,ASTM A216 WCB,RF,API 6D
BPCL-SAP-0002904,BPCL,VLV-GT-DN300-PN20-WCB-BW,CAN-001544,DEPOT-BPCL-KCH,"Kochi Refinery, Kerala",150,455200,717,GATE_VALVE,300.0,150,ASTM A216 WCB,BW,API 6D
BPCL-SAP-0002905,BPCL,FLG-WN-DN15-PN150-A105-RF,CAN-000025,DEPOT-BPCL-KCH,"Kochi Refinery, Kerala",60,4740,534,FLANGE_WELD_NECK,15.0,900,ASTM A105,RF,ASME B16.5
BPCL-SAP-0002906,BPCL,BLT-STUD-DN100-CL300-B7-2H-THRD,CAN-002153,DEPOT-BPCL-NML,"Numaligarh Depot Base, Assam",18,3690,17,STUD_BOLT,100.0,300,ASTM A193 B7 / A194 2H,THRD,ASME B18.2.1
BPCL-SAP-0002907,BPCL,FLG-WN-DN100-PN100-A105-RTJ,CAN-000218,DEPOT-BPCL-KCH,"Kochi Refinery, Kerala",48,40430,14,FLANGE_WELD_NECK,100.0,600,ASTM A105,RTJ,ASME B16.5
BPCL-SAP-0002908,BPCL,VLV-GT-DN100-PN100-A105-RF,CAN-001330,DEPOT-BPCL-MUM,"Mumbai Refinery, Mahul, Maharashtra",22,330820,607,GATE_VALVE,100.0,600,ASTM A105,RF,API 6D
BPCL-SAP-0002909,BPCL,VLV-BL-DN250-CL300-WCB-RF,CAN-001765,DEPOT-BPCL-MUM,"Mumbai Refinery, Mahul, Maharashtra",23,764260,38,BALL_VALVE,250.0,300,ASTM A216 WCB,RF,API 6D
BPCL-SAP-0002910,BPCL,BLT-STUD-DN40-PN150-L7-GR7-THRD,CAN-002128,DEPOT-BPCL-BIN,"Bina Refinery, Madhya Pradesh",41,4320,115,STUD_BOLT,40.0,900,ASTM A320 L7 / A194 7,THRD,ASME B18.2.1
BPCL-SAP-0002911,BPCL,FLG-SO-DN200-PN20-A105-FF,CAN-000912,DEPOT-BPCL-NML,"Numaligarh Depot Base, Assam",0,23880,0,FLANGE_SLIP_ON,200.0,150,ASTM A105,FF,ASME B16.5
BPCL-SAP-0002912,BPCL,VLV-GL-DN80-PN100-A105-RF,CAN-001892,DEPOT-BPCL-BIN,"Bina Refinery, Madhya Pradesh",30,330030,72,GLOBE_VALVE,80.0,600,ASTM A105,RF,ASME B16.34
BPCL-SAP-0002913,BPCL,GSKT-SW-DN150-CL300-SS316-GR-RF,CAN-002063,DEPOT-BPCL-NML,"Numaligarh Depot Base, Assam",60,37190,480,SPIRAL_WOUND_GASKET,150.0,300,SS316 / GRAPHITE,RF,ASME B16.20
BPCL-SAP-0002914,BPCL,VLV-BL-DN40-PN50-WCB-RF,CAN-001645,DEPOT-BPCL-BIN,"Bina Refinery, Madhya Pradesh",116,70560,425,BALL_VALVE,40.0,300,ASTM A216 WCB,RF,API 6D
BPCL-SAP-0002915,BPCL,FLG-BLD-DN200-CL150-A105-RF,CAN-000611,DEPOT-BPCL-NML,"Numaligarh Depot Base, Assam",8,26870,88,FLANGE_BLIND,200.0,150,ASTM A105,RF,ASME B16.5
BPCL-SAP-0002916,BPCL,FLG-SO-DN250-CL600-SS316-FF,CAN-000958,DEPOT-BPCL-NML,"Numaligarh Depot Base, Assam",120,309680,646,FLANGE_SLIP_ON,250.0,600,ASTM A182 F316,FF,ASME B16.5
BPCL-SAP-0002917,BPCL,GSKT-SW-DN300-CL300-SS304-GR-RF,CAN-002094,DEPOT-BPCL-MUM,"Mumbai Refinery, Mahul, Maharashtra",29,68680,30,SPIRAL_WOUND_GASKET,300.0,300,SS304 / GRAPHITE,RF,ASME B16.20
BPCL-SAP-0002918,BPCL,FLG-SO-DN300-PN100-A105-RF,CAN-000983,DEPOT-BPCL-NML,"Numaligarh Depot Base, Assam",0,122660,0,FLANGE_SLIP_ON,300.0,600,ASTM A105,RF,ASME B16.5
BPCL-SAP-0002919,BPCL,BLT-STUD-DN300-PN50-L7-GR7-THRD,CAN-002194,DEPOT-BPCL-KCH,"Kochi Refinery, Kerala",0,24650,0,STUD_BOLT,300.0,300,ASTM A320 L7 / A194 7,THRD,ASME B18.2.1
BPCL-SAP-0002920,BPCL,VLV-GT-DN250-CL1500-A105-RF,CAN-001534,DEPOT-BPCL-NML,"Numaligarh Depot Base, Assam",8,2266060,18,GATE_VALVE,250.0,1500,ASTM A105,RF,API 6D
BPCL-SAP-0002921,BPCL,VLV-GT-DN50-PN20-A105-RF,CAN-001185,DEPOT-BPCL-MUM,"Mumbai Refinery, Mahul, Maharashtra",12,44320,69,GATE_VALVE,50.0,150,ASTM A105,RF,API 600
BPCL-SAP-0002922,BPCL,FLG-WN-DN80-CL300-SS316-RF,CAN-000175,DEPOT-BPCL-BIN,"Bina Refinery, Madhya Pradesh",60,55600,226,FLANGE_WELD_NECK,80.0,300,ASTM A182 F316,RF,ASME B16.5
BPCL-SAP-0002923,BPCL,VLV-BL-DN15-PN50-WCB-RF,CAN-001605,DEPOT-BPCL-MUM,"Mumbai Refinery, Mahul, Maharashtra",25,19710,333,BALL_VALVE,15.0,300,ASTM A216 WCB,RF,API 6D
BPCL-SAP-0002924,BPCL,FLG-BLD-DN100-CL1500-SS316-RTJ,CAN-000580,DEPOT-BPCL-KCH,"Kochi Refinery, Kerala",0,220340,0,FLANGE_BLIND,100.0,1500,ASTM A182 F316,RTJ,ASME B16.5
BPCL-SAP-0002925,BPCL,BLT-STUD-DN300-PN20-L7-GR7-THRD,CAN-002192,DEPOT-BPCL-NML,"Numaligarh Depot Base, Assam",0,14160,0,STUD_BOLT,300.0,150,ASTM A320 L7 / A194 7,THRD,ASME B18.2.1
BPCL-SAP-0002926,BPCL,FLG-WN-DN25-CL1500-A105-RTJ,CAN-000074,DEPOT-BPCL-BIN,"Bina Refinery, Madhya Pradesh",45,13880,21,FLANGE_WELD_NECK,25.0,1500,ASTM A105,RTJ,ASME B16.5
BPCL-SAP-0002927,BPCL,FLG-BLD-DN300-PN150-SS316-RF,CAN-000693,DEPOT-BPCL-BIN,"Bina Refinery, Madhya Pradesh",0,610770,0,FLANGE_BLIND,300.0,900,ASTM A182 F316,RF,ASME B16.5
BPCL-SAP-0002928,BPCL,FLG-WN-DN50-PN20-A350LF2-RF,CAN-000123,DEPOT-BPCL-BIN,"Bina Refinery, Madhya Pradesh",91,8660,597,FLANGE_WELD_NECK,50.0,150,ASTM A350 LF2,RF,ASME B16.5
BPCL-SAP-0002929,BPCL,BLT-STUD-DN15-PN150-L7-GR7-THRD,CAN-002108,DEPOT-BPCL-BIN,"Bina Refinery, Madhya Pradesh",25,1200,20,STUD_BOLT,15.0,900,ASTM A320 L7 / A194 7,THRD,ASME B18.2.1
BPCL-SAP-0002930,BPCL,FLG-SO-DN50-PN20-SS316-FF,CAN-000796,DEPOT-BPCL-KCH,"Kochi Refinery, Kerala",72,12600,528,FLANGE_SLIP_ON,50.0,150,ASTM A182 F316,FF,ASME B16.5
BPCL-SAP-0002931,BPCL,FLG-WN-DN80-CL900-A350LF2-RF,CAN-000187,DEPOT-BPCL-MUM,"Mumbai Refinery, Mahul, Maharashtra",24,66950,105,FLANGE_WELD_NECK,80.0,900,ASTM A350 LF2,RF,ASME B16.5
BPCL-SAP-0002932,BPCL,VLV-GL-DN250-PN50-WCB-RF,CAN-001966,DEPOT-BPCL-BIN,"Bina Refinery, Madhya Pradesh",30,833740,34,GLOBE_VALVE,250.0,300,ASTM A216 WCB,RF,ASME B16.34
BPCL-SAP-0002933,BPCL,FLG-SO-DN50-CL900-SS316-FF,CAN-000814,DEPOT-BPCL-KCH,"Kochi Refinery, Kerala",19,52860,75,FLANGE_SLIP_ON,50.0,900,ASTM A182 F316,FF,ASME B16.5
BPCL-SAP-0002934,BPCL,VLV-GT-DN250-PN150-WCB-BW,CAN-001520,DEPOT-BPCL-BIN,"Bina Refinery, Madhya Pradesh",26,1505890,12,GATE_VALVE,250.0,900,ASTM A216 WCB,BW,API 6D
BPCL-SAP-0002935,BPCL,FLG-SO-DN15-CL600-SS316-RF,CAN-000717,DEPOT-BPCL-BIN,"Bina Refinery, Madhya Pradesh",25,7980,32,FLANGE_SLIP_ON,15.0,600,ASTM A182 F316,RF,ASME B16.5
BPCL-SAP-0002936,BPCL,VLV-GT-DN25-PN20-A105-RF,CAN-001066,DEPOT-BPCL-BIN,"Bina Refinery, Madhya Pradesh",20,18000,245,GATE_VALVE,25.0,150,ASTM A105,RF,API 6D
BPCL-SAP-0002937,BPCL,BLT-STUD-DN200-PN20-L7-GR7-THRD,CAN-002172,DEPOT-BPCL-MUM,"Mumbai Refinery, Mahul, Maharashtra",19,8350,60,STUD_BOLT,200.0,150,ASTM A320 L7 / A194 7,THRD,ASME B18.2.1
BPCL-SAP-0002938,BPCL,FLG-WN-DN15-CL600-SS304-RTJ,CAN-000022,DEPOT-BPCL-MUM,"Mumbai Refinery, Mahul, Maharashtra",131,8230,617,FLANGE_WELD_NECK,15.0,600,ASTM A182 F304,RTJ,ASME B16.5
BPCL-SAP-0002939,BPCL,VLV-BL-DN150-PN100-SS316-BW,CAN-001732,DEPOT-BPCL-NML,"Numaligarh Depot Base, Assam",45,2191880,22,BALL_VALVE,150.0,600,ASTM A182 F316,BW,API 6D
BPCL-SAP-0002940,BPCL,FLG-WN-DN40-PN150-A350LF2-RF,CAN-000107,DEPOT-BPCL-KCH,"Kochi Refinery, Kerala",24,27190,111,FLANGE_WELD_NECK,40.0,900,ASTM A350 LF2,RF,ASME B16.5
BPCL-SAP-0002941,BPCL,VLV-BL-DN15-CL300-WCB-RF,CAN-001605,DEPOT-BPCL-BIN,"Bina Refinery, Madhya Pradesh",90,19710,740,BALL_VALVE,15.0,300,ASTM A216 WCB,RF,API 6D
BPCL-SAP-0002942,BPCL,VLV-GT-DN200-PN20-WCB-RF,CAN-001422,DEPOT-BPCL-BIN,"Bina Refinery, Madhya Pradesh",36,268710,503,GATE_VALVE,200.0,150,ASTM A216 WCB,RF,API 6D
BPCL-SAP-0002943,BPCL,VLV-BL-DN200-CL1500-WCB-BW,CAN-001758,DEPOT-BPCL-MUM,"Mumbai Refinery, Mahul, Maharashtra",47,2072230,43,BALL_VALVE,200.0,1500,ASTM A216 WCB,BW,API 6D
BPCL-SAP-0002944,BPCL,VLV-GT-DN100-CL300-SS316-BW,CAN-001324,DEPOT-BPCL-BIN,"Bina Refinery, Madhya Pradesh",39,608020,713,GATE_VALVE,100.0,300,ASTM A182 F316,BW,API 6D
BPCL-SAP-0002945,BPCL,VLV-GT-DN100-CL300-WCB-RF,CAN-001313,DEPOT-BPCL-NML,"Numaligarh Depot Base, Assam",59,190000,443,GATE_VALVE,100.0,300,ASTM A216 WCB,RF,API 600
BPCL-SAP-0002946,BPCL,FLG-BLD-DN80-PN100-A350LF2-RF,CAN-000535,DEPOT-BPCL-NML,"Numaligarh Depot Base, Assam",18,39600,28,FLANGE_BLIND,80.0,600,ASTM A350 LF2,RF,ASME B16.5
BPCL-SAP-0002947,BPCL,GSKT-SW-DN50-PN100-SS316-GR-RF,CAN-002035,DEPOT-BPCL-MUM,"Mumbai Refinery, Mahul, Maharashtra",0,15520,0,SPIRAL_WOUND_GASKET,50.0,600,SS316 / GRAPHITE,RF,ASME B16.20
BPCL-SAP-0002948,BPCL,FLG-WN-DN25-CL300-SS304-RF,CAN-000053,DEPOT-BPCL-MUM,"Mumbai Refinery, Mahul, Maharashtra",129,9190,466,FLANGE_WELD_NECK,25.0,300,ASTM A182 F304,RF,ASME B16.5
BPCL-SAP-0002949,BPCL,FLG-BLD-DN50-PN20-A350LF2-RF,CAN-000493,DEPOT-BPCL-KCH,"Kochi Refinery, Kerala",87,7090,663,FLANGE_BLIND,50.0,150,ASTM A350 LF2,RF,ASME B16.5
BPCL-SAP-0002950,BPCL,FLG-BLD-DN100-PN100-SS316-RF,CAN-000567,DEPOT-BPCL-MUM,"Mumbai Refinery, Mahul, Maharashtra",15,105860,92,FLANGE_BLIND,100.0,600,ASTM A182 F316,RF,ASME B16.5
BPCL-SAP-0002951,BPCL,VLV-GT-DN150-CL300-SS316-RF,CAN-001381,DEPOT-BPCL-MUM,"Mumbai Refinery, Mahul, Maharashtra",44,1030010,572,GATE_VALVE,150.0,300,ASTM A182 F316,RF,API 600
BPCL-SAP-0002952,BPCL,FLG-BLD-DN250-PN250-A350LF2-RTJ,CAN-000668,DEPOT-BPCL-KCH,"Kochi Refinery, Kerala",14,362570,94,FLANGE_BLIND,250.0,1500,ASTM A350 LF2,RTJ,ASME B16.5
BPCL-SAP-0002953,BPCL,FLG-WN-DN25-CL1500-A105-RTJ,CAN-000074,DEPOT-BPCL-NML,"Numaligarh Depot Base, Assam",0,13880,0,FLANGE_WELD_NECK,25.0,1500,ASTM A105,RTJ,ASME B16.5
BPCL-SAP-0002954,BPCL,VLV-BL-DN25-PN20-SS316-RF,CAN-001623,DEPOT-BPCL-KCH,"Kochi Refinery, Kerala",0,70400,0,BALL_VALVE,25.0,150,ASTM A182 F316,RF,API 6D
BPCL-SAP-0002955,BPCL,VLV-GT-DN50-PN20-A105-RF,CAN-001186,DEPOT-BPCL-BIN,"Bina Refinery, Madhya Pradesh",12,44320,24,GATE_VALVE,50.0,150,ASTM A105,RF,API 6D
BPCL-SAP-0002956,BPCL,FLG-SO-DN100-PN20-SS304-RF,CAN-000853,DEPOT-BPCL-KCH,"Kochi Refinery, Kerala",47,23280,323,FLANGE_SLIP_ON,100.0,150,ASTM A182 F304,RF,ASME B16.5
BPCL-SAP-0002957,BPCL,VLV-GT-DN15-PN250-A105-RF,CAN-001054,DEPOT-BPCL-KCH,"Kochi Refinery, Kerala",0,58460,0,GATE_VALVE,15.0,1500,ASTM A105,RF,API 6D
BPCL-SAP-0002958,BPCL,VLV-GT-DN80-CL300-A105-RF,CAN-001257,DEPOT-BPCL-KCH,"Kochi Refinery, Kerala",48,142160,704,GATE_VALVE,80.0,300,ASTM A105,RF,API 600
BPCL-SAP-0002959,BPCL,VLV-GL-DN40-CL900-A105-RF,CAN-001855,DEPOT-BPCL-KCH,"Kochi Refinery, Kerala",12,185390,63,GLOBE_VALVE,40.0,900,ASTM A105,RF,BS 1873
BPCL-SAP-0002960,BPCL,VLV-BL-DN150-PN20-SS316-BW,CAN-001724,DEPOT-BPCL-MUM,"Mumbai Refinery, Mahul, Maharashtra",30,723050,25,BALL_VALVE,150.0,150,ASTM A182 F316,BW,API 6D
BPCL-SAP-0002961,BPCL,FLG-BLD-DN150-PN100-SS316-RTJ,CAN-000598,DEPOT-BPCL-NML,"Numaligarh Depot Base, Assam",0,179330,0,FLANGE_BLIND,150.0,600,ASTM A182 F316,RTJ,ASME B16.5
BPCL-SAP-0002962,BPCL,FLG-SO-DN250-PN100-A105-FF,CAN-000954,DEPOT-BPCL-MUM,"Mumbai Refinery, Mahul, Maharashtra",0,96770,0,FLANGE_SLIP_ON,250.0,600,ASTM A105,FF,ASME B16.5
BPCL-SAP-0002963,BPCL,FLG-BLD-DN300-CL300-SS316-RF,CAN-000681,DEPOT-BPCL-KCH,"Kochi Refinery, Kerala",0,253610,0,FLANGE_BLIND,300.0,300,ASTM A182 F316,RF,ASME B16.5
BPCL-SAP-0002964,BPCL,FLG-BLD-DN100-PN100-SS316-RF,CAN-000567,DEPOT-BPCL-BIN,"Bina Refinery, Madhya Pradesh",20,105860,103,FLANGE_BLIND,100.0,600,ASTM A182 F316,RF,ASME B16.5
BPCL-SAP-0002965,BPCL,BLT-STUD-DN80-CL900-L7-GR7-THRD,CAN-002148,DEPOT-BPCL-KCH,"Kochi Refinery, Kerala",0,10650,0,STUD_BOLT,80.0,900,ASTM A320 L7 / A194 7,THRD,ASME B18.2.1
BPCL-SAP-0002966,BPCL,FLG-WN-DN15-CL900-SS304-RTJ,CAN-000030,DEPOT-BPCL-BIN,"Bina Refinery, Madhya Pradesh",50,11390,106,FLANGE_WELD_NECK,15.0,900,ASTM A182 F304,RTJ,ASME B16.5
BPCL-SAP-0002967,BPCL,VLV-GL-DN200-PN250-WCB-RF,CAN-001957,DEPOT-BPCL-NML,"Numaligarh Depot Base, Assam",99,2260620,542,GLOBE_VALVE,200.0,1500,ASTM A216 WCB,RF,BS 1873
BPCL-SAP-0002968,BPCL,FLG-WN-DN40-PN20-A350LF2-RF,CAN-000083,DEPOT-BPCL-MUM,"Mumbai Refinery, Mahul, Maharashtra",27,6480,439,FLANGE_WELD_NECK,40.0,150,ASTM A350 LF2,RF,ASME B16.5
BPCL-SAP-0002969,BPCL,FLG-BLD-DN250-CL150-SS316-RF,CAN-000645,DEPOT-BPCL-NML,"Numaligarh Depot Base, Assam",10,114920,106,FLANGE_BLIND,250.0,150,ASTM A182 F316,RF,ASME B16.5
BPCL-SAP-0002970,BPCL,FLG-SO-DN150-PN250-SS304-FF,CAN-000908,DEPOT-BPCL-KCH,"Kochi Refinery, Kerala",44,248840,78,FLANGE_SLIP_ON,150.0,1500,ASTM A182 F304,FF,ASME B16.5
BPCL-SAP-0002971,BPCL,VLV-GL-DN50-CL600-WCB-RF,CAN-001869,DEPOT-BPCL-KCH,"Kochi Refinery, Kerala",29,179140,80,GLOBE_VALVE,50.0,600,ASTM A216 WCB,RF,BS 1873
BPCL-SAP-0002972,BPCL,FLG-BLD-DN100-CL150-SS316-RF,CAN-000555,DEPOT-BPCL-MUM,"Mumbai Refinery, Mahul, Maharashtra",29,34920,26,FLANGE_BLIND,100.0,150,ASTM A182 F316,RF,ASME B16.5
BPCL-SAP-0002973,BPCL,VLV-GT-DN15-PN50-A105-RF,CAN-001017,DEPOT-BPCL-MUM,"Mumbai Refinery, Mahul, Maharashtra",0,16130,0,GATE_VALVE,15.0,300,ASTM A105,RF,API 600
BPCL-SAP-0002974,BPCL,VLV-GT-DN40-PN150-A105-BW,CAN-001163,DEPOT-BPCL-BIN,"Bina Refinery, Madhya Pradesh",49,139040,94,GATE_VALVE,40.0,900,ASTM A105,BW,API 600
BPCL-SAP-0002975,BPCL,FLG-BLD-DN40-PN20-SS316-RF,CAN-000465,DEPOT-BPCL-NML,"Numaligarh Depot Base, Assam",56,10610,346,FLANGE_BLIND,40.0,150,ASTM A182 F316,RF,ASME B16.5
BPCL-SAP-0002976,BPCL,VLV-BL-DN15-CL600-WCB-BW,CAN-001610,DEPOT-BPCL-KCH,"Kochi Refinery, Kerala",84,34320,342,BALL_VALVE,15.0,600,ASTM A216 WCB,BW,API 6D
BPCL-SAP-0002977,BPCL,VLV-GT-DN40-PN250-SS316-BW,CAN-001179,DEPOT-BPCL-KCH,"Kochi Refinery, Kerala",40,669540,102,GATE_VALVE,40.0,1500,ASTM A182 F316,BW,API 600
BPCL-SAP-0002978,BPCL,FLG-SO-DN250-CL1500-SS316-FF,CAN-000970,DEPOT-BPCL-MUM,"Mumbai Refinery, Mahul, Maharashtra",0,644560,0,FLANGE_SLIP_ON,250.0,1500,ASTM A182 F316,FF,ASME B16.5
BPCL-SAP-0002979,BPCL,FLG-WN-DN300-CL300-SS316-RF,CAN-000375,DEPOT-BPCL-BIN,"Bina Refinery, Madhya Pradesh",13,309970,76,FLANGE_WELD_NECK,300.0,300,ASTM A182 F316,RF,ASME B16.5
BPCL-SAP-0002980,BPCL,FLG-SO-DN150-PN100-A105-FF,CAN-000894,DEPOT-BPCL-BIN,"Bina Refinery, Madhya Pradesh",44,49810,10,FLANGE_SLIP_ON,150.0,600,ASTM A105,FF,ASME B16.5
BPCL-SAP-0002981,BPCL,FLG-BLD-DN200-CL300-SS316-RF,CAN-000621,DEPOT-BPCL-NML,"Numaligarh Depot Base, Assam",10,149710,66,FLANGE_BLIND,200.0,300,ASTM A182 F316,RF,ASME B16.5
BPCL-SAP-0002982,BPCL,VLV-GL-DN250-PN100-WCB-RF,CAN-001970,DEPOT-BPCL-KCH,"Kochi Refinery, Kerala",9,1451640,10,GLOBE_VALVE,250.0,600,ASTM A216 WCB,RF,ASME B16.34
BPCL-SAP-0002983,BPCL,VLV-GT-DN80-CL900-WCB-BW,CAN-001279,DEPOT-BPCL-BIN,"Bina Refinery, Madhya Pradesh",7,342360,59,GATE_VALVE,80.0,900,ASTM A216 WCB,BW,API 600
BPCL-SAP-0002984,BPCL,FLG-WN-DN200-PN250-A105-RF,CAN-000313,DEPOT-BPCL-KCH,"Kochi Refinery, Kerala",75,207220,360,FLANGE_WELD_NECK,200.0,1500,ASTM A105,RF,ASME B16.5
BPCL-SAP-0002985,BPCL,FLG-BLD-DN200-PN50-SS316-RF,CAN-000621,DEPOT-BPCL-KCH,"Kochi Refinery, Kerala",22,149710,94,FLANGE_BLIND,200.0,300,ASTM A182 F316,RF,ASME B16.5
BPCL-SAP-0002986,BPCL,FLG-SO-DN200-PN250-A105-RF,CAN-000935,DEPOT-BPCL-KCH,"Kochi Refinery, Kerala",28,150700,25,FLANGE_SLIP_ON,200.0,1500,ASTM A105,RF,ASME B16.5
BPCL-SAP-0002987,BPCL,FLG-BLD-DN300-PN250-A105-RTJ,CAN-000696,DEPOT-BPCL-BIN,"Bina Refinery, Madhya Pradesh",5,287210,106,FLANGE_BLIND,300.0,1500,ASTM A105,RTJ,ASME B16.5
BPCL-SAP-0002988,BPCL,FLG-SO-DN200-PN150-A105-RF,CAN-000929,DEPOT-BPCL-NML,"Numaligarh Depot Base, Assam",21,100150,73,FLANGE_SLIP_ON,200.0,900,ASTM A105,RF,ASME B16.5
BPCL-SAP-0002989,BPCL,FLG-WN-DN80-CL600-SS316-RF,CAN-000183,DEPOT-BPCL-MUM,"Mumbai Refinery, Mahul, Maharashtra",135,96800,208,FLANGE_WELD_NECK,80.0,600,ASTM A182 F316,RF,ASME B16.5
BPCL-SAP-0002990,BPCL,FLG-BLD-DN15-PN150-SS316-RTJ,CAN-000424,DEPOT-BPCL-NML,"Numaligarh Depot Base, Assam",0,12430,0,FLANGE_BLIND,15.0,900,ASTM A182 F316,RTJ,ASME B16.5
BPCL-SAP-0002991,BPCL,FLG-WN-DN40-PN20-SS316-RF,CAN-000087,DEPOT-BPCL-MUM,"Mumbai Refinery, Mahul, Maharashtra",0,12960,0,FLANGE_WELD_NECK,40.0,150,ASTM A182 F316,RF,ASME B16.5
BPCL-SAP-0002992,BPCL,VLV-GT-DN15-PN100-SS316-BW,CAN-001036,DEPOT-BPCL-KCH,"Kochi Refinery, Kerala",0,89880,0,GATE_VALVE,15.0,600,ASTM A182 F316,BW,API 6D
BPCL-SAP-0002993,BPCL,FLG-SO-DN15-CL1500-SS316-FF,CAN-000730,DEPOT-BPCL-NML,"Numaligarh Depot Base, Assam",12,16620,43,FLANGE_SLIP_ON,15.0,1500,ASTM A182 F316,FF,ASME B16.5
BPCL-SAP-0002994,BPCL,FLG-WN-DN80-PN50-SS316-RF,CAN-000175,DEPOT-BPCL-BIN,"Bina Refinery, Madhya Pradesh",35,55600,31,FLANGE_WELD_NECK,80.0,300,ASTM A182 F316,RF,ASME B16.5
BPCL-SAP-0002995,BPCL,BLT-STUD-DN200-CL300-L7-GR7-THRD,CAN-002174,DEPOT-BPCL-BIN,"Bina Refinery, Madhya Pradesh",13,14550,64,STUD_BOLT,200.0,300,ASTM A320 L7 / A194 7,THRD,ASME B18.2.1
BPCL-SAP-0002996,BPCL,FLG-WN-DN150-CL150-SS316-RF,CAN-000247,DEPOT-BPCL-KCH,"Kochi Refinery, Kerala",80,72300,185,FLANGE_WELD_NECK,150.0,150,ASTM A182 F316,RF,ASME B16.5
BPCL-SAP-0002997,BPCL,VLV-GT-DN200-CL1500-WCB-RF,CAN-001469,DEPOT-BPCL-NML,"Numaligarh Depot Base, Assam",8,1695460,120,GATE_VALVE,200.0,1500,ASTM A216 WCB,RF,API 600
BPCL-SAP-0002998,BPCL,FLG-WN-DN100-PN250-A350LF2-RF,CAN-000235,DEPOT-BPCL-MUM,"Mumbai Refinery, Mahul, Maharashtra",6,134650,102,FLANGE_WELD_NECK,100.0,1500,ASTM A350 LF2,RF,ASME B16.5
BPCL-SAP-0002999,BPCL,VLV-BL-DN300-PN100-SS316-BW,CAN-001792,DEPOT-BPCL-MUM,"Mumbai Refinery, Mahul, Maharashtra",37,5397040,33,BALL_VALVE,300.0,600,ASTM A182 F316,BW,API 6D
BPCL-SAP-0003000,BPCL,FLG-SO-DN40-CL600-SS316-RF,CAN-000777,DEPOT-BPCL-MUM,"Mumbai Refinery, Mahul, Maharashtra",13,28590,55,FLANGE_SLIP_ON,40.0,600,ASTM A182 F316,RF,ASME B16.5
BPCL-SAP-0003001,BPCL,VLV-GT-DN250-CL300-A105-BW,CAN-001499,DEPOT-BPCL-MUM,"Mumbai Refinery, Mahul, Maharashtra",0,625310,0,GATE_VALVE,250.0,300,ASTM A105,BW,API 600
BPCL-SAP-0003002,BPCL,FLG-SO-DN80-PN20-A105-RF,CAN-000821,DEPOT-BPCL-BIN,"Bina Refinery, Madhya Pradesh",70,7250,533,FLANGE_SLIP_ON,80.0,150,ASTM A105,RF,ASME B16.5
BPCL-SAP-0003003,BPCL,VLV-GT-DN50-PN150-SS316-RF,CAN-001226,DEPOT-BPCL-NML,"Numaligarh Depot Base, Assam",18,594670,16,GATE_VALVE,50.0,900,ASTM A182 F316,RF,API 6D
BPCL-SAP-0003004,BPCL,FLG-WN-DN150-PN100-A350LF2-RF,CAN-000259,DEPOT-BPCL-NML,"Numaligarh Depot Base, Assam",53,109590,191,FLANGE_WELD_NECK,150.0,600,ASTM A350 LF2,RF,ASME B16.5
BPCL-SAP-0003005,BPCL,VLV-GT-DN80-CL150-A105-RF,CAN-001246,DEPOT-BPCL-MUM,"Mumbai Refinery, Mahul, Maharashtra",0,81650,0,GATE_VALVE,80.0,150,ASTM A105,RF,API 6D
BPCL-SAP-0003006,BPCL,VLV-GT-DN100-PN50-SS316-BW,CAN-001324,DEPOT-BPCL-KCH,"Kochi Refinery, Kerala",0,608020,0,GATE_VALVE,100.0,300,ASTM A182 F316,BW,API 6D
BPCL-SAP-0003007,BPCL,FLG-BLD-DN300-PN50-A350LF2-RF,CAN-000679,DEPOT-BPCL-KCH,"Kochi Refinery, Kerala",138,126800,704,FLANGE_BLIND,300.0,300,ASTM A350 LF2,RF,ASME B16.5
BPCL-SAP-0003008,BPCL,FLG-WN-DN100-PN250-SS316-RTJ,CAN-000240,DEPOT-BPCL-KCH,"Kochi Refinery, Kerala",44,269300,98,FLANGE_WELD_NECK,100.0,1500,ASTM A182 F316,RTJ,ASME B16.5
BPCL-SAP-0003009,BPCL,GSKT-SW-DN150-PN250-SS316-GR-RF,CAN-002069,DEPOT-BPCL-BIN,"Bina Refinery, Madhya Pradesh",63,134790,621,SPIRAL_WOUND_GASKET,150.0,1500,SS316 / GRAPHITE,RF,ASME B16.20
BPCL-SAP-0003010,BPCL,FLG-SO-DN250-PN250-SS304-RF,CAN-000967,DEPOT-BPCL-KCH,"Kochi Refinery, Kerala",0,483420,0,FLANGE_SLIP_ON,250.0,1500,ASTM A182 F304,RF,ASME B16.5
BPCL-SAP-0003011,BPCL,VLV-GL-DN40-CL150-A105-RF,CAN-001844,DEPOT-BPCL-MUM,"Mumbai Refinery, Mahul, Maharashtra",46,44210,69,GLOBE_VALVE,40.0,150,ASTM A105,RF,ASME B16.34
BPCL-SAP-0003012,BPCL,VLV-GL-DN50-PN100-A105-RF,CAN-001871,DEPOT-BPCL-MUM,"Mumbai Refinery, Mahul, Maharashtra",0,179140,0,GLOBE_VALVE,50.0,600,ASTM A105,RF,BS 1873
BPCL-SAP-0003013,BPCL,VLV-BL-DN100-PN50-SS316-RF,CAN-001707,DEPOT-BPCL-MUM,"Mumbai Refinery, Mahul, Maharashtra",27,743140,16,BALL_VALVE,100.0,300,ASTM A182 F316,RF,API 6D
BPCL-SAP-0003014,BPCL,FLG-BLD-DN100-PN100-A350LF2-RF,CAN-000565,DEPOT-BPCL-BIN,"Bina Refinery, Madhya Pradesh",0,52930,0,FLANGE_BLIND,100.0,600,ASTM A350 LF2,RF,ASME B16.5
BPCL-SAP-0003015,BPCL,VLV-GT-DN150-CL600-A105-BW,CAN-001391,DEPOT-BPCL-BIN,"Bina Refinery, Madhya Pradesh",61,560420,231,GATE_VALVE,150.0,600,ASTM A105,BW,API 600
BPCL-SAP-0003016,BPCL,VLV-GT-DN250-PN100-WCB-RF,CAN-001505,DEPOT-BPCL-MUM,"Mumbai Refinery, Mahul, Maharashtra",41,1088730,371,GATE_VALVE,250.0,600,ASTM A216 WCB,RF,API 600
BPCL-SAP-0003017,BPCL,VLV-GT-DN15-CL1500-SS316-BW,CAN-001059,DEPOT-BPCL-NML,"Numaligarh Depot Base, Assam",31,187070,202,GATE_VALVE,15.0,1500,ASTM A182 F316,BW,API 600
BPCL-SAP-0003018,BPCL,VLV-BL-DN250-PN100-WCB-RF,CAN-001769,DEPOT-BPCL-NML,"Numaligarh Depot Base, Assam",94,1330670,467,BALL_VALVE,250.0,600,ASTM A216 WCB,RF,API 6D
BPCL-SAP-0003019,BPCL,VLV-GL-DN80-PN50-WCB-RF,CAN-001885,DEPOT-BPCL-MUM,"Mumbai Refinery, Mahul, Maharashtra",48,189550,562,GLOBE_VALVE,80.0,300,ASTM A216 WCB,RF,BS 1873
BPCL-SAP-0003020,BPCL,BLT-STUD-DN50-PN100-L7-GR7-THRD,CAN-002136,DEPOT-BPCL-MUM,"Mumbai Refinery, Mahul, Maharashtra",0,4170,0,STUD_BOLT,50.0,600,ASTM A320 L7 / A194 7,THRD,ASME B18.2.1
BPCL-SAP-0003021,BPCL,VLV-GT-DN200-CL600-SS316-BW,CAN-001455,DEPOT-BPCL-NML,"Numaligarh Depot Base, Assam",0,2606670,0,GATE_VALVE,200.0,600,ASTM A182 F316,BW,API 600
BPCL-SAP-0003022,BPCL,VLV-GL-DN150-CL600-A105-RF,CAN-001932,DEPOT-BPCL-BIN,"Bina Refinery, Madhya Pradesh",47,747230,109,GLOBE_VALVE,150.0,600,ASTM A105,RF,ASME B16.34
BPCL-SAP-0003023,BPCL,VLV-GL-DN15-CL150-WCB-RF,CAN-001801,DEPOT-BPCL-MUM,"Mumbai Refinery, Mahul, Maharashtra",0,12350,0,GLOBE_VALVE,15.0,150,ASTM A216 WCB,RF,BS 1873
BPCL-SAP-0003024,BPCL,VLV-GL-DN25-PN150-WCB-RF,CAN-001833,DEPOT-BPCL-NML,"Numaligarh Depot Base, Assam",38,100630,98,GLOBE_VALVE,25.0,900,ASTM A216 WCB,RF,BS 1873
BPCL-SAP-0003025,BPCL,FLG-WN-DN100-CL600-SS316-RTJ,CAN-000224,DEPOT-BPCL-KCH,"Kochi Refinery, Kerala",41,129380,97,FLANGE_WELD_NECK,100.0,600,ASTM A182 F316,RTJ,ASME B16.5
BPCL-SAP-0003026,BPCL,FLG-WN-DN40-PN20-SS316-RTJ,CAN-000088,DEPOT-BPCL-NML,"Numaligarh Depot Base, Assam",9,12960,52,FLANGE_WELD_NECK,40.0,150,ASTM A182 F316,RTJ,ASME B16.5
BPCL-SAP-0003027,BPCL,BLT-STUD-DN25-CL900-L7-GR7-THRD,CAN-002118,DEPOT-BPCL-KCH,"Kochi Refinery, Kerala",106,2340,511,STUD_BOLT,25.0,900,ASTM A320 L7 / A194 7,THRD,ASME B18.2.1
BPCL-SAP-0003028,BPCL,FLG-BLD-DN50-PN100-A105-RTJ,CAN-000504,DEPOT-BPCL-MUM,"Mumbai Refinery, Mahul, Maharashtra",97,13430,629,FLANGE_BLIND,50.0,600,ASTM A105,RTJ,ASME B16.5
BPCL-SAP-0003029,BPCL,VLV-GL-DN15-PN100-A105-RF,CAN-001811,DEPOT-BPCL-NML,"Numaligarh Depot Base, Assam",0,37450,0,GLOBE_VALVE,15.0,600,ASTM A105,RF,BS 1873
BPCL-SAP-0003030,BPCL,VLV-GT-DN300-PN20-WCB-RF,CAN-001542,DEPOT-BPCL-MUM,"Mumbai Refinery, Mahul, Maharashtra",10,455200,104,GATE_VALVE,300.0,150,ASTM A216 WCB,RF,API 6D
BPCL-SAP-0003031,BPCL,FLG-WN-DN150-PN150-A350LF2-RTJ,CAN-000268,DEPOT-BPCL-MUM,"Mumbai Refinery, Mahul, Maharashtra",0,151580,0,FLANGE_WELD_NECK,150.0,900,ASTM A350 LF2,RTJ,ASME B16.5
BPCL-SAP-0003032,BPCL,VLV-GT-DN15-CL150-SS316-RF,CAN-001009,DEPOT-BPCL-NML,"Numaligarh Depot Base, Assam",109,29640,332,GATE_VALVE,15.0,150,ASTM A182 F316,RF,API 600
BPCL-SAP-0003033,BPCL,VLV-GT-DN15-CL900-WCB-RF,CAN-001038,DEPOT-BPCL-NML,"Numaligarh Depot Base, Assam",0,38840,0,GATE_VALVE,15.0,900,ASTM A216 WCB,RF,API 6D
BPCL-SAP-0003034,BPCL,FLG-WN-DN250-CL1500-SS304-RF,CAN-000357,DEPOT-BPCL-BIN,"Bina Refinery, Madhya Pradesh",42,664710,561,FLANGE_WELD_NECK,250.0,1500,ASTM A182 F304,RF,ASME B16.5
BPCL-SAP-0003035,BPCL,FLG-BLD-DN300-CL300-A105-RF,CAN-000677,DEPOT-BPCL-NML,"Numaligarh Depot Base, Assam",12,79250,94,FLANGE_BLIND,300.0,300,ASTM A105,RF,ASME B16.5
BPCL-SAP-0003036,BPCL,FLG-SO-DN80-PN50-A105-RF,CAN-000827,DEPOT-BPCL-KCH,"Kochi Refinery, Kerala",8,12630,58,FLANGE_SLIP_ON,80.0,300,ASTM A105,RF,ASME B16.5
BPCL-SAP-0003037,BPCL,FLG-SO-DN150-CL1500-SS316-FF,CAN-000910,DEPOT-BPCL-BIN,"Bina Refinery, Madhya Pradesh",12,331790,24,FLANGE_SLIP_ON,150.0,1500,ASTM A182 F316,FF,ASME B16.5
BPCL-SAP-0003038,BPCL,FLG-BLD-DN100-PN50-A350LF2-RF,CAN-000559,DEPOT-BPCL-BIN,"Bina Refinery, Madhya Pradesh",43,30400,100,FLANGE_BLIND,100.0,300,ASTM A350 LF2,RF,ASME B16.5
BPCL-SAP-0003039,BPCL,FLG-BLD-DN250-PN20-A350LF2-RTJ,CAN-000644,DEPOT-BPCL-KCH,"Kochi Refinery, Kerala",118,57460,513,FLANGE_BLIND,250.0,150,ASTM A350 LF2,RTJ,ASME B16.5
BPCL-SAP-0003040,BPCL,FLG-SO-DN80-PN100-SS304-FF,CAN-000836,DEPOT-BPCL-BIN,"Bina Refinery, Madhya Pradesh",0,52800,0,FLANGE_SLIP_ON,80.0,600,ASTM A182 F304,FF,ASME B16.5
BPCL-SAP-0003041,BPCL,FLG-SO-DN200-CL600-A105-RF,CAN-000923,DEPOT-BPCL-NML,"Numaligarh Depot Base, Assam",32,72400,49,FLANGE_SLIP_ON,200.0,600,ASTM A105,RF,ASME B16.5
BPCL-SAP-0003042,BPCL,FLG-SO-DN50-PN100-SS304-RF,CAN-000805,DEPOT-BPCL-BIN,"Bina Refinery, Madhya Pradesh",0,28660,0,FLANGE_SLIP_ON,50.0,600,ASTM A182 F304,RF,ASME B16.5
BPCL-SAP-0003043,BPCL,GSKT-SW-DN250-CL900-SS316-GR-RF,CAN-002087,DEPOT-BPCL-NML,"Numaligarh Depot Base, Assam",25,174010,180,SPIRAL_WOUND_GASKET,250.0,900,SS316 / GRAPHITE,RF,ASME B16.20
BPCL-SAP-0003044,BPCL,VLV-GT-DN25-PN250-WCB-BW,CAN-001112,DEPOT-BPCL-MUM,"Mumbai Refinery, Mahul, Maharashtra",47,113570,184,GATE_VALVE,25.0,1500,ASTM A216 WCB,BW,API 6D
BPCL-SAP-0003045,BPCL,VLV-GL-DN300-PN50-WCB-RF,CAN-001986,DEPOT-BPCL-KCH,"Kochi Refinery, Kerala",16,1056740,45,GLOBE_VALVE,300.0,300,ASTM A216 WCB,RF,ASME B16.34
BPCL-SAP-0003046,BPCL,FLG-WN-DN300-PN250-SS304-RF,CAN-000397,DEPOT-BPCL-KCH,"Kochi Refinery, Kerala",0,842490,0,FLANGE_WELD_NECK,300.0,1500,ASTM A182 F304,RF,ASME B16.5
BPCL-SAP-0003047,BPCL,VLV-GT-DN250-CL300-SS316-BW,CAN-001504,DEPOT-BPCL-BIN,"Bina Refinery, Madhya Pradesh",100,2000990,262,GATE_VALVE,250.0,300,ASTM A182 F316,BW,API 6D
BPCL-SAP-0003048,BPCL,FLG-WN-DN80-PN150-A105-RF,CAN-000185,DEPOT-BPCL-MUM,"Mumbai Refinery, Mahul, Maharashtra",36,41840,74,FLANGE_WELD_NECK,80.0,900,ASTM A105,RF,ASME B16.5
BPCL-SAP-0003049,BPCL,VLV-GT-DN200-PN150-A105-RF,CAN-001462,DEPOT-BPCL-BIN,"Bina Refinery, Madhya Pradesh",36,1126700,640,GATE_VALVE,200.0,900,ASTM A105,RF,API 6D
BPCL-SAP-0003050,BPCL,FLG-BLD-DN50-PN50-SS316-RTJ,CAN-000502,DEPOT-BPCL-BIN,"Bina Refinery, Madhya Pradesh",20,24690,61,FLANGE_BLIND,50.0,300,ASTM A182 F316,RTJ,ASME B16.5
BPCL-SAP-0003051,BPCL,VLV-GT-DN25-PN250-SS316-BW,CAN-001119,DEPOT-BPCL-MUM,"Mumbai Refinery, Mahul, Maharashtra",74,363430,456,GATE_VALVE,25.0,1500,ASTM A182 F316,BW,API 600
BPCL-SAP-0003052,BPCL,VLV-BL-DN80-CL1500-SS316-BW,CAN-001700,DEPOT-BPCL-BIN,"Bina Refinery, Madhya Pradesh",43,2014960,36,BALL_VALVE,80.0,1500,ASTM A182 F316,BW,API 6D
BPCL-SAP-0003053,BPCL,VLV-GL-DN100-CL300-A105-RF,CAN-001907,DEPOT-BPCL-BIN,"Bina Refinery, Madhya Pradesh",8,253340,77,GLOBE_VALVE,100.0,300,ASTM A105,RF,BS 1873
BPCL-SAP-0003054,BPCL,VLV-GL-DN80-CL150-A105-RF,CAN-001884,DEPOT-BPCL-MUM,"Mumbai Refinery, Mahul, Maharashtra",0,108860,0,GLOBE_VALVE,80.0,150,ASTM A105,RF,ASME B16.34
BPCL-SAP-0003055,BPCL,VLV-BL-DN200-CL600-WCB-BW,CAN-001750,DEPOT-BPCL-BIN,"Bina Refinery, Madhya Pradesh",39,995600,21,BALL_VALVE,200.0,600,ASTM A216 WCB,BW,API 6D
BPCL-SAP-0003056,BPCL,VLV-GL-DN100-PN20-WCB-RF,CAN-001901,DEPOT-BPCL-KCH,"Kochi Refinery, Kerala",0,145500,0,GLOBE_VALVE,100.0,150,ASTM A216 WCB,RF,BS 1873
BPCL-SAP-0003057,BPCL,VLV-GT-DN150-PN100-A105-BW,CAN-001392,DEPOT-BPCL-KCH,"Kochi Refinery, Kerala",0,560420,0,GATE_VALVE,150.0,600,ASTM A105,BW,API 6D
BPCL-SAP-0003058,BPCL,FLG-BLD-DN150-PN150-A105-RF,CAN-000599,DEPOT-BPCL-KCH,"Kochi Refinery, Kerala",29,77510,46,FLANGE_BLIND,150.0,900,ASTM A105,RF,ASME B16.5
BPCL-SAP-0003059,BPCL,VLV-BL-DN40-CL150-WCB-RF,CAN-001641,DEPOT-BPCL-KCH,"Kochi Refinery, Kerala",134,40530,535,BALL_VALVE,40.0,150,ASTM A216 WCB,RF,API 6D
BPCL-SAP-0003060,BPCL,VLV-GT-DN250-CL300-A105-RF,CAN-001498,DEPOT-BPCL-MUM,"Mumbai Refinery, Mahul, Maharashtra",32,625310,45,GATE_VALVE,250.0,300,ASTM A105,RF,API 6D
BPCL-SAP-0003061,BPCL,VLV-BL-DN80-CL600-WCB-RF,CAN-001689,DEPOT-BPCL-MUM,"Mumbai Refinery, Mahul, Maharashtra",0,302520,0,BALL_VALVE,80.0,600,ASTM A216 WCB,RF,API 6D
BPCL-SAP-0003062,BPCL,GSKT-SW-DN100-PN50-SS304-GR-RF,CAN-002054,DEPOT-BPCL-MUM,"Mumbai Refinery, Mahul, Maharashtra",33,16460,89,SPIRAL_WOUND_GASKET,100.0,300,SS304 / GRAPHITE,RF,ASME B16.20
BPCL-SAP-0003063,BPCL,VLV-GT-DN100-CL150-SS316-BW,CAN-001311,DEPOT-BPCL-MUM,"Mumbai Refinery, Mahul, Maharashtra",0,349220,0,GATE_VALVE,100.0,150,ASTM A182 F316,BW,API 600
BPCL-SAP-0003064,BPCL,VLV-GT-DN300-PN50-SS316-BW,CAN-001563,DEPOT-BPCL-BIN,"Bina Refinery, Madhya Pradesh",6,2536190,79,GATE_VALVE,300.0,300,ASTM A182 F316,BW,API 600
BPCL-SAP-0003065,BPCL,VLV-BL-DN100-CL1500-SS316-RF,CAN-001719,DEPOT-BPCL-KCH,"Kochi Refinery, Kerala",94,2693080,458,BALL_VALVE,100.0,1500,ASTM A182 F316,RF,API 6D
BPCL-SAP-0003066,BPCL,VLV-GT-DN15-CL150-A105-BW,CAN-001007,DEPOT-BPCL-BIN,"Bina Refinery, Madhya Pradesh",70,9260,372,GATE_VALVE,15.0,150,ASTM A105,BW,API 600
BPCL-SAP-0003067,BPCL,VLV-GT-DN300-CL900-WCB-RF,CAN-001578,DEPOT-BPCL-BIN,"Bina Refinery, Madhya Pradesh",131,1908660,574,GATE_VALVE,300.0,900,ASTM A216 WCB,RF,API 6D
BPCL-SAP-0003068,BPCL,BLT-STUD-DN100-PN100-B7-2H-THRD,CAN-002155,DEPOT-BPCL-BIN,"Bina Refinery, Madhya Pradesh",41,6430,41,STUD_BOLT,100.0,600,ASTM A193 B7 / A194 2H,THRD,ASME B18.2.1
BPCL-SAP-0003069,BPCL,FLG-WN-DN100-CL150-A350LF2-RTJ,CAN-000204,DEPOT-BPCL-NML,"Numaligarh Depot Base, Assam",47,21340,331,FLANGE_WELD_NECK,100.0,150,ASTM A350 LF2,RTJ,ASME B16.5
BPCL-SAP-0003070,BPCL,VLV-GL-DN80-PN100-A105-RF,CAN-001891,DEPOT-BPCL-NML,"Numaligarh Depot Base, Assam",37,330030,103,GLOBE_VALVE,80.0,600,ASTM A105,RF,BS 1873
BPCL-SAP-0003071,BPCL,GSKT-SW-DN25-CL300-SS304-GR-RF,CAN-002014,DEPOT-BPCL-NML,"Numaligarh Depot Base, Assam",45,2710,104,SPIRAL_WOUND_GASKET,25.0,300,SS304 / GRAPHITE,RF,ASME B16.20
BPCL-SAP-0003072,BPCL,FLG-BLD-DN250-PN150-A105-RF,CAN-000659,DEPOT-BPCL-NML,"Numaligarh Depot Base, Assam",81,150580,360,FLANGE_BLIND,250.0,900,ASTM A105,RF,ASME B16.5
BPCL-SAP-0003073,BPCL,VLV-GT-DN40-CL900-SS316-BW,CAN-001167,DEPOT-BPCL-NML,"Numaligarh Depot Base, Assam",0,444930,0,GATE_VALVE,40.0,900,ASTM A182 F316,BW,API 600
BPCL-SAP-0003074,BPCL,GSKT-SW-DN40-PN100-SS304-GR-RF,CAN-002026,DEPOT-BPCL-MUM,"Mumbai Refinery, Mahul, Maharashtra",38,8710,25,SPIRAL_WOUND_GASKET,40.0,600,SS304 / GRAPHITE,RF,ASME B16.20
BPCL-SAP-0003075,BPCL,BLT-STUD-DN250-PN50-L7-GR7-THRD,CAN-002184,DEPOT-BPCL-NML,"Numaligarh Depot Base, Assam",0,19450,0,STUD_BOLT,250.0,300,ASTM A320 L7 / A194 7,THRD,ASME B18.2.1
BPCL-SAP-0003076,BPCL,FLG-WN-DN25-PN20-SS304-RF,CAN-000045,DEPOT-BPCL-KCH,"Kochi Refinery, Kerala",38,5280,79,FLANGE_WELD_NECK,25.0,150,ASTM A182 F304,RF,ASME B16.5
BPCL-SAP-0003077,BPCL,FLG-WN-DN15-CL300-A350LF2-RF,CAN-000011,DEPOT-BPCL-MUM,"Mumbai Refinery, Mahul, Maharashtra",0,3150,0,FLANGE_WELD_NECK,15.0,300,ASTM A350 LF2,RF,ASME B16.5
BPCL-SAP-0003078,BPCL,VLV-GT-DN200-PN100-SS316-RF,CAN-001454,DEPOT-BPCL-NML,"Numaligarh Depot Base, Assam",0,2606670,0,GATE_VALVE,200.0,600,ASTM A182 F316,RF,API 6D
BPCL-SAP-0003079,BPCL,FLG-SO-DN80-CL1500-A105-FF,CAN-000846,DEPOT-BPCL-MUM,"Mumbai Refinery, Mahul, Maharashtra",33,45790,74,FLANGE_SLIP_ON,80.0,1500,ASTM A105,FF,ASME B16.5
BPCL-SAP-0003080,BPCL,VLV-GL-DN50-PN100-A105-RF,CAN-001872,DEPOT-BPCL-BIN,"Bina Refinery, Madhya Pradesh",0,179140,0,GLOBE_VALVE,50.0,600,ASTM A105,RF,ASME B16.34
BPCL-SAP-0003081,BPCL,VLV-GL-DN100-CL150-WCB-RF,CAN-001901,DEPOT-BPCL-NML,"Numaligarh Depot Base, Assam",24,145500,242,GLOBE_VALVE,100.0,150,ASTM A216 WCB,RF,BS 1873
BPCL-SAP-0003082,BPCL,FLG-BLD-DN100-CL300-SS316-RTJ,CAN-000562,DEPOT-BPCL-KCH,"Kochi Refinery, Kerala",108,60800,634,FLANGE_BLIND,100.0,300,ASTM A182 F316,RTJ,ASME B16.5
BPCL-SAP-0003083,BPCL,FLG-SO-DN150-PN50-SS316-FF,CAN-000892,DEPOT-BPCL-BIN,"Bina Refinery, Madhya Pradesh",16,91550,53,FLANGE_SLIP_ON,150.0,300,ASTM A182 F316,FF,ASME B16.5
BPCL-SAP-0003084,BPCL,VLV-GL-DN200-CL150-WCB-RF,CAN-001941,DEPOT-BPCL-BIN,"Bina Refinery, Madhya Pradesh",33,358280,82,GLOBE_VALVE,200.0,150,ASTM A216 WCB,RF,BS 1873
BPCL-SAP-0003085,BPCL,VLV-BL-DN200-PN100-SS316-RF,CAN-001751,DEPOT-BPCL-BIN,"Bina Refinery, Madhya Pradesh",0,3185940,0,BALL_VALVE,200.0,600,ASTM A182 F316,RF,API 6D
BPCL-SAP-0003086,BPCL,FLG-WN-DN250-CL600-SS304-RF,CAN-000341,DEPOT-BPCL-BIN,"Bina Refinery, Madhya Pradesh",44,319360,12,FLANGE_WELD_NECK,250.0,600,ASTM A182 F304,RF,ASME B16.5
BPCL-SAP-0003087,BPCL,VLV-BL-DN40-PN50-SS316-BW,CAN-001648,DEPOT-BPCL-MUM,"Mumbai Refinery, Mahul, Maharashtra",87,225810,208,BALL_VALVE,40.0,300,ASTM A182 F316,BW,API 6D
BPCL-SAP-0003088,BPCL,VLV-GT-DN50-PN250-A105-RF,CAN-001233,DEPOT-BPCL-MUM,"Mumbai Refinery, Mahul, Maharashtra",46,279640,48,GATE_VALVE,50.0,1500,ASTM A105,RF,API 600
BPCL-SAP-0003089,BPCL,VLV-GL-DN40-CL900-A105-RF,CAN-001855,DEPOT-BPCL-NML,"Numaligarh Depot Base, Assam",0,185390,0,GLOBE_VALVE,40.0,900,ASTM A105,RF,BS 1873
BPCL-SAP-0003090,BPCL,VLV-GT-DN25-PN150-SS316-BW,CAN-001107,DEPOT-BPCL-BIN,"Bina Refinery, Madhya Pradesh",0,241510,0,GATE_VALVE,25.0,900,ASTM A182 F316,BW,API 600
BPCL-SAP-0003091,BPCL,VLV-GT-DN50-CL1500-A105-RF,CAN-001233,DEPOT-BPCL-BIN,"Bina Refinery, Madhya Pradesh",0,279640,0,GATE_VALVE,50.0,1500,ASTM A105,RF,API 600
BPCL-SAP-0003092,BPCL,VLV-GT-DN150-PN250-SS316-RF,CAN-001417,DEPOT-BPCL-NML,"Numaligarh Depot Base, Assam",75,3732660,229,GATE_VALVE,150.0,1500,ASTM A182 F316,RF,API 600
BPCL-SAP-0003093,BPCL,VLV-GT-DN15-PN250-WCB-RF,CAN-001049,DEPOT-BPCL-NML,"Numaligarh Depot Base, Assam",30,58460,72,GATE_VALVE,15.0,1500,ASTM A216 WCB,RF,API 600
BPCL-SAP-0003094,BPCL,FLG-BLD-DN80-CL600-SS316-RF,CAN-000537,DEPOT-BPCL-KCH,"Kochi Refinery, Kerala",96,79200,366,FLANGE_BLIND,80.0,600,ASTM A182 F316,RF,ASME B16.5
BPCL-SAP-0003095,BPCL,FLG-SO-DN100-CL1500-A105-RF,CAN-000875,DEPOT-BPCL-KCH,"Kochi Refinery, Kerala",0,61200,0,FLANGE_SLIP_ON,100.0,1500,ASTM A105,RF,ASME B16.5
BPCL-SAP-0003096,BPCL,VLV-GT-DN150-PN150-SS316-RF,CAN-001405,DEPOT-BPCL-BIN,"Bina Refinery, Madhya Pradesh",42,2480500,73,GATE_VALVE,150.0,900,ASTM A182 F316,RF,API 600
BPCL-SAP-0003097,BPCL,VLV-BL-DN250-CL900-WCB-RF,CAN-001773,DEPOT-BPCL-BIN,"Bina Refinery, Madhya Pradesh",36,1840530,284,BALL_VALVE,250.0,900,ASTM A216 WCB,RF,API 6D
BPCL-SAP-0003098,BPCL,FLG-SO-DN200-PN50-SS304-FF,CAN-000920,DEPOT-BPCL-BIN,"Bina Refinery, Madhya Pradesh",8,99800,111,FLANGE_SLIP_ON,200.0,300,ASTM A182 F304,FF,ASME B16.5
BPCL-SAP-0003099,BPCL,FLG-BLD-DN100-PN50-SS316-RF,CAN-000561,DEPOT-BPCL-KCH,"Kochi Refinery, Kerala",25,60800,15,FLANGE_BLIND,100.0,300,ASTM A182 F316,RF,ASME B16.5
BPCL-SAP-0003100,BPCL,VLV-GT-DN80-PN50-A105-BW,CAN-001259,DEPOT-BPCL-NML,"Numaligarh Depot Base, Assam",32,142160,285,GATE_VALVE,80.0,300,ASTM A105,BW,API 600
BPCL-SAP-0003101,BPCL,GSKT-SW-DN50-PN100-SS304-GR-RF,CAN-002036,DEPOT-BPCL-KCH,"Kochi Refinery, Kerala",31,11640,63,SPIRAL_WOUND_GASKET,50.0,600,SS304 / GRAPHITE,RF,ASME B16.20
BPCL-SAP-0003102,BPCL,FLG-SO-DN300-CL1500-SS304-RF,CAN-000997,DEPOT-BPCL-KCH,"Kochi Refinery, Kerala",31,612720,10,FLANGE_SLIP_ON,300.0,1500,ASTM A182 F304,RF,ASME B16.5
BPCL-SAP-0003103,BPCL,FLG-WN-DN40-CL600-A350LF2-RTJ,CAN-000100,DEPOT-BPCL-NML,"Numaligarh Depot Base, Assam",0,19650,0,FLANGE_WELD_NECK,40.0,600,ASTM A350 LF2,RTJ,ASME B16.5
BPCL-SAP-0003104,BPCL,FLG-BLD-DN80-PN250-A350LF2-RF,CAN-000547,DEPOT-BPCL-BIN,"Bina Refinery, Madhya Pradesh",18,82430,26,FLANGE_BLIND,80.0,1500,ASTM A350 LF2,RF,ASME B16.5
BPCL-SAP-0003105,BPCL,VLV-GL-DN80-PN50-WCB-RF,CAN-001885,DEPOT-BPCL-NML,"Numaligarh Depot Base, Assam",0,189550,0,GLOBE_VALVE,80.0,300,ASTM A216 WCB,RF,BS 1873
BPCL-SAP-0003106,BPCL,FLG-SO-DN40-CL300-SS316-FF,CAN-000772,DEPOT-BPCL-BIN,"Bina Refinery, Madhya Pradesh",135,16420,185,FLANGE_SLIP_ON,40.0,300,ASTM A182 F316,FF,ASME B16.5
BPCL-SAP-0003107,BPCL,VLV-GT-DN50-CL1500-SS316-BW,CAN-001239,DEPOT-BPCL-KCH,"Kochi Refinery, Kerala",0,894870,0,GATE_VALVE,50.0,1500,ASTM A182 F316,BW,API 600
BPCL-SAP-0003108,BPCL,VLV-GL-DN80-PN20-WCB-RF,CAN-001882,DEPOT-BPCL-KCH,"Kochi Refinery, Kerala",8,108860,16,GLOBE_VALVE,80.0,150,ASTM A216 WCB,RF,ASME B16.34
BPCL-SAP-0003109,BPCL,VLV-GT-DN15-CL150-WCB-RF,CAN-001001,DEPOT-BPCL-KCH,"Kochi Refinery, Kerala",0,9260,0,GATE_VALVE,15.0,150,ASTM A216 WCB,RF,API 600
BPCL-SAP-0003110,BPCL,FLG-SO-DN200-PN150-SS304-FF,CAN-000932,DEPOT-BPCL-NML,"Numaligarh Depot Base, Assam",24,240360,12,FLANGE_SLIP_ON,200.0,900,ASTM A182 F304,FF,ASME B16.5
BPCL-SAP-0003111,BPCL,VLV-GL-DN50-PN20-A105-RF,CAN-001863,DEPOT-BPCL-MUM,"Mumbai Refinery, Mahul, Maharashtra",50,59090,111,GLOBE_VALVE,50.0,150,ASTM A105,RF,BS 1873
BPCL-SAP-0003112,BPCL,VLV-GT-DN80-CL300-A105-RF,CAN-001258,DEPOT-BPCL-KCH,"Kochi Refinery, Kerala",0,142160,0,GATE_VALVE,80.0,300,ASTM A105,RF,API 6D
BPCL-SAP-0003113,BPCL,FLG-BLD-DN300-CL150-SS316-RF,CAN-000675,DEPOT-BPCL-NML,"Numaligarh Depot Base, Assam",37,145660,38,FLANGE_BLIND,300.0,150,ASTM A182 F316,RF,ASME B16.5
BPCL-SAP-0003114,BPCL,FLG-SO-DN250-CL600-SS316-FF,CAN-000958,DEPOT-BPCL-NML,"Numaligarh Depot Base, Assam",0,309680,0,FLANGE_SLIP_ON,250.0,600,ASTM A182 F316,FF,ASME B16.5
BPCL-SAP-0003115,BPCL,VLV-GT-DN15-PN20-A105-BW,CAN-001008,DEPOT-BPCL-NML,"Numaligarh Depot Base, Assam",48,9260,23,GATE_VALVE,15.0,150,ASTM A105,BW,API 6D
BPCL-SAP-0003116,BPCL,FLG-SO-DN200-PN250-A105-FF,CAN-000936,DEPOT-BPCL-BIN,"Bina Refinery, Madhya Pradesh",20,150700,40,FLANGE_SLIP_ON,200.0,1500,ASTM A105,FF,ASME B16.5
BPCL-SAP-0003117,BPCL,GSKT-SW-DN300-CL150-SS316-GR-RF,CAN-002091,DEPOT-BPCL-KCH,"Kochi Refinery, Kerala",0,52600,0,SPIRAL_WOUND_GASKET,300.0,150,SS316 / GRAPHITE,RF,ASME B16.20
BPCL-SAP-0003118,BPCL,VLV-BL-DN40-CL1500-WCB-BW,CAN-001658,DEPOT-BPCL-NML,"Numaligarh Depot Base, Assam",38,255720,69,BALL_VALVE,40.0,1500,ASTM A216 WCB,BW,API 6D
BPCL-SAP-0003119,BPCL,VLV-GT-DN250-PN150-A105-BW,CAN-001523,DEPOT-BPCL-NML,"Numaligarh Depot Base, Assam",46,1505890,88,GATE_VALVE,250.0,900,ASTM A105,BW,API 600
BPCL-SAP-0003120,BPCL,FLG-WN-DN80-CL600-A350LF2-RTJ,CAN-000180,DEPOT-BPCL-MUM,"Mumbai Refinery, Mahul, Maharashtra",0,48400,0,FLANGE_WELD_NECK,80.0,600,ASTM A350 LF2,RTJ,ASME B16.5
BPCL-SAP-0003121,BPCL,FLG-WN-DN150-CL900-A105-RTJ,CAN-000266,DEPOT-BPCL-MUM,"Mumbai Refinery, Mahul, Maharashtra",40,94740,101,FLANGE_WELD_NECK,150.0,900,ASTM A105,RTJ,ASME B16.5
BPCL-SAP-0003122,BPCL,FLG-BLD-DN15-PN100-SS316-RTJ,CAN-000418,DEPOT-BPCL-MUM,"Mumbai Refinery, Mahul, Maharashtra",11,8980,75,FLANGE_BLIND,15.0,600,ASTM A182 F316,RTJ,ASME B16.5
BPCL-SAP-0003123,BPCL,FLG-SO-DN50-CL600-A105-RF,CAN-000803,DEPOT-BPCL-MUM,"Mumbai Refinery, Mahul, Maharashtra",105,11940,524,FLANGE_SLIP_ON,50.0,600,ASTM A105,RF,ASME B16.5
BPCL-SAP-0003124,BPCL,FLG-SO-DN80-PN100-SS316-FF,CAN-000838,DEPOT-BPCL-MUM,"Mumbai Refinery, Mahul, Maharashtra",114,70400,282,FLANGE_SLIP_ON,80.0,600,ASTM A182 F316,FF,ASME B16.5
BPCL-SAP-0003125,BPCL,FLG-BLD-DN100-CL300-A105-RF,CAN-000557,DEPOT-BPCL-KCH,"Kochi Refinery, Kerala",69,19000,477,FLANGE_BLIND,100.0,300,ASTM A105,RF,ASME B16.5
BPCL-SAP-0003126,BPCL,FLG-SO-DN25-CL900-SS316-FF,CAN-000754,DEPOT-BPCL-MUM,"Mumbai Refinery, Mahul, Maharashtra",50,21460,19,FLANGE_SLIP_ON,25.0,900,ASTM A182 F316,FF,ASME B16.5
BPCL-SAP-0003127,BPCL,VLV-GT-DN200-PN100-WCB-BW,CAN-001448,DEPOT-BPCL-BIN,"Bina Refinery, Madhya Pradesh",49,814580,100,GATE_VALVE,200.0,600,ASTM A216 WCB,BW,API 6D
BPCL-SAP-0003128,BPCL,VLV-GT-DN100-CL900-SS316-RF,CAN-001345,DEPOT-BPCL-BIN,"Bina Refinery, Madhya Pradesh",131,1464270,577,GATE_VALVE,100.0,900,ASTM A182 F316,RF,API 600
BPCL-SAP-0003129,BPCL,FLG-WN-DN150-PN50-A105-RTJ,CAN-000250,DEPOT-BPCL-NML,"Numaligarh Depot Base, Assam",0,39340,0,FLANGE_WELD_NECK,150.0,300,ASTM A105,RTJ,ASME B16.5
BPCL-SAP-0003130,BPCL,FLG-SO-DN250-CL600-SS316-FF,CAN-000958,DEPOT-BPCL-NML,"Numaligarh Depot Base, Assam",46,309680,677,FLANGE_SLIP_ON,250.0,600,ASTM A182 F316,FF,ASME B16.5
BPCL-SAP-0003131,BPCL,VLV-GT-DN80-CL600-SS316-BW,CAN-001275,DEPOT-BPCL-KCH,"Kochi Refinery, Kerala",0,792070,0,GATE_VALVE,80.0,600,ASTM A182 F316,BW,API 600
BPCL-SAP-0003132,BPCL,VLV-GL-DN50-CL150-WCB-RF,CAN-001861,DEPOT-BPCL-BIN,"Bina Refinery, Madhya Pradesh",35,59090,98,GLOBE_VALVE,50.0,150,ASTM A216 WCB,RF,BS 1873
BPCL-SAP-0003133,BPCL,VLV-GL-DN50-CL150-A105-RF,CAN-001864,DEPOT-BPCL-NML,"Numaligarh Depot Base, Assam",27,59090,120,GLOBE_VALVE,50.0,150,ASTM A105,RF,ASME B16.34
BPCL-SAP-0003134,BPCL,VLV-GT-DN40-PN250-WCB-RF,CAN-001169,DEPOT-BPCL-KCH,"Kochi Refinery, Kerala",0,209230,0,GATE_VALVE,40.0,1500,ASTM A216 WCB,RF,API 600
BPCL-SAP-0003135,BPCL,FLG-SO-DN40-CL900-SS304-FF,CAN-000782,DEPOT-BPCL-KCH,"Kochi Refinery, Kerala",0,29660,0,FLANGE_SLIP_ON,40.0,900,ASTM A182 F304,FF,ASME B16.5
BPCL-SAP-0003136,BPCL,VLV-BL-DN40-PN150-SS316-RF,CAN-001655,DEPOT-BPCL-KCH,"Kochi Refinery, Kerala",0,543810,0,BALL_VALVE,40.0,900,ASTM A182 F316,RF,API 6D
BPCL-SAP-0003137,BPCL,FLG-SO-DN300-PN100-SS304-RF,CAN-000985,DEPOT-BPCL-MUM,"Mumbai Refinery, Mahul, Maharashtra",29,294380,49,FLANGE_SLIP_ON,300.0,600,ASTM A182 F304,RF,ASME B16.5
BPCL-SAP-0003138,BPCL,VLV-GT-DN80-CL600-WCB-RF,CAN-001266,DEPOT-BPCL-KCH,"Kochi Refinery, Kerala",17,247520,104,GATE_VALVE,80.0,600,ASTM A216 WCB,RF,API 6D
BPCL-SAP-0003139,BPCL,FLG-WN-DN25-PN100-A105-RTJ,CAN-000058,DEPOT-BPCL-BIN,"Bina Refinery, Madhya Pradesh",135,6660,343,FLANGE_WELD_NECK,25.0,600,ASTM A105,RTJ,ASME B16.5
BPCL-SAP-0003140,BPCL,FLG-SO-DN80-PN20-SS316-RF,CAN-000825,DEPOT-BPCL-MUM,"Mumbai Refinery, Mahul, Maharashtra",0,23220,0,FLANGE_SLIP_ON,80.0,150,ASTM A182 F316,RF,ASME B16.5
BPCL-SAP-0003141,BPCL,VLV-GT-DN200-CL300-WCB-BW,CAN-001436,DEPOT-BPCL-KCH,"Kochi Refinery, Kerala",5,467850,117,GATE_VALVE,200.0,300,ASTM A216 WCB,BW,API 6D
BPCL-SAP-0003142,BPCL,VLV-BL-DN15-PN150-SS316-RF,CAN-001615,DEPOT-BPCL-KCH,"Kochi Refinery, Kerala",127,151940,662,BALL_VALVE,15.0,900,ASTM A182 F316,RF,API 6D
BPCL-SAP-0003143,BPCL,FLG-BLD-DN40-PN50-A105-RTJ,CAN-000468,DEPOT-BPCL-BIN,"Bina Refinery, Madhya Pradesh",0,5770,0,FLANGE_BLIND,40.0,300,ASTM A105,RTJ,ASME B16.5
BPCL-SAP-0003144,BPCL,VLV-GL-DN250-PN20-WCB-RF,CAN-001961,DEPOT-BPCL-MUM,"Mumbai Refinery, Mahul, Maharashtra",43,478860,690,GLOBE_VALVE,250.0,150,ASTM A216 WCB,RF,BS 1873
BPCL-SAP-0003145,BPCL,VLV-GT-DN100-PN20-WCB-RF,CAN-001301,DEPOT-BPCL-KCH,"Kochi Refinery, Kerala",0,109130,0,GATE_VALVE,100.0,150,ASTM A216 WCB,RF,API 600
BPCL-SAP-0003146,BPCL,VLV-GT-DN200-CL1500-A105-BW,CAN-001476,DEPOT-BPCL-MUM,"Mumbai Refinery, Mahul, Maharashtra",0,1695460,0,GATE_VALVE,200.0,1500,ASTM A105,BW,API 6D
BPCL-SAP-0003147,BPCL,BLT-STUD-DN100-PN150-B7-2H-THRD,CAN-002157,DEPOT-BPCL-BIN,"Bina Refinery, Madhya Pradesh",8,8890,115,STUD_BOLT,100.0,900,ASTM A193 B7 / A194 2H,THRD,ASME B18.2.1
BPCL-SAP-0003148,BPCL,VLV-GT-DN25-CL150-A105-BW,CAN-001067,DEPOT-BPCL-MUM,"Mumbai Refinery, Mahul, Maharashtra",26,18000,115,GATE_VALVE,25.0,150,ASTM A105,BW,API 600
BPCL-SAP-0003149,BPCL,VLV-GT-DN200-CL600-SS316-BW,CAN-001456,DEPOT-BPCL-NML,"Numaligarh Depot Base, Assam",30,2606670,100,GATE_VALVE,200.0,600,ASTM A182 F316,BW,API 6D
BPCL-SAP-0003150,BPCL,VLV-GL-DN80-CL150-A105-RF,CAN-001883,DEPOT-BPCL-MUM,"Mumbai Refinery, Mahul, Maharashtra",0,108860,0,GLOBE_VALVE,80.0,150,ASTM A105,RF,BS 1873
BPCL-SAP-0003151,BPCL,VLV-BL-DN150-PN50-SS316-BW,CAN-001728,DEPOT-BPCL-BIN,"Bina Refinery, Madhya Pradesh",0,1258900,0,BALL_VALVE,150.0,300,ASTM A182 F316,BW,API 6D
BPCL-SAP-0003152,BPCL,VLV-GT-DN15-PN250-WCB-BW,CAN-001051,DEPOT-BPCL-KCH,"Kochi Refinery, Kerala",0,58460,0,GATE_VALVE,15.0,1500,ASTM A216 WCB,BW,API 600
BPCL-SAP-0003153,BPCL,VLV-GT-DN15-PN250-SS316-BW,CAN-001059,DEPOT-BPCL-KCH,"Kochi Refinery, Kerala",66,187070,188,GATE_VALVE,15.0,1500,ASTM A182 F316,BW,API 600
BPCL-SAP-0003154,BPCL,VLV-GL-DN15-CL900-A105-RF,CAN-001815,DEPOT-BPCL-KCH,"Kochi Refinery, Kerala",0,51790,0,GLOBE_VALVE,15.0,900,ASTM A105,RF,BS 1873
BPCL-SAP-0003155,BPCL,FLG-WN-DN150-CL150-SS304-RF,CAN-000245,DEPOT-BPCL-MUM,"Mumbai Refinery, Mahul, Maharashtra",31,54220,86,FLANGE_WELD_NECK,150.0,150,ASTM A182 F304,RF,ASME B16.5
BPCL-SAP-0003156,BPCL,FLG-WN-DN25-PN250-A350LF2-RF,CAN-000075,DEPOT-BPCL-NML,"Numaligarh Depot Base, Assam",35,22200,111,FLANGE_WELD_NECK,25.0,1500,ASTM A350 LF2,RF,ASME B16.5
BPCL-SAP-0003157,BPCL,VLV-BL-DN250-CL600-SS316-RF,CAN-001771,DEPOT-BPCL-BIN,"Bina Refinery, Madhya Pradesh",0,4258140,0,BALL_VALVE,250.0,600,ASTM A182 F316,RF,API 6D
BPCL-SAP-0003158,BPCL,VLV-GL-DN50-CL150-WCB-RF,CAN-001861,DEPOT-BPCL-KCH,"Kochi Refinery, Kerala",11,59090,42,GLOBE_VALVE,50.0,150,ASTM A216 WCB,RF,BS 1873
BPCL-SAP-0003159,BPCL,VLV-GT-DN15-PN100-A105-RF,CAN-001030,DEPOT-BPCL-MUM,"Mumbai Refinery, Mahul, Maharashtra",0,28080,0,GATE_VALVE,15.0,600,ASTM A105,RF,API 6D
BPCL-SAP-0003160,BPCL,GSKT-SW-DN50-PN100-SS304-GR-RF,CAN-002036,DEPOT-BPCL-BIN,"Bina Refinery, Madhya Pradesh",20,11640,43,SPIRAL_WOUND_GASKET,50.0,600,SS304 / GRAPHITE,RF,ASME B16.20
BPCL-SAP-0003161,BPCL,FLG-WN-DN200-PN100-A105-RF,CAN-000297,DEPOT-BPCL-MUM,"Mumbai Refinery, Mahul, Maharashtra",123,99560,214,FLANGE_WELD_NECK,200.0,600,ASTM A105,RF,ASME B16.5
BPCL-SAP-0003162,BPCL,FLG-SO-DN50-PN100-A105-FF,CAN-000804,DEPOT-BPCL-BIN,"Bina Refinery, Madhya Pradesh",34,11940,79,FLANGE_SLIP_ON,50.0,600,ASTM A105,FF,ASME B16.5
BPCL-SAP-0003163,BPCL,GSKT-SW-DN300-PN50-SS304-GR-RF,CAN-002094,DEPOT-BPCL-MUM,"Mumbai Refinery, Mahul, Maharashtra",14,68680,30,SPIRAL_WOUND_GASKET,300.0,300,SS304 / GRAPHITE,RF,ASME B16.20
BPCL-SAP-0003164,BPCL,FLG-WN-DN25-CL150-A105-RF,CAN-000041,DEPOT-BPCL-BIN,"Bina Refinery, Madhya Pradesh",45,2200,83,FLANGE_WELD_NECK,25.0,150,ASTM A105,RF,ASME B16.5
BPCL-SAP-0003165,BPCL,FLG-WN-DN80-PN150-SS304-RF,CAN-000189,DEPOT-BPCL-BIN,"Bina Refinery, Madhya Pradesh",47,100420,111,FLANGE_WELD_NECK,80.0,900,ASTM A182 F304,RF,ASME B16.5
BPCL-SAP-0003166,BPCL,FLG-SO-DN50-CL900-SS304-RF,CAN-000811,DEPOT-BPCL-BIN,"Bina Refinery, Madhya Pradesh",47,39640,60,FLANGE_SLIP_ON,50.0,900,ASTM A182 F304,RF,ASME B16.5
BPCL-SAP-0003167,BPCL,FLG-BLD-DN200-PN50-SS316-RF,CAN-000621,DEPOT-BPCL-BIN,"Bina Refinery, Madhya Pradesh",26,149710,20,FLANGE_BLIND,200.0,300,ASTM A182 F316,RF,ASME B16.5
BPCL-SAP-0003168,BPCL,VLV-GT-DN100-PN250-SS316-BW,CAN-001359,DEPOT-BPCL-KCH,"Kochi Refinery, Kerala",0,2203430,0,GATE_VALVE,100.0,1500,ASTM A182 F316,BW,API 600
BPCL-SAP-0003169,BPCL,FLG-WN-DN25-CL1500-SS316-RF,CAN-000079,DEPOT-BPCL-KCH,"Kochi Refinery, Kerala",42,44410,21,FLANGE_WELD_NECK,25.0,1500,ASTM A182 F316,RF,ASME B16.5
BPCL-SAP-0003170,BPCL,VLV-GL-DN25-CL300-A105-RF,CAN-001828,DEPOT-BPCL-NML,"Numaligarh Depot Base, Assam",142,41780,245,GLOBE_VALVE,25.0,300,ASTM A105,RF,ASME B16.34
BPCL-SAP-0003171,BPCL,VLV-GT-DN150-CL150-A105-BW,CAN-001367,DEPOT-BPCL-MUM,"Mumbai Refinery, Mahul, Maharashtra",39,184870,26,GATE_VALVE,150.0,150,ASTM A105,BW,API 600
BPCL-SAP-0003172,BPCL,VLV-GT-DN150-PN20-SS316-BW,CAN-001371,DEPOT-BPCL-BIN,"Bina Refinery, Madhya Pradesh",12,591580,108,GATE_VALVE,150.0,150,ASTM A182 F316,BW,API 600
BPCL-SAP-0003173,BPCL,VLV-GT-DN50-CL150-A105-RF,CAN-001185,DEPOT-BPCL-BIN,"Bina Refinery, Madhya Pradesh",28,44320,104,GATE_VALVE,50.0,150,ASTM A105,RF,API 600
BPCL-SAP-0003174,BPCL,VLV-GT-DN15-PN20-SS316-RF,CAN-001009,DEPOT-BPCL-KCH,"Kochi Refinery, Kerala",48,29640,392,GATE_VALVE,15.0,150,ASTM A182 F316,RF,API 600
BPCL-SAP-0003175,BPCL,FLG-SO-DN15-PN100-A105-RF,CAN-000713,DEPOT-BPCL-MUM,"Mumbai Refinery, Mahul, Maharashtra",139,2490,631,FLANGE_SLIP_ON,15.0,600,ASTM A105,RF,ASME B16.5
BPCL-SAP-0003176,BPCL,FLG-SO-DN50-PN250-A105-RF,CAN-000815,DEPOT-BPCL-KCH,"Kochi Refinery, Kerala",0,24850,0,FLANGE_SLIP_ON,50.0,1500,ASTM A105,RF,ASME B16.5
BPCL-SAP-0003177,BPCL,BLT-STUD-DN250-PN100-L7-GR7-THRD,CAN-002186,DEPOT-BPCL-NML,"Numaligarh Depot Base, Assam",20,33870,119,STUD_BOLT,250.0,600,ASTM A320 L7 / A194 7,THRD,ASME B18.2.1
BPCL-SAP-0003178,BPCL,FLG-BLD-DN40-PN100-SS316-RF,CAN-000477,DEPOT-BPCL-KCH,"Kochi Refinery, Kerala",40,32160,60,FLANGE_BLIND,40.0,600,ASTM A182 F316,RF,ASME B16.5
BPCL-SAP-0003179,BPCL,FLG-BLD-DN100-CL900-A105-RF,CAN-000569,DEPOT-BPCL-NML,"Numaligarh Depot Base, Assam",18,45750,82,FLANGE_BLIND,100.0,900,ASTM A105,RF,ASME B16.5
BPCL-SAP-0003180,BPCL,VLV-GL-DN300-CL900-A105-RF,CAN-001995,DEPOT-BPCL-MUM,"Mumbai Refinery, Mahul, Maharashtra",68,2544880,742,GLOBE_VALVE,300.0,900,ASTM A105,RF,BS 1873
BPCL-SAP-0003181,BPCL,GSKT-SW-DN100-PN100-SS316-GR-RF,CAN-002055,DEPOT-BPCL-MUM,"Mumbai Refinery, Mahul, Maharashtra",18,38220,102,SPIRAL_WOUND_GASKET,100.0,600,SS316 / GRAPHITE,RF,ASME B16.20
BPCL-SAP-0003182,BPCL,VLV-GT-DN50-CL600-A105-RF,CAN-001210,DEPOT-BPCL-NML,"Numaligarh Depot Base, Assam",0,134350,0,GATE_VALVE,50.0,600,ASTM A105,RF,API 6D
BPCL-SAP-0003183,BPCL,FLG-SO-DN40-PN250-A105-FF,CAN-000786,DEPOT-BPCL-BIN,"Bina Refinery, Madhya Pradesh",28,18590,14,FLANGE_SLIP_ON,40.0,1500,ASTM A105,FF,ASME B16.5
BPCL-SAP-0003184,BPCL,VLV-BL-DN15-CL600-SS316-BW,CAN-001612,DEPOT-BPCL-MUM,"Mumbai Refinery, Mahul, Maharashtra",48,109850,21,BALL_VALVE,15.0,600,ASTM A182 F316,BW,API 6D
BPCL-SAP-0003185,BPCL,VLV-GT-DN300-CL300-SS316-RF,CAN-001561,DEPOT-BPCL-KCH,"Kochi Refinery, Kerala",37,2536190,52,GATE_VALVE,300.0,300,ASTM A182 F316,RF,API 600
BPCL-SAP-0003186,BPCL,VLV-GT-DN200-CL300-A105-BW,CAN-001440,DEPOT-BPCL-NML,"Numaligarh Depot Base, Assam",0,467850,0,GATE_VALVE,200.0,300,ASTM A105,BW,API 6D
BPCL-SAP-0003187,BPCL,FLG-SO-DN100-PN50-SS304-RF,CAN-000859,DEPOT-BPCL-NML,"Numaligarh Depot Base, Assam",138,40530,361,FLANGE_SLIP_ON,100.0,300,ASTM A182 F304,RF,ASME B16.5
BPCL-SAP-0003188,BPCL,VLV-GL-DN25-CL900-WCB-RF,CAN-001834,DEPOT-BPCL-MUM,"Mumbai Refinery, Mahul, Maharashtra",98,100630,455,GLOBE_VALVE,25.0,900,ASTM A216 WCB,RF,ASME B16.34
BPCL-SAP-0003189,BPCL,VLV-BL-DN40-PN250-WCB-RF,CAN-001657,DEPOT-BPCL-NML,"Numaligarh Depot Base, Assam",109,255720,265,BALL_VALVE,40.0,1500,ASTM A216 WCB,RF,API 6D
BPCL-SAP-0003190,BPCL,FLG-SO-DN150-PN150-SS316-RF,CAN-000903,DEPOT-BPCL-BIN,"Bina Refinery, Madhya Pradesh",33,220480,53,FLANGE_SLIP_ON,150.0,900,ASTM A182 F316,RF,ASME B16.5
BPCL-SAP-0003191,BPCL,FLG-BLD-DN80-CL600-A105-RF,CAN-000533,DEPOT-BPCL-MUM,"Mumbai Refinery, Mahul, Maharashtra",0,24750,0,FLANGE_BLIND,80.0,600,ASTM A105,RF,ASME B16.5
BPCL-SAP-0003192,BPCL,FLG-SO-DN25-CL600-SS304-RF,CAN-000745,DEPOT-BPCL-KCH,"Kochi Refinery, Kerala",0,11640,0,FLANGE_SLIP_ON,25.0,600,ASTM A182 F304,RF,ASME B16.5
BPCL-SAP-0003193,BPCL,FLG-BLD-DN150-CL600-SS316-RTJ,CAN-000598,DEPOT-BPCL-BIN,"Bina Refinery, Madhya Pradesh",5,179330,21,FLANGE_BLIND,150.0,600,ASTM A182 F316,RTJ,ASME B16.5
BPCL-SAP-0003194,BPCL,FLG-BLD-DN15-CL150-SS316-RF,CAN-000405,DEPOT-BPCL-KCH,"Kochi Refinery, Kerala",0,2960,0,FLANGE_BLIND,15.0,150,ASTM A182 F316,RF,ASME B16.5
BPCL-SAP-0003195,BPCL,VLV-GT-DN300-PN50-A105-BW,CAN-001559,DEPOT-BPCL-BIN,"Bina Refinery, Madhya Pradesh",18,792550,20,GATE_VALVE,300.0,300,ASTM A105,BW,API 600
BPCL-SAP-0003196,BPCL,BLT-STUD-DN150-CL300-B7-2H-THRD,CAN-002163,DEPOT-BPCL-MUM,"Mumbai Refinery, Mahul, Maharashtra",82,6250,237,STUD_BOLT,150.0,300,ASTM A193 B7 / A194 2H,THRD,ASME B18.2.1
BPCL-SAP-0003197,BPCL,FLG-WN-DN25-PN100-A350LF2-RF,CAN-000059,DEPOT-BPCL-KCH,"Kochi Refinery, Kerala",0,10670,0,FLANGE_WELD_NECK,25.0,600,ASTM A350 LF2,RF,ASME B16.5
BPCL-SAP-0003198,BPCL,VLV-GT-DN80-PN20-WCB-BW,CAN-001244,DEPOT-BPCL-KCH,"Kochi Refinery, Kerala",16,81650,29,GATE_VALVE,80.0,150,ASTM A216 WCB,BW,API 6D
BPCL-SAP-0003199,BPCL,FLG-SO-DN25-PN150-SS304-FF,CAN-000752,DEPOT-BPCL-KCH,"Kochi Refinery, Kerala",99,16100,250,FLANGE_SLIP_ON,25.0,900,ASTM A182 F304,FF,ASME B16.5
BPCL-SAP-0003200,BPCL,FLG-BLD-DN40-PN100-A350LF2-RF,CAN-000475,DEPOT-BPCL-NML,"Numaligarh Depot Base, Assam",42,16080,66,FLANGE_BLIND,40.0,600,ASTM A350 LF2,RF,ASME B16.5
BPCL-SAP-0003201,BPCL,FLG-WN-DN15-CL600-SS304-RTJ,CAN-000022,DEPOT-BPCL-NML,"Numaligarh Depot Base, Assam",71,8230,740,FLANGE_WELD_NECK,15.0,600,ASTM A182 F304,RTJ,ASME B16.5
BPCL-SAP-0003202,BPCL,FLG-SO-DN300-CL900-A105-RF,CAN-000989,DEPOT-BPCL-KCH,"Kochi Refinery, Kerala",31,169650,67,FLANGE_SLIP_ON,300.0,900,ASTM A105,RF,ASME B16.5
BPCL-SAP-0003203,BPCL,VLV-GT-DN15-CL600-SS316-BW,CAN-001035,DEPOT-BPCL-MUM,"Mumbai Refinery, Mahul, Maharashtra",43,89880,94,GATE_VALVE,15.0,600,ASTM A182 F316,BW,API 600
BPCL-SAP-0003204,BPCL,VLV-BL-DN15-PN150-SS316-RF,CAN-001615,DEPOT-BPCL-KCH,"Kochi Refinery, Kerala",23,151940,84,BALL_VALVE,15.0,900,ASTM A182 F316,RF,API 6D
BPCL-SAP-0003205,BPCL,FLG-WN-DN200-PN20-SS316-RTJ,CAN-000288,DEPOT-BPCL-KCH,"Kochi Refinery, Kerala",43,105090,54,FLANGE_WELD_NECK,200.0,150,ASTM A182 F316,RTJ,ASME B16.5
BPCL-SAP-0003206,BPCL,VLV-GT-DN150-PN50-WCB-BW,CAN-001376,DEPOT-BPCL-MUM,"Mumbai Refinery, Mahul, Maharashtra",0,321870,0,GATE_VALVE,150.0,300,ASTM A216 WCB,BW,API 6D
BPCL-SAP-0003207,BPCL,VLV-GT-DN250-CL1500-WCB-BW,CAN-001531,DEPOT-BPCL-BIN,"Bina Refinery, Madhya Pradesh",33,2266060,301,GATE_VALVE,250.0,1500,ASTM A216 WCB,BW,API 600
BPCL-SAP-0003208,BPCL,FLG-WN-DN200-CL1500-A350LF2-RF,CAN-000315,DEPOT-BPCL-KCH,"Kochi Refinery, Kerala",17,331550,65,FLANGE_WELD_NECK,200.0,1500,ASTM A350 LF2,RF,ASME B16.5
BPCL-SAP-0003209,BPCL,FLG-SO-DN100-PN20-SS316-FF,CAN-000856,DEPOT-BPCL-NML,"Numaligarh Depot Base, Assam",19,31040,69,FLANGE_SLIP_ON,100.0,150,ASTM A182 F316,FF,ASME B16.5
BPCL-SAP-0003210,BPCL,FLG-SO-DN15-CL900-A105-FF,CAN-000720,DEPOT-BPCL-NML,"Numaligarh Depot Base, Assam",32,3450,48,FLANGE_SLIP_ON,15.0,900,ASTM A105,FF,ASME B16.5
BPCL-SAP-0003211,BPCL,VLV-GT-DN25-CL1500-SS316-RF,CAN-001117,DEPOT-BPCL-KCH,"Kochi Refinery, Kerala",22,363430,75,GATE_VALVE,25.0,1500,ASTM A182 F316,RF,API 600
BPCL-SAP-0003212,BPCL,VLV-GT-DN50-CL900-A105-BW,CAN-001224,DEPOT-BPCL-MUM,"Mumbai Refinery, Mahul, Maharashtra",0,185830,0,GATE_VALVE,50.0,900,ASTM A105,BW,API 6D
BPCL-SAP-0003213,BPCL,FLG-WN-DN50-PN50-SS304-RF,CAN-000133,DEPOT-BPCL-BIN,"Bina Refinery, Madhya Pradesh",146,22630,364,FLANGE_WELD_NECK,50.0,300,ASTM A182 F304,RF,ASME B16.5
BPCL-SAP-0003214,BPCL,VLV-GT-DN300-CL900-WCB-BW,CAN-001579,DEPOT-BPCL-BIN,"Bina Refinery, Madhya Pradesh",19,1908660,30,GATE_VALVE,300.0,900,ASTM A216 WCB,BW,API 600
BPCL-SAP-0003215,BPCL,VLV-GT-DN80-CL900-WCB-BW,CAN-001279,DEPOT-BPCL-BIN,"Bina Refinery, Madhya Pradesh",110,342360,504,GATE_VALVE,80.0,900,ASTM A216 WCB,BW,API 600
BPCL-SAP-0003216,BPCL,FLG-BLD-DN150-CL900-A105-RTJ,CAN-000600,DEPOT-BPCL-NML,"Numaligarh Depot Base, Assam",92,77510,556,FLANGE_BLIND,150.0,900,ASTM A105,RTJ,ASME B16.5
BPCL-SAP-0003217,BPCL,GSKT-SW-DN150-CL600-SS316-GR-RF,CAN-002065,DEPOT-BPCL-KCH,"Kochi Refinery, Kerala",33,64760,653,SPIRAL_WOUND_GASKET,150.0,600,SS316 / GRAPHITE,RF,ASME B16.20
BPCL-SAP-0003218,BPCL,FLG-WN-DN250-CL900-A350LF2-RF,CAN-000347,DEPOT-BPCL-BIN,"Bina Refinery, Madhya Pradesh",71,294480,333,FLANGE_WELD_NECK,250.0,900,ASTM A350 LF2,RF,ASME B16.5
BPCL-SAP-0003219,BPCL,VLV-GL-DN150-PN250-A105-RF,CAN-001940,DEPOT-BPCL-NML,"Numaligarh Depot Base, Assam",149,1555270,721,GLOBE_VALVE,150.0,1500,ASTM A105,RF,ASME B16.34
BPCL-SAP-0003220,BPCL,BLT-STUD-DN150-CL150-L7-GR7-THRD,CAN-002162,DEPOT-BPCL-MUM,"Mumbai Refinery, Mahul, Maharashtra",48,5750,53,STUD_BOLT,150.0,150,ASTM A320 L7 / A194 7,THRD,ASME B18.2.1
BPCL-SAP-0003221,BPCL,VLV-BL-DN300-PN250-WCB-BW,CAN-001798,DEPOT-BPCL-KCH,"Kochi Refinery, Kerala",23,3510410,49,BALL_VALVE,300.0,1500,ASTM A216 WCB,BW,API 6D
BPCL-SAP-0003222,BPCL,FLG-WN-DN25-PN50-A350LF2-RF,CAN-000051,DEPOT-BPCL-MUM,"Mumbai Refinery, Mahul, Maharashtra",47,6120,37,FLANGE_WELD_NECK,25.0,300,ASTM A350 LF2,RF,ASME B16.5
BPCL-SAP-0003223,BPCL,FLG-SO-DN150-PN150-SS304-FF,CAN-000902,DEPOT-BPCL-NML,"Numaligarh Depot Base, Assam",0,165360,0,FLANGE_SLIP_ON,150.0,900,ASTM A182 F304,FF,ASME B16.5
BPCL-SAP-0003224,BPCL,FLG-SO-DN200-CL900-SS316-RF,CAN-000933,DEPOT-BPCL-MUM,"Mumbai Refinery, Mahul, Maharashtra",19,320480,93,FLANGE_SLIP_ON,200.0,900,ASTM A182 F316,RF,ASME B16.5
BPCL-SAP-0003225,BPCL,VLV-GT-DN100-PN150-A105-BW,CAN-001343,DEPOT-BPCL-NML,"Numaligarh Depot Base, Assam",36,457580,43,GATE_VALVE,100.0,900,ASTM A105,BW,API 600
BPCL-SAP-0003226,BPCL,FLG-WN-DN25-PN150-SS304-RF,CAN-000069,DEPOT-BPCL-MUM,"Mumbai Refinery, Mahul, Maharashtra",0,22130,0,FLANGE_WELD_NECK,25.0,900,ASTM A182 F304,RF,ASME B16.5
BPCL-SAP-0003227,BPCL,VLV-GT-DN150-PN150-WCB-BW,CAN-001400,DEPOT-BPCL-BIN,"Bina Refinery, Madhya Pradesh",0,775150,0,GATE_VALVE,150.0,900,ASTM A216 WCB,BW,API 6D
BPCL-SAP-0003228,BPCL,VLV-BL-DN100-PN100-SS316-BW,CAN-001712,DEPOT-BPCL-BIN,"Bina Refinery, Madhya Pradesh",21,1293890,633,BALL_VALVE,100.0,600,ASTM A182 F316,BW,API 6D
BPCL-SAP-0003229,BPCL,FLG-SO-DN250-PN100-SS316-FF,CAN-000958,DEPOT-BPCL-KCH,"Kochi Refinery, Kerala",33,309680,70,FLANGE_SLIP_ON,250.0,600,ASTM A182 F316,FF,ASME B16.5
BPCL-SAP-0003230,BPCL,VLV-GL-DN150-PN50-WCB-RF,CAN-001926,DEPOT-BPCL-MUM,"Mumbai Refinery, Mahul, Maharashtra",0,429170,0,GLOBE_VALVE,150.0,300,ASTM A216 WCB,RF,ASME B16.34
BPCL-SAP-0003231,BPCL,FLG-BLD-DN150-CL150-A105-RTJ,CAN-000582,DEPOT-BPCL-BIN,"Bina Refinery, Madhya Pradesh",27,18480,108,FLANGE_BLIND,150.0,150,ASTM A105,RTJ,ASME B16.5
BPCL-SAP-0003232,BPCL,FLG-WN-DN300-PN100-A350LF2-RTJ,CAN-000380,DEPOT-BPCL-BIN,"Bina Refinery, Madhya Pradesh",63,269850,483,FLANGE_WELD_NECK,300.0,600,ASTM A350 LF2,RTJ,ASME B16.5
BPCL-SAP-0003233,BPCL,VLV-GL-DN300-PN100-WCB-RF,CAN-001990,DEPOT-BPCL-NML,"Numaligarh Depot Base, Assam",45,1839900,15,GLOBE_VALVE,300.0,600,ASTM A216 WCB,RF,ASME B16.34
BPCL-SAP-0003234,BPCL,VLV-GT-DN100-CL300-SS316-RF,CAN-001321,DEPOT-BPCL-BIN,"Bina Refinery, Madhya Pradesh",11,608020,43,GATE_VALVE,100.0,300,ASTM A182 F316,RF,API 600
BPCL-SAP-0003235,BPCL,VLV-GL-DN15-CL900-WCB-RF,CAN-001813,DEPOT-BPCL-NML,"Numaligarh Depot Base, Assam",41,51790,107,GLOBE_VALVE,15.0,900,ASTM A216 WCB,RF,BS 1873
BPCL-SAP-0003236,BPCL,BLT-STUD-DN200-CL300-L7-GR7-THRD,CAN-002174,DEPOT-BPCL-MUM,"Mumbai Refinery, Mahul, Maharashtra",30,14550,88,STUD_BOLT,200.0,300,ASTM A320 L7 / A194 7,THRD,ASME B18.2.1
BPCL-SAP-0003237,BPCL,FLG-BLD-DN25-PN20-A350LF2-RF,CAN-000433,DEPOT-BPCL-KCH,"Kochi Refinery, Kerala",0,2880,0,FLANGE_BLIND,25.0,150,ASTM A350 LF2,RF,ASME B16.5
BPCL-SAP-0003238,BPCL,FLG-SO-DN50-CL150-SS304-RF,CAN-000793,DEPOT-BPCL-KCH,"Kochi Refinery, Kerala",42,9450,14,FLANGE_SLIP_ON,50.0,150,ASTM A182 F304,RF,ASME B16.5
BPCL-SAP-0003239,BPCL,FLG-WN-DN50-PN20-SS304-RF,CAN-000125,DEPOT-BPCL-NML,"Numaligarh Depot Base, Assam",23,13000,96,FLANGE_WELD_NECK,50.0,150,ASTM A182 F304,RF,ASME B16.5
BPCL-SAP-0003240,BPCL,VLV-GT-DN25-CL150-WCB-RF,CAN-001061,DEPOT-BPCL-NML,"Numaligarh Depot Base, Assam",80,18000,415,GATE_VALVE,25.0,150,ASTM A216 WCB,RF,API 600
BPCL-SAP-0003241,BPCL,VLV-GL-DN25-CL600-WCB-RF,CAN-001829,DEPOT-BPCL-BIN,"Bina Refinery, Madhya Pradesh",46,72750,86,GLOBE_VALVE,25.0,600,ASTM A216 WCB,RF,BS 1873
BPCL-SAP-0003242,BPCL,VLV-BL-DN250-CL300-WCB-RF,CAN-001765,DEPOT-BPCL-MUM,"Mumbai Refinery, Mahul, Maharashtra",67,764260,693,BALL_VALVE,250.0,300,ASTM A216 WCB,RF,API 6D
BPCL-SAP-0003243,BPCL,FLG-SO-DN250-CL300-SS316-FF,CAN-000952,DEPOT-BPCL-NML,"Numaligarh Depot Base, Assam",117,177860,682,FLANGE_SLIP_ON,250.0,300,ASTM A182 F316,FF,ASME B16.5
BPCL-SAP-0003244,BPCL,FLG-BLD-DN50-PN20-A350LF2-RF,CAN-000493,DEPOT-BPCL-NML,"Numaligarh Depot Base, Assam",32,7090,53,FLANGE_BLIND,50.0,150,ASTM A350 LF2,RF,ASME B16.5
BPCL-SAP-0003245,BPCL,VLV-GT-DN25-CL600-A105-BW,CAN-001091,DEPOT-BPCL-NML,"Numaligarh Depot Base, Assam",31,54560,104,GATE_VALVE,25.0,600,ASTM A105,BW,API 600
BPCL-SAP-0003246,BPCL,VLV-BL-DN100-CL1500-SS316-RF,CAN-001719,DEPOT-BPCL-NML,"Numaligarh Depot Base, Assam",31,2693080,36,BALL_VALVE,100.0,1500,ASTM A182 F316,RF,API 6D
BPCL-SAP-0003247,BPCL,VLV-GT-DN250-PN50-A105-RF,CAN-001498,DEPOT-BPCL-MUM,"Mumbai Refinery, Mahul, Maharashtra",20,625310,60,GATE_VALVE,250.0,300,ASTM A105,RF,API 6D
BPCL-SAP-0003248,BPCL,FLG-BLD-DN100-CL600-A105-RTJ,CAN-000564,DEPOT-BPCL-MUM,"Mumbai Refinery, Mahul, Maharashtra",0,33080,0,FLANGE_BLIND,100.0,600,ASTM A105,RTJ,ASME B16.5
BPCL-SAP-0003249,BPCL,FLG-BLD-DN200-PN20-A350LF2-RF,CAN-000613,DEPOT-BPCL-BIN,"Bina Refinery, Madhya Pradesh",28,42990,27,FLANGE_BLIND,200.0,150,ASTM A350 LF2,RF,ASME B16.5
BPCL-SAP-0003250,BPCL,FLG-WN-DN100-CL1500-A105-RTJ,CAN-000234,DEPOT-BPCL-NML,"Numaligarh Depot Base, Assam",0,84150,0,FLANGE_WELD_NECK,100.0,1500,ASTM A105,RTJ,ASME B16.5
BPCL-SAP-0003251,BPCL,BLT-STUD-DN250-PN150-B7-2H-THRD,CAN-002187,DEPOT-BPCL-BIN,"Bina Refinery, Madhya Pradesh",15,29280,50,STUD_BOLT,250.0,900,ASTM A193 B7 / A194 2H,THRD,ASME B18.2.1
BPCL-SAP-0003252,BPCL,VLV-GT-DN80-PN20-WCB-RF,CAN-001242,DEPOT-BPCL-KCH,"Kochi Refinery, Kerala",18,81650,32,GATE_VALVE,80.0,150,ASTM A216 WCB,RF,API 6D
BPCL-SAP-0003253,BPCL,FLG-WN-DN50-CL600-SS316-RF,CAN-000143,DEPOT-BPCL-MUM,"Mumbai Refinery, Mahul, Maharashtra",0,52540,0,FLANGE_WELD_NECK,50.0,600,ASTM A182 F316,RF,ASME B16.5
BPCL-SAP-0003254,BPCL,FLG-WN-DN150-CL150-SS304-RTJ,CAN-000246,DEPOT-BPCL-KCH,"Kochi Refinery, Kerala",40,54220,76,FLANGE_WELD_NECK,150.0,150,ASTM A182 F304,RTJ,ASME B16.5
BPCL-SAP-0003255,BPCL,FLG-BLD-DN15-CL1500-A105-RF,CAN-000425,DEPOT-BPCL-MUM,"Mumbai Refinery, Mahul, Maharashtra",37,5840,456,FLANGE_BLIND,15.0,1500,ASTM A105,RF,ASME B16.5
BPCL-SAP-0003256,BPCL,VLV-GT-DN250-CL300-A105-RF,CAN-001497,DEPOT-BPCL-MUM,"Mumbai Refinery, Mahul, Maharashtra",0,625310,0,GATE_VALVE,250.0,300,ASTM A105,RF,API 600
BPCL-SAP-0003257,BPCL,VLV-GT-DN80-CL900-A105-RF,CAN-001281,DEPOT-BPCL-MUM,"Mumbai Refinery, Mahul, Maharashtra",24,342360,69,GATE_VALVE,80.0,900,ASTM A105,RF,API 600
BPCL-SAP-0003258,BPCL,FLG-WN-DN25-CL150-SS316-RTJ,CAN-000048,DEPOT-BPCL-MUM,"Mumbai Refinery, Mahul, Maharashtra",141,7040,626,FLANGE_WELD_NECK,25.0,150,ASTM A182 F316,RTJ,ASME B16.5
BPCL-SAP-0003259,BPCL,VLV-GL-DN25-CL1500-A105-RF,CAN-001840,DEPOT-BPCL-BIN,"Bina Refinery, Madhya Pradesh",68,151420,692,GLOBE_VALVE,25.0,1500,ASTM A105,RF,ASME B16.34
BPCL-SAP-0003260,BPCL,VLV-GT-DN15-CL600-SS316-BW,CAN-001036,DEPOT-BPCL-MUM,"Mumbai Refinery, Mahul, Maharashtra",0,89880,0,GATE_VALVE,15.0,600,ASTM A182 F316,BW,API 6D
BPCL-SAP-0003261,BPCL,FLG-WN-DN300-CL600-SS304-RTJ,CAN-000382,DEPOT-BPCL-KCH,"Kochi Refinery, Kerala",35,404770,105,FLANGE_WELD_NECK,300.0,600,ASTM A182 F304,RTJ,ASME B16.5
BPCL-SAP-0003262,BPCL,VLV-GT-DN100-CL900-WCB-RF,CAN-001337,DEPOT-BPCL-MUM,"Mumbai Refinery, Mahul, Maharashtra",31,457580,364,GATE_VALVE,100.0,900,ASTM A216 WCB,RF,API 600
BPCL-SAP-0003263,BPCL,FLG-SO-DN25-PN250-SS304-FF,CAN-000758,DEPOT-BPCL-BIN,"Bina Refinery, Madhya Pradesh",17,24220,62,FLANGE_SLIP_ON,25.0,1500,ASTM A182 F304,FF,ASME B16.5
BPCL-SAP-0003264,BPCL,FLG-WN-DN100-PN100-A350LF2-RF,CAN-000219,DEPOT-BPCL-KCH,"Kochi Refinery, Kerala",16,64690,96,FLANGE_WELD_NECK,100.0,600,ASTM A350 LF2,RF,ASME B16.5
BPCL-SAP-0003265,BPCL,VLV-GT-DN100-CL600-SS316-BW,CAN-001335,DEPOT-BPCL-NML,"Numaligarh Depot Base, Assam",0,1058640,0,GATE_VALVE,100.0,600,ASTM A182 F316,BW,API 600
BPCL-SAP-0003266,BPCL,FLG-SO-DN40-CL300-A105-FF,CAN-000768,DEPOT-BPCL-MUM,"Mumbai Refinery, Mahul, Maharashtra",47,5130,47,FLANGE_SLIP_ON,40.0,300,ASTM A105,FF,ASME B16.5
BPCL-SAP-0003267,BPCL,VLV-GT-DN100-CL1500-WCB-RF,CAN-001349,DEPOT-BPCL-NML,"Numaligarh Depot Base, Assam",13,688570,120,GATE_VALVE,100.0,1500,ASTM A216 WCB,RF,API 600
BPCL-SAP-0003268,BPCL,VLV-GT-DN40-CL900-SS316-BW,CAN-001167,DEPOT-BPCL-KCH,"Kochi Refinery, Kerala",14,444930,26,GATE_VALVE,40.0,900,ASTM A182 F316,BW,API 600
BPCL-SAP-0003269,BPCL,VLV-GT-DN15-PN250-SS316-RF,CAN-001057,DEPOT-BPCL-KCH,"Kochi Refinery, Kerala",132,187070,206,GATE_VALVE,15.0,1500,ASTM A182 F316,RF,API 600
BPCL-SAP-0003270,BPCL,VLV-GT-DN40-PN20-WCB-RF,CAN-001122,DEPOT-BPCL-NML,"Numaligarh Depot Base, Assam",81,33160,393,GATE_VALVE,40.0,150,ASTM A216 WCB,RF,API 6D
BPCL-SAP-0003271,BPCL,FLG-BLD-DN25-PN250-A350LF2-RTJ,CAN-000458,DEPOT-BPCL-BIN,"Bina Refinery, Madhya Pradesh",90,18170,538,FLANGE_BLIND,25.0,1500,ASTM A350 LF2,RTJ,ASME B16.5
BPCL-SAP-0003272,BPCL,VLV-GT-DN15-CL1500-A105-RF,CAN-001053,DEPOT-BPCL-NML,"Numaligarh Depot Base, Assam",31,58460,742,GATE_VALVE,15.0,1500,ASTM A105,RF,API 600
BPCL-SAP-0003273,BPCL,FLG-WN-DN40-CL600-SS304-RTJ,CAN-000102,DEPOT-BPCL-MUM,"Mumbai Refinery, Mahul, Maharashtra",37,29480,102,FLANGE_WELD_NECK,40.0,600,ASTM A182 F304,RTJ,ASME B16.5
BPCL-SAP-0003274,BPCL,VLV-GT-DN40-PN100-SS316-RF,CAN-001153,DEPOT-BPCL-NML,"Numaligarh Depot Base, Assam",148,321680,227,GATE_VALVE,40.0,600,ASTM A182 F316,RF,API 600
BPCL-SAP-0003275,BPCL,FLG-BLD-DN25-PN20-A350LF2-RF,CAN-000433,DEPOT-BPCL-BIN,"Bina Refinery, Madhya Pradesh",14,2880,67,FLANGE_BLIND,25.0,150,ASTM A350 LF2,RF,ASME B16.5
BPCL-SAP-0003276,BPCL,VLV-BL-DN40-PN250-SS316-BW,CAN-001660,DEPOT-BPCL-NML,"Numaligarh Depot Base, Assam",47,818330,58,BALL_VALVE,40.0,1500,ASTM A182 F316,BW,API 6D
BPCL-SAP-0003277,BPCL,VLV-BL-DN40-PN100-WCB-RF,CAN-001649,DEPOT-BPCL-BIN,"Bina Refinery, Madhya Pradesh",23,122860,23,BALL_VALVE,40.0,600,ASTM A216 WCB,RF,API 6D
BPCL-SAP-0003278,BPCL,VLV-GL-DN15-PN150-A105-RF,CAN-001815,DEPOT-BPCL-BIN,"Bina Refinery, Madhya Pradesh",137,51790,236,GLOBE_VALVE,15.0,900,ASTM A105,RF,BS 1873
BPCL-SAP-0003279,BPCL,VLV-GT-DN80-CL600-SS316-BW,CAN-001275,DEPOT-BPCL-NML,"Numaligarh Depot Base, Assam",27,792070,40,GATE_VALVE,80.0,600,ASTM A182 F316,BW,API 600
BPCL-SAP-0003280,BPCL,FLG-WN-DN200-PN150-SS316-RTJ,CAN-000312,DEPOT-BPCL-KCH,"Kochi Refinery, Kerala",45,440660,12,FLANGE_WELD_NECK,200.0,900,ASTM A182 F316,RTJ,ASME B16.5
BPCL-SAP-0003281,BPCL,GSKT-SW-DN250-PN50-SS304-GR-RF,CAN-002084,DEPOT-BPCL-NML,"Numaligarh Depot Base, Assam",0,54190,0,SPIRAL_WOUND_GASKET,250.0,300,SS304 / GRAPHITE,RF,ASME B16.20
BPCL-SAP-0003282,BPCL,VLV-GT-DN15-PN250-SS316-RF,CAN-001057,DEPOT-BPCL-KCH,"Kochi Refinery, Kerala",0,187070,0,GATE_VALVE,15.0,1500,ASTM A182 F316,RF,API 600
BPCL-SAP-0003283,BPCL,FLG-BLD-DN50-PN150-A105-RTJ,CAN-000510,DEPOT-BPCL-MUM,"Mumbai Refinery, Mahul, Maharashtra",24,18580,194,FLANGE_BLIND,50.0,900,ASTM A105,RTJ,ASME B16.5
BPCL-SAP-0003284,BPCL,VLV-GL-DN25-PN100-WCB-RF,CAN-001829,DEPOT-BPCL-KCH,"Kochi Refinery, Kerala",39,72750,11,GLOBE_VALVE,25.0,600,ASTM A216 WCB,RF,BS 1873
BPCL-SAP-0003285,BPCL,FLG-SO-DN250-PN50-SS316-RF,CAN-000951,DEPOT-BPCL-NML,"Numaligarh Depot Base, Assam",55,177860,454,FLANGE_SLIP_ON,250.0,300,ASTM A182 F316,RF,ASME B16.5
BPCL-SAP-0003286,BPCL,VLV-GL-DN80-PN150-WCB-RF,CAN-001894,DEPOT-BPCL-BIN,"Bina Refinery, Madhya Pradesh",0,456480,0,GLOBE_VALVE,80.0,900,ASTM A216 WCB,RF,ASME B16.34
BPCL-SAP-0003287,BPCL,FLG-WN-DN300-PN150-A350LF2-RF,CAN-000387,DEPOT-BPCL-KCH,"Kochi Refinery, Kerala",0,373240,0,FLANGE_WELD_NECK,300.0,900,ASTM A350 LF2,RF,ASME B16.5
BPCL-SAP-0003288,BPCL,VLV-BL-DN100-CL1500-WCB-RF,CAN-001717,DEPOT-BPCL-KCH,"Kochi Refinery, Kerala",11,841590,61,BALL_VALVE,100.0,1500,ASTM A216 WCB,RF,API 6D
BPCL-SAP-0003289,BPCL,VLV-GT-DN150-PN20-SS316-BW,CAN-001372,DEPOT-BPCL-KCH,"Kochi Refinery, Kerala",101,591580,729,GATE_VALVE,150.0,150,ASTM A182 F316,BW,API 6D
BPCL-SAP-0003290,BPCL,FLG-WN-DN100-PN50-SS316-RF,CAN-000215,DEPOT-BPCL-KCH,"Kochi Refinery, Kerala",58,74310,413,FLANGE_WELD_NECK,100.0,300,ASTM A182 F316,RF,ASME B16.5
BPCL-SAP-0003291,BPCL,FLG-WN-DN15-CL300-A105-RF,CAN-000009,DEPOT-BPCL-KCH,"Kochi Refinery, Kerala",0,1970,0,FLANGE_WELD_NECK,15.0,300,ASTM A105,RF,ASME B16.5
BPCL-SAP-0003292,BPCL,VLV-GT-DN250-CL1500-A105-RF,CAN-001533,DEPOT-BPCL-BIN,"Bina Refinery, Madhya Pradesh",0,2266060,0,GATE_VALVE,250.0,1500,ASTM A105,RF,API 600
BPCL-SAP-0003293,BPCL,VLV-GT-DN250-PN20-WCB-RF,CAN-001481,DEPOT-BPCL-NML,"Numaligarh Depot Base, Assam",74,359140,749,GATE_VALVE,250.0,150,ASTM A216 WCB,RF,API 600
BPCL-SAP-0003294,BPCL,VLV-GT-DN150-PN150-SS316-RF,CAN-001406,DEPOT-BPCL-MUM,"Mumbai Refinery, Mahul, Maharashtra",39,2480500,84,GATE_VALVE,150.0,900,ASTM A182 F316,RF,API 6D
BPCL-SAP-0003295,BPCL,VLV-GL-DN300-PN250-WCB-RF,CAN-001997,DEPOT-BPCL-BIN,"Bina Refinery, Madhya Pradesh",47,3829540,31,GLOBE_VALVE,300.0,1500,ASTM A216 WCB,RF,BS 1873
BPCL-SAP-0003296,BPCL,VLV-GT-DN100-PN250-WCB-RF,CAN-001349,DEPOT-BPCL-KCH,"Kochi Refinery, Kerala",0,688570,0,GATE_VALVE,100.0,1500,ASTM A216 WCB,RF,API 600
BPCL-SAP-0003297,BPCL,FLG-WN-DN150-PN100-A350LF2-RTJ,CAN-000260,DEPOT-BPCL-KCH,"Kochi Refinery, Kerala",0,109590,0,FLANGE_WELD_NECK,150.0,600,ASTM A350 LF2,RTJ,ASME B16.5
BPCL-SAP-0003298,BPCL,VLV-GT-DN250-PN150-SS316-BW,CAN-001528,DEPOT-BPCL-BIN,"Bina Refinery, Madhya Pradesh",30,4818850,25,GATE_VALVE,250.0,900,ASTM A182 F316,BW,API 6D
BPCL-SAP-0003299,BPCL,VLV-GT-DN80-PN50-A105-BW,CAN-001260,DEPOT-BPCL-NML,"Numaligarh Depot Base, Assam",0,142160,0,GATE_VALVE,80.0,300,ASTM A105,BW,API 6D
BPCL-SAP-0003300,BPCL,FLG-BLD-DN250-PN150-A350LF2-RTJ,CAN-000662,DEPOT-BPCL-MUM,"Mumbai Refinery, Mahul, Maharashtra",122,240940,381,FLANGE_BLIND,250.0,900,ASTM A350 LF2,RTJ,ASME B16.5
BPCL-SAP-0003301,BPCL,VLV-GL-DN300-CL150-A105-RF,CAN-001983,DEPOT-BPCL-MUM,"Mumbai Refinery, Mahul, Maharashtra",0,606940,0,GLOBE_VALVE,300.0,150,ASTM A105,RF,BS 1873
BPCL-SAP-0003302,BPCL,FLG-WN-DN40-CL150-SS316-RF,CAN-000087,DEPOT-BPCL-BIN,"Bina Refinery, Madhya Pradesh",65,12960,262,FLANGE_WELD_NECK,40.0,150,ASTM A182 F316,RF,ASME B16.5
BPCL-SAP-0003303,BPCL,FLG-WN-DN50-PN150-SS304-RTJ,CAN-000150,DEPOT-BPCL-BIN,"Bina Refinery, Madhya Pradesh",24,54510,42,FLANGE_WELD_NECK,50.0,900,ASTM A182 F304,RTJ,ASME B16.5
BPCL-SAP-0003304,BPCL,FLG-WN-DN100-PN250-A350LF2-RTJ,CAN-000236,DEPOT-BPCL-KCH,"Kochi Refinery, Kerala",50,134650,16,FLANGE_WELD_NECK,100.0,1500,ASTM A350 LF2,RTJ,ASME B16.5
BPCL-SAP-0003305,BPCL,FLG-WN-DN250-PN100-SS316-RF,CAN-000343,DEPOT-BPCL-NML,"Numaligarh Depot Base, Assam",85,425810,349,FLANGE_WELD_NECK,250.0,600,ASTM A182 F316,RF,ASME B16.5
BPCL-SAP-0003306,BPCL,VLV-GT-DN15-PN50-A105-RF,CAN-001017,DEPOT-BPCL-BIN,"Bina Refinery, Madhya Pradesh",33,16130,35,GATE_VALVE,15.0,300,ASTM A105,RF,API 600
BPCL-SAP-0003307,BPCL,VLV-GT-DN100-CL300-A105-BW,CAN-001320,DEPOT-BPCL-NML,"Numaligarh Depot Base, Assam",28,190000,92,GATE_VALVE,100.0,300,ASTM A105,BW,API 6D
BPCL-SAP-0003308,BPCL,FLG-WN-DN100-CL150-SS316-RTJ,CAN-000208,DEPOT-BPCL-KCH,"Kochi Refinery, Kerala",132,42680,455,FLANGE_WELD_NECK,100.0,150,ASTM A182 F316,RTJ,ASME B16.5
BPCL-SAP-0003309,BPCL,FLG-SO-DN250-PN100-SS316-RF,CAN-000957,DEPOT-BPCL-KCH,"Kochi Refinery, Kerala",33,309680,589,FLANGE_SLIP_ON,250.0,600,ASTM A182 F316,RF,ASME B16.5
BPCL-SAP-0003310,BPCL,FLG-SO-DN40-PN250-A105-FF,CAN-000786,DEPOT-BPCL-KCH,"Kochi Refinery, Kerala",0,18590,0,FLANGE_SLIP_ON,40.0,1500,ASTM A105,FF,ASME B16.5
BPCL-SAP-0003311,BPCL,FLG-SO-DN40-PN50-A105-FF,CAN-000768,DEPOT-BPCL-NML,"Numaligarh Depot Base, Assam",0,5130,0,FLANGE_SLIP_ON,40.0,300,ASTM A105,FF,ASME B16.5
BPCL-SAP-0003312,BPCL,BLT-STUD-DN100-PN20-B7-2H-THRD,CAN-002151,DEPOT-BPCL-NML,"Numaligarh Depot Base, Assam",28,2120,74,STUD_BOLT,100.0,150,ASTM A193 B7 / A194 2H,THRD,ASME B18.2.1
BPCL-SAP-0003313,BPCL,VLV-GT-DN200-CL300-A105-RF,CAN-001438,DEPOT-BPCL-NML,"Numaligarh Depot Base, Assam",43,467850,504,GATE_VALVE,200.0,300,ASTM A105,RF,API 6D
BPCL-SAP-0003314,BPCL,FLG-WN-DN25-PN100-SS304-RF,CAN-000061,DEPOT-BPCL-KCH,"Kochi Refinery, Kerala",0,16000,0,FLANGE_WELD_NECK,25.0,600,ASTM A182 F304,RF,ASME B16.5
BPCL-SAP-0003315,BPCL,FLG-BLD-DN15-CL600-A350LF2-RF,CAN-000415,DEPOT-BPCL-KCH,"Kochi Refinery, Kerala",36,4490,108,FLANGE_BLIND,15.0,600,ASTM A350 LF2,RF,ASME B16.5
BPCL-SAP-0003316,BPCL,FLG-BLD-DN50-PN100-SS316-RTJ,CAN-000508,DEPOT-BPCL-MUM,"Mumbai Refinery, Mahul, Maharashtra",0,42990,0,FLANGE_BLIND,50.0,600,ASTM A182 F316,RTJ,ASME B16.5
BPCL-SAP-0003317,BPCL,VLV-BL-DN300-PN100-WCB-BW,CAN-001790,DEPOT-BPCL-BIN,"Bina Refinery, Madhya Pradesh",34,1686570,514,BALL_VALVE,300.0,600,ASTM A216 WCB,BW,API 6D
BPCL-SAP-0003318,BPCL,VLV-BL-DN40-PN100-WCB-RF,CAN-001649,DEPOT-BPCL-BIN,"Bina Refinery, Madhya Pradesh",34,122860,58,BALL_VALVE,40.0,600,ASTM A216 WCB,RF,API 6D
BPCL-SAP-0003319,BPCL,FLG-WN-DN50-PN50-A350LF2-RTJ,CAN-000132,DEPOT-BPCL-KCH,"Kochi Refinery, Kerala",38,15090,25,FLANGE_WELD_NECK,50.0,300,ASTM A350 LF2,RTJ,ASME B16.5
BPCL-SAP-0003320,BPCL,FLG-SO-DN50-CL900-A105-RF,CAN-000809,DEPOT-BPCL-MUM,"Mumbai Refinery, Mahul, Maharashtra",45,16510,61,FLANGE_SLIP_ON,50.0,900,ASTM A105,RF,ASME B16.5
BPCL-SAP-0003321,BPCL,GSKT-SW-DN300-CL600-SS316-GR-RF,CAN-002095,DEPOT-BPCL-MUM,"Mumbai Refinery, Mahul, Maharashtra",110,159450,342,SPIRAL_WOUND_GASKET,300.0,600,SS316 / GRAPHITE,RF,ASME B16.20
BPCL-SAP-0003322,BPCL,BLT-STUD-DN150-CL600-B7-2H-THRD,CAN-002165,DEPOT-BPCL-KCH,"Kochi Refinery, Kerala",103,10890,616,STUD_BOLT,150.0,600,ASTM A193 B7 / A194 2H,THRD,ASME B18.2.1
BPCL-SAP-0003323,BPCL,VLV-GT-DN250-CL300-WCB-BW,CAN-001496,DEPOT-BPCL-NML,"Numaligarh Depot Base, Assam",134,625310,334,GATE_VALVE,250.0,300,ASTM A216 WCB,BW,API 6D
BPCL-SAP-0003324,BPCL,VLV-GT-DN200-CL150-WCB-RF,CAN-001422,DEPOT-BPCL-NML,"Numaligarh Depot Base, Assam",25,268710,245,GATE_VALVE,200.0,150,ASTM A216 WCB,RF,API 6D
BPCL-SAP-0003325,BPCL,FLG-BLD-DN100-CL300-A350LF2-RF,CAN-000559,DEPOT-BPCL-BIN,"Bina Refinery, Madhya Pradesh",26,30400,98,FLANGE_BLIND,100.0,300,ASTM A350 LF2,RF,ASME B16.5
BPCL-SAP-0003326,BPCL,FLG-BLD-DN40-CL600-SS316-RTJ,CAN-000478,DEPOT-BPCL-NML,"Numaligarh Depot Base, Assam",142,32160,433,FLANGE_BLIND,40.0,600,ASTM A182 F316,RTJ,ASME B16.5
BPCL-SAP-0003327,BPCL,GSKT-SW-DN250-CL600-SS316-GR-RF,CAN-002085,DEPOT-BPCL-MUM,"Mumbai Refinery, Mahul, Maharashtra",136,125800,490,SPIRAL_WOUND_GASKET,250.0,600,SS316 / GRAPHITE,RF,ASME B16.20
BPCL-SAP-0003328,BPCL,FLG-BLD-DN200-PN250-SS316-RF,CAN-000639,DEPOT-BPCL-BIN,"Bina Refinery, Madhya Pradesh",43,542540,111,FLANGE_BLIND,200.0,1500,ASTM A182 F316,RF,ASME B16.5
BPCL-SAP-0003329,BPCL,FLG-BLD-DN15-PN100-A350LF2-RTJ,CAN-000416,DEPOT-BPCL-MUM,"Mumbai Refinery, Mahul, Maharashtra",145,4490,307,FLANGE_BLIND,15.0,600,ASTM A350 LF2,RTJ,ASME B16.5
BPCL-SAP-0003330,BPCL,VLV-GT-DN250-PN20-A105-BW,CAN-001487,DEPOT-BPCL-NML,"Numaligarh Depot Base, Assam",38,359140,117,GATE_VALVE,250.0,150,ASTM A105,BW,API 600
BPCL-SAP-0003331,BPCL,VLV-GT-DN300-PN150-SS316-BW,CAN-001587,DEPOT-BPCL-MUM,"Mumbai Refinery, Mahul, Maharashtra",0,6107710,0,GATE_VALVE,300.0,900,ASTM A182 F316,BW,API 600
BPCL-SAP-0003332,BPCL,FLG-SO-DN40-PN250-A105-FF,CAN-000786,DEPOT-BPCL-BIN,"Bina Refinery, Madhya Pradesh",54,18590,404,FLANGE_SLIP_ON,40.0,1500,ASTM A105,FF,ASME B16.5
BPCL-SAP-0003333,BPCL,VLV-GL-DN80-PN150-A105-RF,CAN-001896,DEPOT-BPCL-MUM,"Mumbai Refinery, Mahul, Maharashtra",22,456480,399,GLOBE_VALVE,80.0,900,ASTM A105,RF,ASME B16.34
BPCL-SAP-0003334,BPCL,VLV-BL-DN40-CL150-WCB-RF,CAN-001641,DEPOT-BPCL-MUM,"Mumbai Refinery, Mahul, Maharashtra",142,40530,303,BALL_VALVE,40.0,150,ASTM A216 WCB,RF,API 6D
BPCL-SAP-0003335,BPCL,BLT-STUD-DN300-PN100-B7-2H-THRD,CAN-002195,DEPOT-BPCL-BIN,"Bina Refinery, Madhya Pradesh",24,26830,380,STUD_BOLT,300.0,600,ASTM A193 B7 / A194 2H,THRD,ASME B18.2.1
BPCL-SAP-0003336,BPCL,VLV-GL-DN200-PN100-A105-RF,CAN-001951,DEPOT-BPCL-KCH,"Kochi Refinery, Kerala",0,1086110,0,GLOBE_VALVE,200.0,600,ASTM A105,RF,BS 1873
BPCL-SAP-0003337,BPCL,VLV-GT-DN40-PN150-SS316-RF,CAN-001166,DEPOT-BPCL-MUM,"Mumbai Refinery, Mahul, Maharashtra",0,444930,0,GATE_VALVE,40.0,900,ASTM A182 F316,RF,API 6D
BPCL-SAP-0003338,BPCL,FLG-BLD-DN250-CL900-A105-RTJ,CAN-000660,DEPOT-BPCL-KCH,"Kochi Refinery, Kerala",0,150580,0,FLANGE_BLIND,250.0,900,ASTM A105,RTJ,ASME B16.5
BPCL-SAP-0003339,BPCL,FLG-BLD-DN80-PN100-A105-RTJ,CAN-000534,DEPOT-BPCL-NML,"Numaligarh Depot Base, Assam",47,24750,334,FLANGE_BLIND,80.0,600,ASTM A105,RTJ,ASME B16.5
BPCL-SAP-0003340,BPCL,VLV-GT-DN300-PN150-A105-BW,CAN-001583,DEPOT-BPCL-BIN,"Bina Refinery, Madhya Pradesh",27,1908660,457,GATE_VALVE,300.0,900,ASTM A105,BW,API 600
BPCL-SAP-0003341,BPCL,FLG-BLD-DN80-PN50-SS316-RF,CAN-000531,DEPOT-BPCL-MUM,"Mumbai Refinery, Mahul, Maharashtra",147,45490,553,FLANGE_BLIND,80.0,300,ASTM A182 F316,RF,ASME B16.5
BPCL-SAP-0003342,BPCL,VLV-GT-DN150-PN50-SS316-RF,CAN-001382,DEPOT-BPCL-NML,"Numaligarh Depot Base, Assam",0,1030010,0,GATE_VALVE,150.0,300,ASTM A182 F316,RF,API 6D
BPCL-SAP-0003343,BPCL,VLV-GT-DN150-PN100-WCB-RF,CAN-001386,DEPOT-BPCL-KCH,"Kochi Refinery, Kerala",143,560420,717,GATE_VALVE,150.0,600,ASTM A216 WCB,RF,API 6D
BPCL-SAP-0003344,BPCL,FLG-SO-DN15-CL600-A105-FF,CAN-000714,DEPOT-BPCL-KCH,"Kochi Refinery, Kerala",80,2490,732,FLANGE_SLIP_ON,15.0,600,ASTM A105,FF,ASME B16.5
BPCL-SAP-0003345,BPCL,VLV-BL-DN15-CL1500-WCB-BW,CAN-001618,DEPOT-BPCL-MUM,"Mumbai Refinery, Mahul, Maharashtra",31,71450,32,BALL_VALVE,15.0,1500,ASTM A216 WCB,BW,API 6D
BPCL-SAP-0003346,BPCL,FLG-WN-DN15-CL600-SS304-RTJ,CAN-000022,DEPOT-BPCL-NML,"Numaligarh Depot Base, Assam",126,8230,381,FLANGE_WELD_NECK,15.0,600,ASTM A182 F304,RTJ,ASME B16.5
BPCL-SAP-0003347,BPCL,BLT-STUD-DN100-PN250-B7-2H-THRD,CAN-002159,DEPOT-BPCL-KCH,"Kochi Refinery, Kerala",29,13380,84,STUD_BOLT,100.0,1500,ASTM A193 B7 / A194 2H,THRD,ASME B18.2.1
BPCL-SAP-0003348,BPCL,FLG-WN-DN300-CL1500-A350LF2-RF,CAN-000395,DEPOT-BPCL-BIN,"Bina Refinery, Madhya Pradesh",35,561660,15,FLANGE_WELD_NECK,300.0,1500,ASTM A350 LF2,RF,ASME B16.5
BPCL-SAP-0003349,BPCL,FLG-SO-DN300-PN100-SS316-RF,CAN-000987,DEPOT-BPCL-NML,"Numaligarh Depot Base, Assam",39,392510,105,FLANGE_SLIP_ON,300.0,600,ASTM A182 F316,RF,ASME B16.5
BPCL-SAP-0003350,BPCL,VLV-BL-DN150-PN250-SS316-RF,CAN-001739,DEPOT-BPCL-BIN,"Bina Refinery, Madhya Pradesh",22,4562140,85,BALL_VALVE,150.0,1500,ASTM A182 F316,RF,API 6D
BPCL-SAP-0003351,BPCL,VLV-GT-DN250-CL600-WCB-RF,CAN-001505,DEPOT-BPCL-BIN,"Bina Refinery, Madhya Pradesh",0,1088730,0,GATE_VALVE,250.0,600,ASTM A216 WCB,RF,API 600
BPCL-SAP-0003352,BPCL,FLG-WN-DN80-CL300-SS316-RF,CAN-000175,DEPOT-BPCL-BIN,"Bina Refinery, Madhya Pradesh",33,55600,109,FLANGE_WELD_NECK,80.0,300,ASTM A182 F316,RF,ASME B16.5
BPCL-SAP-0003353,BPCL,FLG-SO-DN300-PN250-SS316-RF,CAN-000999,DEPOT-BPCL-BIN,"Bina Refinery, Madhya Pradesh",34,816960,39,FLANGE_SLIP_ON,300.0,1500,ASTM A182 F316,RF,ASME B16.5
BPCL-SAP-0003354,BPCL,FLG-BLD-DN25-CL900-A105-RTJ,CAN-000450,DEPOT-BPCL-MUM,"Mumbai Refinery, Mahul, Maharashtra",31,7540,718,FLANGE_BLIND,25.0,900,ASTM A105,RTJ,ASME B16.5
BPCL-SAP-0003355,BPCL,FLG-WN-DN80-PN20-SS304-RF,CAN-000165,DEPOT-BPCL-BIN,"Bina Refinery, Madhya Pradesh",16,23950,119,FLANGE_WELD_NECK,80.0,150,ASTM A182 F304,RF,ASME B16.5
BPCL-SAP-0003356,BPCL,FLG-WN-DN250-CL900-SS304-RF,CAN-000349,DEPOT-BPCL-KCH,"Kochi Refinery, Kerala",0,441720,0,FLANGE_WELD_NECK,250.0,900,ASTM A182 F304,RF,ASME B16.5
BPCL-SAP-0003357,BPCL,FLG-WN-DN40-PN100-SS316-RF,CAN-000103,DEPOT-BPCL-KCH,"Kochi Refinery, Kerala",28,39310,30,FLANGE_WELD_NECK,40.0,600,ASTM A182 F316,RF,ASME B16.5
BPCL-SAP-0003358,BPCL,VLV-GL-DN40-CL600-A105-RF,CAN-001852,DEPOT-BPCL-BIN,"Bina Refinery, Madhya Pradesh",63,134030,678,GLOBE_VALVE,40.0,600,ASTM A105,RF,ASME B16.34
BPCL-SAP-0003359,BPCL,FLG-SO-DN40-PN100-SS304-FF,CAN-000776,DEPOT-BPCL-KCH,"Kochi Refinery, Kerala",0,21440,0,FLANGE_SLIP_ON,40.0,600,ASTM A182 F304,FF,ASME B16.5
BPCL-SAP-0003360,BPCL,FLG-WN-DN250-PN150-A350LF2-RTJ,CAN-000348,DEPOT-BPCL-BIN,"Bina Refinery, Madhya Pradesh",0,294480,0,FLANGE_WELD_NECK,250.0,900,ASTM A350 LF2,RTJ,ASME B16.5
BPCL-SAP-0003361,BPCL,FLG-SO-DN300-CL150-SS316-FF,CAN-000976,DEPOT-BPCL-NML,"Numaligarh Depot Base, Assam",19,129480,79,FLANGE_SLIP_ON,300.0,150,ASTM A182 F316,FF,ASME B16.5
BPCL-SAP-0003362,BPCL,VLV-GT-DN100-CL600-SS316-RF,CAN-001334,DEPOT-BPCL-NML,"Numaligarh Depot Base, Assam",28,1058640,111,GATE_VALVE,100.0,600,ASTM A182 F316,RF,API 6D
BPCL-SAP-0003363,BPCL,FLG-BLD-DN200-PN20-A105-RTJ,CAN-000612,DEPOT-BPCL-KCH,"Kochi Refinery, Kerala",34,26870,24,FLANGE_BLIND,200.0,150,ASTM A105,RTJ,ASME B16.5
BPCL-SAP-0003364,BPCL,VLV-GL-DN40-PN150-WCB-RF,CAN-001853,DEPOT-BPCL-BIN,"Bina Refinery, Madhya Pradesh",27,185390,34,GLOBE_VALVE,40.0,900,ASTM A216 WCB,RF,BS 1873
BPCL-SAP-0003365,BPCL,VLV-GT-DN150-PN100-SS316-BW,CAN-001395,DEPOT-BPCL-BIN,"Bina Refinery, Madhya Pradesh",104,1793350,630,GATE_VALVE,150.0,600,ASTM A182 F316,BW,API 600
BPCL-SAP-0003366,BPCL,VLV-GT-DN250-CL150-A105-BW,CAN-001487,DEPOT-BPCL-MUM,"Mumbai Refinery, Mahul, Maharashtra",39,359140,39,GATE_VALVE,250.0,150,ASTM A105,BW,API 600
BPCL-SAP-0003367,BPCL,VLV-GT-DN300-CL150-A105-BW,CAN-001547,DEPOT-BPCL-NML,"Numaligarh Depot Base, Assam",149,455200,681,GATE_VALVE,300.0,150,ASTM A105,BW,API 600
BPCL-SAP-0003368,BPCL,FLG-BLD-DN80-CL900-A350LF2-RTJ,CAN-000542,DEPOT-BPCL-BIN,"Bina Refinery, Madhya Pradesh",122,54770,342,FLANGE_BLIND,80.0,900,ASTM A350 LF2,RTJ,ASME B16.5
BPCL-SAP-0003369,BPCL,VLV-GT-DN15-PN100-WCB-RF,CAN-001025,DEPOT-BPCL-MUM,"Mumbai Refinery, Mahul, Maharashtra",142,28080,377,GATE_VALVE,15.0,600,ASTM A216 WCB,RF,API 600
BPCL-SAP-0003370,BPCL,FLG-SO-DN100-CL900-A105-RF,CAN-000869,DEPOT-BPCL-MUM,"Mumbai Refinery, Mahul, Maharashtra",43,40670,10,FLANGE_SLIP_ON,100.0,900,ASTM A105,RF,ASME B16.5
BPCL-SAP-0003371,BPCL,VLV-GT-DN50-PN250-WCB-RF,CAN-001229,DEPOT-BPCL-MUM,"Mumbai Refinery, Mahul, Maharashtra",0,279640,0,GATE_VALVE,50.0,1500,ASTM A216 WCB,RF,API 600
BPCL-SAP-0003372,BPCL,VLV-GT-DN15-CL300-WCB-BW,CAN-001016,DEPOT-BPCL-MUM,"Mumbai Refinery, Mahul, Maharashtra",49,16130,70,GATE_VALVE,15.0,300,ASTM A216 WCB,BW,API 6D
BPCL-SAP-0003373,BPCL,VLV-GT-DN300-PN50-A105-RF,CAN-001557,DEPOT-BPCL-MUM,"Mumbai Refinery, Mahul, Maharashtra",60,792550,598,GATE_VALVE,300.0,300,ASTM A105,RF,API 600
BPCL-SAP-0003374,BPCL,VLV-GT-DN80-CL1500-SS316-RF,CAN-001297,DEPOT-BPCL-BIN,"Bina Refinery, Madhya Pradesh",0,1648600,0,GATE_VALVE,80.0,1500,ASTM A182 F316,RF,API 600
BPCL-SAP-0003375,BPCL,FLG-BLD-DN80-PN50-A350LF2-RTJ,CAN-000530,DEPOT-BPCL-MUM,"Mumbai Refinery, Mahul, Maharashtra",0,22740,0,FLANGE_BLIND,80.0,300,ASTM A350 LF2,RTJ,ASME B16.5
BPCL-SAP-0003376,BPCL,VLV-GT-DN40-CL150-WCB-BW,CAN-001123,DEPOT-BPCL-BIN,"Bina Refinery, Madhya Pradesh",0,33160,0,GATE_VALVE,40.0,150,ASTM A216 WCB,BW,API 600
BPCL-SAP-0003377,BPCL,VLV-GT-DN200-PN150-SS316-RF,CAN-001466,DEPOT-BPCL-KCH,"Kochi Refinery, Kerala",0,3605450,0,GATE_VALVE,200.0,900,ASTM A182 F316,RF,API 6D
BPCL-SAP-0003378,BPCL,VLV-GT-DN80-PN50-WCB-RF,CAN-001253,DEPOT-BPCL-KCH,"Kochi Refinery, Kerala",21,142160,93,GATE_VALVE,80.0,300,ASTM A216 WCB,RF,API 600
BPCL-SAP-0003379,BPCL,FLG-BLD-DN150-CL300-SS316-RF,CAN-000591,DEPOT-BPCL-BIN,"Bina Refinery, Madhya Pradesh",49,103000,54,FLANGE_BLIND,150.0,300,ASTM A182 F316,RF,ASME B16.5
BPCL-SAP-0003380,BPCL,VLV-GT-DN100-PN20-A105-BW,CAN-001308,DEPOT-BPCL-BIN,"Bina Refinery, Madhya Pradesh",143,109130,344,GATE_VALVE,100.0,150,ASTM A105,BW,API 6D
BPCL-SAP-0003381,BPCL,VLV-BL-DN250-PN20-SS316-RF,CAN-001763,DEPOT-BPCL-NML,"Numaligarh Depot Base, Assam",64,1404660,477,BALL_VALVE,250.0,150,ASTM A182 F316,RF,API 6D
BPCL-SAP-0003382,BPCL,VLV-GL-DN80-CL150-WCB-RF,CAN-001882,DEPOT-BPCL-NML,"Numaligarh Depot Base, Assam",137,108860,257,GLOBE_VALVE,80.0,150,ASTM A216 WCB,RF,ASME B16.34
BPCL-SAP-0003383,BPCL,BLT-STUD-DN40-PN250-B7-2H-THRD,CAN-002129,DEPOT-BPCL-MUM,"Mumbai Refinery, Mahul, Maharashtra",30,4060,81,STUD_BOLT,40.0,1500,ASTM A193 B7 / A194 2H,THRD,ASME B18.2.1
BPCL-SAP-0003384,BPCL,FLG-SO-DN300-CL150-SS304-FF,CAN-000974,DEPOT-BPCL-BIN,"Bina Refinery, Madhya Pradesh",0,97110,0,FLANGE_SLIP_ON,300.0,150,ASTM A182 F304,FF,ASME B16.5
BPCL-SAP-0003385,BPCL,VLV-GT-DN25-CL1500-A105-BW,CAN-001115,DEPOT-BPCL-NML,"Numaligarh Depot Base, Assam",0,113570,0,GATE_VALVE,25.0,1500,ASTM A105,BW,API 600
BPCL-SAP-0003386,BPCL,VLV-GT-DN15-PN250-SS316-RF,CAN-001057,DEPOT-BPCL-KCH,"Kochi Refinery, Kerala",0,187070,0,GATE_VALVE,15.0,1500,ASTM A182 F316,RF,API 600
BPCL-SAP-0003387,BPCL,VLV-GT-DN25-CL600-SS316-BW,CAN-001096,DEPOT-BPCL-KCH,"Kochi Refinery, Kerala",43,174610,119,GATE_VALVE,25.0,600,ASTM A182 F316,BW,API 6D
BPCL-SAP-0003388,BPCL,VLV-GT-DN50-PN20-A105-RF,CAN-001185,DEPOT-BPCL-KCH,"Kochi Refinery, Kerala",146,44320,710,GATE_VALVE,50.0,150,ASTM A105,RF,API 600
BPCL-SAP-0003389,BPCL,GSKT-SW-DN40-PN50-SS316-GR-RF,CAN-002023,DEPOT-BPCL-NML,"Numaligarh Depot Base, Assam",43,6670,18,SPIRAL_WOUND_GASKET,40.0,300,SS316 / GRAPHITE,RF,ASME B16.20
BPCL-SAP-0003390,BPCL,FLG-WN-DN80-CL600-SS316-RTJ,CAN-000184,DEPOT-BPCL-MUM,"Mumbai Refinery, Mahul, Maharashtra",0,96800,0,FLANGE_WELD_NECK,80.0,600,ASTM A182 F316,RTJ,ASME B16.5
BPCL-SAP-0003391,BPCL,FLG-BLD-DN250-CL300-A350LF2-RF,CAN-000649,DEPOT-BPCL-KCH,"Kochi Refinery, Kerala",75,100040,503,FLANGE_BLIND,250.0,300,ASTM A350 LF2,RF,ASME B16.5
BPCL-SAP-0003392,BPCL,FLG-SO-DN300-PN20-SS316-RF,CAN-000975,DEPOT-BPCL-MUM,"Mumbai Refinery, Mahul, Maharashtra",35,129480,19,FLANGE_SLIP_ON,300.0,150,ASTM A182 F316,RF,ASME B16.5
BPCL-SAP-0003393,BPCL,VLV-GT-DN300-CL150-SS316-BW,CAN-001551,DEPOT-BPCL-NML,"Numaligarh Depot Base, Assam",0,1456650,0,GATE_VALVE,300.0,150,ASTM A182 F316,BW,API 600
BPCL-SAP-0003394,BPCL,VLV-GL-DN80-PN50-WCB-RF,CAN-001886,DEPOT-BPCL-MUM,"Mumbai Refinery, Mahul, Maharashtra",17,189550,50,GLOBE_VALVE,80.0,300,ASTM A216 WCB,RF,ASME B16.34
BPCL-SAP-0003395,BPCL,FLG-WN-DN300-PN20-A350LF2-RTJ,CAN-000364,DEPOT-BPCL-BIN,"Bina Refinery, Madhya Pradesh",36,89010,96,FLANGE_WELD_NECK,300.0,150,ASTM A350 LF2,RTJ,ASME B16.5
BPCL-SAP-0003396,BPCL,FLG-SO-DN80-CL300-SS304-FF,CAN-000830,DEPOT-BPCL-KCH,"Kochi Refinery, Kerala",148,30320,440,FLANGE_SLIP_ON,80.0,300,ASTM A182 F304,FF,ASME B16.5
BPCL-SAP-0003397,BPCL,VLV-GT-DN150-CL150-A105-RF,CAN-001365,DEPOT-BPCL-MUM,"Mumbai Refinery, Mahul, Maharashtra",110,184870,315,GATE_VALVE,150.0,150,ASTM A105,RF,API 600
BPCL-SAP-0003398,BPCL,VLV-BL-DN200-CL300-SS316-BW,CAN-001748,DEPOT-BPCL-BIN,"Bina Refinery, Madhya Pradesh",0,1829840,0,BALL_VALVE,200.0,300,ASTM A182 F316,BW,API 6D
BPCL-SAP-0003399,BPCL,FLG-BLD-DN300-CL900-A105-RTJ,CAN-000690,DEPOT-BPCL-MUM,"Mumbai Refinery, Mahul, Maharashtra",37,190860,107,FLANGE_BLIND,300.0,900,ASTM A105,RTJ,ASME B16.5
BPCL-SAP-0003400,BPCL,VLV-GL-DN25-PN250-WCB-RF,CAN-001837,DEPOT-BPCL-KCH,"Kochi Refinery, Kerala",44,151420,60,GLOBE_VALVE,25.0,1500,ASTM A216 WCB,RF,BS 1873
BPCL-SAP-0003401,BPCL,FLG-BLD-DN200-PN50-A350LF2-RTJ,CAN-000620,DEPOT-BPCL-NML,"Numaligarh Depot Base, Assam",139,74850,705,FLANGE_BLIND,200.0,300,ASTM A350 LF2,RTJ,ASME B16.5
BPCL-SAP-0003402,BPCL,VLV-BL-DN25-CL1500-WCB-RF,CAN-001637,DEPOT-BPCL-KCH,"Kochi Refinery, Kerala",145,138810,353,BALL_VALVE,25.0,1500,ASTM A216 WCB,RF,API 6D
BPCL-SAP-0003403,BPCL,VLV-GT-DN25-PN20-SS316-RF,CAN-001070,DEPOT-BPCL-BIN,"Bina Refinery, Madhya Pradesh",0,57600,0,GATE_VALVE,25.0,150,ASTM A182 F316,RF,API 6D
BPCL-SAP-0003404,BPCL,FLG-WN-DN80-PN20-A350LF2-RTJ,CAN-000164,DEPOT-BPCL-NML,"Numaligarh Depot Base, Assam",18,15960,72,FLANGE_WELD_NECK,80.0,150,ASTM A350 LF2,RTJ,ASME B16.5
BPCL-SAP-0003405,BPCL,VLV-GT-DN40-PN20-SS316-BW,CAN-001131,DEPOT-BPCL-BIN,"Bina Refinery, Madhya Pradesh",24,106110,104,GATE_VALVE,40.0,150,ASTM A182 F316,BW,API 600
BPCL-SAP-0003406,BPCL,FLG-WN-DN200-PN150-SS304-RTJ,CAN-000310,DEPOT-BPCL-NML,"Numaligarh Depot Base, Assam",44,330500,119,FLANGE_WELD_NECK,200.0,900,ASTM A182 F304,RTJ,ASME B16.5
BPCL-SAP-0003407,BPCL,FLG-BLD-DN200-PN150-A105-RF,CAN-000629,DEPOT-BPCL-MUM,"Mumbai Refinery, Mahul, Maharashtra",25,112670,18,FLANGE_BLIND,200.0,900,ASTM A105,RF,ASME B16.5
BPCL-SAP-0003408,BPCL,FLG-BLD-DN150-PN20-A105-RF,CAN-000581,DEPOT-BPCL-MUM,"Mumbai Refinery, Mahul, Maharashtra",22,18480,89,FLANGE_BLIND,150.0,150,ASTM A105,RF,ASME B16.5
BPCL-SAP-0003409,BPCL,VLV-GT-DN300-PN20-SS316-RF,CAN-001550,DEPOT-BPCL-BIN,"Bina Refinery, Madhya Pradesh",0,1456650,0,GATE_VALVE,300.0,150,ASTM A182 F316,RF,API 6D
BPCL-SAP-0003410,BPCL,FLG-WN-DN15-PN100-A105-RTJ,CAN-000018,DEPOT-BPCL-MUM,"Mumbai Refinery, Mahul, Maharashtra",87,3430,220,FLANGE_WELD_NECK,15.0,600,ASTM A105,RTJ,ASME B16.5
BPCL-SAP-0003411,BPCL,VLV-BL-DN250-CL900-WCB-RF,CAN-001773,DEPOT-BPCL-NML,"Numaligarh Depot Base, Assam",48,1840530,54,BALL_VALVE,250.0,900,ASTM A216 WCB,RF,API 6D
BPCL-SAP-0003412,BPCL,VLV-GT-DN80-PN20-A105-BW,CAN-001247,DEPOT-BPCL-KCH,"Kochi Refinery, Kerala",8,81650,22,GATE_VALVE,80.0,150,ASTM A105,BW,API 600
BPCL-SAP-0003413,BPCL,FLG-WN-DN200-CL600-A105-RF,CAN-000297,DEPOT-BPCL-NML,"Numaligarh Depot Base, Assam",16,99560,80,FLANGE_WELD_NECK,200.0,600,ASTM A105,RF,ASME B16.5
BPCL-SAP-0003414,BPCL,VLV-BL-DN100-PN50-SS316-RF,CAN-001707,DEPOT-BPCL-NML,"Numaligarh Depot Base, Assam",0,743140,0,BALL_VALVE,100.0,300,ASTM A182 F316,RF,API 6D
BPCL-SAP-0003415,BPCL,FLG-BLD-DN200-PN20-SS316-RTJ,CAN-000616,DEPOT-BPCL-BIN,"Bina Refinery, Madhya Pradesh",47,85980,100,FLANGE_BLIND,200.0,150,ASTM A182 F316,RTJ,ASME B16.5
BPCL-SAP-0003416,BPCL,VLV-BL-DN150-CL600-SS316-RF,CAN-001731,DEPOT-BPCL-KCH,"Kochi Refinery, Kerala",106,2191880,434,BALL_VALVE,150.0,600,ASTM A182 F316,RF,API 6D
BPCL-SAP-0003417,BPCL,FLG-BLD-DN80-PN250-A350LF2-RF,CAN-000547,DEPOT-BPCL-MUM,"Mumbai Refinery, Mahul, Maharashtra",16,82430,70,FLANGE_BLIND,80.0,1500,ASTM A350 LF2,RF,ASME B16.5
BPCL-SAP-0003418,BPCL,FLG-WN-DN50-CL150-A350LF2-RTJ,CAN-000124,DEPOT-BPCL-BIN,"Bina Refinery, Madhya Pradesh",113,8660,502,FLANGE_WELD_NECK,50.0,150,ASTM A350 LF2,RTJ,ASME B16.5
BPCL-SAP-0003419,BPCL,GSKT-SW-DN50-PN150-SS316-GR-RF,CAN-002037,DEPOT-BPCL-KCH,"Kochi Refinery, Kerala",33,21470,83,SPIRAL_WOUND_GASKET,50.0,900,SS316 / GRAPHITE,RF,ASME B16.20
BPCL-SAP-0003420,BPCL,FLG-SO-DN200-CL900-A105-FF,CAN-000930,DEPOT-BPCL-KCH,"Kochi Refinery, Kerala",32,100150,70,FLANGE_SLIP_ON,200.0,900,ASTM A105,FF,ASME B16.5
BPCL-SAP-0003421,BPCL,FLG-SO-DN250-PN150-SS316-FF,CAN-000964,DEPOT-BPCL-KCH,"Kochi Refinery, Kerala",0,428340,0,FLANGE_SLIP_ON,250.0,900,ASTM A182 F316,FF,ASME B16.5
BPCL-SAP-0003422,BPCL,GSKT-SW-DN50-CL150-SS316-GR-RF,CAN-002031,DEPOT-BPCL-NML,"Numaligarh Depot Base, Assam",41,5120,11,SPIRAL_WOUND_GASKET,50.0,150,SS316 / GRAPHITE,RF,ASME B16.20
BPCL-SAP-0003423,BPCL,FLG-BLD-DN250-PN20-A105-RF,CAN-000641,DEPOT-BPCL-BIN,"Bina Refinery, Madhya Pradesh",124,35910,386,FLANGE_BLIND,250.0,150,ASTM A105,RF,ASME B16.5
BPCL-SAP-0003424,BPCL,FLG-SO-DN100-PN150-SS304-RF,CAN-000871,DEPOT-BPCL-NML,"Numaligarh Depot Base, Assam",30,97610,106,FLANGE_SLIP_ON,100.0,900,ASTM A182 F304,RF,ASME B16.5
BPCL-SAP-0003425,BPCL,VLV-BL-DN250-PN20-WCB-RF,CAN-001761,DEPOT-BPCL-BIN,"Bina Refinery, Madhya Pradesh",0,438950,0,BALL_VALVE,250.0,150,ASTM A216 WCB,RF,API 6D
BPCL-SAP-0003426,BPCL,FLG-BLD-DN300-PN250-SS316-RTJ,CAN-000700,DEPOT-BPCL-MUM,"Mumbai Refinery, Mahul, Maharashtra",34,919090,102,FLANGE_BLIND,300.0,1500,ASTM A182 F316,RTJ,ASME B16.5
BPCL-SAP-0003427,BPCL,FLG-WN-DN80-CL300-SS304-RTJ,CAN-000174,DEPOT-BPCL-MUM,"Mumbai Refinery, Mahul, Maharashtra",22,41700,78,FLANGE_WELD_NECK,80.0,300,ASTM A182 F304,RTJ,ASME B16.5
BPCL-SAP-0003428,BPCL,FLG-BLD-DN40-CL150-A105-RF,CAN-000461,DEPOT-BPCL-NML,"Numaligarh Depot Base, Assam",0,3310,0,FLANGE_BLIND,40.0,150,ASTM A105,RF,ASME B16.5
BPCL-SAP-0003429,BPCL,FLG-BLD-DN25-PN250-SS316-RTJ,CAN-000460,DEPOT-BPCL-BIN,"Bina Refinery, Madhya Pradesh",6,36340,96,FLANGE_BLIND,25.0,1500,ASTM A182 F316,RTJ,ASME B16.5
BPCL-SAP-0003430,BPCL,FLG-WN-DN50-PN100-A350LF2-RF,CAN-000139,DEPOT-BPCL-MUM,"Mumbai Refinery, Mahul, Maharashtra",112,26270,571,FLANGE_WELD_NECK,50.0,600,ASTM A350 LF2,RF,ASME B16.5
BPCL-SAP-0003431,BPCL,FLG-WN-DN80-CL300-SS316-RF,CAN-000175,DEPOT-BPCL-BIN,"Bina Refinery, Madhya Pradesh",91,55600,487,FLANGE_WELD_NECK,80.0,300,ASTM A182 F316,RF,ASME B16.5
BPCL-SAP-0003432,BPCL,VLV-GL-DN200-CL150-WCB-RF,CAN-001941,DEPOT-BPCL-BIN,"Bina Refinery, Madhya Pradesh",13,358280,78,GLOBE_VALVE,200.0,150,ASTM A216 WCB,RF,BS 1873
BPCL-SAP-0003433,BPCL,VLV-GT-DN300-CL900-A105-BW,CAN-001583,DEPOT-BPCL-BIN,"Bina Refinery, Madhya Pradesh",28,1908660,316,GATE_VALVE,300.0,900,ASTM A105,BW,API 600
BPCL-SAP-0003434,BPCL,VLV-GT-DN40-CL150-A105-RF,CAN-001125,DEPOT-BPCL-KCH,"Kochi Refinery, Kerala",36,33160,263,GATE_VALVE,40.0,150,ASTM A105,RF,API 600
BPCL-SAP-0003435,BPCL,FLG-SO-DN50-PN150-SS316-RF,CAN-000813,DEPOT-BPCL-BIN,"Bina Refinery, Madhya Pradesh",150,52860,595,FLANGE_SLIP_ON,50.0,900,ASTM A182 F316,RF,ASME B16.5
BPCL-SAP-0003436,BPCL,FLG-SO-DN300-CL150-SS316-RF,CAN-000975,DEPOT-BPCL-KCH,"Kochi Refinery, Kerala",31,129480,538,FLANGE_SLIP_ON,300.0,150,ASTM A182 F316,RF,ASME B16.5
BPCL-SAP-0003437,BPCL,FLG-BLD-DN50-PN20-SS316-RTJ,CAN-000496,DEPOT-BPCL-NML,"Numaligarh Depot Base, Assam",141,14180,186,FLANGE_BLIND,50.0,150,ASTM A182 F316,RTJ,ASME B16.5
BPCL-SAP-0003438,BPCL,VLV-GL-DN150-PN50-WCB-RF,CAN-001926,DEPOT-BPCL-BIN,"Bina Refinery, Madhya Pradesh",0,429170,0,GLOBE_VALVE,150.0,300,ASTM A216 WCB,RF,ASME B16.34
BPCL-SAP-0003439,BPCL,VLV-BL-DN300-PN50-SS316-BW,CAN-001788,DEPOT-BPCL-MUM,"Mumbai Refinery, Mahul, Maharashtra",43,3099790,34,BALL_VALVE,300.0,300,ASTM A182 F316,BW,API 6D
BPCL-SAP-0003440,BPCL,VLV-GT-DN15-CL1500-WCB-RF,CAN-001050,DEPOT-BPCL-KCH,"Kochi Refinery, Kerala",9,58460,14,GATE_VALVE,15.0,1500,ASTM A216 WCB,RF,API 6D
BPCL-SAP-0003441,BPCL,VLV-GT-DN250-PN150-SS316-BW,CAN-001528,DEPOT-BPCL-BIN,"Bina Refinery, Madhya Pradesh",17,4818850,92,GATE_VALVE,250.0,900,ASTM A182 F316,BW,API 6D
BPCL-SAP-0003442,BPCL,VLV-GT-DN300-CL1500-A105-RF,CAN-001593,DEPOT-BPCL-BIN,"Bina Refinery, Madhya Pradesh",42,2872150,60,GATE_VALVE,300.0,1500,ASTM A105,RF,API 600
BPCL-SAP-0003443,BPCL,VLV-GT-DN300-CL600-SS316-BW,CAN-001575,DEPOT-BPCL-KCH,"Kochi Refinery, Kerala",8,4415760,77,GATE_VALVE,300.0,600,ASTM A182 F316,BW,API 600
BPCL-SAP-0003444,BPCL,BLT-STUD-DN200-PN20-L7-GR7-THRD,CAN-002172,DEPOT-BPCL-NML,"Numaligarh Depot Base, Assam",26,8350,74,STUD_BOLT,200.0,150,ASTM A320 L7 / A194 7,THRD,ASME B18.2.1
BPCL-SAP-0003445,BPCL,VLV-GT-DN250-PN150-SS316-RF,CAN-001525,DEPOT-BPCL-KCH,"Kochi Refinery, Kerala",142,4818850,731,GATE_VALVE,250.0,900,ASTM A182 F316,RF,API 600
BPCL-SAP-0003446,BPCL,FLG-BLD-DN150-PN250-A105-RTJ,CAN-000606,DEPOT-BPCL-MUM,"Mumbai Refinery, Mahul, Maharashtra",31,116640,75,FLANGE_BLIND,150.0,1500,ASTM A105,RTJ,ASME B16.5
BPCL-SAP-0003447,BPCL,FLG-BLD-DN15-PN150-A105-RTJ,CAN-000420,DEPOT-BPCL-NML,"Numaligarh Depot Base, Assam",11,3880,83,FLANGE_BLIND,15.0,900,ASTM A105,RTJ,ASME B16.5
BPCL-SAP-0003448,BPCL,VLV-GL-DN300-PN100-A105-RF,CAN-001992,DEPOT-BPCL-NML,"Numaligarh Depot Base, Assam",24,1839900,100,GLOBE_VALVE,300.0,600,ASTM A105,RF,ASME B16.34
BPCL-SAP-0003449,BPCL,FLG-SO-DN300-PN150-SS316-RF,CAN-000993,DEPOT-BPCL-KCH,"Kochi Refinery, Kerala",0,542900,0,FLANGE_SLIP_ON,300.0,900,ASTM A182 F316,RF,ASME B16.5
BPCL-SAP-0003450,BPCL,FLG-SO-DN200-PN20-SS304-RF,CAN-000913,DEPOT-BPCL-BIN,"Bina Refinery, Madhya Pradesh",34,57320,46,FLANGE_SLIP_ON,200.0,150,ASTM A182 F304,RF,ASME B16.5
BPCL-SAP-0003451,BPCL,FLG-WN-DN25-PN100-SS304-RTJ,CAN-000062,DEPOT-BPCL-NML,"Numaligarh Depot Base, Assam",0,16000,0,FLANGE_WELD_NECK,25.0,600,ASTM A182 F304,RTJ,ASME B16.5
BPCL-SAP-0003452,BPCL,VLV-GT-DN25-CL900-WCB-BW,CAN-001100,DEPOT-BPCL-BIN,"Bina Refinery, Madhya Pradesh",149,75470,375,GATE_VALVE,25.0,900,ASTM A216 WCB,BW,API 6D
BPCL-SAP-0003453,BPCL,FLG-BLD-DN50-CL900-SS316-RTJ,CAN-000514,DEPOT-BPCL-BIN,"Bina Refinery, Madhya Pradesh",92,59460,417,FLANGE_BLIND,50.0,900,ASTM A182 F316,RTJ,ASME B16.5
BPCL-SAP-0003454,BPCL,FLG-BLD-DN15-PN50-A105-RF,CAN-000407,DEPOT-BPCL-NML,"Numaligarh Depot Base, Assam",98,1610,264,FLANGE_BLIND,15.0,300,ASTM A105,RF,ASME B16.5
BPCL-SAP-0003455,BPCL,FLG-WN-DN100-PN150-SS304-RF,CAN-000229,DEPOT-BPCL-MUM,"Mumbai Refinery, Mahul, Maharashtra",102,134220,616,FLANGE_WELD_NECK,100.0,900,ASTM A182 F304,RF,ASME B16.5
BPCL-SAP-0003456,BPCL,GSKT-SW-DN100-CL300-SS304-GR-RF,CAN-002054,DEPOT-BPCL-NML,"Numaligarh Depot Base, Assam",10,16460,92,SPIRAL_WOUND_GASKET,100.0,300,SS304 / GRAPHITE,RF,ASME B16.20
BPCL-SAP-0003457,BPCL,BLT-STUD-DN300-CL900-B7-2H-THRD,CAN-002197,DEPOT-BPCL-NML,"Numaligarh Depot Base, Assam",0,37110,0,STUD_BOLT,300.0,900,ASTM A193 B7 / A194 2H,THRD,ASME B18.2.1
BPCL-SAP-0003458,BPCL,VLV-GL-DN50-PN100-WCB-RF,CAN-001870,DEPOT-BPCL-MUM,"Mumbai Refinery, Mahul, Maharashtra",28,179140,26,GLOBE_VALVE,50.0,600,ASTM A216 WCB,RF,ASME B16.34
BPCL-SAP-0003459,BPCL,FLG-SO-DN300-PN50-SS304-FF,CAN-000980,DEPOT-BPCL-KCH,"Kochi Refinery, Kerala",0,169070,0,FLANGE_SLIP_ON,300.0,300,ASTM A182 F304,FF,ASME B16.5
BPCL-SAP-0003460,BPCL,FLG-SO-DN300-PN250-SS304-RF,CAN-000997,DEPOT-BPCL-BIN,"Bina Refinery, Madhya Pradesh",11,612720,64,FLANGE_SLIP_ON,300.0,1500,ASTM A182 F304,RF,ASME B16.5
BPCL-SAP-0003461,BPCL,FLG-BLD-DN50-PN250-SS316-RTJ,CAN-000520,DEPOT-BPCL-BIN,"Bina Refinery, Madhya Pradesh",124,89480,220,FLANGE_BLIND,50.0,1500,ASTM A182 F316,RTJ,ASME B16.5
BPCL-SAP-0003462,BPCL,VLV-GT-DN100-CL150-SS316-BW,CAN-001311,DEPOT-BPCL-NML,"Numaligarh Depot Base, Assam",41,349220,109,GATE_VALVE,100.0,150,ASTM A182 F316,BW,API 600
BPCL-SAP-0003463,BPCL,VLV-BL-DN300-CL300-WCB-RF,CAN-001785,DEPOT-BPCL-KCH,"Kochi Refinery, Kerala",0,968680,0,BALL_VALVE,300.0,300,ASTM A216 WCB,RF,API 6D
BPCL-SAP-0003464,BPCL,VLV-GT-DN200-CL600-A105-RF,CAN-001450,DEPOT-BPCL-KCH,"Kochi Refinery, Kerala",17,814580,102,GATE_VALVE,200.0,600,ASTM A105,RF,API 6D
BPCL-SAP-0003465,BPCL,FLG-WN-DN80-PN100-SS316-RTJ,CAN-000184,DEPOT-BPCL-KCH,"Kochi Refinery, Kerala",21,96800,84,FLANGE_WELD_NECK,80.0,600,ASTM A182 F316,RTJ,ASME B16.5
BPCL-SAP-0003466,BPCL,VLV-GL-DN200-CL600-WCB-RF,CAN-001949,DEPOT-BPCL-KCH,"Kochi Refinery, Kerala",23,1086110,75,GLOBE_VALVE,200.0,600,ASTM A216 WCB,RF,BS 1873
BPCL-SAP-0003467,BPCL,FLG-WN-DN15-CL300-SS304-RF,CAN-000013,DEPOT-BPCL-KCH,"Kochi Refinery, Kerala",45,4730,32,FLANGE_WELD_NECK,15.0,300,ASTM A182 F304,RF,ASME B16.5
BPCL-SAP-0003468,BPCL,VLV-GT-DN200-PN100-SS316-RF,CAN-001454,DEPOT-BPCL-NML,"Numaligarh Depot Base, Assam",25,2606670,36,GATE_VALVE,200.0,600,ASTM A182 F316,RF,API 6D
BPCL-SAP-0003469,BPCL,GSKT-SW-DN200-CL900-SS316-GR-RF,CAN-002077,DEPOT-BPCL-NML,"Numaligarh Depot Base, Assam",42,130190,215,SPIRAL_WOUND_GASKET,200.0,900,SS316 / GRAPHITE,RF,ASME B16.20
BPCL-SAP-0003470,BPCL,VLV-GT-DN80-PN20-A105-RF,CAN-001245,DEPOT-BPCL-MUM,"Mumbai Refinery, Mahul, Maharashtra",0,81650,0,GATE_VALVE,80.0,150,ASTM A105,RF,API 600
BPCL-SAP-0003471,BPCL,FLG-SO-DN200-PN20-A105-RF,CAN-000911,DEPOT-BPCL-MUM,"Mumbai Refinery, Mahul, Maharashtra",0,23880,0,FLANGE_SLIP_ON,200.0,150,ASTM A105,RF,ASME B16.5
BPCL-SAP-0003472,BPCL,FLG-WN-DN80-CL300-A105-RF,CAN-000169,DEPOT-BPCL-KCH,"Kochi Refinery, Kerala",122,17370,599,FLANGE_WELD_NECK,80.0,300,ASTM A105,RF,ASME B16.5
BPCL-SAP-0003473,BPCL,VLV-BL-DN200-PN250-WCB-BW,CAN-001758,DEPOT-BPCL-NML,"Numaligarh Depot Base, Assam",37,2072230,101,BALL_VALVE,200.0,1500,ASTM A216 WCB,BW,API 6D
BPCL-SAP-0003474,BPCL,VLV-GT-DN50-PN100-SS316-RF,CAN-001214,DEPOT-BPCL-NML,"Numaligarh Depot Base, Assam",98,429940,251,GATE_VALVE,50.0,600,ASTM A182 F316,RF,API 6D
BPCL-SAP-0003475,BPCL,VLV-GL-DN50-CL1500-WCB-RF,CAN-001877,DEPOT-BPCL-KCH,"Kochi Refinery, Kerala",144,372860,603,GLOBE_VALVE,50.0,1500,ASTM A216 WCB,RF,BS 1873
BPCL-SAP-0003476,BPCL,GSKT-SW-DN40-CL300-SS316-GR-RF,CAN-002023,DEPOT-BPCL-KCH,"Kochi Refinery, Kerala",95,6670,345,SPIRAL_WOUND_GASKET,40.0,300,SS316 / GRAPHITE,RF,ASME B16.20
BPCL-SAP-0003477,BPCL,FLG-WN-DN250-CL900-SS316-RF,CAN-000351,DEPOT-BPCL-MUM,"Mumbai Refinery, Mahul, Maharashtra",0,588970,0,FLANGE_WELD_NECK,250.0,900,ASTM A182 F316,RF,ASME B16.5
BPCL-SAP-0003478,BPCL,VLV-GT-DN300-PN250-SS316-RF,CAN-001598,DEPOT-BPCL-MUM,"Mumbai Refinery, Mahul, Maharashtra",17,9190900,57,GATE_VALVE,300.0,1500,ASTM A182 F316,RF,API 6D
BPCL-SAP-0003479,BPCL,VLV-GL-DN250-CL900-WCB-RF,CAN-001973,DEPOT-BPCL-BIN,"Bina Refinery, Madhya Pradesh",60,2007850,672,GLOBE_VALVE,250.0,900,ASTM A216 WCB,RF,BS 1873
BPCL-SAP-0003480,BPCL,FLG-WN-DN15-CL1500-A350LF2-RF,CAN-000035,DEPOT-BPCL-NML,"Numaligarh Depot Base, Assam",120,11430,299,FLANGE_WELD_NECK,15.0,1500,ASTM A350 LF2,RF,ASME B16.5
BPCL-SAP-0003481,BPCL,FLG-WN-DN15-CL150-A105-RF,CAN-000001,DEPOT-BPCL-BIN,"Bina Refinery, Madhya Pradesh",0,1130,0,FLANGE_WELD_NECK,15.0,150,ASTM A105,RF,ASME B16.5
BPCL-SAP-0003482,BPCL,FLG-WN-DN80-PN50-A350LF2-RF,CAN-000171,DEPOT-BPCL-KCH,"Kochi Refinery, Kerala",0,27800,0,FLANGE_WELD_NECK,80.0,300,ASTM A350 LF2,RF,ASME B16.5
BPCL-SAP-0003483,BPCL,VLV-GT-DN40-CL600-SS316-RF,CAN-001154,DEPOT-BPCL-MUM,"Mumbai Refinery, Mahul, Maharashtra",141,321680,225,GATE_VALVE,40.0,600,ASTM A182 F316,RF,API 6D
BPCL-SAP-0003484,BPCL,FLG-SO-DN25-CL300-A105-RF,CAN-000737,DEPOT-BPCL-NML,"Numaligarh Depot Base, Assam",95,2780,495,FLANGE_SLIP_ON,25.0,300,ASTM A105,RF,ASME B16.5
BPCL-SAP-0003485,BPCL,VLV-GL-DN50-CL150-A105-RF,CAN-001863,DEPOT-BPCL-KCH,"Kochi Refinery, Kerala",40,59090,58,GLOBE_VALVE,50.0,150,ASTM A105,RF,BS 1873
BPCL-SAP-0003486,BPCL,VLV-GT-DN100-CL150-A105-RF,CAN-001306,DEPOT-BPCL-MUM,"Mumbai Refinery, Mahul, Maharashtra",25,109130,11,GATE_VALVE,100.0,150,ASTM A105,RF,API 6D
BPCL-SAP-0003487,BPCL,GSKT-SW-DN50-PN250-SS316-GR-RF,CAN-002039,DEPOT-BPCL-KCH,"Kochi Refinery, Kerala",0,32310,0,SPIRAL_WOUND_GASKET,50.0,1500,SS316 / GRAPHITE,RF,ASME B16.20
BPCL-SAP-0003488,BPCL,FLG-WN-DN40-CL1500-SS304-RF,CAN-000117,DEPOT-BPCL-KCH,"Kochi Refinery, Kerala",0,61370,0,FLANGE_WELD_NECK,40.0,1500,ASTM A182 F304,RF,ASME B16.5
BPCL-SAP-0003489,BPCL,GSKT-SW-DN25-PN100-SS316-GR-RF,CAN-002015,DEPOT-BPCL-KCH,"Kochi Refinery, Kerala",36,6300,58,SPIRAL_WOUND_GASKET,25.0,600,SS316 / GRAPHITE,RF,ASME B16.20
BPCL-SAP-0003490,BPCL,FLG-BLD-DN300-CL900-A105-RF,CAN-000689,DEPOT-BPCL-NML,"Numaligarh Depot Base, Assam",45,190860,13,FLANGE_BLIND,300.0,900,ASTM A105,RF,ASME B16.5
BPCL-SAP-0003491,BPCL,FLG-WN-DN80-PN150-A350LF2-RTJ,CAN-000188,DEPOT-BPCL-KCH,"Kochi Refinery, Kerala",11,66950,48,FLANGE_WELD_NECK,80.0,900,ASTM A350 LF2,RTJ,ASME B16.5
BPCL-SAP-0003492,BPCL,GSKT-SW-DN300-CL150-SS316-GR-RF,CAN-002091,DEPOT-BPCL-BIN,"Bina Refinery, Madhya Pradesh",31,52600,98,SPIRAL_WOUND_GASKET,300.0,150,SS316 / GRAPHITE,RF,ASME B16.20
BPCL-SAP-0003493,BPCL,FLG-BLD-DN80-CL1500-SS316-RTJ,CAN-000550,DEPOT-BPCL-KCH,"Kochi Refinery, Kerala",68,164860,644,FLANGE_BLIND,80.0,1500,ASTM A182 F316,RTJ,ASME B16.5
BPCL-SAP-0003494,BPCL,VLV-GT-DN50-PN50-WCB-RF,CAN-001194,DEPOT-BPCL-KCH,"Kochi Refinery, Kerala",53,77160,635,GATE_VALVE,50.0,300,ASTM A216 WCB,RF,API 6D
BPCL-SAP-0003495,BPCL,FLG-WN-DN40-PN50-A350LF2-RTJ,CAN-000092,DEPOT-BPCL-MUM,"Mumbai Refinery, Mahul, Maharashtra",0,11290,0,FLANGE_WELD_NECK,40.0,300,ASTM A350 LF2,RTJ,ASME B16.5
BPCL-SAP-0003496,BPCL,FLG-BLD-DN150-PN250-SS316-RF,CAN-000609,DEPOT-BPCL-NML,"Numaligarh Depot Base, Assam",0,373260,0,FLANGE_BLIND,150.0,1500,ASTM A182 F316,RF,ASME B16.5
BPCL-SAP-0003497,BPCL,VLV-GT-DN15-CL900-WCB-RF,CAN-001037,DEPOT-BPCL-BIN,"Bina Refinery, Madhya Pradesh",6,38840,18,GATE_VALVE,15.0,900,ASTM A216 WCB,RF,API 600
BPCL-SAP-0003498,BPCL,FLG-WN-DN50-CL600-SS304-RTJ,CAN-000142,DEPOT-BPCL-MUM,"Mumbai Refinery, Mahul, Maharashtra",48,39410,85,FLANGE_WELD_NECK,50.0,600,ASTM A182 F304,RTJ,ASME B16.5
BPCL-SAP-0003499,BPCL,VLV-GT-DN50-PN150-SS316-RF,CAN-001226,DEPOT-BPCL-BIN,"Bina Refinery, Madhya Pradesh",0,594670,0,GATE_VALVE,50.0,900,ASTM A182 F316,RF,API 6D
BPCL-SAP-0003500,BPCL,VLV-GL-DN50-CL1500-WCB-RF,CAN-001878,DEPOT-BPCL-BIN,"Bina Refinery, Madhya Pradesh",20,372860,10,GLOBE_VALVE,50.0,1500,ASTM A216 WCB,RF,ASME B16.34
BPCL-SAP-0003501,BPCL,BLT-STUD-DN250-CL900-B7-2H-THRD,CAN-002187,DEPOT-BPCL-NML,"Numaligarh Depot Base, Assam",41,29280,103,STUD_BOLT,250.0,900,ASTM A193 B7 / A194 2H,THRD,ASME B18.2.1
BPCL-SAP-0003502,BPCL,FLG-WN-DN25-PN150-SS316-RTJ,CAN-000072,DEPOT-BPCL-BIN,"Bina Refinery, Madhya Pradesh",94,29510,442,FLANGE_WELD_NECK,25.0,900,ASTM A182 F316,RTJ,ASME B16.5
BPCL-SAP-0003503,BPCL,FLG-BLD-DN250-CL1500-A350LF2-RF,CAN-000667,DEPOT-BPCL-MUM,"Mumbai Refinery, Mahul, Maharashtra",14,362570,108,FLANGE_BLIND,250.0,1500,ASTM A350 LF2,RF,ASME B16.5
BPCL-SAP-0003504,BPCL,FLG-WN-DN40-PN250-A350LF2-RTJ,CAN-000116,DEPOT-BPCL-MUM,"Mumbai Refinery, Mahul, Maharashtra",0,40910,0,FLANGE_WELD_NECK,40.0,1500,ASTM A350 LF2,RTJ,ASME B16.5
BPCL-SAP-0003505,BPCL,VLV-GL-DN250-PN50-A105-RF,CAN-001968,DEPOT-BPCL-KCH,"Kochi Refinery, Kerala",47,833740,70,GLOBE_VALVE,250.0,300,ASTM A105,RF,ASME B16.34
BPCL-SAP-0003506,BPCL,VLV-BL-DN40-CL150-WCB-BW,CAN-001642,DEPOT-BPCL-NML,"Numaligarh Depot Base, Assam",0,40530,0,BALL_VALVE,40.0,150,ASTM A216 WCB,BW,API 6D
BPCL-SAP-0003507,BPCL,GSKT-SW-DN40-PN250-SS304-GR-RF,CAN-002030,DEPOT-BPCL-NML,"Numaligarh Depot Base, Assam",0,18130,0,SPIRAL_WOUND_GASKET,40.0,1500,SS304 / GRAPHITE,RF,ASME B16.20
BPCL-SAP-0003508,BPCL,VLV-GT-DN300-CL300-A105-RF,CAN-001558,DEPOT-BPCL-KCH,"Kochi Refinery, Kerala",0,792550,0,GATE_VALVE,300.0,300,ASTM A105,RF,API 6D
BPCL-SAP-0003509,BPCL,VLV-GT-DN80-PN50-A105-BW,CAN-001259,DEPOT-BPCL-MUM,"Mumbai Refinery, Mahul, Maharashtra",21,142160,214,GATE_VALVE,80.0,300,ASTM A105,BW,API 600
BPCL-SAP-0003510,BPCL,FLG-SO-DN15-CL900-SS304-FF,CAN-000722,DEPOT-BPCL-NML,"Numaligarh Depot Base, Assam",27,8280,28,FLANGE_SLIP_ON,15.0,900,ASTM A182 F304,FF,ASME B16.5
BPCL-SAP-0003511,BPCL,BLT-STUD-DN40-CL900-L7-GR7-THRD,CAN-002128,DEPOT-BPCL-MUM,"Mumbai Refinery, Mahul, Maharashtra",40,4320,65,STUD_BOLT,40.0,900,ASTM A320 L7 / A194 7,THRD,ASME B18.2.1
BPCL-SAP-0003512,BPCL,VLV-GL-DN250-CL300-A105-RF,CAN-001968,DEPOT-BPCL-KCH,"Kochi Refinery, Kerala",26,833740,100,GLOBE_VALVE,250.0,300,ASTM A105,RF,ASME B16.34
BPCL-SAP-0003513,BPCL,GSKT-SW-DN40-PN150-SS316-GR-RF,CAN-002027,DEPOT-BPCL-NML,"Numaligarh Depot Base, Assam",66,16060,349,SPIRAL_WOUND_GASKET,40.0,900,SS316 / GRAPHITE,RF,ASME B16.20
BPCL-SAP-0003514,BPCL,VLV-GT-DN150-PN50-A105-BW,CAN-001380,DEPOT-BPCL-BIN,"Bina Refinery, Madhya Pradesh",92,321870,276,GATE_VALVE,150.0,300,ASTM A105,BW,API 6D
BPCL-SAP-0003515,BPCL,FLG-WN-DN50-PN20-SS316-RTJ,CAN-000128,DEPOT-BPCL-MUM,"Mumbai Refinery, Mahul, Maharashtra",29,17330,73,FLANGE_WELD_NECK,50.0,150,ASTM A182 F316,RTJ,ASME B16.5
BPCL-SAP-0003516,BPCL,BLT-STUD-DN40-CL150-L7-GR7-THRD,CAN-002122,DEPOT-BPCL-KCH,"Kochi Refinery, Kerala",49,1030,113,STUD_BOLT,40.0,150,ASTM A320 L7 / A194 7,THRD,ASME B18.2.1
BPCL-SAP-0003517,BPCL,VLV-GT-DN25-PN20-WCB-RF,CAN-001061,DEPOT-BPCL-MUM,"Mumbai Refinery, Mahul, Maharashtra",5,18000,116,GATE_VALVE,25.0,150,ASTM A216 WCB,RF,API 600
BPCL-SAP-0003518,BPCL,VLV-GT-DN100-CL300-SS316-RF,CAN-001321,DEPOT-BPCL-NML,"Numaligarh Depot Base, Assam",0,608020,0,GATE_VALVE,100.0,300,ASTM A182 F316,RF,API 600
BPCL-SAP-0003519,BPCL,FLG-BLD-DN15-CL900-A105-RTJ,CAN-000420,DEPOT-BPCL-KCH,"Kochi Refinery, Kerala",105,3880,264,FLANGE_BLIND,15.0,900,ASTM A105,RTJ,ASME B16.5
BPCL-SAP-0003520,BPCL,VLV-GL-DN200-PN150-A105-RF,CAN-001956,DEPOT-BPCL-BIN,"Bina Refinery, Madhya Pradesh",8,1502270,48,GLOBE_VALVE,200.0,900,ASTM A105,RF,ASME B16.34
BPCL-SAP-0003521,BPCL,VLV-GL-DN80-PN250-WCB-RF,CAN-001898,DEPOT-BPCL-MUM,"Mumbai Refinery, Mahul, Maharashtra",0,686920,0,GLOBE_VALVE,80.0,1500,ASTM A216 WCB,RF,ASME B16.34
BPCL-SAP-0003522,BPCL,VLV-BL-DN200-PN150-WCB-RF,CAN-001753,DEPOT-BPCL-MUM,"Mumbai Refinery, Mahul, Maharashtra",33,1377080,60,BALL_VALVE,200.0,900,ASTM A216 WCB,RF,API 6D
BPCL-SAP-0003523,BPCL,BLT-STUD-DN100-CL1500-B7-2H-THRD,CAN-002159,DEPOT-BPCL-KCH,"Kochi Refinery, Kerala",112,13380,531,STUD_BOLT,100.0,1500,ASTM A193 B7 / A194 2H,THRD,ASME B18.2.1
BPCL-SAP-0003524,BPCL,VLV-GT-DN25-CL600-WCB-BW,CAN-001088,DEPOT-BPCL-KCH,"Kochi Refinery, Kerala",24,54560,37,GATE_VALVE,25.0,600,ASTM A216 WCB,BW,API 6D
BPCL-SAP-0003525,BPCL,VLV-GT-DN25-PN20-A105-BW,CAN-001067,DEPOT-BPCL-KCH,"Kochi Refinery, Kerala",30,18000,107,GATE_VALVE,25.0,150,ASTM A105,BW,API 600
BPCL-SAP-0003526,BPCL,FLG-SO-DN250-PN150-SS304-FF,CAN-000962,DEPOT-BPCL-KCH,"Kochi Refinery, Kerala",32,321250,110,FLANGE_SLIP_ON,250.0,900,ASTM A182 F304,FF,ASME B16.5
BPCL-SAP-0003527,BPCL,FLG-WN-DN40-CL900-SS304-RTJ,CAN-000110,DEPOT-BPCL-KCH,"Kochi Refinery, Kerala",48,40780,104,FLANGE_WELD_NECK,40.0,900,ASTM A182 F304,RTJ,ASME B16.5
BPCL-SAP-0003528,BPCL,FLG-SO-DN15-CL900-SS304-RF,CAN-000721,DEPOT-BPCL-KCH,"Kochi Refinery, Kerala",38,8280,446,FLANGE_SLIP_ON,15.0,900,ASTM A182 F304,RF,ASME B16.5
BPCL-SAP-0003529,BPCL,GSKT-SW-DN15-PN250-SS316-GR-RF,CAN-002009,DEPOT-BPCL-NML,"Numaligarh Depot Base, Assam",35,6750,56,SPIRAL_WOUND_GASKET,15.0,1500,SS316 / GRAPHITE,RF,ASME B16.20
BPCL-SAP-0003530,BPCL,VLV-GL-DN40-PN150-WCB-RF,CAN-001854,DEPOT-BPCL-MUM,"Mumbai Refinery, Mahul, Maharashtra",0,185390,0,GLOBE_VALVE,40.0,900,ASTM A216 WCB,RF,ASME B16.34
BPCL-SAP-0003531,BPCL,FLG-SO-DN25-CL150-A105-FF,CAN-000732,DEPOT-BPCL-BIN,"Bina Refinery, Madhya Pradesh",41,1600,734,FLANGE_SLIP_ON,25.0,150,ASTM A105,FF,ASME B16.5
BPCL-SAP-0003532,BPCL,FLG-WN-DN250-CL300-A105-RTJ,CAN-000330,DEPOT-BPCL-KCH,"Kochi Refinery, Kerala",0,76420,0,FLANGE_WELD_NECK,250.0,300,ASTM A105,RTJ,ASME B16.5
BPCL-SAP-0003533,BPCL,VLV-GT-DN15-PN150-WCB-BW,CAN-001039,DEPOT-BPCL-MUM,"Mumbai Refinery, Mahul, Maharashtra",50,38840,200,GATE_VALVE,15.0,900,ASTM A216 WCB,BW,API 600
BPCL-SAP-0003534,BPCL,FLG-WN-DN15-CL600-A350LF2-RF,CAN-000019,DEPOT-BPCL-BIN,"Bina Refinery, Madhya Pradesh",0,5490,0,FLANGE_WELD_NECK,15.0,600,ASTM A350 LF2,RF,ASME B16.5
BPCL-SAP-0003535,BPCL,FLG-BLD-DN150-CL900-A350LF2-RTJ,CAN-000602,DEPOT-BPCL-MUM,"Mumbai Refinery, Mahul, Maharashtra",8,124020,114,FLANGE_BLIND,150.0,900,ASTM A350 LF2,RTJ,ASME B16.5
BPCL-SAP-0003536,BPCL,FLG-WN-DN300-PN250-A350LF2-RF,CAN-000395,DEPOT-BPCL-KCH,"Kochi Refinery, Kerala",30,561660,598,FLANGE_WELD_NECK,300.0,1500,ASTM A350 LF2,RF,ASME B16.5
BPCL-SAP-0003537,BPCL,FLG-SO-DN150-PN20-A105-FF,CAN-000882,DEPOT-BPCL-MUM,"Mumbai Refinery, Mahul, Maharashtra",143,16430,593,FLANGE_SLIP_ON,150.0,150,ASTM A105,FF,ASME B16.5
BPCL-SAP-0003538,BPCL,FLG-BLD-DN100-PN250-A105-RF,CAN-000575,DEPOT-BPCL-NML,"Numaligarh Depot Base, Assam",38,68850,95,FLANGE_BLIND,100.0,1500,ASTM A105,RF,ASME B16.5
BPCL-SAP-0003539,BPCL,FLG-WN-DN50-CL150-SS304-RTJ,CAN-000126,DEPOT-BPCL-KCH,"Kochi Refinery, Kerala",34,13000,66,FLANGE_WELD_NECK,50.0,150,ASTM A182 F304,RTJ,ASME B16.5
BPCL-SAP-0003540,BPCL,VLV-GT-DN80-CL1500-SS316-BW,CAN-001300,DEPOT-BPCL-BIN,"Bina Refinery, Madhya Pradesh",28,1648600,98,GATE_VALVE,80.0,1500,ASTM A182 F316,BW,API 6D
BPCL-SAP-0003541,BPCL,FLG-BLD-DN100-PN250-SS316-RTJ,CAN-000580,DEPOT-BPCL-BIN,"Bina Refinery, Madhya Pradesh",14,220340,84,FLANGE_BLIND,100.0,1500,ASTM A182 F316,RTJ,ASME B16.5
BPCL-SAP-0003542,BPCL,VLV-BL-DN40-CL150-WCB-BW,CAN-001642,DEPOT-BPCL-NML,"Numaligarh Depot Base, Assam",10,40530,87,BALL_VALVE,40.0,150,ASTM A216 WCB,BW,API 6D
BPCL-SAP-0003543,BPCL,VLV-GT-DN25-CL900-A105-RF,CAN-001101,DEPOT-BPCL-BIN,"Bina Refinery, Madhya Pradesh",0,75470,0,GATE_VALVE,25.0,900,ASTM A105,RF,API 600
BPCL-SAP-0003544,BPCL,VLV-BL-DN50-PN50-WCB-BW,CAN-001666,DEPOT-BPCL-NML,"Numaligarh Depot Base, Assam",22,94310,27,BALL_VALVE,50.0,300,ASTM A216 WCB,BW,API 6D
BPCL-SAP-0003545,BPCL,VLV-BL-DN100-PN250-WCB-RF,CAN-001717,DEPOT-BPCL-KCH,"Kochi Refinery, Kerala",0,841590,0,BALL_VALVE,100.0,1500,ASTM A216 WCB,RF,API 6D
BPCL-SAP-0003546,BPCL,VLV-BL-DN50-CL900-WCB-RF,CAN-001673,DEPOT-BPCL-BIN,"Bina Refinery, Madhya Pradesh",0,227130,0,BALL_VALVE,50.0,900,ASTM A216 WCB,RF,API 6D
BPCL-SAP-0003547,BPCL,FLG-SO-DN25-PN100-A105-RF,CAN-000743,DEPOT-BPCL-MUM,"Mumbai Refinery, Mahul, Maharashtra",135,4850,257,FLANGE_SLIP_ON,25.0,600,ASTM A105,RF,ASME B16.5
BPCL-SAP-0003548,BPCL,FLG-BLD-DN100-PN100-SS316-RTJ,CAN-000568,DEPOT-BPCL-KCH,"Kochi Refinery, Kerala",76,105860,505,FLANGE_BLIND,100.0,600,ASTM A182 F316,RTJ,ASME B16.5
BPCL-SAP-0003549,BPCL,FLG-WN-DN100-PN250-A105-RF,CAN-000233,DEPOT-BPCL-NML,"Numaligarh Depot Base, Assam",19,84150,25,FLANGE_WELD_NECK,100.0,1500,ASTM A105,RF,ASME B16.5
BPCL-SAP-0003550,BPCL,VLV-GT-DN40-CL300-SS316-RF,CAN-001141,DEPOT-BPCL-MUM,"Mumbai Refinery, Mahul, Maharashtra",20,184750,76,GATE_VALVE,40.0,300,ASTM A182 F316,RF,API 600
BPCL-SAP-0003551,BPCL,VLV-GT-DN25-CL900-WCB-RF,CAN-001098,DEPOT-BPCL-KCH,"Kochi Refinery, Kerala",19,75470,18,GATE_VALVE,25.0,900,ASTM A216 WCB,RF,API 6D
BPCL-SAP-0003552,BPCL,VLV-GT-DN25-PN150-WCB-RF,CAN-001098,DEPOT-BPCL-BIN,"Bina Refinery, Madhya Pradesh",18,75470,37,GATE_VALVE,25.0,900,ASTM A216 WCB,RF,API 6D
BPCL-SAP-0003553,BPCL,VLV-BL-DN200-PN50-WCB-BW,CAN-001746,DEPOT-BPCL-KCH,"Kochi Refinery, Kerala",35,571820,69,BALL_VALVE,200.0,300,ASTM A216 WCB,BW,API 6D
BPCL-SAP-0003554,BPCL,FLG-BLD-DN250-PN150-A350LF2-RF,CAN-000661,DEPOT-BPCL-KCH,"Kochi Refinery, Kerala",0,240940,0,FLANGE_BLIND,250.0,900,ASTM A350 LF2,RF,ASME B16.5
BPCL-SAP-0003555,BPCL,VLV-GT-DN50-PN150-SS316-BW,CAN-001228,DEPOT-BPCL-NML,"Numaligarh Depot Base, Assam",39,594670,55,GATE_VALVE,50.0,900,ASTM A182 F316,BW,API 6D
BPCL-SAP-0003556,BPCL,VLV-BL-DN150-PN150-SS316-BW,CAN-001736,DEPOT-BPCL-NML,"Numaligarh Depot Base, Assam",130,3031720,544,BALL_VALVE,150.0,900,ASTM A182 F316,BW,API 6D
BPCL-SAP-0003557,BPCL,FLG-SO-DN80-CL900-SS304-FF,CAN-000842,DEPOT-BPCL-NML,"Numaligarh Depot Base, Assam",37,73030,533,FLANGE_SLIP_ON,80.0,900,ASTM A182 F304,FF,ASME B16.5
BPCL-SAP-0003558,BPCL,FLG-SO-DN50-PN150-SS316-RF,CAN-000813,DEPOT-BPCL-NML,"Numaligarh Depot Base, Assam",0,52860,0,FLANGE_SLIP_ON,50.0,900,ASTM A182 F316,RF,ASME B16.5
BPCL-SAP-0003559,BPCL,VLV-GT-DN50-CL900-A105-BW,CAN-001224,DEPOT-BPCL-KCH,"Kochi Refinery, Kerala",150,185830,508,GATE_VALVE,50.0,900,ASTM A105,BW,API 6D
BPCL-SAP-0003560,BPCL,GSKT-SW-DN250-PN50-SS304-GR-RF,CAN-002084,DEPOT-BPCL-MUM,"Mumbai Refinery, Mahul, Maharashtra",99,54190,309,SPIRAL_WOUND_GASKET,250.0,300,SS304 / GRAPHITE,RF,ASME B16.20
BPCL-SAP-0003561,BPCL,VLV-GT-DN80-PN20-SS316-RF,CAN-001249,DEPOT-BPCL-KCH,"Kochi Refinery, Kerala",34,261280,62,GATE_VALVE,80.0,150,ASTM A182 F316,RF,API 600
BPCL-SAP-0003562,BPCL,VLV-GT-DN200-CL1500-SS316-RF,CAN-001477,DEPOT-BPCL-MUM,"Mumbai Refinery, Mahul, Maharashtra",6,5425490,50,GATE_VALVE,200.0,1500,ASTM A182 F316,RF,API 600
BPCL-SAP-0003563,BPCL,VLV-GL-DN80-CL1500-A105-RF,CAN-001899,DEPOT-BPCL-MUM,"Mumbai Refinery, Mahul, Maharashtra",108,686920,541,GLOBE_VALVE,80.0,1500,ASTM A105,RF,BS 1873
BPCL-SAP-0003564,BPCL,FLG-SO-DN40-CL900-A105-FF,CAN-000780,DEPOT-BPCL-MUM,"Mumbai Refinery, Mahul, Maharashtra",0,12350,0,FLANGE_SLIP_ON,40.0,900,ASTM A105,FF,ASME B16.5
BPCL-SAP-0003565,BPCL,VLV-GT-DN25-PN50-A105-BW,CAN-001079,DEPOT-BPCL-MUM,"Mumbai Refinery, Mahul, Maharashtra",30,31330,111,GATE_VALVE,25.0,300,ASTM A105,BW,API 600
BPCL-SAP-0003566,BPCL,VLV-GT-DN50-PN150-SS316-RF,CAN-001225,DEPOT-BPCL-NML,"Numaligarh Depot Base, Assam",42,594670,561,GATE_VALVE,50.0,900,ASTM A182 F316,RF,API 600
BPCL-SAP-0003567,BPCL,FLG-SO-DN150-PN20-SS304-FF,CAN-000884,DEPOT-BPCL-MUM,"Mumbai Refinery, Mahul, Maharashtra",0,39430,0,FLANGE_SLIP_ON,150.0,150,ASTM A182 F304,FF,ASME B16.5
BPCL-SAP-0003568,BPCL,VLV-BL-DN25-CL150-SS316-BW,CAN-001624,DEPOT-BPCL-NML,"Numaligarh Depot Base, Assam",136,70400,188,BALL_VALVE,25.0,150,ASTM A182 F316,BW,API 6D
BPCL-SAP-0003569,BPCL,FLG-SO-DN80-PN150-A105-FF,CAN-000840,DEPOT-BPCL-KCH,"Kochi Refinery, Kerala",149,30430,398,FLANGE_SLIP_ON,80.0,900,ASTM A105,FF,ASME B16.5
BPCL-SAP-0003570,BPCL,BLT-STUD-DN15-PN150-B7-2H-THRD,CAN-002107,DEPOT-BPCL-BIN,"Bina Refinery, Madhya Pradesh",63,750,447,STUD_BOLT,15.0,900,ASTM A193 B7 / A194 2H,THRD,ASME B18.2.1
BPCL-SAP-0003571,BPCL,VLV-GL-DN200-CL900-WCB-RF,CAN-001953,DEPOT-BPCL-NML,"Numaligarh Depot Base, Assam",0,1502270,0,GLOBE_VALVE,200.0,900,ASTM A216 WCB,RF,BS 1873
BPCL-SAP-0003572,BPCL,FLG-BLD-DN100-PN250-A350LF2-RTJ,CAN-000578,DEPOT-BPCL-MUM,"Mumbai Refinery, Mahul, Maharashtra",123,110170,673,FLANGE_BLIND,100.0,1500,ASTM A350 LF2,RTJ,ASME B16.5
BPCL-SAP-0003573,BPCL,VLV-BL-DN15-PN150-SS316-BW,CAN-001616,DEPOT-BPCL-MUM,"Mumbai Refinery, Mahul, Maharashtra",20,151940,52,BALL_VALVE,15.0,900,ASTM A182 F316,BW,API 6D
BPCL-SAP-0003574,BPCL,FLG-WN-DN100-PN20-A105-RTJ,CAN-000202,DEPOT-BPCL-NML,"Numaligarh Depot Base, Assam",52,13330,248,FLANGE_WELD_NECK,100.0,150,ASTM A105,RTJ,ASME B16.5
BPCL-SAP-0003575,BPCL,FLG-BLD-DN250-PN100-SS316-RTJ,CAN-000658,DEPOT-BPCL-BIN,"Bina Refinery, Madhya Pradesh",41,348390,181,FLANGE_BLIND,250.0,600,ASTM A182 F316,RTJ,ASME B16.5
BPCL-SAP-0003576,BPCL,BLT-STUD-DN150-PN50-L7-GR7-THRD,CAN-002164,DEPOT-BPCL-KCH,"Kochi Refinery, Kerala",0,10010,0,STUD_BOLT,150.0,300,ASTM A320 L7 / A194 7,THRD,ASME B18.2.1
BPCL-SAP-0003577,BPCL,VLV-BL-DN40-PN20-SS316-RF,CAN-001643,DEPOT-BPCL-MUM,"Mumbai Refinery, Mahul, Maharashtra",141,129690,432,BALL_VALVE,40.0,150,ASTM A182 F316,RF,API 6D
BPCL-SAP-0003578,BPCL,VLV-GT-DN150-CL300-WCB-RF,CAN-001374,DEPOT-BPCL-NML,"Numaligarh Depot Base, Assam",13,321870,25,GATE_VALVE,150.0,300,ASTM A216 WCB,RF,API 6D
BPCL-SAP-0003579,BPCL,GSKT-SW-DN50-PN50-SS304-GR-RF,CAN-002034,DEPOT-BPCL-KCH,"Kochi Refinery, Kerala",71,6680,486,SPIRAL_WOUND_GASKET,50.0,300,SS304 / GRAPHITE,RF,ASME B16.20
BPCL-SAP-0003580,BPCL,VLV-BL-DN80-PN50-WCB-RF,CAN-001685,DEPOT-BPCL-MUM,"Mumbai Refinery, Mahul, Maharashtra",50,173750,42,BALL_VALVE,80.0,300,ASTM A216 WCB,RF,API 6D
BPCL-SAP-0003581,BPCL,VLV-BL-DN40-PN50-SS316-BW,CAN-001648,DEPOT-BPCL-KCH,"Kochi Refinery, Kerala",40,225810,633,BALL_VALVE,40.0,300,ASTM A182 F316,BW,API 6D
BPCL-SAP-0003582,BPCL,VLV-GT-DN25-CL600-WCB-BW,CAN-001087,DEPOT-BPCL-MUM,"Mumbai Refinery, Mahul, Maharashtra",91,54560,584,GATE_VALVE,25.0,600,ASTM A216 WCB,BW,API 600
BPCL-SAP-0003583,BPCL,VLV-GT-DN150-CL600-WCB-RF,CAN-001385,DEPOT-BPCL-MUM,"Mumbai Refinery, Mahul, Maharashtra",118,560420,645,GATE_VALVE,150.0,600,ASTM A216 WCB,RF,API 600
BPCL-SAP-0003584,BPCL,VLV-GT-DN40-PN150-SS316-BW,CAN-001167,DEPOT-BPCL-MUM,"Mumbai Refinery, Mahul, Maharashtra",36,444930,78,GATE_VALVE,40.0,900,ASTM A182 F316,BW,API 600
BPCL-SAP-0003585,BPCL,FLG-WN-DN50-PN50-SS304-RTJ,CAN-000134,DEPOT-BPCL-KCH,"Kochi Refinery, Kerala",48,22630,50,FLANGE_WELD_NECK,50.0,300,ASTM A182 F304,RTJ,ASME B16.5
BPCL-SAP-0003586,BPCL,FLG-SO-DN40-CL150-SS304-RF,CAN-000763,DEPOT-BPCL-BIN,"Bina Refinery, Madhya Pradesh",17,7070,23,FLANGE_SLIP_ON,40.0,150,ASTM A182 F304,RF,ASME B16.5
BPCL-SAP-0003587,BPCL,FLG-WN-DN40-PN50-SS316-RTJ,CAN-000096,DEPOT-BPCL-KCH,"Kochi Refinery, Kerala",58,22580,547,FLANGE_WELD_NECK,40.0,300,ASTM A182 F316,RTJ,ASME B16.5
BPCL-SAP-0003588,BPCL,FLG-SO-DN15-CL900-SS316-RF,CAN-000723,DEPOT-BPCL-NML,"Numaligarh Depot Base, Assam",0,11050,0,FLANGE_SLIP_ON,15.0,900,ASTM A182 F316,RF,ASME B16.5
BPCL-SAP-0003589,BPCL,FLG-WN-DN150-PN250-A105-RF,CAN-000273,DEPOT-BPCL-NML,"Numaligarh Depot Base, Assam",0,142560,0,FLANGE_WELD_NECK,150.0,1500,ASTM A105,RF,ASME B16.5
BPCL-SAP-0003590,BPCL,FLG-SO-DN250-PN250-A105-RF,CAN-000965,DEPOT-BPCL-KCH,"Kochi Refinery, Kerala",6,201420,53,FLANGE_SLIP_ON,250.0,1500,ASTM A105,RF,ASME B16.5
BPCL-SAP-0003591,BPCL,VLV-GT-DN40-CL150-A105-RF,CAN-001126,DEPOT-BPCL-MUM,"Mumbai Refinery, Mahul, Maharashtra",31,33160,42,GATE_VALVE,40.0,150,ASTM A105,RF,API 6D
BPCL-SAP-0003592,BPCL,FLG-SO-DN200-PN20-SS304-FF,CAN-000914,DEPOT-BPCL-NML,"Numaligarh Depot Base, Assam",0,57320,0,FLANGE_SLIP_ON,200.0,150,ASTM A182 F304,FF,ASME B16.5
BPCL-SAP-0003593,BPCL,VLV-BL-DN80-PN150-SS316-BW,CAN-001696,DEPOT-BPCL-NML,"Numaligarh Depot Base, Assam",45,1339020,85,BALL_VALVE,80.0,900,ASTM A182 F316,BW,API 6D
BPCL-SAP-0003594,BPCL,FLG-WN-DN300-CL900-SS304-RF,CAN-000389,DEPOT-BPCL-NML,"Numaligarh Depot Base, Assam",12,559870,34,FLANGE_WELD_NECK,300.0,900,ASTM A182 F304,RF,ASME B16.5
BPCL-SAP-0003595,BPCL,VLV-GT-DN40-CL150-WCB-RF,CAN-001122,DEPOT-BPCL-BIN,"Bina Refinery, Madhya Pradesh",79,33160,468,GATE_VALVE,40.0,150,ASTM A216 WCB,RF,API 6D
BPCL-SAP-0003596,BPCL,VLV-GL-DN150-PN100-A105-RF,CAN-001932,DEPOT-BPCL-MUM,"Mumbai Refinery, Mahul, Maharashtra",54,747230,203,GLOBE_VALVE,150.0,600,ASTM A105,RF,ASME B16.34
BPCL-SAP-0003597,BPCL,GSKT-SW-DN250-PN100-SS316-GR-RF,CAN-002085,DEPOT-BPCL-NML,"Numaligarh Depot Base, Assam",84,125800,535,SPIRAL_WOUND_GASKET,250.0,600,SS316 / GRAPHITE,RF,ASME B16.20
BPCL-SAP-0003598,BPCL,FLG-SO-DN300-PN50-A105-FF,CAN-000978,DEPOT-BPCL-BIN,"Bina Refinery, Madhya Pradesh",24,70440,16,FLANGE_SLIP_ON,300.0,300,ASTM A105,FF,ASME B16.5
BPCL-SAP-0003599,BPCL,FLG-BLD-DN250-CL150-SS316-RTJ,CAN-000646,DEPOT-BPCL-KCH,"Kochi Refinery, Kerala",35,114920,58,FLANGE_BLIND,250.0,150,ASTM A182 F316,RTJ,ASME B16.5
BPCL-SAP-0003600,BPCL,FLG-BLD-DN100-PN50-SS316-RF,CAN-000561,DEPOT-BPCL-KCH,"Kochi Refinery, Kerala",0,60800,0,FLANGE_BLIND,100.0,300,ASTM A182 F316,RF,ASME B16.5
