local_code,cpse,raw_description,canonical_id,depot_id,depot_location,quantity,unit_cost_inr,idle_days,extracted_item_type,extracted_size_nb_mm,extracted_pressure_class,extracted_metallurgy,extracted_facing,extracted_standard
IOCL-MM-0000001,IOCL,VLV GT 6IN CL900 SS316 BW API600,CAN-001407,DEPOT-IOCL-MTH,"Mathura Refinery, Uttar Pradesh",23,2480500,97,GATE_VALVE,150.0,900,ASTM A182 F316,BW,API 600
IOCL-MM-0000002,IOCL,FLG WN 1IN 300LB SS316 RTJ ASMEB16.5,CAN-000056,DEPOT-IOCL-MTH,"Mathura Refinery, Uttar Pradesh",49,12250,91,FLANGE_WELD_NECK,25.0,300,ASTM A182 F316,RTJ,ASME B16.5
IOCL-MM-0000003,IOCL,FLG BLD 6IN 1500LB A105 RTJ,CAN-000606,DEPOT-IOCL-PRD,"Paradip Refinery, Odisha",41,116640,95,FLANGE_BLIND,150.0,1500,ASTM A105,RTJ,ASME B16.5
IOCL-MM-0000004,IOCL,FLG BLD RTJ 2IN CL150 A105,CAN-000492,DEPOT-IOCL-PRD,"Paradip Refinery, Odisha",32,4430,113,FLANGE_BLIND,50.0,150,ASTM A105,RTJ,ASME B16.5
IOCL-MM-0000005,IOCL,VLV BL 1IN 150# WCB RF,CAN-001621,DEPOT-IOCL-PNP,"Panipat Refinery, Haryana",8,22000,95,BALL_VALVE,25.0,150,ASTM A216 WCB,RF,API 6D
IOCL-MM-0000006,IOCL,VLV GT 10IN 150# SS316 RF API600,CAN-001489,DEPOT-IOCL-MTH,"Mathura Refinery, Uttar Pradesh",84,1149270,329,GATE_VALVE,250.0,150,ASTM A182 F316,RF,API 600
IOCL-MM-0000007,IOCL,VLV GLB 10IN 150# A105 RF,CAN-001963,DEPOT-IOCL-GWT,"Guwahati Refinery, Assam",0,478860,0,GLOBE_VALVE,250.0,150,ASTM A105,RF,BS 1873
IOCL-MM-0000008,IOCL,FLG WN RTJ 3IN CL900 SS316,CAN-000192,DEPOT-IOCL-PNP,"Panipat Refinery, Haryana",48,133900,104,FLANGE_WELD_NECK,80.0,900,ASTM A182 F316,RTJ,ASME B16.5
IOCL-MM-0000009,IOCL,FLG SO 8IN CL900 A105 RF,CAN-000929,DEPOT-IOCL-PRD,"Paradip Refinery, Odisha",37,100150,110,FLANGE_SLIP_ON,200.0,900,ASTM A105,RF,ASME B16.5
IOCL-MM-0000010,IOCL,FLG WN RTJ 1IN CL900 A105,CAN-000066,DEPOT-IOCL-KYL,"Koyali Refinery, Gujarat",48,9220,50,FLANGE_WELD_NECK,25.0,900,ASTM A105,RTJ,ASME B16.5
IOCL-MM-0000011,IOCL,FLG BLD RTJ 1.5IN CL900 A350-LF2,CAN-000482,DEPOT-IOCL-MTH,"Mathura Refinery, Uttar Pradesh",33,22240,116,FLANGE_BLIND,40.0,900,ASTM A350 LF2,RTJ,ASME B16.5
IOCL-MM-0000012,IOCL,VLV GT 1IN 1500# WCB BW,CAN-001112,DEPOT-IOCL-GWT,"Guwahati Refinery, Assam",70,113570,378,GATE_VALVE,25.0,1500,ASTM A216 WCB,BW,API 6D
IOCL-MM-0000013,IOCL,FLG WNRF 1IN 600LB A350-LF2,CAN-000059,DEPOT-IOCL-PNP,"Panipat Refinery, Haryana",0,10670,0,FLANGE_WELD_NECK,25.0,600,ASTM A350 LF2,RF,ASME B16.5
IOCL-MM-0000014,IOCL,FLG BLD 1IN 300# A105 RTJ ASMEB16.5,CAN-000438,DEPOT-IOCL-PNP,"Panipat Refinery, Haryana",40,3130,43,FLANGE_BLIND,25.0,300,ASTM A105,RTJ,ASME B16.5
IOCL-MM-0000015,IOCL,VLV GT 8IN 150# SS316 RF API6D,CAN-001430,DEPOT-IOCL-GWT,"Guwahati Refinery, Assam",0,859880,0,GATE_VALVE,200.0,150,ASTM A182 F316,RF,API 6D
IOCL-MM-0000016,IOCL,VLV GT 2IN 300LB A105 BW,CAN-001199,DEPOT-IOCL-MTH,"Mathura Refinery, Uttar Pradesh",0,77160,0,GATE_VALVE,50.0,300,ASTM A105,BW,API 600
IOCL-MM-0000017,IOCL,FLG BLD 1.5IN 1500LB A105 RF,CAN-000485,DEPOT-IOCL-PRD,"Paradip Refinery, Odisha",97,20920,682,FLANGE_BLIND,40.0,1500,ASTM A105,RF,ASME B16.5
IOCL-MM-0000018,IOCL,VLV GT 3IN CL1500 SS316 RF,CAN-001297,DEPOT-IOCL-PNP,"Panipat Refinery, Haryana",101,1648600,718,GATE_VALVE,80.0,1500,ASTM A182 F316,RF,API 600
IOCL-MM-0000019,IOCL,VLV BL 12IN 150# WCB RF,CAN-001781,DEPOT-IOCL-PRD,"Paradip Refinery, Odisha",0,556360,0,BALL_VALVE,300.0,150,ASTM A216 WCB,RF,API 6D
IOCL-MM-0000020,IOCL,FLG WNRF 1/2IN CL300 SS316,CAN-000015,DEPOT-IOCL-KYL,"Koyali Refinery, Gujarat",0,6300,0,FLANGE_WELD_NECK,15.0,300,ASTM A182 F316,RF,ASME B16.5
IOCL-MM-0000021,IOCL,VLV BL 10IN 900# WCB RF,CAN-001773,DEPOT-IOCL-GWT,"Guwahati Refinery, Assam",23,1840530,37,BALL_VALVE,250.0,900,ASTM A216 WCB,RF,API 6D
IOCL-MM-0000022,IOCL,VLV GT 10IN CL1500 A105 BW,CAN-001536,DEPOT-IOCL-PRD,"Paradip Refinery, Odisha",22,2266060,297,GATE_VALVE,250.0,1500,ASTM A105,BW,API 6D
IOCL-MM-0000023,IOCL,FLG SO 1IN CL900 A105 RF ASMEB16.5,CAN-000749,DEPOT-IOCL-MTH,"Mathura Refinery, Uttar Pradesh",82,6700,220,FLANGE_SLIP_ON,25.0,900,ASTM A105,RF,ASME B16.5
IOCL-MM-0000024,IOCL,FLG WN 10IN CL600 SS316 RF ASMEB16.5,CAN-000343,DEPOT-IOCL-PNP,"Panipat Refinery, Haryana",39,425810,102,FLANGE_WELD_NECK,250.0,600,ASTM A182 F316,RF,ASME B16.5
IOCL-MM-0000025,IOCL,STUDBLT 1/2IN 600LB L7/GR7 THRD ASMEB18.2.1,CAN-002106,DEPOT-IOCL-PRD,"Paradip Refinery, Odisha",115,870,706,STUD_BOLT,15.0,600,ASTM A320 L7 / A194 7,THRD,ASME B18.2.1
IOCL-MM-0000026,IOCL,FLG SO 1IN CL300 SS316 RF,CAN-000741,DEPOT-IOCL-PNP,"Panipat Refinery, Haryana",46,8910,34,FLANGE_SLIP_ON,25.0,300,ASTM A182 F316,RF,ASME B16.5
IOCL-MM-0000027,IOCL,FLG WNRF 4IN 150LB SS304,CAN-000205,DEPOT-IOCL-MTH,"Mathura Refinery, Uttar Pradesh",21,32010,247,FLANGE_WELD_NECK,100.0,150,ASTM A182 F304,RF,ASME B16.5
IOCL-MM-0000028,IOCL,FLG WN 4IN 300# SS304 RF,CAN-000213,DEPOT-IOCL-KYL,"Koyali Refinery, Gujarat",72,55730,730,FLANGE_WELD_NECK,100.0,300,ASTM A182 F304,RF,ASME B16.5
IOCL-MM-0000029,IOCL,VLV GLB 2IN CL300 WCB RF,CAN-001865,DEPOT-IOCL-KYL,"Koyali Refinery, Gujarat",9,102890,105,GLOBE_VALVE,50.0,300,ASTM A216 WCB,RF,BS 1873
IOCL-MM-0000030,IOCL,VLV GT 4IN CL600 A105 RF API600,CAN-001329,DEPOT-IOCL-KYL,"Koyali Refinery, Gujarat",29,330820,269,GATE_VALVE,100.0,600,ASTM A105,RF,API 600
IOCL-MM-0000031,IOCL,VLV BL 10IN 900# SS316 BW API6D,CAN-001776,DEPOT-IOCL-GWT,"Guwahati Refinery, Assam",41,5889700,115,BALL_VALVE,250.0,900,ASTM A182 F316,BW,API 6D
IOCL-MM-0000032,IOCL,VLV BL 1/2IN 300# WCB BW,CAN-001606,DEPOT-IOCL-KYL,"Koyali Refinery, Gujarat",45,19710,61,BALL_VALVE,15.0,300,ASTM A216 WCB,BW,API 6D
IOCL-MM-0000033,IOCL,VLV GT 1.5IN 1500LB SS316 BW API6D,CAN-001180,DEPOT-IOCL-KYL,"Koyali Refinery, Gujarat",39,669540,10,GATE_VALVE,40.0,1500,ASTM A182 F316,BW,API 6D
IOCL-MM-0000034,IOCL,STUDBLT 3IN CL150 B7/2H THRD,CAN-002141,DEPOT-IOCL-PNP,"Panipat Refinery, Haryana",31,1580,254,STUD_BOLT,80.0,150,ASTM A193 B7 / A194 2H,THRD,ASME B18.2.1
IOCL-MM-0000035,IOCL,FLG SO 3IN 600LB A105 RF,CAN-000833,DEPOT-IOCL-PNP,"Panipat Refinery, Haryana",48,22000,48,FLANGE_SLIP_ON,80.0,600,ASTM A105,RF,ASME B16.5
IOCL-MM-0000036,IOCL,VLV GT 2IN CL600 SS316 BW API600,CAN-001215,DEPOT-IOCL-KYL,"Koyali Refinery, Gujarat",47,429940,13,GATE_VALVE,50.0,600,ASTM A182 F316,BW,API 600
IOCL-MM-0000037,IOCL,VLV GLB 1IN 300LB WCB RF BS1873,CAN-001825,DEPOT-IOCL-MTH,"Mathura Refinery, Uttar Pradesh",0,41780,0,GLOBE_VALVE,25.0,300,ASTM A216 WCB,RF,BS 1873
IOCL-MM-0000038,IOCL,VLV GT 6IN 150LB WCB RF,CAN-001361,DEPOT-IOCL-PRD,"Paradip Refinery, Odisha",45,184870,28,GATE_VALVE,150.0,150,ASTM A216 WCB,RF,API 600
IOCL-MM-0000039,IOCL,VLV GLB 3IN 900LB A105 RF,CAN-001896,DEPOT-IOCL-GWT,"Guwahati Refinery, Assam",22,456480,746,GLOBE_VALVE,80.0,900,ASTM A105,RF,ASME B16.34
IOCL-MM-0000040,IOCL,VLV GT 3IN CL600 A105 BW API600,CAN-001271,DEPOT-IOCL-PNP,"Panipat Refinery, Haryana",0,247520,0,GATE_VALVE,80.0,600,ASTM A105,BW,API 600
IOCL-MM-0000041,IOCL,VLV GT 12IN CL150 SS316 BW API600,CAN-001551,DEPOT-IOCL-PRD,"Paradip Refinery, Odisha",98,1456650,395,GATE_VALVE,300.0,150,ASTM A182 F316,BW,API 600
IOCL-MM-0000042,IOCL,FLG WN 1.5IN CL600 SS304 RF,CAN-000101,DEPOT-IOCL-MTH,"Mathura Refinery, Uttar Pradesh",46,29480,118,FLANGE_WELD_NECK,40.0,600,ASTM A182 F304,RF,ASME B16.5
IOCL-MM-0000043,IOCL,FLG BLD RTJ 2IN CL300 SS316 ASMEB16.5,CAN-000502,DEPOT-IOCL-PRD,"Paradip Refinery, Odisha",69,24690,297,FLANGE_BLIND,50.0,300,ASTM A182 F316,RTJ,ASME B16.5
IOCL-MM-0000044,IOCL,FLG BLD 8IN 1500# A350-LF2 RF,CAN-000637,DEPOT-IOCL-PRD,"Paradip Refinery, Odisha",138,271270,742,FLANGE_BLIND,200.0,1500,ASTM A350 LF2,RF,ASME B16.5
IOCL-MM-0000045,IOCL,FLG WN RTJ 3IN 300# SS316 ASMEB16.5,CAN-000176,DEPOT-IOCL-PNP,"Panipat Refinery, Haryana",0,55600,0,FLANGE_WELD_NECK,80.0,300,ASTM A182 F316,RTJ,ASME B16.5
IOCL-MM-0000046,IOCL,FLG BLD 2IN CL900 SS316 RF,CAN-000513,DEPOT-IOCL-GWT,"Guwahati Refinery, Assam",47,59460,93,FLANGE_BLIND,50.0,900,ASTM A182 F316,RF,ASME B16.5
IOCL-MM-0000047,IOCL,FLG WNRF 4IN 600# SS316,CAN-000223,DEPOT-IOCL-MTH,"Mathura Refinery, Uttar Pradesh",33,129380,52,FLANGE_WELD_NECK,100.0,600,ASTM A182 F316,RF,ASME B16.5
IOCL-MM-0000048,IOCL,FLG BLD 8IN CL150 A105 RTJ,CAN-000612,DEPOT-IOCL-MTH,"Mathura Refinery, Uttar Pradesh",28,26870,113,FLANGE_BLIND,200.0,150,ASTM A105,RTJ,ASME B16.5
IOCL-MM-0000049,IOCL,VLV GT 6IN 900LB WCB BW,CAN-001399,DEPOT-IOCL-MTH,"Mathura Refinery, Uttar Pradesh",0,775150,0,GATE_VALVE,150.0,900,ASTM A216 WCB,BW,API 600
IOCL-MM-0000050,IOCL,FLG SO 2IN 600# A105 RF,CAN-000803,DEPOT-IOCL-KYL,"Koyali Refinery, Gujarat",28,11940,27,FLANGE_SLIP_ON,50.0,600,ASTM A105,RF,ASME B16.5
IOCL-MM-0000051,IOCL,FLG SO 2IN CL1500 A105 RF,CAN-000815,DEPOT-IOCL-KYL,"Koyali Refinery, Gujarat",27,24850,109,FLANGE_SLIP_ON,50.0,1500,ASTM A105,RF,ASME B16.5
IOCL-MM-0000052,IOCL,FLG BLD 1.5IN 150LB A105 RF,CAN-000461,DEPOT-IOCL-PNP,"Panipat Refinery, Haryana",0,3310,0,FLANGE_BLIND,40.0,150,ASTM A105,RF,ASME B16.5
IOCL-MM-0000053,IOCL,FLG BLD RTJ 6IN CL300 A105 ASMEB16.5,CAN-000588,DEPOT-IOCL-MTH,"Mathura Refinery, Uttar Pradesh",70,32180,449,FLANGE_BLIND,150.0,300,ASTM A105,RTJ,ASME B16.5
IOCL-MM-0000054,IOCL,GSKT SPWD 6IN CL150 SS316/GRAF RF,CAN-002061,DEPOT-IOCL-PNP,"Panipat Refinery, Haryana",24,21360,699,SPIRAL_WOUND_GASKET,150.0,150,SS316 / GRAPHITE,RF,ASME B16.20
IOCL-MM-0000055,IOCL,VLV GT 8IN CL150 A105 RF API6D,CAN-001426,DEPOT-IOCL-PRD,"Paradip Refinery, Odisha",42,268710,37,GATE_VALVE,200.0,150,ASTM A105,RF,API 6D
IOCL-MM-0000056,IOCL,VLV GT 4IN 900# A105 RF,CAN-001341,DEPOT-IOCL-PRD,"Paradip Refinery, Odisha",140,457580,332,GATE_VALVE,100.0,900,ASTM A105,RF,API 600
IOCL-MM-0000057,IOCL,FLG WNRF 12IN 600LB A105,CAN-000377,DEPOT-IOCL-PRD,"Paradip Refinery, Odisha",94,168650,317,FLANGE_WELD_NECK,300.0,600,ASTM A105,RF,ASME B16.5
IOCL-MM-0000058,IOCL,VLV BL 1/2IN 300LB WCB RF,CAN-001605,DEPOT-IOCL-PNP,"Panipat Refinery, Haryana",37,19710,11,BALL_VALVE,15.0,300,ASTM A216 WCB,RF,API 6D
IOCL-MM-0000059,IOCL,FLG WN RTJ 10IN CL1500 SS316,CAN-000360,DEPOT-IOCL-PRD,"Paradip Refinery, Odisha",37,886280,27,FLANGE_WELD_NECK,250.0,1500,ASTM A182 F316,RTJ,ASME B16.5
IOCL-MM-0000060,IOCL,FLG SO 3IN 600LB SS304 RF ASMEB16.5,CAN-000835,DEPOT-IOCL-PRD,"Paradip Refinery, Odisha",57,52800,675,FLANGE_SLIP_ON,80.0,600,ASTM A182 F304,RF,ASME B16.5
IOCL-MM-0000061,IOCL,STUDBLT 8IN 900LB B7/2H THRD ASMEB18.2.1,CAN-002177,DEPOT-IOCL-KYL,"Koyali Refinery, Gujarat",0,21900,0,STUD_BOLT,200.0,900,ASTM A193 B7 / A194 2H,THRD,ASME B18.2.1
IOCL-MM-0000062,IOCL,VLV GT 6IN 900LB SS316 BW API6D,CAN-001408,DEPOT-IOCL-PNP,"Panipat Refinery, Haryana",38,2480500,111,GATE_VALVE,150.0,900,ASTM A182 F316,BW,API 6D
IOCL-MM-0000063,IOCL,VLV GT 2IN 900LB SS316 RF API6D,CAN-001226,DEPOT-IOCL-KYL,"Koyali Refinery, Gujarat",30,594670,511,GATE_VALVE,50.0,900,ASTM A182 F316,RF,API 6D
IOCL-MM-0000064,IOCL,VLV GT 10IN 600# WCB BW,CAN-001507,DEPOT-IOCL-PRD,"Paradip Refinery, Odisha",22,1088730,116,GATE_VALVE,250.0,600,ASTM A216 WCB,BW,API 600
IOCL-MM-0000065,IOCL,VLV GLB 1.5IN CL900 A105 RF BS1873,CAN-001855,DEPOT-IOCL-PRD,"Paradip Refinery, Odisha",29,185390,93,GLOBE_VALVE,40.0,900,ASTM A105,RF,BS 1873
IOCL-MM-0000066,IOCL,VLV BL 4IN 300LB SS316 BW API6D,CAN-001708,DEPOT-IOCL-PNP,"Panipat Refinery, Haryana",29,743140,38,BALL_VALVE,100.0,300,ASTM A182 F316,BW,API 6D
IOCL-MM-0000067,IOCL,FLG BLD RTJ 2IN CL600 A105,CAN-000504,DEPOT-IOCL-GWT,"Guwahati Refinery, Assam",35,13430,87,FLANGE_BLIND,50.0,600,ASTM A105,RTJ,ASME B16.5
IOCL-MM-0000068,IOCL,FLG WNRF 1IN 900# SS316 ASMEB16.5,CAN-000071,DEPOT-IOCL-MTH,"Mathura Refinery, Uttar Pradesh",0,29510,0,FLANGE_WELD_NECK,25.0,900,ASTM A182 F316,RF,ASME B16.5
IOCL-MM-0000069,IOCL,FLG BLD 12IN CL900 SS316 RTJ ASMEB16.5,CAN-000694,DEPOT-IOCL-MTH,"Mathura Refinery, Uttar Pradesh",0,610770,0,FLANGE_BLIND,300.0,900,ASTM A182 F316,RTJ,ASME B16.5
IOCL-MM-0000070,IOCL,FLG BLD 6IN CL300 A350-LF2 RTJ ASMEB16.5,CAN-000590,DEPOT-IOCL-MTH,"Mathura Refinery, Uttar Pradesh",26,51500,102,FLANGE_BLIND,150.0,300,ASTM A350 LF2,RTJ,ASME B16.5
IOCL-MM-0000071,IOCL,FLG BLD 1.5IN 150# SS316 RF,CAN-000465,DEPOT-IOCL-KYL,"Koyali Refinery, Gujarat",42,10610,30,FLANGE_BLIND,40.0,150,ASTM A182 F316,RF,ASME B16.5
IOCL-MM-0000072,IOCL,GSKT SPWD 8IN CL600 SS316/GRAF RF,CAN-002075,DEPOT-IOCL-PNP,"Panipat Refinery, Haryana",0,94130,0,SPIRAL_WOUND_GASKET,200.0,600,SS316 / GRAPHITE,RF,ASME B16.20
IOCL-MM-0000073,IOCL,VLV GLB 6IN 600# WCB RF,CAN-001929,DEPOT-IOCL-MTH,"Mathura Refinery, Uttar Pradesh",0,747230,0,GLOBE_VALVE,150.0,600,ASTM A216 WCB,RF,BS 1873
IOCL-MM-0000074,IOCL,FLG BLD 12IN CL900 SS316 RF ASMEB16.5,CAN-000693,DEPOT-IOCL-PRD,"Paradip Refinery, Odisha",0,610770,0,FLANGE_BLIND,300.0,900,ASTM A182 F316,RF,ASME B16.5
IOCL-MM-0000075,IOCL,VLV GT 8IN 300# SS316 RF API6D,CAN-001442,DEPOT-IOCL-MTH,"Mathura Refinery, Uttar Pradesh",30,1497140,86,GATE_VALVE,200.0,300,ASTM A182 F316,RF,API 6D
IOCL-MM-0000076,IOCL,FLG SO 4IN CL900 SS304 RF,CAN-000871,DEPOT-IOCL-GWT,"Guwahati Refinery, Assam",75,97610,639,FLANGE_SLIP_ON,100.0,900,ASTM A182 F304,RF,ASME B16.5
IOCL-MM-0000077,IOCL,GSKT SPWD 1IN CL300 SS316/GRAF RF,CAN-002013,DEPOT-IOCL-KYL,"Koyali Refinery, Gujarat",0,3620,0,SPIRAL_WOUND_GASKET,25.0,300,SS316 / GRAPHITE,RF,ASME B16.20
IOCL-MM-0000078,IOCL,VLV GT 1/2IN 150LB SS316 RF,CAN-001010,DEPOT-IOCL-PRD,"Paradip Refinery, Odisha",66,29640,703,GATE_VALVE,15.0,150,ASTM A182 F316,RF,API 6D
IOCL-MM-0000079,IOCL,FLG BLD 6IN 150LB A350-LF2 RF ASMEB16.5,CAN-000583,DEPOT-IOCL-GWT,"Guwahati Refinery, Assam",37,29570,415,FLANGE_BLIND,150.0,150,ASTM A350 LF2,RF,ASME B16.5
IOCL-MM-0000080,IOCL,FLG BLD 3IN 900LB SS316 RF ASMEB16.5,CAN-000543,DEPOT-IOCL-PNP,"Panipat Refinery, Haryana",0,109550,0,FLANGE_BLIND,80.0,900,ASTM A182 F316,RF,ASME B16.5
IOCL-MM-0000081,IOCL,VLV GT 2IN CL1500 A105 BW,CAN-001236,DEPOT-IOCL-PRD,"Paradip Refinery, Odisha",14,279640,87,GATE_VALVE,50.0,1500,ASTM A105,BW,API 6D
IOCL-MM-0000082,IOCL,FLG BLD 4IN 1500# SS316 RF ASMEB16.5,CAN-000579,DEPOT-IOCL-PRD,"Paradip Refinery, Odisha",39,220340,74,FLANGE_BLIND,100.0,1500,ASTM A182 F316,RF,ASME B16.5
IOCL-MM-0000083,IOCL,VLV GT 3IN 900# SS316 BW API600,CAN-001287,DEPOT-IOCL-MTH,"Mathura Refinery, Uttar Pradesh",20,1095560,621,GATE_VALVE,80.0,900,ASTM A182 F316,BW,API 600
IOCL-MM-0000084,IOCL,VLV GLB 10IN CL900 A105 RF,CAN-001976,DEPOT-IOCL-PNP,"Panipat Refinery, Haryana",32,2007850,39,GLOBE_VALVE,250.0,900,ASTM A105,RF,ASME B16.34
IOCL-MM-0000085,IOCL,FLG SO 4IN 1500LB SS316 RF,CAN-000879,DEPOT-IOCL-KYL,"Koyali Refinery, Gujarat",49,195860,83,FLANGE_SLIP_ON,100.0,1500,ASTM A182 F316,RF,ASME B16.5
IOCL-MM-0000086,IOCL,FLG BLD 1.5IN 900# SS316 RF,CAN-000483,DEPOT-IOCL-GWT,"Guwahati Refinery, Assam",19,44490,119,FLANGE_BLIND,40.0,900,ASTM A182 F316,RF,ASME B16.5
IOCL-MM-0000087,IOCL,STUDBLT 12IN 600# B7/2H THRD ASMEB18.2.1,CAN-002195,DEPOT-IOCL-PRD,"Paradip Refinery, Odisha",17,26830,10,STUD_BOLT,300.0,600,ASTM A193 B7 / A194 2H,THRD,ASME B18.2.1
IOCL-MM-0000088,IOCL,VLV GT 1.5IN CL150 WCB RF,CAN-001121,DEPOT-IOCL-PNP,"Panipat Refinery, Haryana",12,33160,76,GATE_VALVE,40.0,150,ASTM A216 WCB,RF,API 600
IOCL-MM-0000089,IOCL,FLG WNRF 4IN 150# A105 ASMEB16.5,CAN-000201,DEPOT-IOCL-GWT,"Guwahati Refinery, Assam",11,13330,29,FLANGE_WELD_NECK,100.0,150,ASTM A105,RF,ASME B16.5
IOCL-MM-0000090,IOCL,FLG WN 1.5IN 600LB SS316 RTJ ASMEB16.5,CAN-000104,DEPOT-IOCL-PRD,"Paradip Refinery, Odisha",28,39310,88,FLANGE_WELD_NECK,40.0,600,ASTM A182 F316,RTJ,ASME B16.5
IOCL-MM-0000091,IOCL,FLG WN 6IN 150LB A105 RTJ ASMEB16.5,CAN-000242,DEPOT-IOCL-MTH,"Mathura Refinery, Uttar Pradesh",40,22590,71,FLANGE_WELD_NECK,150.0,150,ASTM A105,RTJ,ASME B16.5
IOCL-MM-0000092,IOCL,VLV GT 6IN 300# SS316 RF API600,CAN-001381,DEPOT-IOCL-PRD,"Paradip Refinery, Odisha",24,1030010,83,GATE_VALVE,150.0,300,ASTM A182 F316,RF,API 600
IOCL-MM-0000093,IOCL,VLV BL 8IN 150LB SS316 RF,CAN-001743,DEPOT-IOCL-KYL,"Koyali Refinery, Gujarat",50,1050960,415,BALL_VALVE,200.0,150,ASTM A182 F316,RF,API 6D
IOCL-MM-0000094,IOCL,FLG SO 8IN 900LB A105 RF,CAN-000929,DEPOT-IOCL-MTH,"Mathura Refinery, Uttar Pradesh",0,100150,0,FLANGE_SLIP_ON,200.0,900,ASTM A105,RF,ASME B16.5
IOCL-MM-0000095,IOCL,FLG WN RTJ 2IN CL600 A350-LF2 ASMEB16.5,CAN-000140,DEPOT-IOCL-PRD,"Paradip Refinery, Odisha",48,26270,100,FLANGE_WELD_NECK,50.0,600,ASTM A350 LF2,RTJ,ASME B16.5
IOCL-MM-0000096,IOCL,FLG SO 3IN 900# A105 FF ASMEB16.5,CAN-000840,DEPOT-IOCL-PNP,"Panipat Refinery, Haryana",57,30430,662,FLANGE_SLIP_ON,80.0,900,ASTM A105,FF,ASME B16.5
IOCL-MM-0000097,IOCL,STUDBLT 12IN CL150 L7/GR7 THRD,CAN-002192,DEPOT-IOCL-PNP,"Panipat Refinery, Haryana",28,14160,20,STUD_BOLT,300.0,150,ASTM A320 L7 / A194 7,THRD,ASME B18.2.1
IOCL-MM-0000098,IOCL,VLV GT 1.5IN CL900 SS316 RF API600,CAN-001165,DEPOT-IOCL-KYL,"Koyali Refinery, Gujarat",122,444930,713,GATE_VALVE,40.0,900,ASTM A182 F316,RF,API 600
IOCL-MM-0000099,IOCL,STUDBLT 2IN 900LB B7/2H THRD,CAN-002137,DEPOT-IOCL-PRD,"Paradip Refinery, Odisha",0,3610,0,STUD_BOLT,50.0,900,ASTM A193 B7 / A194 2H,THRD,ASME B18.2.1
IOCL-MM-0000100,IOCL,VLV GLB 3IN 900# WCB RF,CAN-001894,DEPOT-IOCL-KYL,"Koyali Refinery, Gujarat",0,456480,0,GLOBE_VALVE,80.0,900,ASTM A216 WCB,RF,ASME B16.34
IOCL-MM-0000101,IOCL,FLG WN 1/2IN CL900 A105 RTJ,CAN-000026,DEPOT-IOCL-MTH,"Mathura Refinery, Uttar Pradesh",0,4740,0,FLANGE_WELD_NECK,15.0,900,ASTM A105,RTJ,ASME B16.5
IOCL-MM-0000102,IOCL,VLV GT 12IN CL900 SS316 RF,CAN-001586,DEPOT-IOCL-MTH,"Mathura Refinery, Uttar Pradesh",48,6107710,14,GATE_VALVE,300.0,900,ASTM A182 F316,RF,API 6D
IOCL-MM-0000103,IOCL,VLV GT 10IN 300LB A105 BW API6D,CAN-001500,DEPOT-IOCL-PNP,"Panipat Refinery, Haryana",42,625310,462,GATE_VALVE,250.0,300,ASTM A105,BW,API 6D
IOCL-MM-0000104,IOCL,VLV GT 2IN 150LB WCB RF API6D,CAN-001182,DEPOT-IOCL-KYL,"Koyali Refinery, Gujarat",17,44320,76,GATE_VALVE,50.0,150,ASTM A216 WCB,RF,API 6D
IOCL-MM-0000105,IOCL,FLG BLD 6IN 300# A105 RTJ ASMEB16.5,CAN-000588,DEPOT-IOCL-PNP,"Panipat Refinery, Haryana",40,32180,84,FLANGE_BLIND,150.0,300,ASTM A105,RTJ,ASME B16.5
IOCL-MM-0000106,IOCL,VLV GT 6IN 1500LB WCB BW API600,CAN-001411,DEPOT-IOCL-GWT,"Guwahati Refinery, Assam",0,1166450,0,GATE_VALVE,150.0,1500,ASTM A216 WCB,BW,API 600
IOCL-MM-0000107,IOCL,FLG WN RTJ 6IN 150# SS304,CAN-000246,DEPOT-IOCL-PNP,"Panipat Refinery, Haryana",31,54220,74,FLANGE_WELD_NECK,150.0,150,ASTM A182 F304,RTJ,ASME B16.5
IOCL-MM-0000108,IOCL,FLG SO 10IN 600# SS316 RF,CAN-000957,DEPOT-IOCL-PRD,"Paradip Refinery, Odisha",12,309680,112,FLANGE_SLIP_ON,250.0,600,ASTM A182 F316,RF,ASME B16.5
IOCL-MM-0000109,IOCL,FLG SO 12IN CL1500 SS316 RF,CAN-000999,DEPOT-IOCL-PRD,"Paradip Refinery, Odisha",84,816960,633,FLANGE_SLIP_ON,300.0,1500,ASTM A182 F316,RF,ASME B16.5
IOCL-MM-0000110,IOCL,GSKT SPWD 12IN 1500LB SS316/GRAF RF,CAN-002099,DEPOT-IOCL-MTH,"Mathura Refinery, Uttar Pradesh",137,331890,651,SPIRAL_WOUND_GASKET,300.0,1500,SS316 / GRAPHITE,RF,ASME B16.20
IOCL-MM-0000111,IOCL,VLV GLB 6IN CL300 A105 RF,CAN-001927,DEPOT-IOCL-KYL,"Koyali Refinery, Gujarat",0,429170,0,GLOBE_VALVE,150.0,300,ASTM A105,RF,BS 1873
IOCL-MM-0000112,IOCL,FLG BLD RTJ 4IN 1500# SS316,CAN-000580,DEPOT-IOCL-MTH,"Mathura Refinery, Uttar Pradesh",19,220340,112,FLANGE_BLIND,100.0,1500,ASTM A182 F316,RTJ,ASME B16.5
IOCL-MM-0000113,IOCL,VLV GT 1IN 900LB A105 RF,CAN-001102,DEPOT-IOCL-GWT,"Guwahati Refinery, Assam",5,75470,99,GATE_VALVE,25.0,900,ASTM A105,RF,API 6D
IOCL-MM-0000114,IOCL,FLG WN RTJ 12IN 1500LB A105 ASMEB16.5,CAN-000394,DEPOT-IOCL-GWT,"Guwahati Refinery, Assam",0,351040,0,FLANGE_WELD_NECK,300.0,1500,ASTM A105,RTJ,ASME B16.5
IOCL-MM-0000115,IOCL,GSKT SPWD 1/2IN 900# SS304/GRAF RF,CAN-002008,DEPOT-IOCL-GWT,"Guwahati Refinery, Assam",0,3360,0,SPIRAL_WOUND_GASKET,15.0,900,SS304 / GRAPHITE,RF,ASME B16.20
IOCL-MM-0000116,IOCL,VLV GLB 4IN CL900 A105 RF ASMEB16.34,CAN-001916,DEPOT-IOCL-MTH,"Mathura Refinery, Uttar Pradesh",17,610110,40,GLOBE_VALVE,100.0,900,ASTM A105,RF,ASME B16.34
IOCL-MM-0000117,IOCL,FLG BLD 10IN CL600 SS316 RF ASMEB16.5,CAN-000657,DEPOT-IOCL-GWT,"Guwahati Refinery, Assam",0,348390,0,FLANGE_BLIND,250.0,600,ASTM A182 F316,RF,ASME B16.5
IOCL-MM-0000118,IOCL,VLV GT 6IN 900# SS316 RF,CAN-001406,DEPOT-IOCL-PRD,"Paradip Refinery, Odisha",11,2480500,25,GATE_VALVE,150.0,900,ASTM A182 F316,RF,API 6D
IOCL-MM-0000119,IOCL,VLV GT 4IN 900# WCB BW,CAN-001340,DEPOT-IOCL-KYL,"Koyali Refinery, Gujarat",39,457580,15,GATE_VALVE,100.0,900,ASTM A216 WCB,BW,API 6D
IOCL-MM-0000120,IOCL,FLG WNRF 10IN 600LB A105 ASMEB16.5,CAN-000337,DEPOT-IOCL-PRD,"Paradip Refinery, Odisha",145,133060,367,FLANGE_WELD_NECK,250.0,600,ASTM A105,RF,ASME B16.5
IOCL-MM-0000121,IOCL,VLV BL 2IN CL1500 WCB BW API6D,CAN-001678,DEPOT-IOCL-MTH,"Mathura Refinery, Uttar Pradesh",52,341790,235,BALL_VALVE,50.0,1500,ASTM A216 WCB,BW,API 6D
IOCL-MM-0000122,IOCL,VLV GT 2IN CL150 A105 BW,CAN-001187,DEPOT-IOCL-KYL,"Koyali Refinery, Gujarat",28,44320,694,GATE_VALVE,50.0,150,ASTM A105,BW,API 600
IOCL-MM-0000123,IOCL,VLV BL 4IN 900LB WCB RF API6D,CAN-001713,DEPOT-IOCL-MTH,"Mathura Refinery, Uttar Pradesh",12,559270,99,BALL_VALVE,100.0,900,ASTM A216 WCB,RF,API 6D
IOCL-MM-0000124,IOCL,VLV GT 1.5IN CL900 SS316 BW,CAN-001167,DEPOT-IOCL-PNP,"Panipat Refinery, Haryana",0,444930,0,GATE_VALVE,40.0,900,ASTM A182 F316,BW,API 600
IOCL-MM-0000125,IOCL,FLG WN RTJ 1/2IN 150# A105 ASMEB16.5,CAN-000002,DEPOT-IOCL-GWT,"Guwahati Refinery, Assam",21,1130,33,FLANGE_WELD_NECK,15.0,150,ASTM A105,RTJ,ASME B16.5
IOCL-MM-0000126,IOCL,FLG SO 1/2IN CL600 A105 FF ASMEB16.5,CAN-000714,DEPOT-IOCL-GWT,"Guwahati Refinery, Assam",44,2490,53,FLANGE_SLIP_ON,15.0,600,ASTM A105,FF,ASME B16.5
IOCL-MM-0000127,IOCL,FLG WNRF 1IN 150LB A350-LF2,CAN-000043,DEPOT-IOCL-KYL,"Koyali Refinery, Gujarat",115,3520,553,FLANGE_WELD_NECK,25.0,150,ASTM A350 LF2,RF,ASME B16.5
IOCL-MM-0000128,IOCL,GSKT SPWD 3IN 600LB SS316/GRAF RF ASMEB16.20,CAN-002045,DEPOT-IOCL-MTH,"Mathura Refinery, Uttar Pradesh",41,28600,97,SPIRAL_WOUND_GASKET,80.0,600,SS316 / GRAPHITE,RF,ASME B16.20
IOCL-MM-0000129,IOCL,VLV GLB 6IN 900# WCB RF,CAN-001934,DEPOT-IOCL-GWT,"Guwahati Refinery, Assam",130,1033540,570,GLOBE_VALVE,150.0,900,ASTM A216 WCB,RF,ASME B16.34
IOCL-MM-0000130,IOCL,VLV GLB 1IN 600# WCB RF ASMEB16.34,CAN-001830,DEPOT-IOCL-MTH,"Mathura Refinery, Uttar Pradesh",5,72750,32,GLOBE_VALVE,25.0,600,ASTM A216 WCB,RF,ASME B16.34
IOCL-MM-0000131,IOCL,FLG BLD 12IN 300LB A105 RF,CAN-000677,DEPOT-IOCL-PRD,"Paradip Refinery, Odisha",25,79250,110,FLANGE_BLIND,300.0,300,ASTM A105,RF,ASME B16.5
IOCL-MM-0000132,IOCL,FLG WN RTJ 2IN 150LB SS316,CAN-000128,DEPOT-IOCL-PRD,"Paradip Refinery, Odisha",0,17330,0,FLANGE_WELD_NECK,50.0,150,ASTM A182 F316,RTJ,ASME B16.5
IOCL-MM-0000133,IOCL,VLV GLB 6IN 600# A105 RF,CAN-001932,DEPOT-IOCL-PNP,"Panipat Refinery, Haryana",0,747230,0,GLOBE_VALVE,150.0,600,ASTM A105,RF,ASME B16.34
IOCL-MM-0000134,IOCL,GSKT SPWD 10IN 300LB SS304/GRAF RF,CAN-002084,DEPOT-IOCL-PNP,"Panipat Refinery, Haryana",26,54190,43,SPIRAL_WOUND_GASKET,250.0,300,SS304 / GRAPHITE,RF,ASME B16.20
IOCL-MM-0000135,IOCL,FLG WNRF 3IN 900LB SS304,CAN-000189,DEPOT-IOCL-GWT,"Guwahati Refinery, Assam",31,100420,25,FLANGE_WELD_NECK,80.0,900,ASTM A182 F304,RF,ASME B16.5
IOCL-MM-0000136,IOCL,VLV GT 1IN 150LB SS316 RF,CAN-001070,DEPOT-IOCL-PRD,"Paradip Refinery, Odisha",0,57600,0,GATE_VALVE,25.0,150,ASTM A182 F316,RF,API 6D
IOCL-MM-0000137,IOCL,FLG WN 2IN CL1500 A105 RF,CAN-000153,DEPOT-IOCL-GWT,"Guwahati Refinery, Assam",48,34170,75,FLANGE_WELD_NECK,50.0,1500,ASTM A105,RF,ASME B16.5
IOCL-MM-0000138,IOCL,VLV BL 2IN 900LB WCB BW,CAN-001674,DEPOT-IOCL-KYL,"Koyali Refinery, Gujarat",117,227130,473,BALL_VALVE,50.0,900,ASTM A216 WCB,BW,API 6D
IOCL-MM-0000139,IOCL,VLV BL 3IN 300LB WCB RF,CAN-001685,DEPOT-IOCL-MTH,"Mathura Refinery, Uttar Pradesh",106,173750,611,BALL_VALVE,80.0,300,ASTM A216 WCB,RF,API 6D
IOCL-MM-0000140,IOCL,FLG WN 8IN CL150 A350-LF2 RF,CAN-000283,DEPOT-IOCL-PNP,"Panipat Refinery, Haryana",0,52540,0,FLANGE_WELD_NECK,200.0,150,ASTM A350 LF2,RF,ASME B16.5
IOCL-MM-0000141,IOCL,VLV GT 1/2IN 900LB SS316 RF API6D,CAN-001046,DEPOT-IOCL-GWT,"Guwahati Refinery, Assam",50,124310,44,GATE_VALVE,15.0,900,ASTM A182 F316,RF,API 6D
IOCL-MM-0000142,IOCL,VLV GT 2IN CL600 A105 RF,CAN-001210,DEPOT-IOCL-GWT,"Guwahati Refinery, Assam",112,134350,713,GATE_VALVE,50.0,600,ASTM A105,RF,API 6D
IOCL-MM-0000143,IOCL,FLG BLD RTJ 6IN 150LB A350-LF2 ASMEB16.5,CAN-000584,DEPOT-IOCL-PNP,"Panipat Refinery, Haryana",0,29570,0,FLANGE_BLIND,150.0,150,ASTM A350 LF2,RTJ,ASME B16.5
IOCL-MM-0000144,IOCL,VLV GLB 4IN 1500# A105 RF,CAN-001920,DEPOT-IOCL-PNP,"Panipat Refinery, Haryana",0,918090,0,GLOBE_VALVE,100.0,1500,ASTM A105,RF,ASME B16.34
IOCL-MM-0000145,IOCL,FLG SO 8IN 900LB SS304 RF ASMEB16.5,CAN-000931,DEPOT-IOCL-PNP,"Panipat Refinery, Haryana",141,240360,741,FLANGE_SLIP_ON,200.0,900,ASTM A182 F304,RF,ASME B16.5
IOCL-MM-0000146,IOCL,FLG BLD RTJ 1.5IN 150# SS316 ASMEB16.5,CAN-000466,DEPOT-IOCL-PNP,"Panipat Refinery, Haryana",0,10610,0,FLANGE_BLIND,40.0,150,ASTM A182 F316,RTJ,ASME B16.5
IOCL-MM-0000147,IOCL,VLV GT 2IN CL150 A105 BW API600,CAN-001187,DEPOT-IOCL-KYL,"Koyali Refinery, Gujarat",20,44320,104,GATE_VALVE,50.0,150,ASTM A105,BW,API 600
IOCL-MM-0000148,IOCL,VLV BL 1/2IN 300LB WCB BW,CAN-001606,DEPOT-IOCL-MTH,"Mathura Refinery, Uttar Pradesh",0,19710,0,BALL_VALVE,15.0,300,ASTM A216 WCB,BW,API 6D
IOCL-MM-0000149,IOCL,FLG BLD 1IN 600# A105 RF ASMEB16.5,CAN-000443,DEPOT-IOCL-GWT,"Guwahati Refinery, Assam",103,5450,667,FLANGE_BLIND,25.0,600,ASTM A105,RF,ASME B16.5
IOCL-MM-0000150,IOCL,FLG BLD 12IN 600LB A350-LF2 RTJ,CAN-000686,DEPOT-IOCL-GWT,"Guwahati Refinery, Assam",13,220780,99,FLANGE_BLIND,300.0,600,ASTM A350 LF2,RTJ,ASME B16.5
IOCL-MM-0000151,IOCL,STUDBLT 10IN CL1500 L7/GR7 THRD ASMEB18.2.1,CAN-002190,DEPOT-IOCL-PRD,"Paradip Refinery, Odisha",45,70490,82,STUD_BOLT,250.0,1500,ASTM A320 L7 / A194 7,THRD,ASME B18.2.1
IOCL-MM-0000152,IOCL,VLV GT 8IN 150LB SS316 RF,CAN-001430,DEPOT-IOCL-PRD,"Paradip Refinery, Odisha",27,859880,71,GATE_VALVE,200.0,150,ASTM A182 F316,RF,API 6D
IOCL-MM-0000153,IOCL,FLG SO 10IN CL900 SS316 FF ASMEB16.5,CAN-000964,DEPOT-IOCL-PNP,"Panipat Refinery, Haryana",28,428340,62,FLANGE_SLIP_ON,250.0,900,ASTM A182 F316,FF,ASME B16.5
IOCL-MM-0000154,IOCL,VLV GT 1.5IN 300LB A105 BW API600,CAN-001139,DEPOT-IOCL-PNP,"Panipat Refinery, Haryana",0,57730,0,GATE_VALVE,40.0,300,ASTM A105,BW,API 600
IOCL-MM-0000155,IOCL,FLG WNRF 6IN 900# A350-LF2,CAN-000267,DEPOT-IOCL-PNP,"Panipat Refinery, Haryana",36,151580,106,FLANGE_WELD_NECK,150.0,900,ASTM A350 LF2,RF,ASME B16.5
IOCL-MM-0000156,IOCL,FLG BLD 2IN 150LB SS316 RF ASMEB16.5,CAN-000495,DEPOT-IOCL-KYL,"Koyali Refinery, Gujarat",79,14180,187,FLANGE_BLIND,50.0,150,ASTM A182 F316,RF,ASME B16.5
IOCL-MM-0000157,IOCL,FLG SO 1IN CL600 A105 FF ASMEB16.5,CAN-000744,DEPOT-IOCL-KYL,"Koyali Refinery, Gujarat",131,4850,584,FLANGE_SLIP_ON,25.0,600,ASTM A105,FF,ASME B16.5
IOCL-MM-0000158,IOCL,VLV GT 3IN 1500# A105 BW API600,CAN-001295,DEPOT-IOCL-KYL,"Koyali Refinery, Gujarat",76,515190,449,GATE_VALVE,80.0,1500,ASTM A105,BW,API 600
IOCL-MM-0000159,IOCL,FLG BLD 2IN 600# SS316 RF,CAN-000507,DEPOT-IOCL-MTH,"Mathura Refinery, Uttar Pradesh",44,42990,113,FLANGE_BLIND,50.0,600,ASTM A182 F316,RF,ASME B16.5
IOCL-MM-0000160,IOCL,FLG BLD 1.5IN CL1500 A105 RF,CAN-000485,DEPOT-IOCL-GWT,"Guwahati Refinery, Assam",39,20920,113,FLANGE_BLIND,40.0,1500,ASTM A105,RF,ASME B16.5
IOCL-MM-0000161,IOCL,FLG WNRF 2IN 1500LB SS304,CAN-000157,DEPOT-IOCL-MTH,"Mathura Refinery, Uttar Pradesh",0,82030,0,FLANGE_WELD_NECK,50.0,1500,ASTM A182 F304,RF,ASME B16.5
IOCL-MM-0000162,IOCL,VLV GT 6IN 600# A105 RF,CAN-001389,DEPOT-IOCL-PRD,"Paradip Refinery, Odisha",49,560420,89,GATE_VALVE,150.0,600,ASTM A105,RF,API 600
IOCL-MM-0000163,IOCL,FLG BLD RTJ 2IN 600LB A105 ASMEB16.5,CAN-000504,DEPOT-IOCL-PNP,"Panipat Refinery, Haryana",25,13430,370,FLANGE_BLIND,50.0,600,ASTM A105,RTJ,ASME B16.5
IOCL-MM-0000164,IOCL,VLV GLB 12IN 600# A105 RF ASMEB16.34,CAN-001992,DEPOT-IOCL-MTH,"Mathura Refinery, Uttar Pradesh",22,1839900,418,GLOBE_VALVE,300.0,600,ASTM A105,RF,ASME B16.34
IOCL-MM-0000165,IOCL,VLV GLB 3IN 600# A105 RF ASMEB16.34,CAN-001892,DEPOT-IOCL-KYL,"Koyali Refinery, Gujarat",0,330030,0,GLOBE_VALVE,80.0,600,ASTM A105,RF,ASME B16.34
IOCL-MM-0000166,IOCL,FLG WN RTJ 2IN 1500LB A350-LF2,CAN-000156,DEPOT-IOCL-GWT,"Guwahati Refinery, Assam",7,54680,52,FLANGE_WELD_NECK,50.0,1500,ASTM A350 LF2,RTJ,ASME B16.5
IOCL-MM-0000167,IOCL,FLG BLD 3IN 150# A350-LF2 RTJ,CAN-000524,DEPOT-IOCL-PNP,"Panipat Refinery, Haryana",30,13060,19,FLANGE_BLIND,80.0,150,ASTM A350 LF2,RTJ,ASME B16.5
IOCL-MM-0000168,IOCL,VLV GT 8IN CL1500 WCB BW,CAN-001472,DEPOT-IOCL-MTH,"Mathura Refinery, Uttar Pradesh",84,1695460,570,GATE_VALVE,200.0,1500,ASTM A216 WCB,BW,API 6D
IOCL-MM-0000169,IOCL,FLG BLD RTJ 1.5IN 300# SS316,CAN-000472,DEPOT-IOCL-MTH,"Mathura Refinery, Uttar Pradesh",33,18470,41,FLANGE_BLIND,40.0,300,ASTM A182 F316,RTJ,ASME B16.5
IOCL-MM-0000170,IOCL,FLG WN 8IN CL300 A350-LF2 RTJ ASMEB16.5,CAN-000292,DEPOT-IOCL-PNP,"Panipat Refinery, Haryana",18,91490,70,FLANGE_WELD_NECK,200.0,300,ASTM A350 LF2,RTJ,ASME B16.5
IOCL-MM-0000171,IOCL,GSKT SPWD 4IN 1500LB SS316/GRAF RF,CAN-002059,DEPOT-IOCL-GWT,"Guwahati Refinery, Assam",60,79560,223,SPIRAL_WOUND_GASKET,100.0,1500,SS316 / GRAPHITE,RF,ASME B16.20
IOCL-MM-0000172,IOCL,VLV GT 3IN CL300 A105 RF,CAN-001257,DEPOT-IOCL-PRD,"Paradip Refinery, Odisha",0,142160,0,GATE_VALVE,80.0,300,ASTM A105,RF,API 600
IOCL-MM-0000173,IOCL,VLV GT 1/2IN 900LB WCB BW,CAN-001040,DEPOT-IOCL-MTH,"Mathura Refinery, Uttar Pradesh",8,38840,120,GATE_VALVE,15.0,900,ASTM A216 WCB,BW,API 6D
IOCL-MM-0000174,IOCL,VLV BL 6IN CL300 SS316 RF API6D,CAN-001727,DEPOT-IOCL-PNP,"Panipat Refinery, Haryana",0,1258900,0,BALL_VALVE,150.0,300,ASTM A182 F316,RF,API 6D
IOCL-MM-0000175,IOCL,VLV BL 10IN 1500LB WCB RF API6D,CAN-001777,DEPOT-IOCL-MTH,"Mathura Refinery, Uttar Pradesh",50,2769630,585,BALL_VALVE,250.0,1500,ASTM A216 WCB,RF,API 6D
IOCL-MM-0000176,IOCL,FLG BLD 1/2IN 900# A105 RF ASMEB16.5,CAN-000419,DEPOT-IOCL-PNP,"Panipat Refinery, Haryana",49,3880,70,FLANGE_BLIND,15.0,900,ASTM A105,RF,ASME B16.5
IOCL-MM-0000177,IOCL,FLG WN 4IN CL300 SS304 RTJ ASMEB16.5,CAN-000214,DEPOT-IOCL-PNP,"Panipat Refinery, Haryana",0,55730,0,FLANGE_WELD_NECK,100.0,300,ASTM A182 F304,RTJ,ASME B16.5
IOCL-MM-0000178,IOCL,FLG SO 10IN 300LB SS304 RF ASMEB16.5,CAN-000949,DEPOT-IOCL-PRD,"Paradip Refinery, Odisha",45,133390,17,FLANGE_SLIP_ON,250.0,300,ASTM A182 F304,RF,ASME B16.5
IOCL-MM-0000179,IOCL,FLG SO 8IN 900# SS304 FF ASMEB16.5,CAN-000932,DEPOT-IOCL-MTH,"Mathura Refinery, Uttar Pradesh",47,240360,308,FLANGE_SLIP_ON,200.0,900,ASTM A182 F304,FF,ASME B16.5
IOCL-MM-0000180,IOCL,VLV GT 1/2IN 600LB WCB BW API6D,CAN-001028,DEPOT-IOCL-PRD,"Paradip Refinery, Odisha",108,28080,629,GATE_VALVE,15.0,600,ASTM A216 WCB,BW,API 6D
IOCL-MM-0000181,IOCL,VLV BL 1/2IN CL150 SS316 BW API6D,CAN-001604,DEPOT-IOCL-KYL,"Koyali Refinery, Gujarat",13,36230,42,BALL_VALVE,15.0,150,ASTM A182 F316,BW,API 6D
IOCL-MM-0000182,IOCL,VLV GT 10IN 150# WCB RF,CAN-001482,DEPOT-IOCL-KYL,"Koyali Refinery, Gujarat",39,359140,99,GATE_VALVE,250.0,150,ASTM A216 WCB,RF,API 6D
IOCL-MM-0000183,IOCL,STUDBLT 6IN 600LB L7/GR7 THRD ASMEB18.2.1,CAN-002166,DEPOT-IOCL-MTH,"Mathura Refinery, Uttar Pradesh",25,17430,103,STUD_BOLT,150.0,600,ASTM A320 L7 / A194 7,THRD,ASME B18.2.1
IOCL-MM-0000184,IOCL,FLG WNRF 4IN 600LB A105,CAN-000217,DEPOT-IOCL-PRD,"Paradip Refinery, Odisha",0,40430,0,FLANGE_WELD_NECK,100.0,600,ASTM A105,RF,ASME B16.5
IOCL-MM-0000185,IOCL,FLG SO 6IN CL150 SS316 FF ASMEB16.5,CAN-000886,DEPOT-IOCL-GWT,"Guwahati Refinery, Assam",113,52580,644,FLANGE_SLIP_ON,150.0,150,ASTM A182 F316,FF,ASME B16.5
IOCL-MM-0000186,IOCL,FLG SO 1IN 600# SS316 RF,CAN-000747,DEPOT-IOCL-PRD,"Paradip Refinery, Odisha",16,15520,12,FLANGE_SLIP_ON,25.0,600,ASTM A182 F316,RF,ASME B16.5
IOCL-MM-0000187,IOCL,VLV GLB 3IN CL900 A105 RF,CAN-001896,DEPOT-IOCL-PRD,"Paradip Refinery, Odisha",0,456480,0,GLOBE_VALVE,80.0,900,ASTM A105,RF,ASME B16.34
IOCL-MM-0000188,IOCL,FLG BLD RTJ 3IN CL1500 A350-LF2,CAN-000548,DEPOT-IOCL-KYL,"Koyali Refinery, Gujarat",0,82430,0,FLANGE_BLIND,80.0,1500,ASTM A350 LF2,RTJ,ASME B16.5
IOCL-MM-0000189,IOCL,FLG BLD 1/2IN CL900 A105 RF,CAN-000419,DEPOT-IOCL-PRD,"Paradip Refinery, Odisha",0,3880,0,FLANGE_BLIND,15.0,900,ASTM A105,RF,ASME B16.5
IOCL-MM-0000190,IOCL,FLG SO 12IN 600LB SS316 RF ASMEB16.5,CAN-000987,DEPOT-IOCL-GWT,"Guwahati Refinery, Assam",0,392510,0,FLANGE_SLIP_ON,300.0,600,ASTM A182 F316,RF,ASME B16.5
IOCL-MM-0000191,IOCL,FLG SO 8IN CL900 A105 RF,CAN-000929,DEPOT-IOCL-PNP,"Panipat Refinery, Haryana",53,100150,362,FLANGE_SLIP_ON,200.0,900,ASTM A105,RF,ASME B16.5
IOCL-MM-0000192,IOCL,FLG BLD 8IN 150# A350-LF2 RF ASMEB16.5,CAN-000613,DEPOT-IOCL-KYL,"Koyali Refinery, Gujarat",0,42990,0,FLANGE_BLIND,200.0,150,ASTM A350 LF2,RF,ASME B16.5
IOCL-MM-0000193,IOCL,FLG BLD 3IN 1500# SS316 RTJ,CAN-000550,DEPOT-IOCL-KYL,"Koyali Refinery, Gujarat",49,164860,85,FLANGE_BLIND,80.0,1500,ASTM A182 F316,RTJ,ASME B16.5
IOCL-MM-0000194,IOCL,GSKT SPWD 2IN 150LB SS304/GRAF RF ASMEB16.20,CAN-002032,DEPOT-IOCL-MTH,"Mathura Refinery, Uttar Pradesh",9,3840,11,SPIRAL_WOUND_GASKET,50.0,150,SS304 / GRAPHITE,RF,ASME B16.20
IOCL-MM-0000195,IOCL,FLG SO 12IN 150# SS316 RF,CAN-000975,DEPOT-IOCL-PNP,"Panipat Refinery, Haryana",45,129480,17,FLANGE_SLIP_ON,300.0,150,ASTM A182 F316,RF,ASME B16.5
IOCL-MM-0000196,IOCL,VLV GLB 3IN 900LB A105 RF,CAN-001895,DEPOT-IOCL-KYL,"Koyali Refinery, Gujarat",34,456480,452,GLOBE_VALVE,80.0,900,ASTM A105,RF,BS 1873
IOCL-MM-0000197,IOCL,VLV GT 2IN CL600 A105 BW API600,CAN-001211,DEPOT-IOCL-PNP,"Panipat Refinery, Haryana",39,134350,401,GATE_VALVE,50.0,600,ASTM A105,BW,API 600
IOCL-MM-0000198,IOCL,FLG WN RTJ 1.5IN CL900 SS316,CAN-000112,DEPOT-IOCL-PRD,"Paradip Refinery, Odisha",17,54380,77,FLANGE_WELD_NECK,40.0,900,ASTM A182 F316,RTJ,ASME B16.5
IOCL-MM-0000199,IOCL,STUDBLT 12IN CL1500 B7/2H THRD ASMEB18.2.1,CAN-002199,DEPOT-IOCL-MTH,"Mathura Refinery, Uttar Pradesh",40,55840,63,STUD_BOLT,300.0,1500,ASTM A193 B7 / A194 2H,THRD,ASME B18.2.1
IOCL-MM-0000200,IOCL,VLV GLB 1IN CL1500 A105 RF ASMEB16.34,CAN-001840,DEPOT-IOCL-PRD,"Paradip Refinery, Odisha",34,151420,99,GLOBE_VALVE,25.0,1500,ASTM A105,RF,ASME B16.34
IOCL-MM-0000201,IOCL,STUDBLT 2IN CL150 L7/GR7 THRD,CAN-002132,DEPOT-IOCL-PNP,"Panipat Refinery, Haryana",0,1370,0,STUD_BOLT,50.0,150,ASTM A320 L7 / A194 7,THRD,ASME B18.2.1
IOCL-MM-0000202,IOCL,GSKT SPWD 2IN 1500# SS316/GRAF RF,CAN-002039,DEPOT-IOCL-PRD,"Paradip Refinery, Odisha",15,32310,78,SPIRAL_WOUND_GASKET,50.0,1500,SS316 / GRAPHITE,RF,ASME B16.20
IOCL-MM-0000203,IOCL,VLV GLB 2IN CL300 A105 RF,CAN-001868,DEPOT-IOCL-GWT,"Guwahati Refinery, Assam",103,102890,560,GLOBE_VALVE,50.0,300,ASTM A105,RF,ASME B16.34
IOCL-MM-0000204,IOCL,FLG WN 12IN 150LB SS304 RTJ,CAN-000366,DEPOT-IOCL-GWT,"Guwahati Refinery, Assam",41,133520,79,FLANGE_WELD_NECK,300.0,150,ASTM A182 F304,RTJ,ASME B16.5
IOCL-MM-0000205,IOCL,VLV GT 1IN 150# SS316 RF API600,CAN-001069,DEPOT-IOCL-PRD,"Paradip Refinery, Odisha",85,57600,548,GATE_VALVE,25.0,150,ASTM A182 F316,RF,API 600
IOCL-MM-0000206,IOCL,FLG BLD 1.5IN 300LB SS316 RF,CAN-000471,DEPOT-IOCL-KYL,"Koyali Refinery, Gujarat",0,18470,0,FLANGE_BLIND,40.0,300,ASTM A182 F316,RF,ASME B16.5
IOCL-MM-0000207,IOCL,FLG SO 6IN 150# SS304 RF,CAN-000883,DEPOT-IOCL-PRD,"Paradip Refinery, Odisha",0,39430,0,FLANGE_SLIP_ON,150.0,150,ASTM A182 F304,RF,ASME B16.5
IOCL-MM-0000208,IOCL,FLG WN 2IN 300# A105 RF ASMEB16.5,CAN-000129,DEPOT-IOCL-GWT,"Guwahati Refinery, Assam",74,9430,502,FLANGE_WELD_NECK,50.0,300,ASTM A105,RF,ASME B16.5
IOCL-MM-0000209,IOCL,FLG SO 3IN 600# A105 FF,CAN-000834,DEPOT-IOCL-GWT,"Guwahati Refinery, Assam",150,22000,749,FLANGE_SLIP_ON,80.0,600,ASTM A105,FF,ASME B16.5
IOCL-MM-0000210,IOCL,STUDBLT 6IN CL900 L7/GR7 THRD,CAN-002168,DEPOT-IOCL-MTH,"Mathura Refinery, Uttar Pradesh",0,24110,0,STUD_BOLT,150.0,900,ASTM A320 L7 / A194 7,THRD,ASME B18.2.1
IOCL-MM-0000211,IOCL,FLG BLD RTJ 6IN 150LB A350-LF2 ASMEB16.5,CAN-000584,DEPOT-IOCL-GWT,"Guwahati Refinery, Assam",83,29570,418,FLANGE_BLIND,150.0,150,ASTM A350 LF2,RTJ,ASME B16.5
IOCL-MM-0000212,IOCL,VLV BL 6IN 300LB WCB RF,CAN-001725,DEPOT-IOCL-PNP,"Panipat Refinery, Haryana",41,393400,37,BALL_VALVE,150.0,300,ASTM A216 WCB,RF,API 6D
IOCL-MM-0000213,IOCL,VLV GT 1/2IN CL150 WCB RF API6D,CAN-001002,DEPOT-IOCL-GWT,"Guwahati Refinery, Assam",64,9260,679,GATE_VALVE,15.0,150,ASTM A216 WCB,RF,API 6D
IOCL-MM-0000214,IOCL,FLG SO 8IN CL900 SS304 RF,CAN-000931,DEPOT-IOCL-PNP,"Panipat Refinery, Haryana",24,240360,14,FLANGE_SLIP_ON,200.0,900,ASTM A182 F304,RF,ASME B16.5
IOCL-MM-0000215,IOCL,STUDBLT 1/2IN CL900 B7/2H THRD,CAN-002107,DEPOT-IOCL-KYL,"Koyali Refinery, Gujarat",0,750,0,STUD_BOLT,15.0,900,ASTM A193 B7 / A194 2H,THRD,ASME B18.2.1
IOCL-MM-0000216,IOCL,STUDBLT 10IN 1500# L7/GR7 THRD,CAN-002190,DEPOT-IOCL-GWT,"Guwahati Refinery, Assam",32,70490,63,STUD_BOLT,250.0,1500,ASTM A320 L7 / A194 7,THRD,ASME B18.2.1
IOCL-MM-0000217,IOCL,VLV GT 2IN 900# A105 BW,CAN-001223,DEPOT-IOCL-MTH,"Mathura Refinery, Uttar Pradesh",22,185830,571,GATE_VALVE,50.0,900,ASTM A105,BW,API 600
IOCL-MM-0000218,IOCL,VLV GT 12IN 900# A105 RF API600,CAN-001581,DEPOT-IOCL-PNP,"Panipat Refinery, Haryana",41,1908660,29,GATE_VALVE,300.0,900,ASTM A105,RF,API 600
IOCL-MM-0000219,IOCL,FLG WNRF 10IN 600LB SS304 ASMEB16.5,CAN-000341,DEPOT-IOCL-PNP,"Panipat Refinery, Haryana",30,319360,67,FLANGE_WELD_NECK,250.0,600,ASTM A182 F304,RF,ASME B16.5
IOCL-MM-0000220,IOCL,FLG BLD 10IN CL600 A105 RF,CAN-000653,DEPOT-IOCL-PNP,"Panipat Refinery, Haryana",0,108870,0,FLANGE_BLIND,250.0,600,ASTM A105,RF,ASME B16.5
IOCL-MM-0000221,IOCL,STUDBLT 2IN 150LB L7/GR7 THRD,CAN-002132,DEPOT-IOCL-MTH,"Mathura Refinery, Uttar Pradesh",0,1370,0,STUD_BOLT,50.0,150,ASTM A320 L7 / A194 7,THRD,ASME B18.2.1
IOCL-MM-0000222,IOCL,VLV GT 3IN 600# SS316 BW,CAN-001275,DEPOT-IOCL-PNP,"Panipat Refinery, Haryana",21,792070,20,GATE_VALVE,80.0,600,ASTM A182 F316,BW,API 600
IOCL-MM-0000223,IOCL,VLV GT 2IN 300LB WCB RF,CAN-001193,DEPOT-IOCL-MTH,"Mathura Refinery, Uttar Pradesh",143,77160,382,GATE_VALVE,50.0,300,ASTM A216 WCB,RF,API 600
IOCL-MM-0000224,IOCL,VLV BL 1.5IN 300LB WCB BW API6D,CAN-001646,DEPOT-IOCL-PRD,"Paradip Refinery, Odisha",0,70560,0,BALL_VALVE,40.0,300,ASTM A216 WCB,BW,API 6D
IOCL-MM-0000225,IOCL,FLG WN 2IN CL150 SS304 RTJ,CAN-000126,DEPOT-IOCL-MTH,"Mathura Refinery, Uttar Pradesh",0,13000,0,FLANGE_WELD_NECK,50.0,150,ASTM A182 F304,RTJ,ASME B16.5
IOCL-MM-0000226,IOCL,VLV GT 3IN 900LB SS316 RF API6D,CAN-001286,DEPOT-IOCL-PRD,"Paradip Refinery, Odisha",0,1095560,0,GATE_VALVE,80.0,900,ASTM A182 F316,RF,API 6D
IOCL-MM-0000227,IOCL,VLV GT 1IN CL900 SS316 BW,CAN-001107,DEPOT-IOCL-GWT,"Guwahati Refinery, Assam",25,241510,54,GATE_VALVE,25.0,900,ASTM A182 F316,BW,API 600
IOCL-MM-0000228,IOCL,VLV GLB 2IN CL900 A105 RF,CAN-001876,DEPOT-IOCL-GWT,"Guwahati Refinery, Assam",0,247780,0,GLOBE_VALVE,50.0,900,ASTM A105,RF,ASME B16.34
IOCL-MM-0000229,IOCL,FLG WN 10IN 900LB A350-LF2 RF,CAN-000347,DEPOT-IOCL-KYL,"Koyali Refinery, Gujarat",33,294480,15,FLANGE_WELD_NECK,250.0,900,ASTM A350 LF2,RF,ASME B16.5
IOCL-MM-0000230,IOCL,STUDBLT 1IN 300# L7/GR7 THRD ASMEB18.2.1,CAN-002114,DEPOT-IOCL-GWT,"Guwahati Refinery, Assam",0,970,0,STUD_BOLT,25.0,300,ASTM A320 L7 / A194 7,THRD,ASME B18.2.1
IOCL-MM-0000231,IOCL,FLG WN 3IN CL600 A105 RF ASMEB16.5,CAN-000177,DEPOT-IOCL-PNP,"Panipat Refinery, Haryana",0,30250,0,FLANGE_WELD_NECK,80.0,600,ASTM A105,RF,ASME B16.5
IOCL-MM-0000232,IOCL,FLG BLD 1/2IN CL300 A350-LF2 RF,CAN-000409,DEPOT-IOCL-GWT,"Guwahati Refinery, Assam",0,2580,0,FLANGE_BLIND,15.0,300,ASTM A350 LF2,RF,ASME B16.5
IOCL-MM-0000233,IOCL,VLV GT 4IN CL150 SS316 RF,CAN-001310,DEPOT-IOCL-GWT,"Guwahati Refinery, Assam",6,349220,52,GATE_VALVE,100.0,150,ASTM A182 F316,RF,API 6D
IOCL-MM-0000234,IOCL,VLV GT 10IN 150# A105 RF,CAN-001486,DEPOT-IOCL-MTH,"Mathura Refinery, Uttar Pradesh",0,359140,0,GATE_VALVE,250.0,150,ASTM A105,RF,API 6D
IOCL-MM-0000235,IOCL,FLG BLD 2IN CL1500 A350-LF2 RTJ,CAN-000518,DEPOT-IOCL-PRD,"Paradip Refinery, Odisha",56,44740,198,FLANGE_BLIND,50.0,1500,ASTM A350 LF2,RTJ,ASME B16.5
IOCL-MM-0000236,IOCL,FLG WN 6IN 600LB SS316 RTJ,CAN-000264,DEPOT-IOCL-PNP,"Panipat Refinery, Haryana",8,219180,46,FLANGE_WELD_NECK,150.0,600,ASTM A182 F316,RTJ,ASME B16.5
IOCL-MM-0000237,IOCL,VLV GLB 8IN 1500# A105 RF,CAN-001959,DEPOT-IOCL-PRD,"Paradip Refinery, Odisha",34,2260620,93,GLOBE_VALVE,200.0,1500,ASTM A105,RF,BS 1873
IOCL-MM-0000238,IOCL,FLG BLD RTJ 3IN 900# A350-LF2,CAN-000542,DEPOT-IOCL-GWT,"Guwahati Refinery, Assam",24,54770,479,FLANGE_BLIND,80.0,900,ASTM A350 LF2,RTJ,ASME B16.5
IOCL-MM-0000239,IOCL,VLV GT 4IN CL150 A105 BW API6D,CAN-001308,DEPOT-IOCL-KYL,"Koyali Refinery, Gujarat",50,109130,22,GATE_VALVE,100.0,150,ASTM A105,BW,API 6D
IOCL-MM-0000240,IOCL,VLV GT 6IN 150LB WCB BW,CAN-001363,DEPOT-IOCL-PRD,"Paradip Refinery, Odisha",16,184870,35,GATE_VALVE,150.0,150,ASTM A216 WCB,BW,API 600
IOCL-MM-0000241,IOCL,FLG SO 8IN CL600 A105 RF,CAN-000923,DEPOT-IOCL-PRD,"Paradip Refinery, Odisha",25,72400,220,FLANGE_SLIP_ON,200.0,600,ASTM A105,RF,ASME B16.5
IOCL-MM-0000242,IOCL,VLV GT 3IN 900# SS316 RF,CAN-001285,DEPOT-IOCL-GWT,"Guwahati Refinery, Assam",30,1095560,105,GATE_VALVE,80.0,900,ASTM A182 F316,RF,API 600
IOCL-MM-0000243,IOCL,VLV GT 1.5IN 600# A105 BW API600,CAN-001151,DEPOT-IOCL-GWT,"Guwahati Refinery, Assam",24,100520,40,GATE_VALVE,40.0,600,ASTM A105,BW,API 600
IOCL-MM-0000244,IOCL,GSKT SPWD 4IN CL900 SS316/GRAF RF ASMEB16.20,CAN-002057,DEPOT-IOCL-PNP,"Panipat Refinery, Haryana",29,52870,114,SPIRAL_WOUND_GASKET,100.0,900,SS316 / GRAPHITE,RF,ASME B16.20
IOCL-MM-0000245,IOCL,FLG BLD 1IN 900# A105 RTJ,CAN-000450,DEPOT-IOCL-MTH,"Mathura Refinery, Uttar Pradesh",0,7540,0,FLANGE_BLIND,25.0,900,ASTM A105,RTJ,ASME B16.5
IOCL-MM-0000246,IOCL,VLV GT 12IN 600LB SS316 BW,CAN-001576,DEPOT-IOCL-PNP,"Panipat Refinery, Haryana",78,4415760,607,GATE_VALVE,300.0,600,ASTM A182 F316,BW,API 6D
IOCL-MM-0000247,IOCL,FLG BLD 3IN 150# SS316 RTJ,CAN-000526,DEPOT-IOCL-GWT,"Guwahati Refinery, Assam",104,26120,639,FLANGE_BLIND,80.0,150,ASTM A182 F316,RTJ,ASME B16.5
IOCL-MM-0000248,IOCL,FLG SO 4IN CL900 SS304 RF ASMEB16.5,CAN-000871,DEPOT-IOCL-MTH,"Mathura Refinery, Uttar Pradesh",48,97610,112,FLANGE_SLIP_ON,100.0,900,ASTM A182 F304,RF,ASME B16.5
IOCL-MM-0000249,IOCL,VLV GT 8IN 1500# SS316 RF,CAN-001478,DEPOT-IOCL-GWT,"Guwahati Refinery, Assam",38,5425490,27,GATE_VALVE,200.0,1500,ASTM A182 F316,RF,API 6D
IOCL-MM-0000250,IOCL,FLG BLD 10IN 900LB A105 RTJ,CAN-000660,DEPOT-IOCL-MTH,"Mathura Refinery, Uttar Pradesh",41,150580,30,FLANGE_BLIND,250.0,900,ASTM A105,RTJ,ASME B16.5
IOCL-MM-0000251,IOCL,FLG BLD RTJ 12IN 1500LB A105,CAN-000696,DEPOT-IOCL-PNP,"Panipat Refinery, Haryana",0,287210,0,FLANGE_BLIND,300.0,1500,ASTM A105,RTJ,ASME B16.5
IOCL-MM-0000252,IOCL,VLV BL 1.5IN 900# SS316 RF,CAN-001655,DEPOT-IOCL-GWT,"Guwahati Refinery, Assam",125,543810,601,BALL_VALVE,40.0,900,ASTM A182 F316,RF,API 6D
IOCL-MM-0000253,IOCL,FLG WN RTJ 2IN 1500LB SS316,CAN-000160,DEPOT-IOCL-GWT,"Guwahati Refinery, Assam",0,109370,0,FLANGE_WELD_NECK,50.0,1500,ASTM A182 F316,RTJ,ASME B16.5
IOCL-MM-0000254,IOCL,VLV GT 1/2IN 150# SS316 RF API600,CAN-001009,DEPOT-IOCL-MTH,"Mathura Refinery, Uttar Pradesh",0,29640,0,GATE_VALVE,15.0,150,ASTM A182 F316,RF,API 600
IOCL-MM-0000255,IOCL,STUDBLT 12IN CL900 B7/2H THRD,CAN-002197,DEPOT-IOCL-PRD,"Paradip Refinery, Odisha",19,37110,86,STUD_BOLT,300.0,900,ASTM A193 B7 / A194 2H,THRD,ASME B18.2.1
IOCL-MM-0000256,IOCL,STUDBLT 12IN 150# L7/GR7 THRD ASMEB18.2.1,CAN-002192,DEPOT-IOCL-PNP,"Panipat Refinery, Haryana",49,14160,109,STUD_BOLT,300.0,150,ASTM A320 L7 / A194 7,THRD,ASME B18.2.1
IOCL-MM-0000257,IOCL,FLG WN RTJ 3IN 150LB A105,CAN-000162,DEPOT-IOCL-KYL,"Koyali Refinery, Gujarat",115,9970,368,FLANGE_WELD_NECK,80.0,150,ASTM A105,RTJ,ASME B16.5
IOCL-MM-0000258,IOCL,FLG BLD 1.5IN 300LB A350-LF2 RF,CAN-000469,DEPOT-IOCL-MTH,"Mathura Refinery, Uttar Pradesh",0,9230,0,FLANGE_BLIND,40.0,300,ASTM A350 LF2,RF,ASME B16.5
IOCL-MM-0000259,IOCL,FLG BLD RTJ 6IN 150# A350-LF2,CAN-000584,DEPOT-IOCL-PNP,"Panipat Refinery, Haryana",125,29570,407,FLANGE_BLIND,150.0,150,ASTM A350 LF2,RTJ,ASME B16.5
IOCL-MM-0000260,IOCL,GSKT SPWD 4IN CL300 SS304/GRAF RF,CAN-002054,DEPOT-IOCL-MTH,"Mathura Refinery, Uttar Pradesh",36,16460,361,SPIRAL_WOUND_GASKET,100.0,300,SS304 / GRAPHITE,RF,ASME B16.20
IOCL-MM-0000261,IOCL,VLV GLB 6IN 1500LB WCB RF,CAN-001938,DEPOT-IOCL-KYL,"Koyali Refinery, Gujarat",34,1555270,41,GLOBE_VALVE,150.0,1500,ASTM A216 WCB,RF,ASME B16.34
IOCL-MM-0000262,IOCL,VLV GLB 6IN 900LB A105 RF,CAN-001935,DEPOT-IOCL-PNP,"Panipat Refinery, Haryana",29,1033540,102,GLOBE_VALVE,150.0,900,ASTM A105,RF,BS 1873
IOCL-MM-0000263,IOCL,FLG SO 2IN 900LB SS316 RF ASMEB16.5,CAN-000813,DEPOT-IOCL-PRD,"Paradip Refinery, Odisha",38,52860,92,FLANGE_SLIP_ON,50.0,900,ASTM A182 F316,RF,ASME B16.5
IOCL-MM-0000264,IOCL,FLG WN 10IN CL900 A350-LF2 RTJ,CAN-000348,DEPOT-IOCL-KYL,"Koyali Refinery, Gujarat",7,294480,41,FLANGE_WELD_NECK,250.0,900,ASTM A350 LF2,RTJ,ASME B16.5
IOCL-MM-0000265,IOCL,VLV GLB 1IN CL900 A105 RF,CAN-001835,DEPOT-IOCL-PNP,"Panipat Refinery, Haryana",38,100630,107,GLOBE_VALVE,25.0,900,ASTM A105,RF,BS 1873
IOCL-MM-0000266,IOCL,VLV GT 12IN CL150 A105 BW,CAN-001548,DEPOT-IOCL-MTH,"Mathura Refinery, Uttar Pradesh",30,455200,48,GATE_VALVE,300.0,150,ASTM A105,BW,API 6D
IOCL-MM-0000267,IOCL,VLV GT 4IN 900LB SS316 RF,CAN-001346,DEPOT-IOCL-KYL,"Koyali Refinery, Gujarat",8,1464270,98,GATE_VALVE,100.0,900,ASTM A182 F316,RF,API 6D
IOCL-MM-0000268,IOCL,STUDBLT 8IN CL150 L7/GR7 THRD,CAN-002172,DEPOT-IOCL-KYL,"Koyali Refinery, Gujarat",135,8350,272,STUD_BOLT,200.0,150,ASTM A320 L7 / A194 7,THRD,ASME B18.2.1
IOCL-MM-0000269,IOCL,VLV GT 8IN CL300 A105 BW,CAN-001439,DEPOT-IOCL-MTH,"Mathura Refinery, Uttar Pradesh",54,467850,582,GATE_VALVE,200.0,300,ASTM A105,BW,API 600
IOCL-MM-0000270,IOCL,FLG WN RTJ 1/2IN 600LB A105 ASMEB16.5,CAN-000018,DEPOT-IOCL-KYL,"Koyali Refinery, Gujarat",50,3430,35,FLANGE_WELD_NECK,15.0,600,ASTM A105,RTJ,ASME B16.5
IOCL-MM-0000271,IOCL,VLV BL 12IN 1500LB WCB BW API6D,CAN-001798,DEPOT-IOCL-GWT,"Guwahati Refinery, Assam",50,3510410,111,BALL_VALVE,300.0,1500,ASTM A216 WCB,BW,API 6D
IOCL-MM-0000272,IOCL,FLG BLD 10IN 900# A105 RF,CAN-000659,DEPOT-IOCL-PNP,"Panipat Refinery, Haryana",0,150580,0,FLANGE_BLIND,250.0,900,ASTM A105,RF,ASME B16.5
IOCL-MM-0000273,IOCL,VLV GT 8IN CL900 WCB BW,CAN-001460,DEPOT-IOCL-GWT,"Guwahati Refinery, Assam",0,1126700,0,GATE_VALVE,200.0,900,ASTM A216 WCB,BW,API 6D
IOCL-MM-0000274,IOCL,GSKT SPWD 6IN CL600 SS304/GRAF RF ASMEB16.20,CAN-002066,DEPOT-IOCL-PRD,"Paradip Refinery, Odisha",15,48570,58,SPIRAL_WOUND_GASKET,150.0,600,SS304 / GRAPHITE,RF,ASME B16.20
IOCL-MM-0000275,IOCL,FLG WN RTJ 8IN CL300 SS316,CAN-000296,DEPOT-IOCL-GWT,"Guwahati Refinery, Assam",47,182980,120,FLANGE_WELD_NECK,200.0,300,ASTM A182 F316,RTJ,ASME B16.5
IOCL-MM-0000276,IOCL,FLG WN RTJ 6IN 300# SS304 ASMEB16.5,CAN-000254,DEPOT-IOCL-PNP,"Panipat Refinery, Haryana",24,94410,103,FLANGE_WELD_NECK,150.0,300,ASTM A182 F304,RTJ,ASME B16.5
IOCL-MM-0000277,IOCL,FLG WN RTJ 4IN 1500LB A350-LF2 ASMEB16.5,CAN-000236,DEPOT-IOCL-MTH,"Mathura Refinery, Uttar Pradesh",20,134650,439,FLANGE_WELD_NECK,100.0,1500,ASTM A350 LF2,RTJ,ASME B16.5
IOCL-MM-0000278,IOCL,VLV GT 2IN 900# WCB RF,CAN-001218,DEPOT-IOCL-KYL,"Koyali Refinery, Gujarat",5,185830,87,GATE_VALVE,50.0,900,ASTM A216 WCB,RF,API 6D
IOCL-MM-0000279,IOCL,FLG BLD RTJ 6IN 900LB A105,CAN-000600,DEPOT-IOCL-KYL,"Koyali Refinery, Gujarat",33,77510,20,FLANGE_BLIND,150.0,900,ASTM A105,RTJ,ASME B16.5
IOCL-MM-0000280,IOCL,VLV GT 4IN CL600 A105 BW,CAN-001331,DEPOT-IOCL-MTH,"Mathura Refinery, Uttar Pradesh",91,330820,750,GATE_VALVE,100.0,600,ASTM A105,BW,API 600
IOCL-MM-0000281,IOCL,VLV GT 12IN 900# WCB BW API600,CAN-001579,DEPOT-IOCL-MTH,"Mathura Refinery, Uttar Pradesh",0,1908660,0,GATE_VALVE,300.0,900,ASTM A216 WCB,BW,API 600
IOCL-MM-0000282,IOCL,FLG BLD RTJ 1IN 600LB SS316,CAN-000448,DEPOT-IOCL-PRD,"Paradip Refinery, Odisha",96,17460,519,FLANGE_BLIND,25.0,600,ASTM A182 F316,RTJ,ASME B16.5
IOCL-MM-0000283,IOCL,VLV GT 6IN 600# SS316 BW API6D,CAN-001396,DEPOT-IOCL-KYL,"Koyali Refinery, Gujarat",61,1793350,471,GATE_VALVE,150.0,600,ASTM A182 F316,BW,API 6D
IOCL-MM-0000284,IOCL,FLG BLD 6IN CL150 A105 RF,CAN-000581,DEPOT-IOCL-PRD,"Paradip Refinery, Odisha",40,18480,32,FLANGE_BLIND,150.0,150,ASTM A105,RF,ASME B16.5
IOCL-MM-0000285,IOCL,VLV GT 1IN 300LB WCB BW,CAN-001075,DEPOT-IOCL-GWT,"Guwahati Refinery, Assam",43,31330,486,GATE_VALVE,25.0,300,ASTM A216 WCB,BW,API 600
IOCL-MM-0000286,IOCL,VLV GLB 12IN 600LB A105 RF ASMEB16.34,CAN-001992,DEPOT-IOCL-KYL,"Koyali Refinery, Gujarat",129,1839900,743,GLOBE_VALVE,300.0,600,ASTM A105,RF,ASME B16.34
IOCL-MM-0000287,IOCL,VLV GLB 2IN 150# WCB RF ASMEB16.34,CAN-001862,DEPOT-IOCL-MTH,"Mathura Refinery, Uttar Pradesh",0,59090,0,GLOBE_VALVE,50.0,150,ASTM A216 WCB,RF,ASME B16.34
IOCL-MM-0000288,IOCL,FLG WN RTJ 4IN 150LB A350-LF2,CAN-000204,DEPOT-IOCL-MTH,"Mathura Refinery, Uttar Pradesh",44,21340,17,FLANGE_WELD_NECK,100.0,150,ASTM A350 LF2,RTJ,ASME B16.5
IOCL-MM-0000289,IOCL,FLG SO 8IN 900# SS304 FF,CAN-000932,DEPOT-IOCL-PRD,"Paradip Refinery, Odisha",143,240360,474,FLANGE_SLIP_ON,200.0,900,ASTM A182 F304,FF,ASME B16.5
IOCL-MM-0000290,IOCL,FLG BLD 6IN 1500LB SS316 RF,CAN-000609,DEPOT-IOCL-GWT,"Guwahati Refinery, Assam",41,373260,89,FLANGE_BLIND,150.0,1500,ASTM A182 F316,RF,ASME B16.5
IOCL-MM-0000291,IOCL,FLG WN 1/2IN 150LB SS316 RTJ,CAN-000008,DEPOT-IOCL-KYL,"Koyali Refinery, Gujarat",45,3620,73,FLANGE_WELD_NECK,15.0,150,ASTM A182 F316,RTJ,ASME B16.5
IOCL-MM-0000292,IOCL,VLV BL 3IN 1500LB WCB RF,CAN-001697,DEPOT-IOCL-PRD,"Paradip Refinery, Odisha",0,629670,0,BALL_VALVE,80.0,1500,ASTM A216 WCB,RF,API 6D
IOCL-MM-0000293,IOCL,VLV GT 6IN 900LB A105 RF,CAN-001402,DEPOT-IOCL-PNP,"Panipat Refinery, Haryana",0,775150,0,GATE_VALVE,150.0,900,ASTM A105,RF,API 6D
IOCL-MM-0000294,IOCL,FLG BLD 4IN 1500LB A350-LF2 RF,CAN-000577,DEPOT-IOCL-PNP,"Panipat Refinery, Haryana",73,110170,604,FLANGE_BLIND,100.0,1500,ASTM A350 LF2,RF,ASME B16.5
IOCL-MM-0000295,IOCL,VLV BL 1IN 600LB SS316 RF API6D,CAN-001631,DEPOT-IOCL-GWT,"Guwahati Refinery, Assam",45,213410,37,BALL_VALVE,25.0,600,ASTM A182 F316,RF,API 6D
IOCL-MM-0000296,IOCL,VLV GT 2IN 600# SS316 RF,CAN-001214,DEPOT-IOCL-GWT,"Guwahati Refinery, Assam",9,429940,49,GATE_VALVE,50.0,600,ASTM A182 F316,RF,API 6D
IOCL-MM-0000297,IOCL,FLG SO 10IN 150LB A105 RF,CAN-000941,DEPOT-IOCL-GWT,"Guwahati Refinery, Assam",49,31920,521,FLANGE_SLIP_ON,250.0,150,ASTM A105,RF,ASME B16.5
IOCL-MM-0000298,IOCL,FLG WN RTJ 1/2IN 600LB SS304,CAN-000022,DEPOT-IOCL-PNP,"Panipat Refinery, Haryana",69,8230,518,FLANGE_WELD_NECK,15.0,600,ASTM A182 F304,RTJ,ASME B16.5
IOCL-MM-0000299,IOCL,FLG WN 3IN 150LB SS304 RTJ,CAN-000166,DEPOT-IOCL-KYL,"Koyali Refinery, Gujarat",54,23950,673,FLANGE_WELD_NECK,80.0,150,ASTM A182 F304,RTJ,ASME B16.5
IOCL-MM-0000300,IOCL,VLV GLB 8IN 150# A105 RF,CAN-001943,DEPOT-IOCL-PRD,"Paradip Refinery, Odisha",138,358280,603,GLOBE_VALVE,200.0,150,ASTM A105,RF,BS 1873
IOCL-MM-0000301,IOCL,VLV GLB 12IN CL600 WCB RF BS1873,CAN-001989,DEPOT-IOCL-PRD,"Paradip Refinery, Odisha",48,1839900,50,GLOBE_VALVE,300.0,600,ASTM A216 WCB,RF,BS 1873
IOCL-MM-0000302,IOCL,VLV GT 2IN CL300 SS316 RF,CAN-001201,DEPOT-IOCL-MTH,"Mathura Refinery, Uttar Pradesh",26,246930,112,GATE_VALVE,50.0,300,ASTM A182 F316,RF,API 600
IOCL-MM-0000303,IOCL,VLV GLB 1IN 1500LB WCB RF BS1873,CAN-001837,DEPOT-IOCL-MTH,"Mathura Refinery, Uttar Pradesh",6,151420,53,GLOBE_VALVE,25.0,1500,ASTM A216 WCB,RF,BS 1873
IOCL-MM-0000304,IOCL,VLV GT 3IN 900LB A105 RF,CAN-001282,DEPOT-IOCL-MTH,"Mathura Refinery, Uttar Pradesh",29,342360,33,GATE_VALVE,80.0,900,ASTM A105,RF,API 6D
IOCL-MM-0000305,IOCL,FLG WN RTJ 10IN CL150 SS304,CAN-000326,DEPOT-IOCL-GWT,"Guwahati Refinery, Assam",100,105340,212,FLANGE_WELD_NECK,250.0,150,ASTM A182 F304,RTJ,ASME B16.5
IOCL-MM-0000306,IOCL,FLG WNRF 8IN 150LB A105,CAN-000281,DEPOT-IOCL-MTH,"Mathura Refinery, Uttar Pradesh",24,32840,37,FLANGE_WELD_NECK,200.0,150,ASTM A105,RF,ASME B16.5
IOCL-MM-0000307,IOCL,FLG BLD 12IN CL300 A350-LF2 RF ASMEB16.5,CAN-000679,DEPOT-IOCL-PNP,"Panipat Refinery, Haryana",7,126800,109,FLANGE_BLIND,300.0,300,ASTM A350 LF2,RF,ASME B16.5
IOCL-MM-0000308,IOCL,VLV GLB 10IN 1500# WCB RF,CAN-001978,DEPOT-IOCL-KYL,"Koyali Refinery, Gujarat",35,3021420,74,GLOBE_VALVE,250.0,1500,ASTM A216 WCB,RF,ASME B16.34
IOCL-MM-0000309,IOCL,VLV BL 8IN 600# SS316 BW API6D,CAN-001752,DEPOT-IOCL-KYL,"Koyali Refinery, Gujarat",99,3185940,515,BALL_VALVE,200.0,600,ASTM A182 F316,BW,API 6D
IOCL-MM-0000310,IOCL,VLV GLB 3IN 900# WCB RF,CAN-001894,DEPOT-IOCL-PNP,"Panipat Refinery, Haryana",53,456480,390,GLOBE_VALVE,80.0,900,ASTM A216 WCB,RF,ASME B16.34
IOCL-MM-0000311,IOCL,VLV GLB 10IN CL1500 WCB RF ASMEB16.34,CAN-001978,DEPOT-IOCL-KYL,"Koyali Refinery, Gujarat",49,3021420,184,GLOBE_VALVE,250.0,1500,ASTM A216 WCB,RF,ASME B16.34
IOCL-MM-0000312,IOCL,FLG BLD 1.5IN 150LB A350-LF2 RF,CAN-000463,DEPOT-IOCL-PRD,"Paradip Refinery, Odisha",105,5300,658,FLANGE_BLIND,40.0,150,ASTM A350 LF2,RF,ASME B16.5
IOCL-MM-0000313,IOCL,FLG BLD 3IN 1500# SS316 RF ASMEB16.5,CAN-000549,DEPOT-IOCL-GWT,"Guwahati Refinery, Assam",0,164860,0,FLANGE_BLIND,80.0,1500,ASTM A182 F316,RF,ASME B16.5
IOCL-MM-0000314,IOCL,FLG WN 4IN 900LB A350-LF2 RF ASMEB16.5,CAN-000227,DEPOT-IOCL-MTH,"Mathura Refinery, Uttar Pradesh",0,89480,0,FLANGE_WELD_NECK,100.0,900,ASTM A350 LF2,RF,ASME B16.5
IOCL-MM-0000315,IOCL,VLV BL 4IN 1500LB WCB RF,CAN-001717,DEPOT-IOCL-KYL,"Koyali Refinery, Gujarat",22,841590,29,BALL_VALVE,100.0,1500,ASTM A216 WCB,RF,API 6D
IOCL-MM-0000316,IOCL,VLV GLB 8IN 300# WCB RF ASMEB16.34,CAN-001946,DEPOT-IOCL-PNP,"Panipat Refinery, Haryana",46,623800,391,GLOBE_VALVE,200.0,300,ASTM A216 WCB,RF,ASME B16.34
IOCL-MM-0000317,IOCL,FLG SO 6IN CL600 SS304 RF ASMEB16.5,CAN-000895,DEPOT-IOCL-GWT,"Guwahati Refinery, Assam",50,119550,112,FLANGE_SLIP_ON,150.0,600,ASTM A182 F304,RF,ASME B16.5
IOCL-MM-0000318,IOCL,VLV GT 6IN 150LB A105 RF,CAN-001366,DEPOT-IOCL-MTH,"Mathura Refinery, Uttar Pradesh",0,184870,0,GATE_VALVE,150.0,150,ASTM A105,RF,API 6D
IOCL-MM-0000319,IOCL,FLG WN 10IN CL600 SS304 RF,CAN-000341,DEPOT-IOCL-PNP,"Panipat Refinery, Haryana",0,319360,0,FLANGE_WELD_NECK,250.0,600,ASTM A182 F304,RF,ASME B16.5
IOCL-MM-0000320,IOCL,GSKT SPWD 3IN 600LB SS304/GRAF RF,CAN-002046,DEPOT-IOCL-PNP,"Panipat Refinery, Haryana",0,21450,0,SPIRAL_WOUND_GASKET,80.0,600,SS304 / GRAPHITE,RF,ASME B16.20
IOCL-MM-0000321,IOCL,VLV GLB 4IN 150# A105 RF BS1873,CAN-001903,DEPOT-IOCL-KYL,"Koyali Refinery, Gujarat",0,145500,0,GLOBE_VALVE,100.0,150,ASTM A105,RF,BS 1873
IOCL-MM-0000322,IOCL,STUDBLT 3IN CL900 L7/GR7 THRD,CAN-002148,DEPOT-IOCL-KYL,"Koyali Refinery, Gujarat",24,10650,52,STUD_BOLT,80.0,900,ASTM A320 L7 / A194 7,THRD,ASME B18.2.1
IOCL-MM-0000323,IOCL,VLV BL 12IN 150# SS316 BW,CAN-001784,DEPOT-IOCL-PRD,"Paradip Refinery, Odisha",0,1780360,0,BALL_VALVE,300.0,150,ASTM A182 F316,BW,API 6D
IOCL-MM-0000324,IOCL,VLV GLB 6IN 1500LB A105 RF,CAN-001940,DEPOT-IOCL-PNP,"Panipat Refinery, Haryana",139,1555270,279,GLOBE_VALVE,150.0,1500,ASTM A105,RF,ASME B16.34
IOCL-MM-0000325,IOCL,FLG WNRF 1IN 300LB SS316,CAN-000055,DEPOT-IOCL-KYL,"Koyali Refinery, Gujarat",19,12250,28,FLANGE_WELD_NECK,25.0,300,ASTM A182 F316,RF,ASME B16.5
IOCL-MM-0000326,IOCL,VLV BL 1IN CL150 WCB RF API6D,CAN-001621,DEPOT-IOCL-GWT,"Guwahati Refinery, Assam",49,22000,95,BALL_VALVE,25.0,150,ASTM A216 WCB,RF,API 6D
IOCL-MM-0000327,IOCL,FLG SO 1IN 150LB A105 RF,CAN-000731,DEPOT-IOCL-GWT,"Guwahati Refinery, Assam",6,1600,18,FLANGE_SLIP_ON,25.0,150,ASTM A105,RF,ASME B16.5
IOCL-MM-0000328,IOCL,GSKT SPWD 3IN 900LB SS304/GRAF RF ASMEB16.20,CAN-002048,DEPOT-IOCL-KYL,"Koyali Refinery, Gujarat",15,29670,46,SPIRAL_WOUND_GASKET,80.0,900,SS304 / GRAPHITE,RF,ASME B16.20
IOCL-MM-0000329,IOCL,VLV BL 10IN 300LB WCB RF,CAN-001765,DEPOT-IOCL-MTH,"Mathura Refinery, Uttar Pradesh",30,764260,114,BALL_VALVE,250.0,300,ASTM A216 WCB,RF,API 6D
IOCL-MM-0000330,IOCL,VLV GLB 4IN CL150 WCB RF,CAN-001901,DEPOT-IOCL-GWT,"Guwahati Refinery, Assam",9,145500,111,GLOBE_VALVE,100.0,150,ASTM A216 WCB,RF,BS 1873
IOCL-MM-0000331,IOCL,VLV BL 12IN 150LB SS316 BW,CAN-001784,DEPOT-IOCL-KYL,"Koyali Refinery, Gujarat",20,1780360,89,BALL_VALVE,300.0,150,ASTM A182 F316,BW,API 6D
IOCL-MM-0000332,IOCL,FLG BLD 6IN 300# A105 RF,CAN-000587,DEPOT-IOCL-KYL,"Koyali Refinery, Gujarat",26,32180,36,FLANGE_BLIND,150.0,300,ASTM A105,RF,ASME B16.5
IOCL-MM-0000333,IOCL,VLV BL 6IN CL900 WCB RF,CAN-001733,DEPOT-IOCL-KYL,"Koyali Refinery, Gujarat",26,947410,79,BALL_VALVE,150.0,900,ASTM A216 WCB,RF,API 6D
IOCL-MM-0000334,IOCL,FLG WN RTJ 4IN CL1500 SS304,CAN-000238,DEPOT-IOCL-PNP,"Panipat Refinery, Haryana",144,201980,297,FLANGE_WELD_NECK,100.0,1500,ASTM A182 F304,RTJ,ASME B16.5
IOCL-MM-0000335,IOCL,VLV GLB 4IN CL1500 A105 RF,CAN-001919,DEPOT-IOCL-GWT,"Guwahati Refinery, Assam",33,918090,32,GLOBE_VALVE,100.0,1500,ASTM A105,RF,BS 1873
IOCL-MM-0000336,IOCL,VLV GLB 3IN 600LB WCB RF,CAN-001889,DEPOT-IOCL-PNP,"Panipat Refinery, Haryana",48,330030,114,GLOBE_VALVE,80.0,600,ASTM A216 WCB,RF,BS 1873
IOCL-MM-0000337,IOCL,FLG BLD 1.5IN CL1500 SS316 RTJ ASMEB16.5,CAN-000490,DEPOT-IOCL-KYL,"Koyali Refinery, Gujarat",8,66950,21,FLANGE_BLIND,40.0,1500,ASTM A182 F316,RTJ,ASME B16.5
IOCL-MM-0000338,IOCL,VLV BL 12IN 1500# WCB RF,CAN-001797,DEPOT-IOCL-PRD,"Paradip Refinery, Odisha",20,3510410,330,BALL_VALVE,300.0,1500,ASTM A216 WCB,RF,API 6D
IOCL-MM-0000339,IOCL,VLV GT 1/2IN CL300 WCB RF API600,CAN-001013,DEPOT-IOCL-PRD,"Paradip Refinery, Odisha",44,16130,83,GATE_VALVE,15.0,300,ASTM A216 WCB,RF,API 600
IOCL-MM-0000340,IOCL,FLG BLD RTJ 12IN 150LB A105,CAN-000672,DEPOT-IOCL-GWT,"Guwahati Refinery, Assam",48,45520,48,FLANGE_BLIND,300.0,150,ASTM A105,RTJ,ASME B16.5
IOCL-MM-0000341,IOCL,VLV BL 8IN 600LB WCB BW,CAN-001750,DEPOT-IOCL-GWT,"Guwahati Refinery, Assam",22,995600,702,BALL_VALVE,200.0,600,ASTM A216 WCB,BW,API 6D
IOCL-MM-0000342,IOCL,FLG BLD 2IN 300LB SS316 RF,CAN-000501,DEPOT-IOCL-GWT,"Guwahati Refinery, Assam",0,24690,0,FLANGE_BLIND,50.0,300,ASTM A182 F316,RF,ASME B16.5
IOCL-MM-0000343,IOCL,FLG WN 1IN CL300 SS304 RF ASMEB16.5,CAN-000053,DEPOT-IOCL-PRD,"Paradip Refinery, Odisha",111,9190,292,FLANGE_WELD_NECK,25.0,300,ASTM A182 F304,RF,ASME B16.5
IOCL-MM-0000344,IOCL,FLG BLD 1/2IN 1500LB A105 RF,CAN-000425,DEPOT-IOCL-MTH,"Mathura Refinery, Uttar Pradesh",42,5840,60,FLANGE_BLIND,15.0,1500,ASTM A105,RF,ASME B16.5
IOCL-MM-0000345,IOCL,FLG SO 1/2IN CL900 SS316 RF ASMEB16.5,CAN-000723,DEPOT-IOCL-KYL,"Koyali Refinery, Gujarat",32,11050,79,FLANGE_SLIP_ON,15.0,900,ASTM A182 F316,RF,ASME B16.5
IOCL-MM-0000346,IOCL,VLV GLB 4IN 150# WCB RF,CAN-001902,DEPOT-IOCL-KYL,"Koyali Refinery, Gujarat",0,145500,0,GLOBE_VALVE,100.0,150,ASTM A216 WCB,RF,ASME B16.34
IOCL-MM-0000347,IOCL,STUDBLT 1.5IN CL900 L7/GR7 THRD ASMEB18.2.1,CAN-002128,DEPOT-IOCL-GWT,"Guwahati Refinery, Assam",59,4320,475,STUD_BOLT,40.0,900,ASTM A320 L7 / A194 7,THRD,ASME B18.2.1
IOCL-MM-0000348,IOCL,FLG BLD 8IN CL150 SS316 RF ASMEB16.5,CAN-000615,DEPOT-IOCL-PNP,"Panipat Refinery, Haryana",0,85980,0,FLANGE_BLIND,200.0,150,ASTM A182 F316,RF,ASME B16.5
IOCL-MM-0000349,IOCL,VLV GT 6IN 1500# WCB BW API6D,CAN-001412,DEPOT-IOCL-KYL,"Koyali Refinery, Gujarat",13,1166450,20,GATE_VALVE,150.0,1500,ASTM A216 WCB,BW,API 6D
IOCL-MM-0000350,IOCL,FLG SO 4IN 1500# SS316 FF,CAN-000880,DEPOT-IOCL-KYL,"Koyali Refinery, Gujarat",128,195860,364,FLANGE_SLIP_ON,100.0,1500,ASTM A182 F316,FF,ASME B16.5
IOCL-MM-0000351,IOCL,STUDBLT 4IN 1500LB B7/2H THRD,CAN-002159,DEPOT-IOCL-PRD,"Paradip Refinery, Odisha",118,13380,543,STUD_BOLT,100.0,1500,ASTM A193 B7 / A194 2H,THRD,ASME B18.2.1
IOCL-MM-0000352,IOCL,VLV GT 1.5IN 1500# SS316 BW API6D,CAN-001180,DEPOT-IOCL-PRD,"Paradip Refinery, Odisha",0,669540,0,GATE_VALVE,40.0,1500,ASTM A182 F316,BW,API 6D
IOCL-MM-0000353,IOCL,GSKT SPWD 6IN 900LB SS316/GRAF RF,CAN-002067,DEPOT-IOCL-MTH,"Mathura Refinery, Uttar Pradesh",88,89570,600,SPIRAL_WOUND_GASKET,150.0,900,SS316 / GRAPHITE,RF,ASME B16.20
IOCL-MM-0000354,IOCL,FLG WN 6IN CL300 SS304 RTJ ASMEB16.5,CAN-000254,DEPOT-IOCL-PNP,"Panipat Refinery, Haryana",50,94410,57,FLANGE_WELD_NECK,150.0,300,ASTM A182 F304,RTJ,ASME B16.5
IOCL-MM-0000355,IOCL,STUDBLT 2IN 600# B7/2H THRD,CAN-002135,DEPOT-IOCL-PNP,"Panipat Refinery, Haryana",0,2610,0,STUD_BOLT,50.0,600,ASTM A193 B7 / A194 2H,THRD,ASME B18.2.1
IOCL-MM-0000356,IOCL,FLG WNRF 12IN CL1500 A105,CAN-000393,DEPOT-IOCL-GWT,"Guwahati Refinery, Assam",10,351040,76,FLANGE_WELD_NECK,300.0,1500,ASTM A105,RF,ASME B16.5
IOCL-MM-0000357,IOCL,STUDBLT 1IN CL900 L7/GR7 THRD ASMEB18.2.1,CAN-002118,DEPOT-IOCL-KYL,"Koyali Refinery, Gujarat",47,2340,95,STUD_BOLT,25.0,900,ASTM A320 L7 / A194 7,THRD,ASME B18.2.1
IOCL-MM-0000358,IOCL,FLG BLD 6IN 150# SS316 RF,CAN-000585,DEPOT-IOCL-PRD,"Paradip Refinery, Odisha",99,59150,234,FLANGE_BLIND,150.0,150,ASTM A182 F316,RF,ASME B16.5
IOCL-MM-0000359,IOCL,FLG WNRF 4IN 1500LB SS316 ASMEB16.5,CAN-000239,DEPOT-IOCL-KYL,"Koyali Refinery, Gujarat",35,269300,83,FLANGE_WELD_NECK,100.0,1500,ASTM A182 F316,RF,ASME B16.5
IOCL-MM-0000360,IOCL,FLG SO 10IN CL600 SS316 RF ASMEB16.5,CAN-000957,DEPOT-IOCL-GWT,"Guwahati Refinery, Assam",95,309680,476,FLANGE_SLIP_ON,250.0,600,ASTM A182 F316,RF,ASME B16.5
IOCL-MM-0000361,IOCL,VLV BL 1/2IN 150# SS316 RF API6D,CAN-001603,DEPOT-IOCL-PRD,"Paradip Refinery, Odisha",86,36230,242,BALL_VALVE,15.0,150,ASTM A182 F316,RF,API 6D
IOCL-MM-0000362,IOCL,FLG BLD 12IN CL900 A350-LF2 RF,CAN-000691,DEPOT-IOCL-MTH,"Mathura Refinery, Uttar Pradesh",47,305380,47,FLANGE_BLIND,300.0,900,ASTM A350 LF2,RF,ASME B16.5
IOCL-MM-0000363,IOCL,VLV GT 4IN CL600 SS316 RF,CAN-001334,DEPOT-IOCL-GWT,"Guwahati Refinery, Assam",13,1058640,74,GATE_VALVE,100.0,600,ASTM A182 F316,RF,API 6D
IOCL-MM-0000364,IOCL,VLV GT 1.5IN 150# A105 RF,CAN-001126,DEPOT-IOCL-GWT,"Guwahati Refinery, Assam",44,33160,45,GATE_VALVE,40.0,150,ASTM A105,RF,API 6D
IOCL-MM-0000365,IOCL,FLG SO 3IN 1500LB SS304 FF,CAN-000848,DEPOT-IOCL-PNP,"Panipat Refinery, Haryana",64,109900,334,FLANGE_SLIP_ON,80.0,1500,ASTM A182 F304,FF,ASME B16.5
IOCL-MM-0000366,IOCL,VLV GT 3IN CL600 A105 RF,CAN-001269,DEPOT-IOCL-MTH,"Mathura Refinery, Uttar Pradesh",49,247520,40,GATE_VALVE,80.0,600,ASTM A105,RF,API 600
IOCL-MM-0000367,IOCL,FLG BLD 4IN 300LB SS316 RF ASMEB16.5,CAN-000561,DEPOT-IOCL-PRD,"Paradip Refinery, Odisha",107,60800,266,FLANGE_BLIND,100.0,300,ASTM A182 F316,RF,ASME B16.5
IOCL-MM-0000368,IOCL,VLV GT 12IN 300# A105 BW,CAN-001560,DEPOT-IOCL-MTH,"Mathura Refinery, Uttar Pradesh",125,792550,572,GATE_VALVE,300.0,300,ASTM A105,BW,API 6D
IOCL-MM-0000369,IOCL,FLG WN 1/2IN 150# A350-LF2 RTJ,CAN-000004,DEPOT-IOCL-MTH,"Mathura Refinery, Uttar Pradesh",0,1810,0,FLANGE_WELD_NECK,15.0,150,ASTM A350 LF2,RTJ,ASME B16.5
IOCL-MM-0000370,IOCL,GSKT SPWD 2IN CL900 SS316/GRAF RF,CAN-002037,DEPOT-IOCL-PNP,"Panipat Refinery, Haryana",12,21470,16,SPIRAL_WOUND_GASKET,50.0,900,SS316 / GRAPHITE,RF,ASME B16.20
IOCL-MM-0000371,IOCL,VLV GT 2IN 150# A105 RF,CAN-001185,DEPOT-IOCL-KYL,"Koyali Refinery, Gujarat",39,44320,39,GATE_VALVE,50.0,150,ASTM A105,RF,API 600
IOCL-MM-0000372,IOCL,VLV GT 12IN 900LB A105 BW,CAN-001583,DEPOT-IOCL-KYL,"Koyali Refinery, Gujarat",14,1908660,77,GATE_VALVE,300.0,900,ASTM A105,BW,API 600
IOCL-MM-0000373,IOCL,VLV BL 1IN 900LB WCB RF API6D,CAN-001633,DEPOT-IOCL-KYL,"Koyali Refinery, Gujarat",25,92240,77,BALL_VALVE,25.0,900,ASTM A216 WCB,RF,API 6D
IOCL-MM-0000374,IOCL,VLV GT 8IN CL1500 A105 BW,CAN-001476,DEPOT-IOCL-PNP,"Panipat Refinery, Haryana",110,1695460,622,GATE_VALVE,200.0,1500,ASTM A105,BW,API 6D
IOCL-MM-0000375,IOCL,FLG SO 2IN CL300 SS316 FF,CAN-000802,DEPOT-IOCL-GWT,"Guwahati Refinery, Assam",22,21940,112,FLANGE_SLIP_ON,50.0,300,ASTM A182 F316,FF,ASME B16.5
IOCL-MM-0000376,IOCL,FLG WN RTJ 2IN 1500# A105,CAN-000154,DEPOT-IOCL-KYL,"Koyali Refinery, Gujarat",81,34170,379,FLANGE_WELD_NECK,50.0,1500,ASTM A105,RTJ,ASME B16.5
IOCL-MM-0000377,IOCL,VLV GT 8IN CL900 A105 RF API6D,CAN-001462,DEPOT-IOCL-MTH,"Mathura Refinery, Uttar Pradesh",5,1126700,96,GATE_VALVE,200.0,900,ASTM A105,RF,API 6D
IOCL-MM-0000378,IOCL,FLG SO 1/2IN 1500# SS304 RF,CAN-000727,DEPOT-IOCL-PNP,"Panipat Refinery, Haryana",38,12470,23,FLANGE_SLIP_ON,15.0,1500,ASTM A182 F304,RF,ASME B16.5
IOCL-MM-0000379,IOCL,FLG BLD 12IN CL900 A350-LF2 RF,CAN-000691,DEPOT-IOCL-MTH,"Mathura Refinery, Uttar Pradesh",84,305380,377,FLANGE_BLIND,300.0,900,ASTM A350 LF2,RF,ASME B16.5
IOCL-MM-0000380,IOCL,VLV GLB 2IN 300# WCB RF ASMEB16.34,CAN-001866,DEPOT-IOCL-PNP,"Panipat Refinery, Haryana",0,102890,0,GLOBE_VALVE,50.0,300,ASTM A216 WCB,RF,ASME B16.34
IOCL-MM-0000381,IOCL,VLV GT 12IN CL900 A105 BW,CAN-001584,DEPOT-IOCL-MTH,"Mathura Refinery, Uttar Pradesh",51,1908660,302,GATE_VALVE,300.0,900,ASTM A105,BW,API 6D
IOCL-MM-0000382,IOCL,FLG BLD 10IN 900# A350-LF2 RF,CAN-000661,DEPOT-IOCL-MTH,"Mathura Refinery, Uttar Pradesh",46,240940,82,FLANGE_BLIND,250.0,900,ASTM A350 LF2,RF,ASME B16.5
IOCL-MM-0000383,IOCL,FLG BLD 12IN 300# SS316 RF,CAN-000681,DEPOT-IOCL-MTH,"Mathura Refinery, Uttar Pradesh",34,253610,94,FLANGE_BLIND,300.0,300,ASTM A182 F316,RF,ASME B16.5
IOCL-MM-0000384,IOCL,FLG SO 6IN 900# A105 RF,CAN-000899,DEPOT-IOCL-GWT,"Guwahati Refinery, Assam",102,68900,443,FLANGE_SLIP_ON,150.0,900,ASTM A105,RF,ASME B16.5
IOCL-MM-0000385,IOCL,FLG SO 6IN 150# SS316 FF,CAN-000886,DEPOT-IOCL-GWT,"Guwahati Refinery, Assam",117,52580,577,FLANGE_SLIP_ON,150.0,150,ASTM A182 F316,FF,ASME B16.5
IOCL-MM-0000386,IOCL,FLG BLD 10IN 300LB SS316 RF,CAN-000651,DEPOT-IOCL-GWT,"Guwahati Refinery, Assam",87,200090,362,FLANGE_BLIND,250.0,300,ASTM A182 F316,RF,ASME B16.5
IOCL-MM-0000387,IOCL,FLG WNRF 8IN 150LB A105,CAN-000281,DEPOT-IOCL-MTH,"Mathura Refinery, Uttar Pradesh",16,32840,92,FLANGE_WELD_NECK,200.0,150,ASTM A105,RF,ASME B16.5
IOCL-MM-0000388,IOCL,FLG SO 8IN 600LB SS304 RF ASMEB16.5,CAN-000925,DEPOT-IOCL-PRD,"Paradip Refinery, Odisha",75,173770,288,FLANGE_SLIP_ON,200.0,600,ASTM A182 F304,RF,ASME B16.5
IOCL-MM-0000389,IOCL,GSKT SPWD 6IN 1500LB SS316/GRAF RF,CAN-002069,DEPOT-IOCL-PNP,"Panipat Refinery, Haryana",0,134790,0,SPIRAL_WOUND_GASKET,150.0,1500,SS316 / GRAPHITE,RF,ASME B16.20
IOCL-MM-0000390,IOCL,VLV GT 10IN 150# SS316 BW,CAN-001491,DEPOT-IOCL-GWT,"Guwahati Refinery, Assam",24,1149270,689,GATE_VALVE,250.0,150,ASTM A182 F316,BW,API 600
IOCL-MM-0000391,IOCL,VLV GLB 12IN 300# A105 RF,CAN-001987,DEPOT-IOCL-PNP,"Panipat Refinery, Haryana",119,1056740,452,GLOBE_VALVE,300.0,300,ASTM A105,RF,BS 1873
IOCL-MM-0000392,IOCL,VLV GT 4IN 1500# A105 BW,CAN-001355,DEPOT-IOCL-KYL,"Koyali Refinery, Gujarat",37,688570,100,GATE_VALVE,100.0,1500,ASTM A105,BW,API 600
IOCL-MM-0000393,IOCL,FLG BLD 10IN 900LB SS316 RF,CAN-000663,DEPOT-IOCL-KYL,"Koyali Refinery, Gujarat",37,481880,733,FLANGE_BLIND,250.0,900,ASTM A182 F316,RF,ASME B16.5
IOCL-MM-0000394,IOCL,VLV GT 2IN 600# WCB RF API6D,CAN-001206,DEPOT-IOCL-KYL,"Koyali Refinery, Gujarat",0,134350,0,GATE_VALVE,50.0,600,ASTM A216 WCB,RF,API 6D
IOCL-MM-0000395,IOCL,FLG WN 1/2IN CL150 A105 RF ASMEB16.5,CAN-000001,DEPOT-IOCL-GWT,"Guwahati Refinery, Assam",45,1130,92,FLANGE_WELD_NECK,15.0,150,ASTM A105,RF,ASME B16.5
IOCL-MM-0000396,IOCL,FLG BLD RTJ 8IN 900# A350-LF2,CAN-000632,DEPOT-IOCL-GWT,"Guwahati Refinery, Assam",0,180270,0,FLANGE_BLIND,200.0,900,ASTM A350 LF2,RTJ,ASME B16.5
IOCL-MM-0000397,IOCL,FLG SO 10IN 150LB SS316 FF,CAN-000946,DEPOT-IOCL-GWT,"Guwahati Refinery, Assam",16,102150,80,FLANGE_SLIP_ON,250.0,150,ASTM A182 F316,FF,ASME B16.5
IOCL-MM-0000398,IOCL,VLV GT 3IN 600# SS316 BW,CAN-001276,DEPOT-IOCL-MTH,"Mathura Refinery, Uttar Pradesh",29,792070,23,GATE_VALVE,80.0,600,ASTM A182 F316,BW,API 6D
IOCL-MM-0000399,IOCL,VLV GT 8IN CL300 SS316 RF,CAN-001441,DEPOT-IOCL-KYL,"Koyali Refinery, Gujarat",0,1497140,0,GATE_VALVE,200.0,300,ASTM A182 F316,RF,API 600
IOCL-MM-0000400,IOCL,VLV GT 1/2IN CL300 SS316 BW,CAN-001023,DEPOT-IOCL-MTH,"Mathura Refinery, Uttar Pradesh",0,51620,0,GATE_VALVE,15.0,300,ASTM A182 F316,BW,API 600
IOCL-MM-0000401,IOCL,FLG SO 12IN 150# SS304 RF ASMEB16.5,CAN-000973,DEPOT-IOCL-PRD,"Paradip Refinery, Odisha",0,97110,0,FLANGE_SLIP_ON,300.0,150,ASTM A182 F304,RF,ASME B16.5
IOCL-MM-0000402,IOCL,FLG BLD 1.5IN 300LB SS316 RF ASMEB16.5,CAN-000471,DEPOT-IOCL-PRD,"Paradip Refinery, Odisha",36,18470,78,FLANGE_BLIND,40.0,300,ASTM A182 F316,RF,ASME B16.5
IOCL-MM-0000403,IOCL,VLV GT 1/2IN 900LB A105 RF,CAN-001042,DEPOT-IOCL-PNP,"Panipat Refinery, Haryana",0,38840,0,GATE_VALVE,15.0,900,ASTM A105,RF,API 6D
IOCL-MM-0000404,IOCL,VLV GLB 12IN 150# A105 RF BS1873,CAN-001983,DEPOT-IOCL-PNP,"Panipat Refinery, Haryana",18,606940,113,GLOBE_VALVE,300.0,150,ASTM A105,RF,BS 1873
IOCL-MM-0000405,IOCL,VLV BL 8IN CL600 SS316 BW,CAN-001752,DEPOT-IOCL-KYL,"Koyali Refinery, Gujarat",58,3185940,418,BALL_VALVE,200.0,600,ASTM A182 F316,BW,API 6D
IOCL-MM-0000406,IOCL,FLG WN RTJ 12IN 300# SS304 ASMEB16.5,CAN-000374,DEPOT-IOCL-PNP,"Panipat Refinery, Haryana",44,232480,15,FLANGE_WELD_NECK,300.0,300,ASTM A182 F304,RTJ,ASME B16.5
IOCL-MM-0000407,IOCL,FLG WN 3IN 900# A350-LF2 RF ASMEB16.5,CAN-000187,DEPOT-IOCL-MTH,"Mathura Refinery, Uttar Pradesh",24,66950,115,FLANGE_WELD_NECK,80.0,900,ASTM A350 LF2,RF,ASME B16.5
IOCL-MM-0000408,IOCL,VLV GT 1.5IN 300# WCB RF,CAN-001134,DEPOT-IOCL-MTH,"Mathura Refinery, Uttar Pradesh",36,57730,288,GATE_VALVE,40.0,300,ASTM A216 WCB,RF,API 6D
IOCL-MM-0000409,IOCL,VLV GT 6IN 600# SS316 RF,CAN-001393,DEPOT-IOCL-PRD,"Paradip Refinery, Odisha",0,1793350,0,GATE_VALVE,150.0,600,ASTM A182 F316,RF,API 600
IOCL-MM-0000410,IOCL,FLG SO 1IN 300# A105 FF,CAN-000738,DEPOT-IOCL-KYL,"Koyali Refinery, Gujarat",48,2780,83,FLANGE_SLIP_ON,25.0,300,ASTM A105,FF,ASME B16.5
IOCL-MM-0000411,IOCL,VLV GLB 1/2IN CL150 WCB RF BS1873,CAN-001801,DEPOT-IOCL-MTH,"Mathura Refinery, Uttar Pradesh",64,12350,523,GLOBE_VALVE,15.0,150,ASTM A216 WCB,RF,BS 1873
IOCL-MM-0000412,IOCL,VLV BL 1.5IN 900# WCB RF API6D,CAN-001653,DEPOT-IOCL-MTH,"Mathura Refinery, Uttar Pradesh",63,169940,558,BALL_VALVE,40.0,900,ASTM A216 WCB,RF,API 6D
IOCL-MM-0000413,IOCL,VLV GT 10IN CL150 WCB RF API600,CAN-001481,DEPOT-IOCL-MTH,"Mathura Refinery, Uttar Pradesh",30,359140,316,GATE_VALVE,250.0,150,ASTM A216 WCB,RF,API 600
IOCL-MM-0000414,IOCL,FLG BLD 2IN 150# SS316 RF,CAN-000495,DEPOT-IOCL-PRD,"Paradip Refinery, Odisha",15,14180,12,FLANGE_BLIND,50.0,150,ASTM A182 F316,RF,ASME B16.5
IOCL-MM-0000415,IOCL,FLG BLD 1IN 300LB A350-LF2 RF ASMEB16.5,CAN-000439,DEPOT-IOCL-PNP,"Panipat Refinery, Haryana",0,5010,0,FLANGE_BLIND,25.0,300,ASTM A350 LF2,RF,ASME B16.5
IOCL-MM-0000416,IOCL,FLG WN 1IN 300# SS304 RTJ,CAN-000054,DEPOT-IOCL-GWT,"Guwahati Refinery, Assam",35,9190,98,FLANGE_WELD_NECK,25.0,300,ASTM A182 F304,RTJ,ASME B16.5
IOCL-MM-0000417,IOCL,FLG BLD 3IN 900# A105 RF ASMEB16.5,CAN-000539,DEPOT-IOCL-GWT,"Guwahati Refinery, Assam",31,34230,40,FLANGE_BLIND,80.0,900,ASTM A105,RF,ASME B16.5
IOCL-MM-0000418,IOCL,VLV GT 1/2IN 900# SS316 RF,CAN-001046,DEPOT-IOCL-PNP,"Panipat Refinery, Haryana",50,124310,73,GATE_VALVE,15.0,900,ASTM A182 F316,RF,API 6D
IOCL-MM-0000419,IOCL,VLV GLB 2IN CL600 WCB RF,CAN-001870,DEPOT-IOCL-GWT,"Guwahati Refinery, Assam",5,179140,81,GLOBE_VALVE,50.0,600,ASTM A216 WCB,RF,ASME B16.34
IOCL-MM-0000420,IOCL,FLG WNRF 3IN 150# A105,CAN-000161,DEPOT-IOCL-PNP,"Panipat Refinery, Haryana",39,9970,74,FLANGE_WELD_NECK,80.0,150,ASTM A105,RF,ASME B16.5
IOCL-MM-0000421,IOCL,FLG SO 8IN 150# A105 FF,CAN-000912,DEPOT-IOCL-MTH,"Mathura Refinery, Uttar Pradesh",17,23880,24,FLANGE_SLIP_ON,200.0,150,ASTM A105,FF,ASME B16.5
IOCL-MM-0000422,IOCL,VLV GT 6IN 600# WCB RF,CAN-001386,DEPOT-IOCL-KYL,"Koyali Refinery, Gujarat",15,560420,95,GATE_VALVE,150.0,600,ASTM A216 WCB,RF,API 6D
IOCL-MM-0000423,IOCL,FLG BLD RTJ 1/2IN 1500# A350-LF2 ASMEB16.5,CAN-000428,DEPOT-IOCL-MTH,"Mathura Refinery, Uttar Pradesh",26,9350,88,FLANGE_BLIND,15.0,1500,ASTM A350 LF2,RTJ,ASME B16.5
IOCL-MM-0000424,IOCL,VLV GT 10IN 1500LB WCB BW API6D,CAN-001532,DEPOT-IOCL-PNP,"Panipat Refinery, Haryana",65,2266060,341,GATE_VALVE,250.0,1500,ASTM A216 WCB,BW,API 6D
IOCL-MM-0000425,IOCL,VLV GT 1IN 600# WCB BW,CAN-001088,DEPOT-IOCL-PNP,"Panipat Refinery, Haryana",0,54560,0,GATE_VALVE,25.0,600,ASTM A216 WCB,BW,API 6D
IOCL-MM-0000426,IOCL,FLG BLD 3IN 600# SS316 RF,CAN-000537,DEPOT-IOCL-PRD,"Paradip Refinery, Odisha",31,79200,35,FLANGE_BLIND,80.0,600,ASTM A182 F316,RF,ASME B16.5
IOCL-MM-0000427,IOCL,VLV GT 8IN CL300 SS316 BW,CAN-001444,DEPOT-IOCL-GWT,"Guwahati Refinery, Assam",0,1497140,0,GATE_VALVE,200.0,300,ASTM A182 F316,BW,API 6D
IOCL-MM-0000428,IOCL,FLG WNRF 1/2IN 300# SS304 ASMEB16.5,CAN-000013,DEPOT-IOCL-KYL,"Koyali Refinery, Gujarat",116,4730,405,FLANGE_WELD_NECK,15.0,300,ASTM A182 F304,RF,ASME B16.5
IOCL-MM-0000429,IOCL,VLV BL 1.5IN 900# WCB RF,CAN-001653,DEPOT-IOCL-KYL,"Koyali Refinery, Gujarat",0,169940,0,BALL_VALVE,40.0,900,ASTM A216 WCB,RF,API 6D
IOCL-MM-0000430,IOCL,VLV BL 3IN 900LB SS316 RF API6D,CAN-001695,DEPOT-IOCL-PRD,"Paradip Refinery, Odisha",29,1339020,57,BALL_VALVE,80.0,900,ASTM A182 F316,RF,API 6D
IOCL-MM-0000431,IOCL,FLG WNRF 4IN 1500# A350-LF2 ASMEB16.5,CAN-000235,DEPOT-IOCL-GWT,"Guwahati Refinery, Assam",71,134650,523,FLANGE_WELD_NECK,100.0,1500,ASTM A350 LF2,RF,ASME B16.5
IOCL-MM-0000432,IOCL,FLG SO 8IN 1500# A105 FF ASMEB16.5,CAN-000936,DEPOT-IOCL-PRD,"Paradip Refinery, Odisha",0,150700,0,FLANGE_SLIP_ON,200.0,1500,ASTM A105,FF,ASME B16.5
IOCL-MM-0000433,IOCL,FLG WNRF 12IN 900# A350-LF2,CAN-000387,DEPOT-IOCL-KYL,"Koyali Refinery, Gujarat",0,373240,0,FLANGE_WELD_NECK,300.0,900,ASTM A350 LF2,RF,ASME B16.5
IOCL-MM-0000434,IOCL,STUDBLT 1/2IN 900LB L7/GR7 THRD ASMEB18.2.1,CAN-002108,DEPOT-IOCL-GWT,"Guwahati Refinery, Assam",45,1200,88,STUD_BOLT,15.0,900,ASTM A320 L7 / A194 7,THRD,ASME B18.2.1
IOCL-MM-0000435,IOCL,VLV GT 1.5IN 300# A105 BW,CAN-001140,DEPOT-IOCL-PRD,"Paradip Refinery, Odisha",42,57730,601,GATE_VALVE,40.0,300,ASTM A105,BW,API 6D
IOCL-MM-0000436,IOCL,FLG WNRF 1.5IN CL900 SS316,CAN-000111,DEPOT-IOCL-PRD,"Paradip Refinery, Odisha",34,54380,45,FLANGE_WELD_NECK,40.0,900,ASTM A182 F316,RF,ASME B16.5
IOCL-MM-0000437,IOCL,FLG BLD 3IN 1500# SS316 RF,CAN-000549,DEPOT-IOCL-MTH,"Mathura Refinery, Uttar Pradesh",0,164860,0,FLANGE_BLIND,80.0,1500,ASTM A182 F316,RF,ASME B16.5
IOCL-MM-0000438,IOCL,VLV GLB 2IN 300LB A105 RF,CAN-001867,DEPOT-IOCL-PRD,"Paradip Refinery, Odisha",21,102890,607,GLOBE_VALVE,50.0,300,ASTM A105,RF,BS 1873
IOCL-MM-0000439,IOCL,VLV GT 1/2IN 150# A105 RF API600,CAN-001005,DEPOT-IOCL-KYL,"Koyali Refinery, Gujarat",149,9260,214,GATE_VALVE,15.0,150,ASTM A105,RF,API 600
IOCL-MM-0000440,IOCL,VLV BL 10IN 150LB SS316 BW,CAN-001764,DEPOT-IOCL-KYL,"Koyali Refinery, Gujarat",45,1404660,643,BALL_VALVE,250.0,150,ASTM A182 F316,BW,API 6D
IOCL-MM-0000441,IOCL,VLV GT 8IN 1500LB WCB RF API600,CAN-001469,DEPOT-IOCL-PRD,"Paradip Refinery, Odisha",124,1695460,403,GATE_VALVE,200.0,1500,ASTM A216 WCB,RF,API 600
IOCL-MM-0000442,IOCL,STUDBLT 8IN 300# L7/GR7 THRD ASMEB18.2.1,CAN-002174,DEPOT-IOCL-MTH,"Mathura Refinery, Uttar Pradesh",10,14550,12,STUD_BOLT,200.0,300,ASTM A320 L7 / A194 7,THRD,ASME B18.2.1
IOCL-MM-0000443,IOCL,VLV GT 4IN 150LB SS316 RF,CAN-001310,DEPOT-IOCL-MTH,"Mathura Refinery, Uttar Pradesh",26,349220,645,GATE_VALVE,100.0,150,ASTM A182 F316,RF,API 6D
IOCL-MM-0000444,IOCL,GSKT SPWD 12IN 150LB SS316/GRAF RF,CAN-002091,DEPOT-IOCL-KYL,"Koyali Refinery, Gujarat",0,52600,0,SPIRAL_WOUND_GASKET,300.0,150,SS316 / GRAPHITE,RF,ASME B16.20
IOCL-MM-0000445,IOCL,VLV GLB 10IN 150LB WCB RF,CAN-001962,DEPOT-IOCL-PNP,"Panipat Refinery, Haryana",38,478860,574,GLOBE_VALVE,250.0,150,ASTM A216 WCB,RF,ASME B16.34
IOCL-MM-0000446,IOCL,VLV GT 4IN CL900 SS316 BW API6D,CAN-001348,DEPOT-IOCL-PNP,"Panipat Refinery, Haryana",22,1464270,99,GATE_VALVE,100.0,900,ASTM A182 F316,BW,API 6D
IOCL-MM-0000447,IOCL,VLV GT 12IN CL900 A105 BW,CAN-001583,DEPOT-IOCL-MTH,"Mathura Refinery, Uttar Pradesh",40,1908660,523,GATE_VALVE,300.0,900,ASTM A105,BW,API 600
IOCL-MM-0000448,IOCL,VLV GT 1IN CL1500 WCB BW,CAN-001111,DEPOT-IOCL-PRD,"Paradip Refinery, Odisha",113,113570,232,GATE_VALVE,25.0,1500,ASTM A216 WCB,BW,API 600
IOCL-MM-0000449,IOCL,VLV GLB 1IN 300# A105 RF ASMEB16.34,CAN-001828,DEPOT-IOCL-KYL,"Koyali Refinery, Gujarat",28,41780,56,GLOBE_VALVE,25.0,300,ASTM A105,RF,ASME B16.34
IOCL-MM-0000450,IOCL,VLV GT 2IN 600# WCB RF,CAN-001206,DEPOT-IOCL-PNP,"Panipat Refinery, Haryana",18,134350,27,GATE_VALVE,50.0,600,ASTM A216 WCB,RF,API 6D
IOCL-MM-0000451,IOCL,VLV GLB 10IN 900LB WCB RF ASMEB16.34,CAN-001974,DEPOT-IOCL-PNP,"Panipat Refinery, Haryana",42,2007850,99,GLOBE_VALVE,250.0,900,ASTM A216 WCB,RF,ASME B16.34
IOCL-MM-0000452,IOCL,VLV BL 1IN 1500# WCB RF,CAN-001637,DEPOT-IOCL-MTH,"Mathura Refinery, Uttar Pradesh",22,138810,74,BALL_VALVE,25.0,1500,ASTM A216 WCB,RF,API 6D
IOCL-MM-0000453,IOCL,VLV GT 1/2IN CL900 SS316 RF,CAN-001045,DEPOT-IOCL-PNP,"Panipat Refinery, Haryana",0,124310,0,GATE_VALVE,15.0,900,ASTM A182 F316,RF,API 600
IOCL-MM-0000454,IOCL,FLG BLD 4IN 900LB A350-LF2 RF,CAN-000571,DEPOT-IOCL-PRD,"Paradip Refinery, Odisha",12,73210,70,FLANGE_BLIND,100.0,900,ASTM A350 LF2,RF,ASME B16.5
IOCL-MM-0000455,IOCL,FLG BLD 3IN CL900 SS316 RTJ,CAN-000544,DEPOT-IOCL-GWT,"Guwahati Refinery, Assam",28,109550,112,FLANGE_BLIND,80.0,900,ASTM A182 F316,RTJ,ASME B16.5
IOCL-MM-0000456,IOCL,VLV GT 6IN CL900 A105 BW,CAN-001403,DEPOT-IOCL-PNP,"Panipat Refinery, Haryana",0,775150,0,GATE_VALVE,150.0,900,ASTM A105,BW,API 600
IOCL-MM-0000457,IOCL,VLV BL 3IN 300LB WCB RF API6D,CAN-001685,DEPOT-IOCL-KYL,"Koyali Refinery, Gujarat",93,173750,258,BALL_VALVE,80.0,300,ASTM A216 WCB,RF,API 6D
IOCL-MM-0000458,IOCL,VLV GT 1.5IN 600# WCB BW API600,CAN-001147,DEPOT-IOCL-PNP,"Panipat Refinery, Haryana",36,100520,29,GATE_VALVE,40.0,600,ASTM A216 WCB,BW,API 600
IOCL-MM-0000459,IOCL,VLV GT 6IN 300# A105 BW,CAN-001379,DEPOT-IOCL-PNP,"Panipat Refinery, Haryana",48,321870,79,GATE_VALVE,150.0,300,ASTM A105,BW,API 600
IOCL-MM-0000460,IOCL,FLG BLD 6IN 1500# A105 RF,CAN-000605,DEPOT-IOCL-KYL,"Koyali Refinery, Gujarat",46,116640,12,FLANGE_BLIND,150.0,1500,ASTM A105,RF,ASME B16.5
IOCL-MM-0000461,IOCL,FLG WNRF 3IN 300LB A350-LF2 ASMEB16.5,CAN-000171,DEPOT-IOCL-MTH,"Mathura Refinery, Uttar Pradesh",105,27800,601,FLANGE_WELD_NECK,80.0,300,ASTM A350 LF2,RF,ASME B16.5
IOCL-MM-0000462,IOCL,FLG BLD 8IN CL900 A105 RF ASMEB16.5,CAN-000629,DEPOT-IOCL-GWT,"Guwahati Refinery, Assam",47,112670,99,FLANGE_BLIND,200.0,900,ASTM A105,RF,ASME B16.5
IOCL-MM-0000463,IOCL,FLG BLD 6IN CL600 SS316 RTJ,CAN-000598,DEPOT-IOCL-GWT,"Guwahati Refinery, Assam",24,179330,31,FLANGE_BLIND,150.0,600,ASTM A182 F316,RTJ,ASME B16.5
IOCL-MM-0000464,IOCL,FLG SO 1/2IN 150LB SS304 FF ASMEB16.5,CAN-000704,DEPOT-IOCL-GWT,"Guwahati Refinery, Assam",32,1970,331,FLANGE_SLIP_ON,15.0,150,ASTM A182 F304,FF,ASME B16.5
IOCL-MM-0000465,IOCL,VLV GT 2IN 150LB SS316 RF API600,CAN-001189,DEPOT-IOCL-MTH,"Mathura Refinery, Uttar Pradesh",15,141820,101,GATE_VALVE,50.0,150,ASTM A182 F316,RF,API 600
IOCL-MM-0000466,IOCL,FLG WNRF 8IN CL900 A105,CAN-000305,DEPOT-IOCL-MTH,"Mathura Refinery, Uttar Pradesh",0,137700,0,FLANGE_WELD_NECK,200.0,900,ASTM A105,RF,ASME B16.5
IOCL-MM-0000467,IOCL,FLG BLD 2IN 900# A105 RF ASMEB16.5,CAN-000509,DEPOT-IOCL-GWT,"Guwahati Refinery, Assam",33,18580,43,FLANGE_BLIND,50.0,900,ASTM A105,RF,ASME B16.5
IOCL-MM-0000468,IOCL,VLV GT 10IN 900LB SS316 BW API600,CAN-001527,DEPOT-IOCL-PRD,"Paradip Refinery, Odisha",101,4818850,532,GATE_VALVE,250.0,900,ASTM A182 F316,BW,API 600
IOCL-MM-0000469,IOCL,VLV GT 12IN 300# WCB BW API600,CAN-001555,DEPOT-IOCL-PRD,"Paradip Refinery, Odisha",97,792550,304,GATE_VALVE,300.0,300,ASTM A216 WCB,BW,API 600
IOCL-MM-0000470,IOCL,FLG WN RTJ 2IN 600# SS304,CAN-000142,DEPOT-IOCL-MTH,"Mathura Refinery, Uttar Pradesh",101,39410,339,FLANGE_WELD_NECK,50.0,600,ASTM A182 F304,RTJ,ASME B16.5
IOCL-MM-0000471,IOCL,FLG SO 6IN 600# SS316 RF,CAN-000897,DEPOT-IOCL-PRD,"Paradip Refinery, Odisha",104,159400,482,FLANGE_SLIP_ON,150.0,600,ASTM A182 F316,RF,ASME B16.5
IOCL-MM-0000472,IOCL,VLV GT 2IN 300LB WCB RF,CAN-001194,DEPOT-IOCL-PRD,"Paradip Refinery, Odisha",41,77160,103,GATE_VALVE,50.0,300,ASTM A216 WCB,RF,API 6D
IOCL-MM-0000473,IOCL,FLG SO 8IN 150LB SS316 RF ASMEB16.5,CAN-000915,DEPOT-IOCL-PNP,"Panipat Refinery, Haryana",30,76430,322,FLANGE_SLIP_ON,200.0,150,ASTM A182 F316,RF,ASME B16.5
IOCL-MM-0000474,IOCL,FLG BLD 1IN CL1500 A105 RTJ ASMEB16.5,CAN-000456,DEPOT-IOCL-KYL,"Koyali Refinery, Gujarat",19,11350,67,FLANGE_BLIND,25.0,1500,ASTM A105,RTJ,ASME B16.5
IOCL-MM-0000475,IOCL,FLG SO 8IN 600LB SS304 RF ASMEB16.5,CAN-000925,DEPOT-IOCL-PNP,"Panipat Refinery, Haryana",17,173770,84,FLANGE_SLIP_ON,200.0,600,ASTM A182 F304,RF,ASME B16.5
IOCL-MM-0000476,IOCL,VLV GLB 12IN CL600 A105 RF BS1873,CAN-001991,DEPOT-IOCL-GWT,"Guwahati Refinery, Assam",0,1839900,0,GLOBE_VALVE,300.0,600,ASTM A105,RF,BS 1873
IOCL-MM-0000477,IOCL,VLV GT 3IN 900# SS316 RF,CAN-001285,DEPOT-IOCL-KYL,"Koyali Refinery, Gujarat",10,1095560,75,GATE_VALVE,80.0,900,ASTM A182 F316,RF,API 600
IOCL-MM-0000478,IOCL,VLV GT 10IN 1500LB WCB BW API600,CAN-001531,DEPOT-IOCL-GWT,"Guwahati Refinery, Assam",37,2266060,17,GATE_VALVE,250.0,1500,ASTM A216 WCB,BW,API 600
IOCL-MM-0000479,IOCL,VLV GLB 3IN CL300 WCB RF BS1873,CAN-001885,DEPOT-IOCL-MTH,"Mathura Refinery, Uttar Pradesh",129,189550,558,GLOBE_VALVE,80.0,300,ASTM A216 WCB,RF,BS 1873
IOCL-MM-0000480,IOCL,VLV BL 3IN 300LB WCB RF API6D,CAN-001685,DEPOT-IOCL-GWT,"Guwahati Refinery, Assam",24,173750,67,BALL_VALVE,80.0,300,ASTM A216 WCB,RF,API 6D
IOCL-MM-0000481,IOCL,FLG SO 3IN CL600 SS316 RF ASMEB16.5,CAN-000837,DEPOT-IOCL-KYL,"Koyali Refinery, Gujarat",126,70400,633,FLANGE_SLIP_ON,80.0,600,ASTM A182 F316,RF,ASME B16.5
IOCL-MM-0000482,IOCL,FLG WNRF 1/2IN 300LB SS304,CAN-000013,DEPOT-IOCL-KYL,"Koyali Refinery, Gujarat",126,4730,322,FLANGE_WELD_NECK,15.0,300,ASTM A182 F304,RF,ASME B16.5
IOCL-MM-0000483,IOCL,FLG SO 1.5IN CL600 A105 FF,CAN-000774,DEPOT-IOCL-MTH,"Mathura Refinery, Uttar Pradesh",0,8930,0,FLANGE_SLIP_ON,40.0,600,ASTM A105,FF,ASME B16.5
IOCL-MM-0000484,IOCL,VLV BL 1.5IN 1500LB WCB BW,CAN-001658,DEPOT-IOCL-PRD,"Paradip Refinery, Odisha",36,255720,564,BALL_VALVE,40.0,1500,ASTM A216 WCB,BW,API 6D
IOCL-MM-0000485,IOCL,VLV GLB 2IN 1500# WCB RF ASMEB16.34,CAN-001878,DEPOT-IOCL-GWT,"Guwahati Refinery, Assam",40,372860,69,GLOBE_VALVE,50.0,1500,ASTM A216 WCB,RF,ASME B16.34
IOCL-MM-0000486,IOCL,GSKT SPWD 12IN CL900 SS304/GRAF RF,CAN-002098,DEPOT-IOCL-MTH,"Mathura Refinery, Uttar Pradesh",0,165410,0,SPIRAL_WOUND_GASKET,300.0,900,SS304 / GRAPHITE,RF,ASME B16.20
IOCL-MM-0000487,IOCL,FLG SO 8IN 300LB SS316 FF ASMEB16.5,CAN-000922,DEPOT-IOCL-KYL,"Koyali Refinery, Gujarat",0,133070,0,FLANGE_SLIP_ON,200.0,300,ASTM A182 F316,FF,ASME B16.5
IOCL-MM-0000488,IOCL,VLV BL 1.5IN 300LB WCB RF,CAN-001645,DEPOT-IOCL-GWT,"Guwahati Refinery, Assam",34,70560,38,BALL_VALVE,40.0,300,ASTM A216 WCB,RF,API 6D
IOCL-MM-0000489,IOCL,VLV GT 2IN 300# SS316 RF,CAN-001202,DEPOT-IOCL-MTH,"Mathura Refinery, Uttar Pradesh",45,246930,116,GATE_VALVE,50.0,300,ASTM A182 F316,RF,API 6D
IOCL-MM-0000490,IOCL,VLV GT 4IN CL600 WCB BW,CAN-001328,DEPOT-IOCL-GWT,"Guwahati Refinery, Assam",36,330820,98,GATE_VALVE,100.0,600,ASTM A216 WCB,BW,API 6D
IOCL-MM-0000491,IOCL,FLG BLD RTJ 1.5IN CL1500 A105 ASMEB16.5,CAN-000486,DEPOT-IOCL-GWT,"Guwahati Refinery, Assam",9,20920,86,FLANGE_BLIND,40.0,1500,ASTM A105,RTJ,ASME B16.5
IOCL-MM-0000492,IOCL,FLG BLD 1.5IN CL900 SS316 RF ASMEB16.5,CAN-000483,DEPOT-IOCL-KYL,"Koyali Refinery, Gujarat",21,44490,90,FLANGE_BLIND,40.0,900,ASTM A182 F316,RF,ASME B16.5
IOCL-MM-0000493,IOCL,FLG SO 10IN CL900 A105 RF,CAN-000959,DEPOT-IOCL-PNP,"Panipat Refinery, Haryana",41,133850,12,FLANGE_SLIP_ON,250.0,900,ASTM A105,RF,ASME B16.5
IOCL-MM-0000494,IOCL,FLG WN RTJ 1IN 600LB SS316 ASMEB16.5,CAN-000064,DEPOT-IOCL-GWT,"Guwahati Refinery, Assam",49,21340,27,FLANGE_WELD_NECK,25.0,600,ASTM A182 F316,RTJ,ASME B16.5
IOCL-MM-0000495,IOCL,FLG SO 1IN 300LB SS304 FF ASMEB16.5,CAN-000740,DEPOT-IOCL-GWT,"Guwahati Refinery, Assam",45,6680,55,FLANGE_SLIP_ON,25.0,300,ASTM A182 F304,FF,ASME B16.5
IOCL-MM-0000496,IOCL,VLV GT 10IN 300# WCB BW API600,CAN-001495,DEPOT-IOCL-PRD,"Paradip Refinery, Odisha",9,625310,75,GATE_VALVE,250.0,300,ASTM A216 WCB,BW,API 600
IOCL-MM-0000497,IOCL,FLG SO 6IN 300# SS304 FF,CAN-000890,DEPOT-IOCL-MTH,"Mathura Refinery, Uttar Pradesh",62,68660,736,FLANGE_SLIP_ON,150.0,300,ASTM A182 F304,FF,ASME B16.5
IOCL-MM-0000498,IOCL,FLG WN 12IN 150LB A350-LF2 RTJ,CAN-000364,DEPOT-IOCL-GWT,"Guwahati Refinery, Assam",49,89010,98,FLANGE_WELD_NECK,300.0,150,ASTM A350 LF2,RTJ,ASME B16.5
IOCL-MM-0000499,IOCL,VLV GT 1/2IN 600LB A105 RF API600,CAN-001029,DEPOT-IOCL-PRD,"Paradip Refinery, Odisha",14,28080,11,GATE_VALVE,15.0,600,ASTM A105,RF,API 600
IOCL-MM-0000500,IOCL,FLG WNRF 8IN 150# A105 ASMEB16.5,CAN-000281,DEPOT-IOCL-KYL,"Koyali Refinery, Gujarat",15,32840,23,FLANGE_WELD_NECK,200.0,150,ASTM A105,RF,ASME B16.5
IOCL-MM-0000501,IOCL,VLV GT 6IN 150# SS316 RF API600,CAN-001369,DEPOT-IOCL-MTH,"Mathura Refinery, Uttar Pradesh",49,591580,607,GATE_VALVE,150.0,150,ASTM A182 F316,RF,API 600
IOCL-MM-0000502,IOCL,FLG WN 1IN 600LB A350-LF2 RTJ ASMEB16.5,CAN-000060,DEPOT-IOCL-MTH,"Mathura Refinery, Uttar Pradesh",142,10670,536,FLANGE_WELD_NECK,25.0,600,ASTM A350 LF2,RTJ,ASME B16.5
IOCL-MM-0000503,IOCL,FLG SO 4IN 600LB SS316 RF,CAN-000867,DEPOT-IOCL-MTH,"Mathura Refinery, Uttar Pradesh",107,94100,356,FLANGE_SLIP_ON,100.0,600,ASTM A182 F316,RF,ASME B16.5
IOCL-MM-0000504,IOCL,VLV GT 3IN CL150 WCB RF API6D,CAN-001242,DEPOT-IOCL-PNP,"Panipat Refinery, Haryana",0,81650,0,GATE_VALVE,80.0,150,ASTM A216 WCB,RF,API 6D
IOCL-MM-0000505,IOCL,FLG WN RTJ 1IN CL600 A350-LF2 ASMEB16.5,CAN-000060,DEPOT-IOCL-MTH,"Mathura Refinery, Uttar Pradesh",0,10670,0,FLANGE_WELD_NECK,25.0,600,ASTM A350 LF2,RTJ,ASME B16.5
IOCL-MM-0000506,IOCL,VLV GT 6IN 1500# A105 BW,CAN-001415,DEPOT-IOCL-PNP,"Panipat Refinery, Haryana",0,1166450,0,GATE_VALVE,150.0,1500,ASTM A105,BW,API 600
IOCL-MM-0000507,IOCL,FLG WN 8IN 600LB A350-LF2 RF ASMEB16.5,CAN-000299,DEPOT-IOCL-PNP,"Panipat Refinery, Haryana",0,159290,0,FLANGE_WELD_NECK,200.0,600,ASTM A350 LF2,RF,ASME B16.5
IOCL-MM-0000508,IOCL,VLV GT 1/2IN CL300 WCB BW,CAN-001016,DEPOT-IOCL-PNP,"Panipat Refinery, Haryana",21,16130,15,GATE_VALVE,15.0,300,ASTM A216 WCB,BW,API 6D
IOCL-MM-0000509,IOCL,FLG WNRF 1.5IN 900# SS316 ASMEB16.5,CAN-000111,DEPOT-IOCL-PNP,"Panipat Refinery, Haryana",72,54380,384,FLANGE_WELD_NECK,40.0,900,ASTM A182 F316,RF,ASME B16.5
IOCL-MM-0000510,IOCL,FLG SO 3IN 600# SS304 RF,CAN-000835,DEPOT-IOCL-PNP,"Panipat Refinery, Haryana",0,52800,0,FLANGE_SLIP_ON,80.0,600,ASTM A182 F304,RF,ASME B16.5
IOCL-MM-0000511,IOCL,FLG BLD 1.5IN CL150 SS316 RTJ,CAN-000466,DEPOT-IOCL-GWT,"Guwahati Refinery, Assam",37,10610,109,FLANGE_BLIND,40.0,150,ASTM A182 F316,RTJ,ASME B16.5
IOCL-MM-0000512,IOCL,FLG SO 1/2IN CL900 A105 FF,CAN-000720,DEPOT-IOCL-PRD,"Paradip Refinery, Odisha",11,3450,114,FLANGE_SLIP_ON,15.0,900,ASTM A105,FF,ASME B16.5
IOCL-MM-0000513,IOCL,VLV BL 2IN CL900 SS316 RF,CAN-001675,DEPOT-IOCL-PRD,"Paradip Refinery, Odisha",0,726820,0,BALL_VALVE,50.0,900,ASTM A182 F316,RF,API 6D
IOCL-MM-0000514,IOCL,FLG SO 3IN 600# SS304 RF,CAN-000835,DEPOT-IOCL-MTH,"Mathura Refinery, Uttar Pradesh",21,52800,281,FLANGE_SLIP_ON,80.0,600,ASTM A182 F304,RF,ASME B16.5
IOCL-MM-0000515,IOCL,VLV BL 1.5IN 900# SS316 RF,CAN-001655,DEPOT-IOCL-KYL,"Koyali Refinery, Gujarat",42,543810,33,BALL_VALVE,40.0,900,ASTM A182 F316,RF,API 6D
IOCL-MM-0000516,IOCL,VLV GLB 1IN 600LB A105 RF,CAN-001831,DEPOT-IOCL-PNP,"Panipat Refinery, Haryana",0,72750,0,GLOBE_VALVE,25.0,600,ASTM A105,RF,BS 1873
IOCL-MM-0000517,IOCL,FLG BLD 4IN 150LB SS316 RF,CAN-000555,DEPOT-IOCL-KYL,"Koyali Refinery, Gujarat",0,34920,0,FLANGE_BLIND,100.0,150,ASTM A182 F316,RF,ASME B16.5
IOCL-MM-0000518,IOCL,FLG WNRF 3IN 600# SS304,CAN-000181,DEPOT-IOCL-GWT,"Guwahati Refinery, Assam",0,72600,0,FLANGE_WELD_NECK,80.0,600,ASTM A182 F304,RF,ASME B16.5
IOCL-MM-0000519,IOCL,FLG WNRF 1IN 150# A350-LF2,CAN-000043,DEPOT-IOCL-GWT,"Guwahati Refinery, Assam",30,3520,264,FLANGE_WELD_NECK,25.0,150,ASTM A350 LF2,RF,ASME B16.5
IOCL-MM-0000520,IOCL,VLV GT 2IN 150LB A105 BW,CAN-001187,DEPOT-IOCL-KYL,"Koyali Refinery, Gujarat",43,44320,104,GATE_VALVE,50.0,150,ASTM A105,BW,API 600
IOCL-MM-0000521,IOCL,STUDBLT 12IN 1500LB L7/GR7 THRD,CAN-002200,DEPOT-IOCL-KYL,"Koyali Refinery, Gujarat",0,89350,0,STUD_BOLT,300.0,1500,ASTM A320 L7 / A194 7,THRD,ASME B18.2.1
IOCL-MM-0000522,IOCL,FLG SO 1.5IN 300LB SS304 FF ASMEB16.5,CAN-000770,DEPOT-IOCL-KYL,"Koyali Refinery, Gujarat",0,12310,0,FLANGE_SLIP_ON,40.0,300,ASTM A182 F304,FF,ASME B16.5
IOCL-MM-0000523,IOCL,VLV GT 8IN 150# SS316 BW,CAN-001431,DEPOT-IOCL-KYL,"Koyali Refinery, Gujarat",114,859880,363,GATE_VALVE,200.0,150,ASTM A182 F316,BW,API 600
IOCL-MM-0000524,IOCL,VLV BL 4IN 1500# SS316 RF,CAN-001719,DEPOT-IOCL-KYL,"Koyali Refinery, Gujarat",30,2693080,66,BALL_VALVE,100.0,1500,ASTM A182 F316,RF,API 6D
IOCL-MM-0000525,IOCL,VLV GT 8IN CL300 WCB RF,CAN-001434,DEPOT-IOCL-PNP,"Panipat Refinery, Haryana",0,467850,0,GATE_VALVE,200.0,300,ASTM A216 WCB,RF,API 6D
IOCL-MM-0000526,IOCL,VLV BL 1.5IN 1500LB SS316 BW,CAN-001660,DEPOT-IOCL-PRD,"Paradip Refinery, Odisha",63,818330,246,BALL_VALVE,40.0,1500,ASTM A182 F316,BW,API 6D
IOCL-MM-0000527,IOCL,GSKT SPWD 10IN 1500LB SS304/GRAF RF,CAN-002090,DEPOT-IOCL-GWT,"Guwahati Refinery, Assam",0,196390,0,SPIRAL_WOUND_GASKET,250.0,1500,SS304 / GRAPHITE,RF,ASME B16.20
IOCL-MM-0000528,IOCL,FLG BLD 1IN 300LB A350-LF2 RF ASMEB16.5,CAN-000439,DEPOT-IOCL-KYL,"Koyali Refinery, Gujarat",91,5010,459,FLANGE_BLIND,25.0,300,ASTM A350 LF2,RF,ASME B16.5
IOCL-MM-0000529,IOCL,FLG WN 1IN CL150 SS304 RF ASMEB16.5,CAN-000045,DEPOT-IOCL-PRD,"Paradip Refinery, Odisha",144,5280,703,FLANGE_WELD_NECK,25.0,150,ASTM A182 F304,RF,ASME B16.5
IOCL-MM-0000530,IOCL,FLG WN RTJ 10IN 300LB SS316,CAN-000336,DEPOT-IOCL-PNP,"Panipat Refinery, Haryana",36,244560,39,FLANGE_WELD_NECK,250.0,300,ASTM A182 F316,RTJ,ASME B16.5
IOCL-MM-0000531,IOCL,FLG WN 6IN CL1500 SS304 RTJ ASMEB16.5,CAN-000278,DEPOT-IOCL-PNP,"Panipat Refinery, Haryana",147,342160,207,FLANGE_WELD_NECK,150.0,1500,ASTM A182 F304,RTJ,ASME B16.5
IOCL-MM-0000532,IOCL,VLV GT 8IN 1500# A105 RF API600,CAN-001473,DEPOT-IOCL-GWT,"Guwahati Refinery, Assam",0,1695460,0,GATE_VALVE,200.0,1500,ASTM A105,RF,API 600
IOCL-MM-0000533,IOCL,VLV GT 3IN CL150 WCB RF,CAN-001241,DEPOT-IOCL-PNP,"Panipat Refinery, Haryana",38,81650,108,GATE_VALVE,80.0,150,ASTM A216 WCB,RF,API 600
IOCL-MM-0000534,IOCL,FLG BLD 1.5IN 900LB A105 RTJ ASMEB16.5,CAN-000480,DEPOT-IOCL-KYL,"Koyali Refinery, Gujarat",21,13900,79,FLANGE_BLIND,40.0,900,ASTM A105,RTJ,ASME B16.5
IOCL-MM-0000535,IOCL,VLV GT 10IN 1500LB SS316 BW,CAN-001539,DEPOT-IOCL-PRD,"Paradip Refinery, Odisha",7,7251410,65,GATE_VALVE,250.0,1500,ASTM A182 F316,BW,API 600
IOCL-MM-0000536,IOCL,VLV BL 3IN 300# SS316 BW API6D,CAN-001688,DEPOT-IOCL-GWT,"Guwahati Refinery, Assam",133,556020,650,BALL_VALVE,80.0,300,ASTM A182 F316,BW,API 6D
IOCL-MM-0000537,IOCL,FLG WN RTJ 12IN 300# A105,CAN-000370,DEPOT-IOCL-GWT,"Guwahati Refinery, Assam",62,96860,683,FLANGE_WELD_NECK,300.0,300,ASTM A105,RTJ,ASME B16.5
IOCL-MM-0000538,IOCL,VLV GT 4IN 600LB SS316 BW API6D,CAN-001336,DEPOT-IOCL-KYL,"Koyali Refinery, Gujarat",12,1058640,82,GATE_VALVE,100.0,600,ASTM A182 F316,BW,API 6D
IOCL-MM-0000539,IOCL,VLV BL 1.5IN CL300 WCB BW,CAN-001646,DEPOT-IOCL-PRD,"Paradip Refinery, Odisha",41,70560,70,BALL_VALVE,40.0,300,ASTM A216 WCB,BW,API 6D
IOCL-MM-0000540,IOCL,FLG WN 6IN 300LB A350-LF2 RTJ ASMEB16.5,CAN-000252,DEPOT-IOCL-PNP,"Panipat Refinery, Haryana",36,62940,85,FLANGE_WELD_NECK,150.0,300,ASTM A350 LF2,RTJ,ASME B16.5
IOCL-MM-0000541,IOCL,VLV GLB 1/2IN 150LB A105 RF,CAN-001803,DEPOT-IOCL-GWT,"Guwahati Refinery, Assam",92,12350,508,GLOBE_VALVE,15.0,150,ASTM A105,RF,BS 1873
IOCL-MM-0000542,IOCL,STUDBLT 1.5IN 300# B7/2H THRD ASMEB18.2.1,CAN-002123,DEPOT-IOCL-PNP,"Panipat Refinery, Haryana",0,1120,0,STUD_BOLT,40.0,300,ASTM A193 B7 / A194 2H,THRD,ASME B18.2.1
IOCL-MM-0000543,IOCL,FLG WN RTJ 4IN 1500LB SS304,CAN-000238,DEPOT-IOCL-PNP,"Panipat Refinery, Haryana",107,201980,569,FLANGE_WELD_NECK,100.0,1500,ASTM A182 F304,RTJ,ASME B16.5
IOCL-MM-0000544,IOCL,FLG WNRF 1IN 600# A105,CAN-000057,DEPOT-IOCL-KYL,"Koyali Refinery, Gujarat",47,6660,41,FLANGE_WELD_NECK,25.0,600,ASTM A105,RF,ASME B16.5
IOCL-MM-0000545,IOCL,FLG BLD 12IN 600# SS316 RF ASMEB16.5,CAN-000687,DEPOT-IOCL-GWT,"Guwahati Refinery, Assam",49,441570,18,FLANGE_BLIND,300.0,600,ASTM A182 F316,RF,ASME B16.5
IOCL-MM-0000546,IOCL,VLV GT 10IN 150LB SS316 BW API600,CAN-001491,DEPOT-IOCL-MTH,"Mathura Refinery, Uttar Pradesh",0,1149270,0,GATE_VALVE,250.0,150,ASTM A182 F316,BW,API 600
IOCL-MM-0000547,IOCL,STUDBLT 1/2IN 900LB L7/GR7 THRD ASMEB18.2.1,CAN-002108,DEPOT-IOCL-KYL,"Koyali Refinery, Gujarat",31,1200,44,STUD_BOLT,15.0,900,ASTM A320 L7 / A194 7,THRD,ASME B18.2.1
IOCL-MM-0000548,IOCL,FLG SO 4IN 900# SS316 RF,CAN-000873,DEPOT-IOCL-PRD,"Paradip Refinery, Odisha",0,130150,0,FLANGE_SLIP_ON,100.0,900,ASTM A182 F316,RF,ASME B16.5
IOCL-MM-0000549,IOCL,VLV GT 12IN 600LB SS316 RF API6D,CAN-001574,DEPOT-IOCL-KYL,"Koyali Refinery, Gujarat",11,4415760,113,GATE_VALVE,300.0,600,ASTM A182 F316,RF,API 6D
IOCL-MM-0000550,IOCL,FLG WN RTJ 3IN 150LB SS316,CAN-000168,DEPOT-IOCL-GWT,"Guwahati Refinery, Assam",47,31930,53,FLANGE_WELD_NECK,80.0,150,ASTM A182 F316,RTJ,ASME B16.5
IOCL-MM-0000551,IOCL,VLV GT 10IN 900# WCB BW,CAN-001520,DEPOT-IOCL-GWT,"Guwahati Refinery, Assam",71,1505890,688,GATE_VALVE,250.0,900,ASTM A216 WCB,BW,API 6D
IOCL-MM-0000552,IOCL,VLV GT 6IN CL300 A105 BW,CAN-001380,DEPOT-IOCL-PNP,"Panipat Refinery, Haryana",74,321870,474,GATE_VALVE,150.0,300,ASTM A105,BW,API 6D
IOCL-MM-0000553,IOCL,FLG WNRF 4IN 900LB A105,CAN-000225,DEPOT-IOCL-KYL,"Koyali Refinery, Gujarat",43,55920,277,FLANGE_WELD_NECK,100.0,900,ASTM A105,RF,ASME B16.5
IOCL-MM-0000554,IOCL,VLV BL 3IN CL1500 SS316 BW API6D,CAN-001700,DEPOT-IOCL-PNP,"Panipat Refinery, Haryana",38,2014960,70,BALL_VALVE,80.0,1500,ASTM A182 F316,BW,API 6D
IOCL-MM-0000555,IOCL,VLV GLB 2IN 600LB A105 RF BS1873,CAN-001871,DEPOT-IOCL-PNP,"Panipat Refinery, Haryana",24,179140,74,GLOBE_VALVE,50.0,600,ASTM A105,RF,BS 1873
IOCL-MM-0000556,IOCL,VLV GT 4IN 300LB SS316 RF,CAN-001321,DEPOT-IOCL-PRD,"Paradip Refinery, Odisha",31,608020,61,GATE_VALVE,100.0,300,ASTM A182 F316,RF,API 600
IOCL-MM-0000557,IOCL,FLG WN 6IN 900LB A350-LF2 RF,CAN-000267,DEPOT-IOCL-PRD,"Paradip Refinery, Odisha",0,151580,0,FLANGE_WELD_NECK,150.0,900,ASTM A350 LF2,RF,ASME B16.5
IOCL-MM-0000558,IOCL,STUDBLT 6IN 600# B7/2H THRD,CAN-002165,DEPOT-IOCL-PRD,"Paradip Refinery, Odisha",147,10890,398,STUD_BOLT,150.0,600,ASTM A193 B7 / A194 2H,THRD,ASME B18.2.1
IOCL-MM-0000559,IOCL,VLV BL 6IN CL150 WCB BW,CAN-001722,DEPOT-IOCL-KYL,"Koyali Refinery, Gujarat",45,225950,78,BALL_VALVE,150.0,150,ASTM A216 WCB,BW,API 6D
IOCL-MM-0000560,IOCL,FLG SO 1.5IN CL150 SS304 FF,CAN-000764,DEPOT-IOCL-KYL,"Koyali Refinery, Gujarat",35,7070,714,FLANGE_SLIP_ON,40.0,150,ASTM A182 F304,FF,ASME B16.5
IOCL-MM-0000561,IOCL,FLG SO 10IN 150# SS304 RF ASMEB16.5,CAN-000943,DEPOT-IOCL-MTH,"Mathura Refinery, Uttar Pradesh",0,76610,0,FLANGE_SLIP_ON,250.0,150,ASTM A182 F304,RF,ASME B16.5
IOCL-MM-0000562,IOCL,FLG SO 2IN CL1500 A105 FF,CAN-000816,DEPOT-IOCL-GWT,"Guwahati Refinery, Assam",125,24850,506,FLANGE_SLIP_ON,50.0,1500,ASTM A105,FF,ASME B16.5
IOCL-MM-0000563,IOCL,VLV GT 1IN 1500# A105 RF,CAN-001114,DEPOT-IOCL-KYL,"Koyali Refinery, Gujarat",23,113570,92,GATE_VALVE,25.0,1500,ASTM A105,RF,API 6D
IOCL-MM-0000564,IOCL,FLG SO 1IN 900# SS304 RF ASMEB16.5,CAN-000751,DEPOT-IOCL-PRD,"Paradip Refinery, Odisha",0,16100,0,FLANGE_SLIP_ON,25.0,900,ASTM A182 F304,RF,ASME B16.5
IOCL-MM-0000565,IOCL,VLV GLB 2IN 600# WCB RF ASMEB16.34,CAN-001870,DEPOT-IOCL-MTH,"Mathura Refinery, Uttar Pradesh",0,179140,0,GLOBE_VALVE,50.0,600,ASTM A216 WCB,RF,ASME B16.34
IOCL-MM-0000566,IOCL,VLV GLB 1/2IN 600LB WCB RF,CAN-001810,DEPOT-IOCL-PRD,"Paradip Refinery, Odisha",128,37450,217,GLOBE_VALVE,15.0,600,ASTM A216 WCB,RF,ASME B16.34
IOCL-MM-0000567,IOCL,FLG WNRF 4IN 1500# A105 ASMEB16.5,CAN-000233,DEPOT-IOCL-GWT,"Guwahati Refinery, Assam",91,84150,743,FLANGE_WELD_NECK,100.0,1500,ASTM A105,RF,ASME B16.5
IOCL-MM-0000568,IOCL,STUDBLT 1IN 300# L7/GR7 THRD,CAN-002114,DEPOT-IOCL-PNP,"Panipat Refinery, Haryana",144,970,200,STUD_BOLT,25.0,300,ASTM A320 L7 / A194 7,THRD,ASME B18.2.1
IOCL-MM-0000569,IOCL,VLV GT 6IN 900# WCB BW,CAN-001399,DEPOT-IOCL-PNP,"Panipat Refinery, Haryana",24,775150,120,GATE_VALVE,150.0,900,ASTM A216 WCB,BW,API 600
IOCL-MM-0000570,IOCL,VLV GLB 1IN 150# A105 RF,CAN-001824,DEPOT-IOCL-KYL,"Koyali Refinery, Gujarat",43,24000,586,GLOBE_VALVE,25.0,150,ASTM A105,RF,ASME B16.34
IOCL-MM-0000571,IOCL,VLV GT 12IN CL300 A105 RF,CAN-001557,DEPOT-IOCL-MTH,"Mathura Refinery, Uttar Pradesh",0,792550,0,GATE_VALVE,300.0,300,ASTM A105,RF,API 600
IOCL-MM-0000572,IOCL,FLG SO 10IN CL900 A105 RF,CAN-000959,DEPOT-IOCL-PNP,"Panipat Refinery, Haryana",42,133850,109,FLANGE_SLIP_ON,250.0,900,ASTM A105,RF,ASME B16.5
IOCL-MM-0000573,IOCL,VLV BL 1/2IN CL900 SS316 RF API6D,CAN-001615,DEPOT-IOCL-PNP,"Panipat Refinery, Haryana",0,151940,0,BALL_VALVE,15.0,900,ASTM A182 F316,RF,API 6D
IOCL-MM-0000574,IOCL,STUDBLT 1.5IN 600# B7/2H THRD,CAN-002125,DEPOT-IOCL-GWT,"Guwahati Refinery, Assam",42,1950,104,STUD_BOLT,40.0,600,ASTM A193 B7 / A194 2H,THRD,ASME B18.2.1
IOCL-MM-0000575,IOCL,FLG BLD 6IN 600LB A350-LF2 RF,CAN-000595,DEPOT-IOCL-MTH,"Mathura Refinery, Uttar Pradesh",75,89660,327,FLANGE_BLIND,150.0,600,ASTM A350 LF2,RF,ASME B16.5
IOCL-MM-0000576,IOCL,VLV BL 10IN 1500# SS316 RF API6D,CAN-001779,DEPOT-IOCL-GWT,"Guwahati Refinery, Assam",21,8862830,120,BALL_VALVE,250.0,1500,ASTM A182 F316,RF,API 6D
IOCL-MM-0000577,IOCL,VLV GT 2IN CL150 WCB BW API6D,CAN-001184,DEPOT-IOCL-PRD,"Paradip Refinery, Odisha",12,44320,50,GATE_VALVE,50.0,150,ASTM A216 WCB,BW,API 6D
IOCL-MM-0000578,IOCL,VLV GT 1IN CL150 WCB BW,CAN-001064,DEPOT-IOCL-MTH,"Mathura Refinery, Uttar Pradesh",57,18000,551,GATE_VALVE,25.0,150,ASTM A216 WCB,BW,API 6D
IOCL-MM-0000579,IOCL,FLG SO 10IN 900LB A105 RF,CAN-000959,DEPOT-IOCL-GWT,"Guwahati Refinery, Assam",0,133850,0,FLANGE_SLIP_ON,250.0,900,ASTM A105,RF,ASME B16.5
IOCL-MM-0000580,IOCL,VLV BL 1/2IN CL600 WCB RF API6D,CAN-001609,DEPOT-IOCL-PNP,"Panipat Refinery, Haryana",47,34320,40,BALL_VALVE,15.0,600,ASTM A216 WCB,RF,API 6D
IOCL-MM-0000581,IOCL,FLG BLD 6IN 300LB SS316 RF,CAN-000591,DEPOT-IOCL-GWT,"Guwahati Refinery, Assam",49,103000,56,FLANGE_BLIND,150.0,300,ASTM A182 F316,RF,ASME B16.5
IOCL-MM-0000582,IOCL,VLV GLB 2IN CL900 WCB RF ASMEB16.34,CAN-001874,DEPOT-IOCL-MTH,"Mathura Refinery, Uttar Pradesh",119,247780,188,GLOBE_VALVE,50.0,900,ASTM A216 WCB,RF,ASME B16.34
IOCL-MM-0000583,IOCL,VLV GLB 1IN 300LB A105 RF,CAN-001828,DEPOT-IOCL-GWT,"Guwahati Refinery, Assam",20,41780,48,GLOBE_VALVE,25.0,300,ASTM A105,RF,ASME B16.34
IOCL-MM-0000584,IOCL,FLG WN 3IN 900# SS316 RF ASMEB16.5,CAN-000191,DEPOT-IOCL-KYL,"Koyali Refinery, Gujarat",46,133900,62,FLANGE_WELD_NECK,80.0,900,ASTM A182 F316,RF,ASME B16.5
IOCL-MM-0000585,IOCL,VLV GLB 6IN 1500# A105 RF ASMEB16.34,CAN-001940,DEPOT-IOCL-PNP,"Panipat Refinery, Haryana",145,1555270,662,GLOBE_VALVE,150.0,1500,ASTM A105,RF,ASME B16.34
IOCL-MM-0000586,IOCL,FLG BLD 3IN CL600 SS316 RF,CAN-000537,DEPOT-IOCL-GWT,"Guwahati Refinery, Assam",45,79200,344,FLANGE_BLIND,80.0,600,ASTM A182 F316,RF,ASME B16.5
IOCL-MM-0000587,IOCL,VLV GT 1/2IN CL300 SS316 BW API600,CAN-001023,DEPOT-IOCL-PNP,"Panipat Refinery, Haryana",43,51620,103,GATE_VALVE,15.0,300,ASTM A182 F316,BW,API 600
IOCL-MM-0000588,IOCL,VLV GT 4IN CL900 A105 BW,CAN-001343,DEPOT-IOCL-KYL,"Koyali Refinery, Gujarat",8,457580,92,GATE_VALVE,100.0,900,ASTM A105,BW,API 600
IOCL-MM-0000589,IOCL,FLG SO 3IN CL600 A105 FF ASMEB16.5,CAN-000834,DEPOT-IOCL-KYL,"Koyali Refinery, Gujarat",54,22000,183,FLANGE_SLIP_ON,80.0,600,ASTM A105,FF,ASME B16.5
IOCL-MM-0000590,IOCL,FLG WN RTJ 1IN 600LB SS316 ASMEB16.5,CAN-000064,DEPOT-IOCL-PRD,"Paradip Refinery, Odisha",0,21340,0,FLANGE_WELD_NECK,25.0,600,ASTM A182 F316,RTJ,ASME B16.5
IOCL-MM-0000591,IOCL,VLV GLB 2IN 900# WCB RF BS1873,CAN-001873,DEPOT-IOCL-MTH,"Mathura Refinery, Uttar Pradesh",125,247780,507,GLOBE_VALVE,50.0,900,ASTM A216 WCB,RF,BS 1873
IOCL-MM-0000592,IOCL,FLG BLD 1/2IN 150LB A105 RF,CAN-000401,DEPOT-IOCL-MTH,"Mathura Refinery, Uttar Pradesh",48,920,85,FLANGE_BLIND,15.0,150,ASTM A105,RF,ASME B16.5
IOCL-MM-0000593,IOCL,FLG BLD 1.5IN 300LB A105 RF,CAN-000467,DEPOT-IOCL-MTH,"Mathura Refinery, Uttar Pradesh",0,5770,0,FLANGE_BLIND,40.0,300,ASTM A105,RF,ASME B16.5
IOCL-MM-0000594,IOCL,VLV BL 8IN 900LB SS316 BW API6D,CAN-001756,DEPOT-IOCL-KYL,"Koyali Refinery, Gujarat",77,4406670,201,BALL_VALVE,200.0,900,ASTM A182 F316,BW,API 6D
IOCL-MM-0000595,IOCL,FLG SO 1IN 900# A105 RF,CAN-000749,DEPOT-IOCL-PRD,"Paradip Refinery, Odisha",10,6700,69,FLANGE_SLIP_ON,25.0,900,ASTM A105,RF,ASME B16.5
IOCL-MM-0000596,IOCL,VLV GLB 6IN 1500# WCB RF BS1873,CAN-001937,DEPOT-IOCL-MTH,"Mathura Refinery, Uttar Pradesh",0,1555270,0,GLOBE_VALVE,150.0,1500,ASTM A216 WCB,RF,BS 1873
IOCL-MM-0000597,IOCL,VLV GT 12IN CL150 WCB BW,CAN-001543,DEPOT-IOCL-GWT,"Guwahati Refinery, Assam",0,455200,0,GATE_VALVE,300.0,150,ASTM A216 WCB,BW,API 600
IOCL-MM-0000598,IOCL,FLG BLD RTJ 6IN 1500LB A350-LF2,CAN-000608,DEPOT-IOCL-PNP,"Panipat Refinery, Haryana",131,186630,644,FLANGE_BLIND,150.0,1500,ASTM A350 LF2,RTJ,ASME B16.5
IOCL-MM-0000599,IOCL,FLG WNRF 1/2IN CL600 SS316 ASMEB16.5,CAN-000023,DEPOT-IOCL-MTH,"Mathura Refinery, Uttar Pradesh",0,10980,0,FLANGE_WELD_NECK,15.0,600,ASTM A182 F316,RF,ASME B16.5
IOCL-MM-0000600,IOCL,GSKT SPWD 10IN 600LB SS304/GRAF RF ASMEB16.20,CAN-002086,DEPOT-IOCL-KYL,"Koyali Refinery, Gujarat",32,94350,119,SPIRAL_WOUND_GASKET,250.0,600,SS304 / GRAPHITE,RF,ASME B16.20
IOCL-MM-0000601,IOCL,FLG WN 3IN 900# SS304 RF,CAN-000189,DEPOT-IOCL-GWT,"Guwahati Refinery, Assam",68,100420,608,FLANGE_WELD_NECK,80.0,900,ASTM A182 F304,RF,ASME B16.5
IOCL-MM-0000602,IOCL,VLV GT 12IN 900# SS316 RF,CAN-001585,DEPOT-IOCL-MTH,"Mathura Refinery, Uttar Pradesh",0,6107710,0,GATE_VALVE,300.0,900,ASTM A182 F316,RF,API 600
IOCL-MM-0000603,IOCL,VLV GT 1IN 300LB WCB BW API600,CAN-001075,DEPOT-IOCL-KYL,"Koyali Refinery, Gujarat",114,31330,649,GATE_VALVE,25.0,300,ASTM A216 WCB,BW,API 600
IOCL-MM-0000604,IOCL,VLV BL 2IN 300# SS316 BW API6D,CAN-001668,DEPOT-IOCL-MTH,"Mathura Refinery, Uttar Pradesh",121,301810,397,BALL_VALVE,50.0,300,ASTM A182 F316,BW,API 6D
IOCL-MM-0000605,IOCL,VLV GT 10IN CL900 WCB BW API6D,CAN-001520,DEPOT-IOCL-KYL,"Koyali Refinery, Gujarat",85,1505890,254,GATE_VALVE,250.0,900,ASTM A216 WCB,BW,API 6D
IOCL-MM-0000606,IOCL,VLV GT 8IN 150# WCB RF,CAN-001421,DEPOT-IOCL-PNP,"Panipat Refinery, Haryana",20,268710,70,GATE_VALVE,200.0,150,ASTM A216 WCB,RF,API 600
IOCL-MM-0000607,IOCL,VLV GT 1IN 300LB A105 BW,CAN-001080,DEPOT-IOCL-PRD,"Paradip Refinery, Odisha",31,31330,185,GATE_VALVE,25.0,300,ASTM A105,BW,API 6D
IOCL-MM-0000608,IOCL,VLV BL 8IN 300LB WCB RF,CAN-001745,DEPOT-IOCL-KYL,"Koyali Refinery, Gujarat",30,571820,95,BALL_VALVE,200.0,300,ASTM A216 WCB,RF,API 6D
IOCL-MM-0000609,IOCL,FLG WNRF 4IN 150LB SS304,CAN-000205,DEPOT-IOCL-PNP,"Panipat Refinery, Haryana",21,32010,31,FLANGE_WELD_NECK,100.0,150,ASTM A182 F304,RF,ASME B16.5
IOCL-MM-0000610,IOCL,FLG BLD RTJ 1.5IN CL1500 A350-LF2 ASMEB16.5,CAN-000488,DEPOT-IOCL-KYL,"Koyali Refinery, Gujarat",0,33470,0,FLANGE_BLIND,40.0,1500,ASTM A350 LF2,RTJ,ASME B16.5
IOCL-MM-0000611,IOCL,VLV GT 10IN 900LB A105 RF,CAN-001522,DEPOT-IOCL-KYL,"Koyali Refinery, Gujarat",0,1505890,0,GATE_VALVE,250.0,900,ASTM A105,RF,API 6D
IOCL-MM-0000612,IOCL,FLG BLD RTJ 12IN 150# A350-LF2,CAN-000674,DEPOT-IOCL-KYL,"Koyali Refinery, Gujarat",91,72830,549,FLANGE_BLIND,300.0,150,ASTM A350 LF2,RTJ,ASME B16.5
IOCL-MM-0000613,IOCL,VLV GT 3IN 900LB WCB BW API6D,CAN-001280,DEPOT-IOCL-GWT,"Guwahati Refinery, Assam",21,342360,76,GATE_VALVE,80.0,900,ASTM A216 WCB,BW,API 6D
IOCL-MM-0000614,IOCL,VLV GT 1/2IN 900LB A105 RF,CAN-001042,DEPOT-IOCL-MTH,"Mathura Refinery, Uttar Pradesh",36,38840,107,GATE_VALVE,15.0,900,ASTM A105,RF,API 6D
IOCL-MM-0000615,IOCL,VLV GT 1.5IN 1500# WCB RF,CAN-001169,DEPOT-IOCL-KYL,"Koyali Refinery, Gujarat",0,209230,0,GATE_VALVE,40.0,1500,ASTM A216 WCB,RF,API 600
IOCL-MM-0000616,IOCL,FLG SO 8IN 1500# SS304 RF ASMEB16.5,CAN-000937,DEPOT-IOCL-MTH,"Mathura Refinery, Uttar Pradesh",0,361690,0,FLANGE_SLIP_ON,200.0,1500,ASTM A182 F304,RF,ASME B16.5
IOCL-MM-0000617,IOCL,VLV BL 1.5IN 150LB WCB BW API6D,CAN-001642,DEPOT-IOCL-KYL,"Koyali Refinery, Gujarat",36,40530,15,BALL_VALVE,40.0,150,ASTM A216 WCB,BW,API 6D
IOCL-MM-0000618,IOCL,FLG SO 1/2IN 1500LB SS304 FF ASMEB16.5,CAN-000728,DEPOT-IOCL-PRD,"Paradip Refinery, Odisha",36,12470,24,FLANGE_SLIP_ON,15.0,1500,ASTM A182 F304,FF,ASME B16.5
IOCL-MM-0000619,IOCL,VLV GT 12IN CL150 A105 BW,CAN-001547,DEPOT-IOCL-PNP,"Panipat Refinery, Haryana",18,455200,46,GATE_VALVE,300.0,150,ASTM A105,BW,API 600
IOCL-MM-0000620,IOCL,FLG BLD 6IN 600# SS316 RF,CAN-000597,DEPOT-IOCL-PRD,"Paradip Refinery, Odisha",74,179330,184,FLANGE_BLIND,150.0,600,ASTM A182 F316,RF,ASME B16.5
IOCL-MM-0000621,IOCL,FLG BLD 4IN CL150 A350-LF2 RTJ ASMEB16.5,CAN-000554,DEPOT-IOCL-PNP,"Panipat Refinery, Haryana",0,17460,0,FLANGE_BLIND,100.0,150,ASTM A350 LF2,RTJ,ASME B16.5
IOCL-MM-0000622,IOCL,FLG WN 6IN 900LB A105 RTJ,CAN-000266,DEPOT-IOCL-PNP,"Panipat Refinery, Haryana",48,94740,25,FLANGE_WELD_NECK,150.0,900,ASTM A105,RTJ,ASME B16.5
IOCL-MM-0000623,IOCL,FLG BLD RTJ 1/2IN 900LB SS316,CAN-000424,DEPOT-IOCL-PNP,"Panipat Refinery, Haryana",59,12430,209,FLANGE_BLIND,15.0,900,ASTM A182 F316,RTJ,ASME B16.5
IOCL-MM-0000624,IOCL,FLG WN RTJ 6IN 600# SS316,CAN-000264,DEPOT-IOCL-KYL,"Koyali Refinery, Gujarat",22,219180,86,FLANGE_WELD_NECK,150.0,600,ASTM A182 F316,RTJ,ASME B16.5
IOCL-MM-0000625,IOCL,VLV GT 1.5IN CL1500 SS316 BW API600,CAN-001179,DEPOT-IOCL-PNP,"Panipat Refinery, Haryana",33,669540,51,GATE_VALVE,40.0,1500,ASTM A182 F316,BW,API 600
IOCL-MM-0000626,IOCL,VLV BL 2IN CL1500 WCB RF,CAN-001677,DEPOT-IOCL-PRD,"Paradip Refinery, Odisha",0,341790,0,BALL_VALVE,50.0,1500,ASTM A216 WCB,RF,API 6D
IOCL-MM-0000627,IOCL,FLG BLD 1/2IN 300# A105 RTJ ASMEB16.5,CAN-000408,DEPOT-IOCL-PNP,"Panipat Refinery, Haryana",117,1610,274,FLANGE_BLIND,15.0,300,ASTM A105,RTJ,ASME B16.5
IOCL-MM-0000628,IOCL,FLG BLD 1.5IN 600LB SS316 RF ASMEB16.5,CAN-000477,DEPOT-IOCL-MTH,"Mathura Refinery, Uttar Pradesh",122,32160,271,FLANGE_BLIND,40.0,600,ASTM A182 F316,RF,ASME B16.5
IOCL-MM-0000629,IOCL,VLV GT 1IN 150# A105 RF,CAN-001066,DEPOT-IOCL-MTH,"Mathura Refinery, Uttar Pradesh",30,18000,46,GATE_VALVE,25.0,150,ASTM A105,RF,API 6D
IOCL-MM-0000630,IOCL,VLV GT 12IN CL1500 A105 BW,CAN-001595,DEPOT-IOCL-MTH,"Mathura Refinery, Uttar Pradesh",0,2872150,0,GATE_VALVE,300.0,1500,ASTM A105,BW,API 600
IOCL-MM-0000631,IOCL,STUDBLT 3IN 1500LB B7/2H THRD,CAN-002149,DEPOT-IOCL-GWT,"Guwahati Refinery, Assam",53,10010,547,STUD_BOLT,80.0,1500,ASTM A193 B7 / A194 2H,THRD,ASME B18.2.1
IOCL-MM-0000632,IOCL,VLV GT 1.5IN CL600 SS316 BW API600,CAN-001155,DEPOT-IOCL-GWT,"Guwahati Refinery, Assam",36,321680,67,GATE_VALVE,40.0,600,ASTM A182 F316,BW,API 600
IOCL-MM-0000633,IOCL,FLG BLD 8IN 600LB A105 RF,CAN-000623,DEPOT-IOCL-PRD,"Paradip Refinery, Odisha",10,81450,106,FLANGE_BLIND,200.0,600,ASTM A105,RF,ASME B16.5
IOCL-MM-0000634,IOCL,FLG WN 4IN 600LB SS304 RTJ,CAN-000222,DEPOT-IOCL-KYL,"Koyali Refinery, Gujarat",10,97040,15,FLANGE_WELD_NECK,100.0,600,ASTM A182 F304,RTJ,ASME B16.5
IOCL-MM-0000635,IOCL,FLG BLD RTJ 1/2IN CL1500 A350-LF2,CAN-000428,DEPOT-IOCL-MTH,"Mathura Refinery, Uttar Pradesh",50,9350,29,FLANGE_BLIND,15.0,1500,ASTM A350 LF2,RTJ,ASME B16.5
IOCL-MM-0000636,IOCL,FLG BLD 2IN 300LB SS316 RF,CAN-000501,DEPOT-IOCL-PRD,"Paradip Refinery, Odisha",0,24690,0,FLANGE_BLIND,50.0,300,ASTM A182 F316,RF,ASME B16.5
IOCL-MM-0000637,IOCL,FLG WNRF 12IN 1500LB A350-LF2,CAN-000395,DEPOT-IOCL-KYL,"Koyali Refinery, Gujarat",13,561660,97,FLANGE_WELD_NECK,300.0,1500,ASTM A350 LF2,RF,ASME B16.5
IOCL-MM-0000638,IOCL,FLG WN 1/2IN 900LB SS316 RTJ,CAN-000032,DEPOT-IOCL-GWT,"Guwahati Refinery, Assam",40,15190,19,FLANGE_WELD_NECK,15.0,900,ASTM A182 F316,RTJ,ASME B16.5
IOCL-MM-0000639,IOCL,VLV GT 1.5IN 1500# A105 BW,CAN-001176,DEPOT-IOCL-PRD,"Paradip Refinery, Odisha",11,209230,69,GATE_VALVE,40.0,1500,ASTM A105,BW,API 6D
IOCL-MM-0000640,IOCL,FLG BLD 6IN CL900 SS316 RTJ,CAN-000604,DEPOT-IOCL-GWT,"Guwahati Refinery, Assam",10,248050,108,FLANGE_BLIND,150.0,900,ASTM A182 F316,RTJ,ASME B16.5
IOCL-MM-0000641,IOCL,STUDBLT 3IN CL300 L7/GR7 THRD ASMEB18.2.1,CAN-002144,DEPOT-IOCL-KYL,"Koyali Refinery, Gujarat",0,4420,0,STUD_BOLT,80.0,300,ASTM A320 L7 / A194 7,THRD,ASME B18.2.1
IOCL-MM-0000642,IOCL,VLV GT 2IN 900# WCB RF,CAN-001218,DEPOT-IOCL-PNP,"Panipat Refinery, Haryana",0,185830,0,GATE_VALVE,50.0,900,ASTM A216 WCB,RF,API 6D
IOCL-MM-0000643,IOCL,VLV GT 10IN CL1500 A105 BW API600,CAN-001535,DEPOT-IOCL-PRD,"Paradip Refinery, Odisha",135,2266060,451,GATE_VALVE,250.0,1500,ASTM A105,BW,API 600
IOCL-MM-0000644,IOCL,FLG WN 6IN 1500LB SS304 RTJ,CAN-000278,DEPOT-IOCL-MTH,"Mathura Refinery, Uttar Pradesh",0,342160,0,FLANGE_WELD_NECK,150.0,1500,ASTM A182 F304,RTJ,ASME B16.5
IOCL-MM-0000645,IOCL,VLV GLB 4IN 600# A105 RF,CAN-001911,DEPOT-IOCL-PRD,"Paradip Refinery, Odisha",48,441100,23,GLOBE_VALVE,100.0,600,ASTM A105,RF,BS 1873
IOCL-MM-0000646,IOCL,VLV GT 1IN 300LB A105 BW,CAN-001080,DEPOT-IOCL-PNP,"Panipat Refinery, Haryana",5,31330,31,GATE_VALVE,25.0,300,ASTM A105,BW,API 6D
IOCL-MM-0000647,IOCL,VLV GLB 4IN CL1500 A105 RF,CAN-001920,DEPOT-IOCL-KYL,"Koyali Refinery, Gujarat",144,918090,490,GLOBE_VALVE,100.0,1500,ASTM A105,RF,ASME B16.34
IOCL-MM-0000648,IOCL,VLV GT 3IN CL300 SS316 BW,CAN-001263,DEPOT-IOCL-PRD,"Paradip Refinery, Odisha",48,454920,98,GATE_VALVE,80.0,300,ASTM A182 F316,BW,API 600
IOCL-MM-0000649,IOCL,VLV GT 1/2IN CL600 SS316 RF API600,CAN-001033,DEPOT-IOCL-GWT,"Guwahati Refinery, Assam",0,89880,0,GATE_VALVE,15.0,600,ASTM A182 F316,RF,API 600
IOCL-MM-0000650,IOCL,FLG SO 10IN 1500# SS316 FF ASMEB16.5,CAN-000970,DEPOT-IOCL-PNP,"Panipat Refinery, Haryana",68,644560,207,FLANGE_SLIP_ON,250.0,1500,ASTM A182 F316,FF,ASME B16.5
IOCL-MM-0000651,IOCL,FLG BLD RTJ 1/2IN 150# SS316 ASMEB16.5,CAN-000406,DEPOT-IOCL-MTH,"Mathura Refinery, Uttar Pradesh",45,2960,119,FLANGE_BLIND,15.0,150,ASTM A182 F316,RTJ,ASME B16.5
IOCL-MM-0000652,IOCL,FLG WN RTJ 1.5IN CL1500 A105 ASMEB16.5,CAN-000114,DEPOT-IOCL-KYL,"Koyali Refinery, Gujarat",0,25570,0,FLANGE_WELD_NECK,40.0,1500,ASTM A105,RTJ,ASME B16.5
IOCL-MM-0000653,IOCL,GSKT SPWD 8IN 150LB SS316/GRAF RF ASMEB16.20,CAN-002071,DEPOT-IOCL-MTH,"Mathura Refinery, Uttar Pradesh",133,31050,676,SPIRAL_WOUND_GASKET,200.0,150,SS316 / GRAPHITE,RF,ASME B16.20
IOCL-MM-0000654,IOCL,VLV GT 1/2IN 1500LB WCB BW API6D,CAN-001052,DEPOT-IOCL-KYL,"Koyali Refinery, Gujarat",17,58460,47,GATE_VALVE,15.0,1500,ASTM A216 WCB,BW,API 6D
IOCL-MM-0000655,IOCL,VLV GLB 1/2IN CL600 WCB RF,CAN-001809,DEPOT-IOCL-KYL,"Koyali Refinery, Gujarat",0,37450,0,GLOBE_VALVE,15.0,600,ASTM A216 WCB,RF,BS 1873
IOCL-MM-0000656,IOCL,FLG SO 6IN 150# A105 FF ASMEB16.5,CAN-000882,DEPOT-IOCL-KYL,"Koyali Refinery, Gujarat",146,16430,747,FLANGE_SLIP_ON,150.0,150,ASTM A105,FF,ASME B16.5
IOCL-MM-0000657,IOCL,FLG WNRF 3IN 150LB A350-LF2 ASMEB16.5,CAN-000163,DEPOT-IOCL-PRD,"Paradip Refinery, Odisha",44,15960,96,FLANGE_WELD_NECK,80.0,150,ASTM A350 LF2,RF,ASME B16.5
IOCL-MM-0000658,IOCL,VLV GT 6IN 600LB WCB RF API600,CAN-001385,DEPOT-IOCL-PNP,"Panipat Refinery, Haryana",32,560420,83,GATE_VALVE,150.0,600,ASTM A216 WCB,RF,API 600
IOCL-MM-0000659,IOCL,FLG WN 1.5IN 1500LB SS304 RTJ ASMEB16.5,CAN-000118,DEPOT-IOCL-KYL,"Koyali Refinery, Gujarat",49,61370,686,FLANGE_WELD_NECK,40.0,1500,ASTM A182 F304,RTJ,ASME B16.5
IOCL-MM-0000660,IOCL,FLG WN 10IN CL300 A105 RF ASMEB16.5,CAN-000329,DEPOT-IOCL-KYL,"Koyali Refinery, Gujarat",0,76420,0,FLANGE_WELD_NECK,250.0,300,ASTM A105,RF,ASME B16.5
IOCL-MM-0000661,IOCL,VLV GT 2IN 1500LB SS316 BW,CAN-001239,DEPOT-IOCL-KYL,"Koyali Refinery, Gujarat",19,894870,74,GATE_VALVE,50.0,1500,ASTM A182 F316,BW,API 600
IOCL-MM-0000662,IOCL,FLG BLD 10IN 1500# SS316 RF,CAN-000669,DEPOT-IOCL-GWT,"Guwahati Refinery, Assam",139,725140,314,FLANGE_BLIND,250.0,1500,ASTM A182 F316,RF,ASME B16.5
IOCL-MM-0000663,IOCL,STUDBLT 10IN 900LB B7/2H THRD,CAN-002187,DEPOT-IOCL-KYL,"Koyali Refinery, Gujarat",112,29280,663,STUD_BOLT,250.0,900,ASTM A193 B7 / A194 2H,THRD,ASME B18.2.1
IOCL-MM-0000664,IOCL,FLG WN 6IN 600# SS304 RF ASMEB16.5,CAN-000261,DEPOT-IOCL-PNP,"Panipat Refinery, Haryana",13,164390,32,FLANGE_WELD_NECK,150.0,600,ASTM A182 F304,RF,ASME B16.5
IOCL-MM-0000665,IOCL,VLV BL 3IN 150# WCB BW API6D,CAN-001682,DEPOT-IOCL-KYL,"Koyali Refinery, Gujarat",0,99790,0,BALL_VALVE,80.0,150,ASTM A216 WCB,BW,API 6D
IOCL-MM-0000666,IOCL,VLV GT 4IN 600LB SS316 RF,CAN-001334,DEPOT-IOCL-KYL,"Koyali Refinery, Gujarat",18,1058640,81,GATE_VALVE,100.0,600,ASTM A182 F316,RF,API 6D
IOCL-MM-0000667,IOCL,VLV BL 6IN 1500# SS316 BW,CAN-001740,DEPOT-IOCL-GWT,"Guwahati Refinery, Assam",111,4562140,342,BALL_VALVE,150.0,1500,ASTM A182 F316,BW,API 6D
IOCL-MM-0000668,IOCL,FLG BLD 2IN 300# A105 RF,CAN-000497,DEPOT-IOCL-PRD,"Paradip Refinery, Odisha",0,7710,0,FLANGE_BLIND,50.0,300,ASTM A105,RF,ASME B16.5
IOCL-MM-0000669,IOCL,VLV GT 1.5IN 600# A105 RF API6D,CAN-001150,DEPOT-IOCL-PNP,"Panipat Refinery, Haryana",12,100520,81,GATE_VALVE,40.0,600,ASTM A105,RF,API 6D
IOCL-MM-0000670,IOCL,FLG SO 12IN 900# SS304 FF,CAN-000992,DEPOT-IOCL-GWT,"Guwahati Refinery, Assam",31,407180,750,FLANGE_SLIP_ON,300.0,900,ASTM A182 F304,FF,ASME B16.5
IOCL-MM-0000671,IOCL,FLG SO 12IN 150LB SS304 FF,CAN-000974,DEPOT-IOCL-PRD,"Paradip Refinery, Odisha",11,97110,100,FLANGE_SLIP_ON,300.0,150,ASTM A182 F304,FF,ASME B16.5
IOCL-MM-0000672,IOCL,VLV GLB 3IN 900# WCB RF,CAN-001893,DEPOT-IOCL-KYL,"Koyali Refinery, Gujarat",48,456480,288,GLOBE_VALVE,80.0,900,ASTM A216 WCB,RF,BS 1873
IOCL-MM-0000673,IOCL,STUDBLT 8IN CL1500 B7/2H THRD,CAN-002179,DEPOT-IOCL-PNP,"Panipat Refinery, Haryana",30,32960,699,STUD_BOLT,200.0,1500,ASTM A193 B7 / A194 2H,THRD,ASME B18.2.1
IOCL-MM-0000674,IOCL,FLG BLD RTJ 12IN 150# A105 ASMEB16.5,CAN-000672,DEPOT-IOCL-MTH,"Mathura Refinery, Uttar Pradesh",60,45520,479,FLANGE_BLIND,300.0,150,ASTM A105,RTJ,ASME B16.5
IOCL-MM-0000675,IOCL,VLV GT 6IN CL150 A105 BW,CAN-001367,DEPOT-IOCL-PRD,"Paradip Refinery, Odisha",11,184870,29,GATE_VALVE,150.0,150,ASTM A105,BW,API 600
IOCL-MM-0000676,IOCL,VLV GT 4IN CL900 A105 RF API6D,CAN-001342,DEPOT-IOCL-MTH,"Mathura Refinery, Uttar Pradesh",0,457580,0,GATE_VALVE,100.0,900,ASTM A105,RF,API 6D
IOCL-MM-0000677,IOCL,VLV BL 1IN 600# WCB RF,CAN-001629,DEPOT-IOCL-KYL,"Koyali Refinery, Gujarat",21,66690,431,BALL_VALVE,25.0,600,ASTM A216 WCB,RF,API 6D
IOCL-MM-0000678,IOCL,GSKT SPWD 10IN 600LB SS316/GRAF RF ASMEB16.20,CAN-002085,DEPOT-IOCL-PRD,"Paradip Refinery, Odisha",0,125800,0,SPIRAL_WOUND_GASKET,250.0,600,SS316 / GRAPHITE,RF,ASME B16.20
IOCL-MM-0000679,IOCL,FLG BLD RTJ 1IN 1500LB A350-LF2,CAN-000458,DEPOT-IOCL-GWT,"Guwahati Refinery, Assam",20,18170,29,FLANGE_BLIND,25.0,1500,ASTM A350 LF2,RTJ,ASME B16.5
IOCL-MM-0000680,IOCL,FLG BLD 1.5IN CL150 SS316 RF,CAN-000465,DEPOT-IOCL-MTH,"Mathura Refinery, Uttar Pradesh",0,10610,0,FLANGE_BLIND,40.0,150,ASTM A182 F316,RF,ASME B16.5
IOCL-MM-0000681,IOCL,VLV GT 8IN 600LB SS316 RF,CAN-001453,DEPOT-IOCL-KYL,"Koyali Refinery, Gujarat",112,2606670,210,GATE_VALVE,200.0,600,ASTM A182 F316,RF,API 600
IOCL-MM-0000682,IOCL,FLG WN RTJ 10IN 900LB A105 ASMEB16.5,CAN-000346,DEPOT-IOCL-PRD,"Paradip Refinery, Odisha",41,184050,526,FLANGE_WELD_NECK,250.0,900,ASTM A105,RTJ,ASME B16.5
IOCL-MM-0000683,IOCL,FLG WNRF 12IN 600LB SS316,CAN-000383,DEPOT-IOCL-KYL,"Koyali Refinery, Gujarat",0,539700,0,FLANGE_WELD_NECK,300.0,600,ASTM A182 F316,RF,ASME B16.5
IOCL-MM-0000684,IOCL,FLG WN 3IN 150# SS304 RTJ,CAN-000166,DEPOT-IOCL-PRD,"Paradip Refinery, Odisha",0,23950,0,FLANGE_WELD_NECK,80.0,150,ASTM A182 F304,RTJ,ASME B16.5
IOCL-MM-0000685,IOCL,FLG WN 1/2IN CL150 SS304 RTJ,CAN-000006,DEPOT-IOCL-PRD,"Paradip Refinery, Odisha",127,2710,591,FLANGE_WELD_NECK,15.0,150,ASTM A182 F304,RTJ,ASME B16.5
IOCL-MM-0000686,IOCL,FLG SO 12IN CL900 SS304 FF,CAN-000992,DEPOT-IOCL-GWT,"Guwahati Refinery, Assam",100,407180,532,FLANGE_SLIP_ON,300.0,900,ASTM A182 F304,FF,ASME B16.5
IOCL-MM-0000687,IOCL,VLV GT 4IN 150# A105 BW,CAN-001307,DEPOT-IOCL-PRD,"Paradip Refinery, Odisha",14,109130,99,GATE_VALVE,100.0,150,ASTM A105,BW,API 600
IOCL-MM-0000688,IOCL,FLG BLD 10IN 150LB A105 RF,CAN-000641,DEPOT-IOCL-MTH,"Mathura Refinery, Uttar Pradesh",133,35910,533,FLANGE_BLIND,250.0,150,ASTM A105,RF,ASME B16.5
IOCL-MM-0000689,IOCL,FLG BLD RTJ 2IN CL900 A105 ASMEB16.5,CAN-000510,DEPOT-IOCL-GWT,"Guwahati Refinery, Assam",0,18580,0,FLANGE_BLIND,50.0,900,ASTM A105,RTJ,ASME B16.5
IOCL-MM-0000690,IOCL,VLV GT 12IN CL300 WCB BW API6D,CAN-001556,DEPOT-IOCL-MTH,"Mathura Refinery, Uttar Pradesh",39,792550,46,GATE_VALVE,300.0,300,ASTM A216 WCB,BW,API 6D
IOCL-MM-0000691,IOCL,VLV GT 12IN 150# A105 BW API600,CAN-001547,DEPOT-IOCL-PRD,"Paradip Refinery, Odisha",26,455200,106,GATE_VALVE,300.0,150,ASTM A105,BW,API 600
IOCL-MM-0000692,IOCL,FLG SO 12IN CL1500 SS316 RF ASMEB16.5,CAN-000999,DEPOT-IOCL-PNP,"Panipat Refinery, Haryana",86,816960,427,FLANGE_SLIP_ON,300.0,1500,ASTM A182 F316,RF,ASME B16.5
IOCL-MM-0000693,IOCL,VLV GT 10IN 600LB SS316 RF,CAN-001513,DEPOT-IOCL-PRD,"Paradip Refinery, Odisha",0,3483930,0,GATE_VALVE,250.0,600,ASTM A182 F316,RF,API 600
IOCL-MM-0000694,IOCL,GSKT SPWD 2IN 300# SS316/GRAF RF,CAN-002033,DEPOT-IOCL-GWT,"Guwahati Refinery, Assam",27,8910,25,SPIRAL_WOUND_GASKET,50.0,300,SS316 / GRAPHITE,RF,ASME B16.20
IOCL-MM-0000695,IOCL,VLV BL 6IN 900# WCB BW,CAN-001734,DEPOT-IOCL-PNP,"Panipat Refinery, Haryana",41,947410,104,BALL_VALVE,150.0,900,ASTM A216 WCB,BW,API 6D
IOCL-MM-0000696,IOCL,VLV GT 6IN 300# WCB BW,CAN-001376,DEPOT-IOCL-MTH,"Mathura Refinery, Uttar Pradesh",79,321870,538,GATE_VALVE,150.0,300,ASTM A216 WCB,BW,API 6D
IOCL-MM-0000697,IOCL,VLV GT 8IN 600LB SS316 BW API600,CAN-001455,DEPOT-IOCL-PRD,"Paradip Refinery, Odisha",50,2606670,58,GATE_VALVE,200.0,600,ASTM A182 F316,BW,API 600
IOCL-MM-0000698,IOCL,GSKT SPWD 4IN CL600 SS316/GRAF RF,CAN-002055,DEPOT-IOCL-PNP,"Panipat Refinery, Haryana",42,38220,34,SPIRAL_WOUND_GASKET,100.0,600,SS316 / GRAPHITE,RF,ASME B16.20
IOCL-MM-0000699,IOCL,FLG SO 8IN 1500LB A105 FF,CAN-000936,DEPOT-IOCL-MTH,"Mathura Refinery, Uttar Pradesh",125,150700,263,FLANGE_SLIP_ON,200.0,1500,ASTM A105,FF,ASME B16.5
IOCL-MM-0000700,IOCL,VLV GT 2IN 300# A105 BW API600,CAN-001199,DEPOT-IOCL-MTH,"Mathura Refinery, Uttar Pradesh",33,77160,19,GATE_VALVE,50.0,300,ASTM A105,BW,API 600
IOCL-MM-0000701,IOCL,VLV GT 8IN 150LB A105 RF,CAN-001425,DEPOT-IOCL-KYL,"Koyali Refinery, Gujarat",38,268710,109,GATE_VALVE,200.0,150,ASTM A105,RF,API 600
IOCL-MM-0000702,IOCL,VLV GLB 12IN 1500LB A105 RF,CAN-001999,DEPOT-IOCL-PRD,"Paradip Refinery, Odisha",32,3829540,66,GLOBE_VALVE,300.0,1500,ASTM A105,RF,BS 1873
IOCL-MM-0000703,IOCL,VLV GLB 1/2IN CL1500 A105 RF,CAN-001819,DEPOT-IOCL-KYL,"Koyali Refinery, Gujarat",126,77940,346,GLOBE_VALVE,15.0,1500,ASTM A105,RF,BS 1873
IOCL-MM-0000704,IOCL,FLG WN 2IN 1500# SS304 RTJ,CAN-000158,DEPOT-IOCL-KYL,"Koyali Refinery, Gujarat",0,82030,0,FLANGE_WELD_NECK,50.0,1500,ASTM A182 F304,RTJ,ASME B16.5
IOCL-MM-0000705,IOCL,FLG WN 12IN CL150 SS304 RTJ,CAN-000366,DEPOT-IOCL-MTH,"Mathura Refinery, Uttar Pradesh",7,133520,105,FLANGE_WELD_NECK,300.0,150,ASTM A182 F304,RTJ,ASME B16.5
IOCL-MM-0000706,IOCL,FLG BLD 12IN 300# A105 RF,CAN-000677,DEPOT-IOCL-GWT,"Guwahati Refinery, Assam",50,79250,598,FLANGE_BLIND,300.0,300,ASTM A105,RF,ASME B16.5
IOCL-MM-0000707,IOCL,VLV BL 1.5IN 300# SS316 BW API6D,CAN-001648,DEPOT-IOCL-PRD,"Paradip Refinery, Odisha",38,225810,29,BALL_VALVE,40.0,300,ASTM A182 F316,BW,API 6D
IOCL-MM-0000708,IOCL,VLV GT 3IN 300# WCB RF API600,CAN-001253,DEPOT-IOCL-GWT,"Guwahati Refinery, Assam",36,142160,13,GATE_VALVE,80.0,300,ASTM A216 WCB,RF,API 600
IOCL-MM-0000709,IOCL,FLG BLD 8IN 1500# A105 RF ASMEB16.5,CAN-000635,DEPOT-IOCL-PRD,"Paradip Refinery, Odisha",24,169540,46,FLANGE_BLIND,200.0,1500,ASTM A105,RF,ASME B16.5
IOCL-MM-0000710,IOCL,FLG WN RTJ 6IN 1500# A105,CAN-000274,DEPOT-IOCL-PNP,"Panipat Refinery, Haryana",0,142560,0,FLANGE_WELD_NECK,150.0,1500,ASTM A105,RTJ,ASME B16.5
IOCL-MM-0000711,IOCL,VLV GT 10IN 600LB SS316 BW API6D,CAN-001516,DEPOT-IOCL-PNP,"Panipat Refinery, Haryana",41,3483930,49,GATE_VALVE,250.0,600,ASTM A182 F316,BW,API 6D
IOCL-MM-0000712,IOCL,VLV GT 10IN CL1500 SS316 BW,CAN-001540,DEPOT-IOCL-GWT,"Guwahati Refinery, Assam",141,7251410,315,GATE_VALVE,250.0,1500,ASTM A182 F316,BW,API 6D
IOCL-MM-0000713,IOCL,GSKT SPWD 8IN 300# SS304/GRAF RF,CAN-002074,DEPOT-IOCL-KYL,"Koyali Refinery, Gujarat",134,40540,332,SPIRAL_WOUND_GASKET,200.0,300,SS304 / GRAPHITE,RF,ASME B16.20
IOCL-MM-0000714,IOCL,VLV GT 1IN CL900 A105 RF API6D,CAN-001102,DEPOT-IOCL-PRD,"Paradip Refinery, Odisha",31,75470,59,GATE_VALVE,25.0,900,ASTM A105,RF,API 6D
IOCL-MM-0000715,IOCL,VLV GT 1IN 600# WCB BW,CAN-001087,DEPOT-IOCL-GWT,"Guwahati Refinery, Assam",47,54560,66,GATE_VALVE,25.0,600,ASTM A216 WCB,BW,API 600
IOCL-MM-0000716,IOCL,FLG WNRF 3IN CL600 A105 ASMEB16.5,CAN-000177,DEPOT-IOCL-MTH,"Mathura Refinery, Uttar Pradesh",99,30250,306,FLANGE_WELD_NECK,80.0,600,ASTM A105,RF,ASME B16.5
IOCL-MM-0000717,IOCL,FLG WN 1.5IN CL150 SS316 RTJ ASMEB16.5,CAN-000088,DEPOT-IOCL-PRD,"Paradip Refinery, Odisha",8,12960,82,FLANGE_WELD_NECK,40.0,150,ASTM A182 F316,RTJ,ASME B16.5
IOCL-MM-0000718,IOCL,FLG SO 10IN CL300 SS316 RF ASMEB16.5,CAN-000951,DEPOT-IOCL-KYL,"Koyali Refinery, Gujarat",6,177860,25,FLANGE_SLIP_ON,250.0,300,ASTM A182 F316,RF,ASME B16.5
IOCL-MM-0000719,IOCL,FLG SO 1/2IN CL300 SS304 FF,CAN-000710,DEPOT-IOCL-MTH,"Mathura Refinery, Uttar Pradesh",90,3440,390,FLANGE_SLIP_ON,15.0,300,ASTM A182 F304,FF,ASME B16.5
IOCL-MM-0000720,IOCL,FLG BLD 4IN 150# A105 RF,CAN-000551,DEPOT-IOCL-PRD,"Paradip Refinery, Odisha",39,10910,87,FLANGE_BLIND,100.0,150,ASTM A105,RF,ASME B16.5
IOCL-MM-0000721,IOCL,FLG WNRF 4IN 150LB A105 ASMEB16.5,CAN-000201,DEPOT-IOCL-PNP,"Panipat Refinery, Haryana",16,13330,63,FLANGE_WELD_NECK,100.0,150,ASTM A105,RF,ASME B16.5
IOCL-MM-0000722,IOCL,STUDBLT 1IN 900# B7/2H THRD,CAN-002117,DEPOT-IOCL-GWT,"Guwahati Refinery, Assam",10,1460,24,STUD_BOLT,25.0,900,ASTM A193 B7 / A194 2H,THRD,ASME B18.2.1
IOCL-MM-0000723,IOCL,VLV GLB 1IN 1500# A105 RF,CAN-001840,DEPOT-IOCL-GWT,"Guwahati Refinery, Assam",0,151420,0,GLOBE_VALVE,25.0,1500,ASTM A105,RF,ASME B16.34
IOCL-MM-0000724,IOCL,VLV GT 3IN 600LB WCB RF,CAN-001266,DEPOT-IOCL-MTH,"Mathura Refinery, Uttar Pradesh",31,247520,96,GATE_VALVE,80.0,600,ASTM A216 WCB,RF,API 6D
IOCL-MM-0000725,IOCL,GSKT SPWD 12IN 150# SS304/GRAF RF ASMEB16.20,CAN-002092,DEPOT-IOCL-GWT,"Guwahati Refinery, Assam",0,39450,0,SPIRAL_WOUND_GASKET,300.0,150,SS304 / GRAPHITE,RF,ASME B16.20
IOCL-MM-0000726,IOCL,STUDBLT 12IN CL1500 L7/GR7 THRD ASMEB18.2.1,CAN-002200,DEPOT-IOCL-KYL,"Koyali Refinery, Gujarat",0,89350,0,STUD_BOLT,300.0,1500,ASTM A320 L7 / A194 7,THRD,ASME B18.2.1
IOCL-MM-0000727,IOCL,VLV GT 8IN 1500# SS316 BW,CAN-001480,DEPOT-IOCL-GWT,"Guwahati Refinery, Assam",12,5425490,16,GATE_VALVE,200.0,1500,ASTM A182 F316,BW,API 6D
IOCL-MM-0000728,IOCL,FLG BLD 6IN 600# A105 RF ASMEB16.5,CAN-000593,DEPOT-IOCL-PRD,"Paradip Refinery, Odisha",36,56040,75,FLANGE_BLIND,150.0,600,ASTM A105,RF,ASME B16.5
IOCL-MM-0000729,IOCL,FLG WNRF 1.5IN CL300 A105 ASMEB16.5,CAN-000089,DEPOT-IOCL-PNP,"Panipat Refinery, Haryana",40,7050,62,FLANGE_WELD_NECK,40.0,300,ASTM A105,RF,ASME B16.5
IOCL-MM-0000730,IOCL,VLV BL 2IN 150# SS316 BW,CAN-001664,DEPOT-IOCL-KYL,"Koyali Refinery, Gujarat",6,173340,44,BALL_VALVE,50.0,150,ASTM A182 F316,BW,API 6D
IOCL-MM-0000731,IOCL,VLV GT 1/2IN CL600 SS316 BW,CAN-001036,DEPOT-IOCL-PNP,"Panipat Refinery, Haryana",0,89880,0,GATE_VALVE,15.0,600,ASTM A182 F316,BW,API 6D
IOCL-MM-0000732,IOCL,VLV GT 8IN CL300 WCB RF,CAN-001434,DEPOT-IOCL-MTH,"Mathura Refinery, Uttar Pradesh",31,467850,67,GATE_VALVE,200.0,300,ASTM A216 WCB,RF,API 6D
IOCL-MM-0000733,IOCL,GSKT SPWD 1IN 600# SS304/GRAF RF,CAN-002016,DEPOT-IOCL-PRD,"Paradip Refinery, Odisha",0,4720,0,SPIRAL_WOUND_GASKET,25.0,600,SS304 / GRAPHITE,RF,ASME B16.20
IOCL-MM-0000734,IOCL,FLG WN RTJ 12IN 1500# SS316,CAN-000400,DEPOT-IOCL-MTH,"Mathura Refinery, Uttar Pradesh",32,1123330,81,FLANGE_WELD_NECK,300.0,1500,ASTM A182 F316,RTJ,ASME B16.5
IOCL-MM-0000735,IOCL,VLV GT 3IN 900LB SS316 BW API6D,CAN-001288,DEPOT-IOCL-KYL,"Koyali Refinery, Gujarat",94,1095560,351,GATE_VALVE,80.0,900,ASTM A182 F316,BW,API 6D
IOCL-MM-0000736,IOCL,VLV GT 6IN 900# WCB RF API600,CAN-001397,DEPOT-IOCL-KYL,"Koyali Refinery, Gujarat",21,775150,117,GATE_VALVE,150.0,900,ASTM A216 WCB,RF,API 600
IOCL-MM-0000737,IOCL,VLV GT 1IN CL300 SS316 RF API6D,CAN-001082,DEPOT-IOCL-GWT,"Guwahati Refinery, Assam",74,100280,702,GATE_VALVE,25.0,300,ASTM A182 F316,RF,API 6D
IOCL-MM-0000738,IOCL,FLG WNRF 4IN 150LB A105,CAN-000201,DEPOT-IOCL-PRD,"Paradip Refinery, Odisha",0,13330,0,FLANGE_WELD_NECK,100.0,150,ASTM A105,RF,ASME B16.5
IOCL-MM-0000739,IOCL,FLG SO 1.5IN 150# SS316 FF ASMEB16.5,CAN-000766,DEPOT-IOCL-PNP,"Panipat Refinery, Haryana",91,9430,622,FLANGE_SLIP_ON,40.0,150,ASTM A182 F316,FF,ASME B16.5
IOCL-MM-0000740,IOCL,FLG SO 1IN 150# SS304 FF,CAN-000734,DEPOT-IOCL-GWT,"Guwahati Refinery, Assam",107,3840,447,FLANGE_SLIP_ON,25.0,150,ASTM A182 F304,FF,ASME B16.5
IOCL-MM-0000741,IOCL,VLV GT 8IN CL1500 A105 BW,CAN-001475,DEPOT-IOCL-MTH,"Mathura Refinery, Uttar Pradesh",25,1695460,53,GATE_VALVE,200.0,1500,ASTM A105,BW,API 600
IOCL-MM-0000742,IOCL,VLV GLB 3IN 300# A105 RF,CAN-001888,DEPOT-IOCL-PRD,"Paradip Refinery, Odisha",49,189550,27,GLOBE_VALVE,80.0,300,ASTM A105,RF,ASME B16.34
IOCL-MM-0000743,IOCL,FLG SO 1/2IN CL1500 A105 FF,CAN-000726,DEPOT-IOCL-PRD,"Paradip Refinery, Odisha",5,5190,96,FLANGE_SLIP_ON,15.0,1500,ASTM A105,FF,ASME B16.5
IOCL-MM-0000744,IOCL,VLV GT 10IN 900# SS316 BW,CAN-001527,DEPOT-IOCL-KYL,"Koyali Refinery, Gujarat",40,4818850,259,GATE_VALVE,250.0,900,ASTM A182 F316,BW,API 600
IOCL-MM-0000745,IOCL,FLG BLD 8IN CL1500 A105 RF ASMEB16.5,CAN-000635,DEPOT-IOCL-KYL,"Koyali Refinery, Gujarat",27,169540,114,FLANGE_BLIND,200.0,1500,ASTM A105,RF,ASME B16.5
IOCL-MM-0000746,IOCL,GSKT SPWD 8IN 1500LB SS304/GRAF RF,CAN-002080,DEPOT-IOCL-GWT,"Guwahati Refinery, Assam",49,146940,11,SPIRAL_WOUND_GASKET,200.0,1500,SS304 / GRAPHITE,RF,ASME B16.20
IOCL-MM-0000747,IOCL,VLV BL 12IN 600# WCB BW,CAN-001790,DEPOT-IOCL-MTH,"Mathura Refinery, Uttar Pradesh",19,1686570,105,BALL_VALVE,300.0,600,ASTM A216 WCB,BW,API 6D
IOCL-MM-0000748,IOCL,VLV GT 2IN 600# A105 BW,CAN-001211,DEPOT-IOCL-GWT,"Guwahati Refinery, Assam",0,134350,0,GATE_VALVE,50.0,600,ASTM A105,BW,API 600
IOCL-MM-0000749,IOCL,VLV GT 1/2IN CL150 WCB RF,CAN-001001,DEPOT-IOCL-MTH,"Mathura Refinery, Uttar Pradesh",0,9260,0,GATE_VALVE,15.0,150,ASTM A216 WCB,RF,API 600
IOCL-MM-0000750,IOCL,FLG BLD 12IN 900LB A350-LF2 RTJ ASMEB16.5,CAN-000692,DEPOT-IOCL-KYL,"Koyali Refinery, Gujarat",73,305380,187,FLANGE_BLIND,300.0,900,ASTM A350 LF2,RTJ,ASME B16.5
IOCL-MM-0000751,IOCL,FLG SO 1/2IN 300# SS316 FF,CAN-000712,DEPOT-IOCL-KYL,"Koyali Refinery, Gujarat",0,4580,0,FLANGE_SLIP_ON,15.0,300,ASTM A182 F316,FF,ASME B16.5
IOCL-MM-0000752,IOCL,STUDBLT 2IN 600LB B7/2H THRD,CAN-002135,DEPOT-IOCL-KYL,"Koyali Refinery, Gujarat",0,2610,0,STUD_BOLT,50.0,600,ASTM A193 B7 / A194 2H,THRD,ASME B18.2.1
IOCL-MM-0000753,IOCL,FLG SO 6IN 300# SS304 FF,CAN-000890,DEPOT-IOCL-PRD,"Paradip Refinery, Odisha",43,68660,82,FLANGE_SLIP_ON,150.0,300,ASTM A182 F304,FF,ASME B16.5
IOCL-MM-0000754,IOCL,VLV GT 1.5IN 300# WCB RF API600,CAN-001133,DEPOT-IOCL-MTH,"Mathura Refinery, Uttar Pradesh",52,57730,445,GATE_VALVE,40.0,300,ASTM A216 WCB,RF,API 600
IOCL-MM-0000755,IOCL,STUDBLT 8IN CL300 L7/GR7 THRD,CAN-002174,DEPOT-IOCL-PRD,"Paradip Refinery, Odisha",90,14550,376,STUD_BOLT,200.0,300,ASTM A320 L7 / A194 7,THRD,ASME B18.2.1
IOCL-MM-0000756,IOCL,VLV GT 8IN CL600 WCB BW API600,CAN-001447,DEPOT-IOCL-PRD,"Paradip Refinery, Odisha",48,814580,81,GATE_VALVE,200.0,600,ASTM A216 WCB,BW,API 600
IOCL-MM-0000757,IOCL,VLV GT 2IN 300LB WCB RF API6D,CAN-001194,DEPOT-IOCL-KYL,"Koyali Refinery, Gujarat",46,77160,16,GATE_VALVE,50.0,300,ASTM A216 WCB,RF,API 6D
IOCL-MM-0000758,IOCL,FLG SO 6IN 1500LB SS316 FF,CAN-000910,DEPOT-IOCL-KYL,"Koyali Refinery, Gujarat",48,331790,76,FLANGE_SLIP_ON,150.0,1500,ASTM A182 F316,FF,ASME B16.5
IOCL-MM-0000759,IOCL,FLG BLD 1/2IN 600LB A105 RF,CAN-000413,DEPOT-IOCL-PRD,"Paradip Refinery, Odisha",77,2800,228,FLANGE_BLIND,15.0,600,ASTM A105,RF,ASME B16.5
IOCL-MM-0000760,IOCL,FLG SO 2IN 150LB SS316 FF,CAN-000796,DEPOT-IOCL-PRD,"Paradip Refinery, Odisha",5,12600,60,FLANGE_SLIP_ON,50.0,150,ASTM A182 F316,FF,ASME B16.5
IOCL-MM-0000761,IOCL,VLV BL 2IN 300# WCB RF API6D,CAN-001665,DEPOT-IOCL-PRD,"Paradip Refinery, Odisha",77,94310,613,BALL_VALVE,50.0,300,ASTM A216 WCB,RF,API 6D
IOCL-MM-0000762,IOCL,VLV GT 6IN 300# WCB BW,CAN-001376,DEPOT-IOCL-MTH,"Mathura Refinery, Uttar Pradesh",0,321870,0,GATE_VALVE,150.0,300,ASTM A216 WCB,BW,API 6D
IOCL-MM-0000763,IOCL,VLV BL 2IN 600LB SS316 BW API6D,CAN-001672,DEPOT-IOCL-PNP,"Panipat Refinery, Haryana",0,525480,0,BALL_VALVE,50.0,600,ASTM A182 F316,BW,API 6D
IOCL-MM-0000764,IOCL,FLG BLD 1IN 600LB SS316 RTJ,CAN-000448,DEPOT-IOCL-GWT,"Guwahati Refinery, Assam",83,17460,290,FLANGE_BLIND,25.0,600,ASTM A182 F316,RTJ,ASME B16.5
IOCL-MM-0000765,IOCL,VLV GT 2IN 600LB A105 RF API600,CAN-001209,DEPOT-IOCL-GWT,"Guwahati Refinery, Assam",105,134350,712,GATE_VALVE,50.0,600,ASTM A105,RF,API 600
IOCL-MM-0000766,IOCL,GSKT SPWD 3IN 150# SS316/GRAF RF,CAN-002041,DEPOT-IOCL-PRD,"Paradip Refinery, Odisha",11,9430,90,SPIRAL_WOUND_GASKET,80.0,150,SS316 / GRAPHITE,RF,ASME B16.20
IOCL-MM-0000767,IOCL,FLG SO 10IN 900LB SS316 FF,CAN-000964,DEPOT-IOCL-PNP,"Panipat Refinery, Haryana",28,428340,566,FLANGE_SLIP_ON,250.0,900,ASTM A182 F316,FF,ASME B16.5
IOCL-MM-0000768,IOCL,VLV GT 10IN 1500LB SS316 RF,CAN-001537,DEPOT-IOCL-PNP,"Panipat Refinery, Haryana",35,7251410,632,GATE_VALVE,250.0,1500,ASTM A182 F316,RF,API 600
IOCL-MM-0000769,IOCL,FLG WN RTJ 6IN 900# A350-LF2,CAN-000268,DEPOT-IOCL-PNP,"Panipat Refinery, Haryana",0,151580,0,FLANGE_WELD_NECK,150.0,900,ASTM A350 LF2,RTJ,ASME B16.5
IOCL-MM-0000770,IOCL,STUDBLT 3IN 150# B7/2H THRD,CAN-002141,DEPOT-IOCL-GWT,"Guwahati Refinery, Assam",122,1580,278,STUD_BOLT,80.0,150,ASTM A193 B7 / A194 2H,THRD,ASME B18.2.1
IOCL-MM-0000771,IOCL,VLV GT 4IN CL900 WCB BW,CAN-001340,DEPOT-IOCL-MTH,"Mathura Refinery, Uttar Pradesh",22,457580,644,GATE_VALVE,100.0,900,ASTM A216 WCB,BW,API 6D
IOCL-MM-0000772,IOCL,FLG BLD 3IN 300LB A105 RF,CAN-000527,DEPOT-IOCL-KYL,"Koyali Refinery, Gujarat",45,14210,527,FLANGE_BLIND,80.0,300,ASTM A105,RF,ASME B16.5
IOCL-MM-0000773,IOCL,FLG WN 10IN CL900 SS304 RF,CAN-000349,DEPOT-IOCL-KYL,"Koyali Refinery, Gujarat",42,441720,34,FLANGE_WELD_NECK,250.0,900,ASTM A182 F304,RF,ASME B16.5
IOCL-MM-0000774,IOCL,VLV GT 2IN 600# A105 BW API6D,CAN-001212,DEPOT-IOCL-PRD,"Paradip Refinery, Odisha",69,134350,309,GATE_VALVE,50.0,600,ASTM A105,BW,API 6D
IOCL-MM-0000775,IOCL,VLV GT 2IN CL600 SS316 BW,CAN-001215,DEPOT-IOCL-GWT,"Guwahati Refinery, Assam",44,429940,66,GATE_VALVE,50.0,600,ASTM A182 F316,BW,API 600
IOCL-MM-0000776,IOCL,FLG WN RTJ 4IN 150# SS304,CAN-000206,DEPOT-IOCL-PNP,"Panipat Refinery, Haryana",0,32010,0,FLANGE_WELD_NECK,100.0,150,ASTM A182 F304,RTJ,ASME B16.5
IOCL-MM-0000777,IOCL,STUDBLT 10IN CL300 B7/2H THRD,CAN-002183,DEPOT-IOCL-GWT,"Guwahati Refinery, Assam",39,12150,109,STUD_BOLT,250.0,300,ASTM A193 B7 / A194 2H,THRD,ASME B18.2.1
IOCL-MM-0000778,IOCL,GSKT SPWD 1/2IN 1500# SS316/GRAF RF ASMEB16.20,CAN-002009,DEPOT-IOCL-GWT,"Guwahati Refinery, Assam",23,6750,57,SPIRAL_WOUND_GASKET,15.0,1500,SS316 / GRAPHITE,RF,ASME B16.20
IOCL-MM-0000779,IOCL,VLV GT 1/2IN 300# WCB BW,CAN-001016,DEPOT-IOCL-MTH,"Mathura Refinery, Uttar Pradesh",0,16130,0,GATE_VALVE,15.0,300,ASTM A216 WCB,BW,API 6D
IOCL-MM-0000780,IOCL,FLG WN 6IN CL600 A350-LF2 RF,CAN-000259,DEPOT-IOCL-PNP,"Panipat Refinery, Haryana",17,109590,35,FLANGE_WELD_NECK,150.0,600,ASTM A350 LF2,RF,ASME B16.5
IOCL-MM-0000781,IOCL,VLV GLB 1IN CL600 A105 RF,CAN-001831,DEPOT-IOCL-PNP,"Panipat Refinery, Haryana",47,72750,70,GLOBE_VALVE,25.0,600,ASTM A105,RF,BS 1873
IOCL-MM-0000782,IOCL,VLV GT 1IN CL900 WCB RF,CAN-001097,DEPOT-IOCL-KYL,"Koyali Refinery, Gujarat",26,75470,119,GATE_VALVE,25.0,900,ASTM A216 WCB,RF,API 600
IOCL-MM-0000783,IOCL,VLV GT 12IN CL900 WCB RF,CAN-001577,DEPOT-IOCL-GWT,"Guwahati Refinery, Assam",31,1908660,52,GATE_VALVE,300.0,900,ASTM A216 WCB,RF,API 600
IOCL-MM-0000784,IOCL,VLV GT 1IN 1500# SS316 BW API6D,CAN-001120,DEPOT-IOCL-PNP,"Panipat Refinery, Haryana",5,363430,91,GATE_VALVE,25.0,1500,ASTM A182 F316,BW,API 6D
IOCL-MM-0000785,IOCL,FLG BLD 6IN 900# A350-LF2 RTJ,CAN-000602,DEPOT-IOCL-MTH,"Mathura Refinery, Uttar Pradesh",0,124020,0,FLANGE_BLIND,150.0,900,ASTM A350 LF2,RTJ,ASME B16.5
IOCL-MM-0000786,IOCL,VLV GLB 1IN CL1500 WCB RF,CAN-001837,DEPOT-IOCL-GWT,"Guwahati Refinery, Assam",116,151420,390,GLOBE_VALVE,25.0,1500,ASTM A216 WCB,RF,BS 1873
IOCL-MM-0000787,IOCL,STUDBLT 4IN 900LB B7/2H THRD ASMEB18.2.1,CAN-002157,DEPOT-IOCL-PNP,"Panipat Refinery, Haryana",9,8890,55,STUD_BOLT,100.0,900,ASTM A193 B7 / A194 2H,THRD,ASME B18.2.1
IOCL-MM-0000788,IOCL,FLG BLD 3IN 600# SS316 RF,CAN-000537,DEPOT-IOCL-MTH,"Mathura Refinery, Uttar Pradesh",17,79200,90,FLANGE_BLIND,80.0,600,ASTM A182 F316,RF,ASME B16.5
IOCL-MM-0000789,IOCL,VLV GT 2IN CL600 SS316 RF,CAN-001213,DEPOT-IOCL-GWT,"Guwahati Refinery, Assam",0,429940,0,GATE_VALVE,50.0,600,ASTM A182 F316,RF,API 600
IOCL-MM-0000790,IOCL,FLG SO 3IN 900# SS316 FF ASMEB16.5,CAN-000844,DEPOT-IOCL-GWT,"Guwahati Refinery, Assam",0,97380,0,FLANGE_SLIP_ON,80.0,900,ASTM A182 F316,FF,ASME B16.5
IOCL-MM-0000791,IOCL,GSKT SPWD 1.5IN 1500LB SS316/GRAF RF,CAN-002029,DEPOT-IOCL-GWT,"Guwahati Refinery, Assam",82,24170,362,SPIRAL_WOUND_GASKET,40.0,1500,SS316 / GRAPHITE,RF,ASME B16.20
IOCL-MM-0000792,IOCL,VLV GT 1IN 1500# SS316 BW API600,CAN-001119,DEPOT-IOCL-GWT,"Guwahati Refinery, Assam",25,363430,320,GATE_VALVE,25.0,1500,ASTM A182 F316,BW,API 600
IOCL-MM-0000793,IOCL,VLV GLB 6IN 900LB A105 RF,CAN-001935,DEPOT-IOCL-PNP,"Panipat Refinery, Haryana",18,1033540,49,GLOBE_VALVE,150.0,900,ASTM A105,RF,BS 1873
IOCL-MM-0000794,IOCL,VLV GLB 4IN 150LB WCB RF BS1873,CAN-001901,DEPOT-IOCL-GWT,"Guwahati Refinery, Assam",38,145500,112,GLOBE_VALVE,100.0,150,ASTM A216 WCB,RF,BS 1873
IOCL-MM-0000795,IOCL,FLG BLD 6IN CL1500 A350-LF2 RTJ,CAN-000608,DEPOT-IOCL-PNP,"Panipat Refinery, Haryana",0,186630,0,FLANGE_BLIND,150.0,1500,ASTM A350 LF2,RTJ,ASME B16.5
IOCL-MM-0000796,IOCL,VLV BL 6IN 1500# SS316 RF,CAN-001739,DEPOT-IOCL-MTH,"Mathura Refinery, Uttar Pradesh",49,4562140,57,BALL_VALVE,150.0,1500,ASTM A182 F316,RF,API 6D
IOCL-MM-0000797,IOCL,FLG SO 8IN 150LB SS304 RF,CAN-000913,DEPOT-IOCL-MTH,"Mathura Refinery, Uttar Pradesh",68,57320,728,FLANGE_SLIP_ON,200.0,150,ASTM A182 F304,RF,ASME B16.5
IOCL-MM-0000798,IOCL,GSKT SPWD 4IN 600LB SS304/GRAF RF,CAN-002056,DEPOT-IOCL-GWT,"Guwahati Refinery, Assam",0,28670,0,SPIRAL_WOUND_GASKET,100.0,600,SS304 / GRAPHITE,RF,ASME B16.20
IOCL-MM-0000799,IOCL,VLV GT 1IN CL1500 SS316 RF,CAN-001118,DEPOT-IOCL-MTH,"Mathura Refinery, Uttar Pradesh",145,363430,394,GATE_VALVE,25.0,1500,ASTM A182 F316,RF,API 6D
IOCL-MM-0000800,IOCL,VLV GLB 1/2IN CL300 WCB RF ASMEB16.34,CAN-001806,DEPOT-IOCL-KYL,"Koyali Refinery, Gujarat",36,21500,351,GLOBE_VALVE,15.0,300,ASTM A216 WCB,RF,ASME B16.34
IOCL-MM-0000801,IOCL,FLG BLD 8IN CL600 A105 RF ASMEB16.5,CAN-000623,DEPOT-IOCL-PRD,"Paradip Refinery, Odisha",38,81450,69,FLANGE_BLIND,200.0,600,ASTM A105,RF,ASME B16.5
IOCL-MM-0000802,IOCL,FLG BLD 10IN 600# SS316 RF ASMEB16.5,CAN-000657,DEPOT-IOCL-GWT,"Guwahati Refinery, Assam",35,348390,101,FLANGE_BLIND,250.0,600,ASTM A182 F316,RF,ASME B16.5
IOCL-MM-0000803,IOCL,VLV GT 3IN 1500LB WCB BW,CAN-001292,DEPOT-IOCL-PRD,"Paradip Refinery, Odisha",42,515190,93,GATE_VALVE,80.0,1500,ASTM A216 WCB,BW,API 6D
IOCL-MM-0000804,IOCL,STUDBLT 12IN 900# L7/GR7 THRD ASMEB18.2.1,CAN-002198,DEPOT-IOCL-MTH,"Mathura Refinery, Uttar Pradesh",20,59380,60,STUD_BOLT,300.0,900,ASTM A320 L7 / A194 7,THRD,ASME B18.2.1
IOCL-MM-0000805,IOCL,VLV GT 1IN 300# A105 RF API6D,CAN-001078,DEPOT-IOCL-KYL,"Koyali Refinery, Gujarat",28,31330,42,GATE_VALVE,25.0,300,ASTM A105,RF,API 6D
IOCL-MM-0000806,IOCL,FLG WNRF 10IN CL150 SS316,CAN-000327,DEPOT-IOCL-GWT,"Guwahati Refinery, Assam",27,140460,39,FLANGE_WELD_NECK,250.0,150,ASTM A182 F316,RF,ASME B16.5
IOCL-MM-0000807,IOCL,VLV GT 2IN CL150 A105 RF API600,CAN-001185,DEPOT-IOCL-PRD,"Paradip Refinery, Odisha",32,44320,67,GATE_VALVE,50.0,150,ASTM A105,RF,API 600
IOCL-MM-0000808,IOCL,FLG SO 1IN 1500LB SS316 FF,CAN-000760,DEPOT-IOCL-GWT,"Guwahati Refinery, Assam",101,32300,459,FLANGE_SLIP_ON,25.0,1500,ASTM A182 F316,FF,ASME B16.5
IOCL-MM-0000809,IOCL,VLV GT 2IN 600LB SS316 BW API600,CAN-001215,DEPOT-IOCL-KYL,"Koyali Refinery, Gujarat",0,429940,0,GATE_VALVE,50.0,600,ASTM A182 F316,BW,API 600
IOCL-MM-0000810,IOCL,VLV GT 2IN CL300 WCB BW API6D,CAN-001196,DEPOT-IOCL-PNP,"Panipat Refinery, Haryana",37,77160,75,GATE_VALVE,50.0,300,ASTM A216 WCB,BW,API 6D
IOCL-MM-0000811,IOCL,VLV GT 1/2IN CL150 WCB RF,CAN-001002,DEPOT-IOCL-GWT,"Guwahati Refinery, Assam",45,9260,301,GATE_VALVE,15.0,150,ASTM A216 WCB,RF,API 6D
IOCL-MM-0000812,IOCL,FLG SO 1/2IN 300# A105 FF ASMEB16.5,CAN-000708,DEPOT-IOCL-PRD,"Paradip Refinery, Odisha",0,1430,0,FLANGE_SLIP_ON,15.0,300,ASTM A105,FF,ASME B16.5
IOCL-MM-0000813,IOCL,FLG BLD 1/2IN 600# A350-LF2 RTJ ASMEB16.5,CAN-000416,DEPOT-IOCL-GWT,"Guwahati Refinery, Assam",0,4490,0,FLANGE_BLIND,15.0,600,ASTM A350 LF2,RTJ,ASME B16.5
IOCL-MM-0000814,IOCL,VLV GT 10IN CL1500 A105 BW,CAN-001535,DEPOT-IOCL-PRD,"Paradip Refinery, Odisha",22,2266060,486,GATE_VALVE,250.0,1500,ASTM A105,BW,API 600
IOCL-MM-0000815,IOCL,VLV GT 3IN 300LB A105 RF,CAN-001258,DEPOT-IOCL-KYL,"Koyali Refinery, Gujarat",23,142160,663,GATE_VALVE,80.0,300,ASTM A105,RF,API 6D
IOCL-MM-0000816,IOCL,FLG BLD 2IN CL900 SS316 RTJ,CAN-000514,DEPOT-IOCL-MTH,"Mathura Refinery, Uttar Pradesh",78,59460,412,FLANGE_BLIND,50.0,900,ASTM A182 F316,RTJ,ASME B16.5
IOCL-MM-0000817,IOCL,VLV BL 4IN CL300 SS316 RF,CAN-001707,DEPOT-IOCL-KYL,"Koyali Refinery, Gujarat",0,743140,0,BALL_VALVE,100.0,300,ASTM A182 F316,RF,API 6D
IOCL-MM-0000818,IOCL,FLG WN 1.5IN CL600 A105 RF,CAN-000097,DEPOT-IOCL-KYL,"Koyali Refinery, Gujarat",10,12280,50,FLANGE_WELD_NECK,40.0,600,ASTM A105,RF,ASME B16.5
IOCL-MM-0000819,IOCL,VLV BL 1IN 1500# SS316 RF,CAN-001639,DEPOT-IOCL-KYL,"Koyali Refinery, Gujarat",0,444190,0,BALL_VALVE,25.0,1500,ASTM A182 F316,RF,API 6D
IOCL-MM-0000820,IOCL,VLV GT 12IN 150LB SS316 BW,CAN-001552,DEPOT-IOCL-PNP,"Panipat Refinery, Haryana",41,1456650,26,GATE_VALVE,300.0,150,ASTM A182 F316,BW,API 6D
IOCL-MM-0000821,IOCL,VLV BL 12IN 300LB WCB BW,CAN-001786,DEPOT-IOCL-PNP,"Panipat Refinery, Haryana",47,968680,116,BALL_VALVE,300.0,300,ASTM A216 WCB,BW,API 6D
IOCL-MM-0000822,IOCL,FLG SO 3IN 1500LB SS316 FF ASMEB16.5,CAN-000850,DEPOT-IOCL-KYL,"Koyali Refinery, Gujarat",30,146540,107,FLANGE_SLIP_ON,80.0,1500,ASTM A182 F316,FF,ASME B16.5
IOCL-MM-0000823,IOCL,VLV GT 8IN CL900 A105 RF,CAN-001461,DEPOT-IOCL-GWT,"Guwahati Refinery, Assam",41,1126700,110,GATE_VALVE,200.0,900,ASTM A105,RF,API 600
IOCL-MM-0000824,IOCL,VLV GLB 1/2IN 300# WCB RF,CAN-001806,DEPOT-IOCL-MTH,"Mathura Refinery, Uttar Pradesh",104,21500,580,GLOBE_VALVE,15.0,300,ASTM A216 WCB,RF,ASME B16.34
IOCL-MM-0000825,IOCL,STUDBLT 4IN 900LB L7/GR7 THRD ASMEB18.2.1,CAN-002158,DEPOT-IOCL-KYL,"Koyali Refinery, Gujarat",0,14230,0,STUD_BOLT,100.0,900,ASTM A320 L7 / A194 7,THRD,ASME B18.2.1
IOCL-MM-0000826,IOCL,VLV GT 1IN 600LB A105 RF API6D,CAN-001090,DEPOT-IOCL-PNP,"Panipat Refinery, Haryana",33,54560,91,GATE_VALVE,25.0,600,ASTM A105,RF,API 6D
IOCL-MM-0000827,IOCL,FLG WN RTJ 1.5IN 150LB A105 ASMEB16.5,CAN-000082,DEPOT-IOCL-PRD,"Paradip Refinery, Odisha",0,4050,0,FLANGE_WELD_NECK,40.0,150,ASTM A105,RTJ,ASME B16.5
IOCL-MM-0000828,IOCL,VLV GT 1IN CL900 SS316 RF,CAN-001106,DEPOT-IOCL-PNP,"Panipat Refinery, Haryana",0,241510,0,GATE_VALVE,25.0,900,ASTM A182 F316,RF,API 6D
IOCL-MM-0000829,IOCL,VLV GT 3IN 1500# SS316 BW,CAN-001299,DEPOT-IOCL-KYL,"Koyali Refinery, Gujarat",19,1648600,47,GATE_VALVE,80.0,1500,ASTM A182 F316,BW,API 600
IOCL-MM-0000830,IOCL,VLV GLB 4IN CL900 WCB RF,CAN-001914,DEPOT-IOCL-KYL,"Koyali Refinery, Gujarat",0,610110,0,GLOBE_VALVE,100.0,900,ASTM A216 WCB,RF,ASME B16.34
IOCL-MM-0000831,IOCL,VLV GLB 6IN CL150 A105 RF ASMEB16.34,CAN-001924,DEPOT-IOCL-GWT,"Guwahati Refinery, Assam",125,246490,580,GLOBE_VALVE,150.0,150,ASTM A105,RF,ASME B16.34
IOCL-MM-0000832,IOCL,FLG SO 10IN 1500# SS316 RF,CAN-000969,DEPOT-IOCL-MTH,"Mathura Refinery, Uttar Pradesh",35,644560,105,FLANGE_SLIP_ON,250.0,1500,ASTM A182 F316,RF,ASME B16.5
IOCL-MM-0000833,IOCL,VLV GT 1.5IN 900# WCB RF API6D,CAN-001158,DEPOT-IOCL-MTH,"Mathura Refinery, Uttar Pradesh",0,139040,0,GATE_VALVE,40.0,900,ASTM A216 WCB,RF,API 6D
IOCL-MM-0000834,IOCL,VLV GT 1/2IN 150# A105 RF API6D,CAN-001006,DEPOT-IOCL-KYL,"Koyali Refinery, Gujarat",0,9260,0,GATE_VALVE,15.0,150,ASTM A105,RF,API 6D
IOCL-MM-0000835,IOCL,VLV GT 12IN CL1500 WCB RF,CAN-001590,DEPOT-IOCL-PRD,"Paradip Refinery, Odisha",0,2872150,0,GATE_VALVE,300.0,1500,ASTM A216 WCB,RF,API 6D
IOCL-MM-0000836,IOCL,FLG SO 6IN CL900 SS304 FF,CAN-000902,DEPOT-IOCL-GWT,"Guwahati Refinery, Assam",0,165360,0,FLANGE_SLIP_ON,150.0,900,ASTM A182 F304,FF,ASME B16.5
IOCL-MM-0000837,IOCL,VLV GT 8IN 300# SS316 RF,CAN-001441,DEPOT-IOCL-KYL,"Koyali Refinery, Gujarat",20,1497140,77,GATE_VALVE,200.0,300,ASTM A182 F316,RF,API 600
IOCL-MM-0000838,IOCL,FLG WN 10IN 600LB A350-LF2 RTJ,CAN-000340,DEPOT-IOCL-KYL,"Koyali Refinery, Gujarat",7,212900,104,FLANGE_WELD_NECK,250.0,600,ASTM A350 LF2,RTJ,ASME B16.5
IOCL-MM-0000839,IOCL,VLV GT 1/2IN 600# SS316 RF API600,CAN-001033,DEPOT-IOCL-KYL,"Koyali Refinery, Gujarat",50,89880,111,GATE_VALVE,15.0,600,ASTM A182 F316,RF,API 600
IOCL-MM-0000840,IOCL,STUDBLT 2IN 300LB B7/2H THRD ASMEB18.2.1,CAN-002133,DEPOT-IOCL-MTH,"Mathura Refinery, Uttar Pradesh",16,1500,89,STUD_BOLT,50.0,300,ASTM A193 B7 / A194 2H,THRD,ASME B18.2.1
IOCL-MM-0000841,IOCL,FLG SO 1IN CL600 SS304 RF,CAN-000745,DEPOT-IOCL-KYL,"Koyali Refinery, Gujarat",66,11640,277,FLANGE_SLIP_ON,25.0,600,ASTM A182 F304,RF,ASME B16.5
IOCL-MM-0000842,IOCL,VLV GT 10IN 900LB A105 BW,CAN-001524,DEPOT-IOCL-PNP,"Panipat Refinery, Haryana",0,1505890,0,GATE_VALVE,250.0,900,ASTM A105,BW,API 6D
IOCL-MM-0000843,IOCL,VLV GT 8IN 150# SS316 RF API6D,CAN-001430,DEPOT-IOCL-PRD,"Paradip Refinery, Odisha",9,859880,99,GATE_VALVE,200.0,150,ASTM A182 F316,RF,API 6D
IOCL-MM-0000844,IOCL,VLV GLB 2IN CL900 WCB RF,CAN-001874,DEPOT-IOCL-MTH,"Mathura Refinery, Uttar Pradesh",125,247780,746,GLOBE_VALVE,50.0,900,ASTM A216 WCB,RF,ASME B16.34
IOCL-MM-0000845,IOCL,VLV GLB 2IN 900# A105 RF,CAN-001876,DEPOT-IOCL-PNP,"Panipat Refinery, Haryana",149,247780,513,GLOBE_VALVE,50.0,900,ASTM A105,RF,ASME B16.34
IOCL-MM-0000846,IOCL,VLV GLB 3IN 600LB A105 RF,CAN-001891,DEPOT-IOCL-GWT,"Guwahati Refinery, Assam",0,330030,0,GLOBE_VALVE,80.0,600,ASTM A105,RF,BS 1873
IOCL-MM-0000847,IOCL,FLG SO 3IN 600# SS316 RF,CAN-000837,DEPOT-IOCL-PNP,"Panipat Refinery, Haryana",48,70400,105,FLANGE_SLIP_ON,80.0,600,ASTM A182 F316,RF,ASME B16.5
IOCL-MM-0000848,IOCL,FLG BLD 12IN 1500LB A350-LF2 RF ASMEB16.5,CAN-000697,DEPOT-IOCL-KYL,"Koyali Refinery, Gujarat",121,459540,218,FLANGE_BLIND,300.0,1500,ASTM A350 LF2,RF,ASME B16.5
IOCL-MM-0000849,IOCL,VLV GT 12IN 900# A105 RF API6D,CAN-001582,DEPOT-IOCL-MTH,"Mathura Refinery, Uttar Pradesh",34,1908660,72,GATE_VALVE,300.0,900,ASTM A105,RF,API 6D
IOCL-MM-0000850,IOCL,VLV BL 2IN 600LB SS316 RF API6D,CAN-001671,DEPOT-IOCL-PRD,"Paradip Refinery, Odisha",50,525480,66,BALL_VALVE,50.0,600,ASTM A182 F316,RF,API 6D
IOCL-MM-0000851,IOCL,VLV GLB 4IN 1500# A105 RF,CAN-001920,DEPOT-IOCL-GWT,"Guwahati Refinery, Assam",63,918090,198,GLOBE_VALVE,100.0,1500,ASTM A105,RF,ASME B16.34
IOCL-MM-0000852,IOCL,FLG WNRF 1IN CL1500 SS316 ASMEB16.5,CAN-000079,DEPOT-IOCL-PRD,"Paradip Refinery, Odisha",63,44410,259,FLANGE_WELD_NECK,25.0,1500,ASTM A182 F316,RF,ASME B16.5
IOCL-MM-0000853,IOCL,FLG WN 2IN CL900 SS316 RF,CAN-000151,DEPOT-IOCL-MTH,"Mathura Refinery, Uttar Pradesh",16,72680,37,FLANGE_WELD_NECK,50.0,900,ASTM A182 F316,RF,ASME B16.5
IOCL-MM-0000854,IOCL,VLV GT 6IN CL600 A105 RF API600,CAN-001389,DEPOT-IOCL-PRD,"Paradip Refinery, Odisha",0,560420,0,GATE_VALVE,150.0,600,ASTM A105,RF,API 600
IOCL-MM-0000855,IOCL,GSKT SPWD 1.5IN CL900 SS316/GRAF RF ASMEB16.20,CAN-002027,DEPOT-IOCL-PRD,"Paradip Refinery, Odisha",50,16060,94,SPIRAL_WOUND_GASKET,40.0,900,SS316 / GRAPHITE,RF,ASME B16.20
IOCL-MM-0000856,IOCL,STUDBLT 12IN 600# B7/2H THRD ASMEB18.2.1,CAN-002195,DEPOT-IOCL-GWT,"Guwahati Refinery, Assam",43,26830,10,STUD_BOLT,300.0,600,ASTM A193 B7 / A194 2H,THRD,ASME B18.2.1
IOCL-MM-0000857,IOCL,VLV BL 1.5IN 150# SS316 RF,CAN-001643,DEPOT-IOCL-MTH,"Mathura Refinery, Uttar Pradesh",115,129690,424,BALL_VALVE,40.0,150,ASTM A182 F316,RF,API 6D
IOCL-MM-0000858,IOCL,FLG SO 10IN 600# SS304 RF ASMEB16.5,CAN-000955,DEPOT-IOCL-KYL,"Koyali Refinery, Gujarat",0,232260,0,FLANGE_SLIP_ON,250.0,600,ASTM A182 F304,RF,ASME B16.5
IOCL-MM-0000859,IOCL,FLG WNRF 4IN 600# A105 ASMEB16.5,CAN-000217,DEPOT-IOCL-PNP,"Panipat Refinery, Haryana",0,40430,0,FLANGE_WELD_NECK,100.0,600,ASTM A105,RF,ASME B16.5
IOCL-MM-0000860,IOCL,VLV GT 6IN 600# SS316 BW,CAN-001395,DEPOT-IOCL-MTH,"Mathura Refinery, Uttar Pradesh",31,1793350,605,GATE_VALVE,150.0,600,ASTM A182 F316,BW,API 600
IOCL-MM-0000861,IOCL,VLV GLB 4IN CL1500 A105 RF ASMEB16.34,CAN-001920,DEPOT-IOCL-GWT,"Guwahati Refinery, Assam",45,918090,34,GLOBE_VALVE,100.0,1500,ASTM A105,RF,ASME B16.34
IOCL-MM-0000862,IOCL,FLG SO 12IN CL300 A105 RF ASMEB16.5,CAN-000977,DEPOT-IOCL-PRD,"Paradip Refinery, Odisha",32,70440,25,FLANGE_SLIP_ON,300.0,300,ASTM A105,RF,ASME B16.5
IOCL-MM-0000863,IOCL,VLV GT 10IN 900# SS316 BW API600,CAN-001527,DEPOT-IOCL-GWT,"Guwahati Refinery, Assam",5,4818850,61,GATE_VALVE,250.0,900,ASTM A182 F316,BW,API 600
IOCL-MM-0000864,IOCL,VLV GLB 12IN CL300 A105 RF ASMEB16.34,CAN-001988,DEPOT-IOCL-KYL,"Koyali Refinery, Gujarat",0,1056740,0,GLOBE_VALVE,300.0,300,ASTM A105,RF,ASME B16.34
IOCL-MM-0000865,IOCL,FLG WN RTJ 1.5IN 600# SS304,CAN-000102,DEPOT-IOCL-PRD,"Paradip Refinery, Odisha",9,29480,37,FLANGE_WELD_NECK,40.0,600,ASTM A182 F304,RTJ,ASME B16.5
IOCL-MM-0000866,IOCL,VLV BL 8IN 600LB SS316 BW API6D,CAN-001752,DEPOT-IOCL-PRD,"Paradip Refinery, Odisha",11,3185940,101,BALL_VALVE,200.0,600,ASTM A182 F316,BW,API 6D
IOCL-MM-0000867,IOCL,FLG BLD 10IN CL150 SS316 RTJ,CAN-000646,DEPOT-IOCL-PRD,"Paradip Refinery, Odisha",0,114920,0,FLANGE_BLIND,250.0,150,ASTM A182 F316,RTJ,ASME B16.5
IOCL-MM-0000868,IOCL,FLG SO 3IN 150# SS316 RF,CAN-000825,DEPOT-IOCL-KYL,"Koyali Refinery, Gujarat",49,23220,27,FLANGE_SLIP_ON,80.0,150,ASTM A182 F316,RF,ASME B16.5
IOCL-MM-0000869,IOCL,FLG WNRF 10IN 150LB A105,CAN-000321,DEPOT-IOCL-GWT,"Guwahati Refinery, Assam",143,43890,249,FLANGE_WELD_NECK,250.0,150,ASTM A105,RF,ASME B16.5
IOCL-MM-0000870,IOCL,VLV GT 1.5IN 1500LB WCB RF API600,CAN-001169,DEPOT-IOCL-PRD,"Paradip Refinery, Odisha",37,209230,91,GATE_VALVE,40.0,1500,ASTM A216 WCB,RF,API 600
IOCL-MM-0000871,IOCL,VLV GT 3IN CL150 A105 RF API6D,CAN-001246,DEPOT-IOCL-PRD,"Paradip Refinery, Odisha",23,81650,418,GATE_VALVE,80.0,150,ASTM A105,RF,API 6D
IOCL-MM-0000872,IOCL,VLV BL 8IN 150# SS316 BW,CAN-001744,DEPOT-IOCL-PNP,"Panipat Refinery, Haryana",32,1050960,106,BALL_VALVE,200.0,150,ASTM A182 F316,BW,API 6D
IOCL-MM-0000873,IOCL,FLG WN 12IN 300# SS304 RTJ ASMEB16.5,CAN-000374,DEPOT-IOCL-GWT,"Guwahati Refinery, Assam",17,232480,29,FLANGE_WELD_NECK,300.0,300,ASTM A182 F304,RTJ,ASME B16.5
IOCL-MM-0000874,IOCL,FLG WN RTJ 3IN 300LB SS304 ASMEB16.5,CAN-000174,DEPOT-IOCL-PRD,"Paradip Refinery, Odisha",133,41700,516,FLANGE_WELD_NECK,80.0,300,ASTM A182 F304,RTJ,ASME B16.5
IOCL-MM-0000875,IOCL,VLV GLB 4IN 900# A105 RF ASMEB16.34,CAN-001916,DEPOT-IOCL-PNP,"Panipat Refinery, Haryana",31,610110,92,GLOBE_VALVE,100.0,900,ASTM A105,RF,ASME B16.34
IOCL-MM-0000876,IOCL,VLV GT 6IN 150LB WCB BW,CAN-001364,DEPOT-IOCL-MTH,"Mathura Refinery, Uttar Pradesh",104,184870,530,GATE_VALVE,150.0,150,ASTM A216 WCB,BW,API 6D
IOCL-MM-0000877,IOCL,FLG BLD RTJ 3IN 300# A350-LF2 ASMEB16.5,CAN-000530,DEPOT-IOCL-MTH,"Mathura Refinery, Uttar Pradesh",76,22740,570,FLANGE_BLIND,80.0,300,ASTM A350 LF2,RTJ,ASME B16.5
IOCL-MM-0000878,IOCL,GSKT SPWD 1/2IN CL1500 SS316/GRAF RF ASMEB16.20,CAN-002009,DEPOT-IOCL-KYL,"Koyali Refinery, Gujarat",9,6750,72,SPIRAL_WOUND_GASKET,15.0,1500,SS316 / GRAPHITE,RF,ASME B16.20
IOCL-MM-0000879,IOCL,FLG WN 8IN 1500# A350-LF2 RF ASMEB16.5,CAN-000315,DEPOT-IOCL-MTH,"Mathura Refinery, Uttar Pradesh",52,331550,273,FLANGE_WELD_NECK,200.0,1500,ASTM A350 LF2,RF,ASME B16.5
IOCL-MM-0000880,IOCL,VLV GT 1/2IN 300# WCB BW,CAN-001015,DEPOT-IOCL-MTH,"Mathura Refinery, Uttar Pradesh",0,16130,0,GATE_VALVE,15.0,300,ASTM A216 WCB,BW,API 600
IOCL-MM-0000881,IOCL,FLG BLD 4IN 300# A350-LF2 RF,CAN-000559,DEPOT-IOCL-KYL,"Koyali Refinery, Gujarat",17,30400,41,FLANGE_BLIND,100.0,300,ASTM A350 LF2,RF,ASME B16.5
IOCL-MM-0000882,IOCL,FLG BLD RTJ 4IN 300LB SS316 ASMEB16.5,CAN-000562,DEPOT-IOCL-GWT,"Guwahati Refinery, Assam",45,60800,35,FLANGE_BLIND,100.0,300,ASTM A182 F316,RTJ,ASME B16.5
IOCL-MM-0000883,IOCL,FLG WN 1/2IN 600LB SS304 RF,CAN-000021,DEPOT-IOCL-GWT,"Guwahati Refinery, Assam",15,8230,70,FLANGE_WELD_NECK,15.0,600,ASTM A182 F304,RF,ASME B16.5
IOCL-MM-0000884,IOCL,VLV BL 10IN 600LB SS316 RF,CAN-001771,DEPOT-IOCL-PRD,"Paradip Refinery, Odisha",59,4258140,673,BALL_VALVE,250.0,600,ASTM A182 F316,RF,API 6D
IOCL-MM-0000885,IOCL,VLV GLB 12IN 150# A105 RF,CAN-001983,DEPOT-IOCL-KYL,"Koyali Refinery, Gujarat",96,606940,730,GLOBE_VALVE,300.0,150,ASTM A105,RF,BS 1873
IOCL-MM-0000886,IOCL,VLV GT 10IN 150# SS316 BW,CAN-001491,DEPOT-IOCL-MTH,"Mathura Refinery, Uttar Pradesh",34,1149270,49,GATE_VALVE,250.0,150,ASTM A182 F316,BW,API 600
IOCL-MM-0000887,IOCL,FLG WN RTJ 10IN 900LB A350-LF2,CAN-000348,DEPOT-IOCL-KYL,"Koyali Refinery, Gujarat",0,294480,0,FLANGE_WELD_NECK,250.0,900,ASTM A350 LF2,RTJ,ASME B16.5
IOCL-MM-0000888,IOCL,FLG SO 12IN 150# A105 FF,CAN-000972,DEPOT-IOCL-MTH,"Mathura Refinery, Uttar Pradesh",0,40460,0,FLANGE_SLIP_ON,300.0,150,ASTM A105,FF,ASME B16.5
IOCL-MM-0000889,IOCL,FLG SO 1.5IN 150# A105 RF ASMEB16.5,CAN-000761,DEPOT-IOCL-PRD,"Paradip Refinery, Odisha",115,2940,683,FLANGE_SLIP_ON,40.0,150,ASTM A105,RF,ASME B16.5
IOCL-MM-0000890,IOCL,VLV GT 3IN 1500LB A105 RF,CAN-001293,DEPOT-IOCL-KYL,"Koyali Refinery, Gujarat",115,515190,573,GATE_VALVE,80.0,1500,ASTM A105,RF,API 600
IOCL-MM-0000891,IOCL,VLV GT 6IN 900LB SS316 RF API6D,CAN-001406,DEPOT-IOCL-PRD,"Paradip Refinery, Odisha",0,2480500,0,GATE_VALVE,150.0,900,ASTM A182 F316,RF,API 6D
IOCL-MM-0000892,IOCL,FLG SO 8IN 900# SS316 FF,CAN-000934,DEPOT-IOCL-PNP,"Panipat Refinery, Haryana",41,320480,30,FLANGE_SLIP_ON,200.0,900,ASTM A182 F316,FF,ASME B16.5
IOCL-MM-0000893,IOCL,FLG BLD 4IN 150# A105 RF,CAN-000551,DEPOT-IOCL-GWT,"Guwahati Refinery, Assam",109,10910,701,FLANGE_BLIND,100.0,150,ASTM A105,RF,ASME B16.5
IOCL-MM-0000894,IOCL,VLV GLB 1.5IN CL1500 A105 RF,CAN-001860,DEPOT-IOCL-GWT,"Guwahati Refinery, Assam",46,278970,59,GLOBE_VALVE,40.0,1500,ASTM A105,RF,ASME B16.34
IOCL-MM-0000895,IOCL,FLG BLD 1IN 300LB A350-LF2 RF,CAN-000439,DEPOT-IOCL-MTH,"Mathura Refinery, Uttar Pradesh",28,5010,90,FLANGE_BLIND,25.0,300,ASTM A350 LF2,RF,ASME B16.5
IOCL-MM-0000896,IOCL,FLG SO 3IN CL1500 SS304 RF,CAN-000847,DEPOT-IOCL-MTH,"Mathura Refinery, Uttar Pradesh",34,109900,97,FLANGE_SLIP_ON,80.0,1500,ASTM A182 F304,RF,ASME B16.5
IOCL-MM-0000897,IOCL,VLV GT 1IN 150# WCB BW API6D,CAN-001064,DEPOT-IOCL-PRD,"Paradip Refinery, Odisha",47,18000,117,GATE_VALVE,25.0,150,ASTM A216 WCB,BW,API 6D
IOCL-MM-0000898,IOCL,FLG BLD RTJ 3IN 150# A105,CAN-000522,DEPOT-IOCL-KYL,"Koyali Refinery, Gujarat",42,8160,20,FLANGE_BLIND,80.0,150,ASTM A105,RTJ,ASME B16.5
IOCL-MM-0000899,IOCL,VLV GT 3IN CL300 A105 BW,CAN-001259,DEPOT-IOCL-KYL,"Koyali Refinery, Gujarat",0,142160,0,GATE_VALVE,80.0,300,ASTM A105,BW,API 600
IOCL-MM-0000900,IOCL,VLV GT 3IN 600LB WCB RF API600,CAN-001265,DEPOT-IOCL-GWT,"Guwahati Refinery, Assam",39,247520,94,GATE_VALVE,80.0,600,ASTM A216 WCB,RF,API 600
IOCL-MM-0000901,IOCL,STUDBLT 10IN 300LB L7/GR7 THRD,CAN-002184,DEPOT-IOCL-KYL,"Koyali Refinery, Gujarat",42,19450,291,STUD_BOLT,250.0,300,ASTM A320 L7 / A194 7,THRD,ASME B18.2.1
IOCL-MM-0000902,IOCL,FLG BLD 10IN CL300 A350-LF2 RTJ,CAN-000650,DEPOT-IOCL-MTH,"Mathura Refinery, Uttar Pradesh",18,100040,105,FLANGE_BLIND,250.0,300,ASTM A350 LF2,RTJ,ASME B16.5
IOCL-MM-0000903,IOCL,STUDBLT 4IN 150LB L7/GR7 THRD,CAN-002152,DEPOT-IOCL-PNP,"Panipat Refinery, Haryana",145,3390,181,STUD_BOLT,100.0,150,ASTM A320 L7 / A194 7,THRD,ASME B18.2.1
IOCL-MM-0000904,IOCL,VLV GT 8IN 600# A105 RF API600,CAN-001449,DEPOT-IOCL-KYL,"Koyali Refinery, Gujarat",46,814580,46,GATE_VALVE,200.0,600,ASTM A105,RF,API 600
IOCL-MM-0000905,IOCL,FLG BLD RTJ 6IN CL900 SS316 ASMEB16.5,CAN-000604,DEPOT-IOCL-MTH,"Mathura Refinery, Uttar Pradesh",70,248050,678,FLANGE_BLIND,150.0,900,ASTM A182 F316,RTJ,ASME B16.5
IOCL-MM-0000906,IOCL,VLV GT 3IN 150# A105 RF,CAN-001246,DEPOT-IOCL-PNP,"Panipat Refinery, Haryana",18,81650,33,GATE_VALVE,80.0,150,ASTM A105,RF,API 6D
IOCL-MM-0000907,IOCL,VLV GT 10IN 600# A105 RF API600,CAN-001509,DEPOT-IOCL-MTH,"Mathura Refinery, Uttar Pradesh",69,1088730,445,GATE_VALVE,250.0,600,ASTM A105,RF,API 600
IOCL-MM-0000908,IOCL,VLV BL 1IN 1500LB SS316 RF,CAN-001639,DEPOT-IOCL-PRD,"Paradip Refinery, Odisha",0,444190,0,BALL_VALVE,25.0,1500,ASTM A182 F316,RF,API 6D
IOCL-MM-0000909,IOCL,FLG WN RTJ 1.5IN CL900 A350-LF2 ASMEB16.5,CAN-000108,DEPOT-IOCL-KYL,"Koyali Refinery, Gujarat",0,27190,0,FLANGE_WELD_NECK,40.0,900,ASTM A350 LF2,RTJ,ASME B16.5
IOCL-MM-0000910,IOCL,VLV GT 4IN 600# SS316 BW API600,CAN-001335,DEPOT-IOCL-PRD,"Paradip Refinery, Odisha",0,1058640,0,GATE_VALVE,100.0,600,ASTM A182 F316,BW,API 600
IOCL-MM-0000911,IOCL,VLV GT 1IN 600LB SS316 RF,CAN-001093,DEPOT-IOCL-PNP,"Panipat Refinery, Haryana",0,174610,0,GATE_VALVE,25.0,600,ASTM A182 F316,RF,API 600
IOCL-MM-0000912,IOCL,VLV GLB 12IN 600LB WCB RF,CAN-001990,DEPOT-IOCL-PNP,"Panipat Refinery, Haryana",7,1839900,22,GLOBE_VALVE,300.0,600,ASTM A216 WCB,RF,ASME B16.34
IOCL-MM-0000913,IOCL,FLG BLD 8IN 900# A105 RTJ ASMEB16.5,CAN-000630,DEPOT-IOCL-PRD,"Paradip Refinery, Odisha",22,112670,72,FLANGE_BLIND,200.0,900,ASTM A105,RTJ,ASME B16.5
IOCL-MM-0000914,IOCL,VLV BL 8IN 1500LB WCB BW,CAN-001758,DEPOT-IOCL-PRD,"Paradip Refinery, Odisha",28,2072230,97,BALL_VALVE,200.0,1500,ASTM A216 WCB,BW,API 6D
IOCL-MM-0000915,IOCL,VLV GT 4IN 600LB SS316 BW,CAN-001336,DEPOT-IOCL-MTH,"Mathura Refinery, Uttar Pradesh",122,1058640,567,GATE_VALVE,100.0,600,ASTM A182 F316,BW,API 6D
IOCL-MM-0000916,IOCL,FLG SO 1.5IN CL600 SS304 FF ASMEB16.5,CAN-000776,DEPOT-IOCL-GWT,"Guwahati Refinery, Assam",45,21440,183,FLANGE_SLIP_ON,40.0,600,ASTM A182 F304,FF,ASME B16.5
IOCL-MM-0000917,IOCL,VLV GT 6IN 900LB A105 RF,CAN-001401,DEPOT-IOCL-KYL,"Koyali Refinery, Gujarat",55,775150,206,GATE_VALVE,150.0,900,ASTM A105,RF,API 600
IOCL-MM-0000918,IOCL,VLV GT 6IN CL150 A105 RF API6D,CAN-001366,DEPOT-IOCL-PRD,"Paradip Refinery, Odisha",49,184870,106,GATE_VALVE,150.0,150,ASTM A105,RF,API 6D
IOCL-MM-0000919,IOCL,VLV GT 10IN 150# SS316 BW API6D,CAN-001492,DEPOT-IOCL-PRD,"Paradip Refinery, Odisha",35,1149270,75,GATE_VALVE,250.0,150,ASTM A182 F316,BW,API 6D
IOCL-MM-0000920,IOCL,VLV GT 12IN 900LB SS316 BW,CAN-001587,DEPOT-IOCL-PNP,"Panipat Refinery, Haryana",102,6107710,197,GATE_VALVE,300.0,900,ASTM A182 F316,BW,API 600
IOCL-MM-0000921,IOCL,VLV GT 8IN CL600 A105 BW API600,CAN-001451,DEPOT-IOCL-PNP,"Panipat Refinery, Haryana",103,814580,634,GATE_VALVE,200.0,600,ASTM A105,BW,API 600
IOCL-MM-0000922,IOCL,VLV GLB 1.5IN 300# WCB RF,CAN-001845,DEPOT-IOCL-KYL,"Koyali Refinery, Gujarat",40,76980,536,GLOBE_VALVE,40.0,300,ASTM A216 WCB,RF,BS 1873
IOCL-MM-0000923,IOCL,VLV GT 6IN 300LB SS316 BW,CAN-001383,DEPOT-IOCL-KYL,"Koyali Refinery, Gujarat",45,1030010,574,GATE_VALVE,150.0,300,ASTM A182 F316,BW,API 600
IOCL-MM-0000924,IOCL,VLV GLB 12IN 300LB A105 RF,CAN-001988,DEPOT-IOCL-MTH,"Mathura Refinery, Uttar Pradesh",149,1056740,212,GLOBE_VALVE,300.0,300,ASTM A105,RF,ASME B16.34
IOCL-MM-0000925,IOCL,VLV GT 8IN 150# WCB RF,CAN-001422,DEPOT-IOCL-PNP,"Panipat Refinery, Haryana",48,268710,80,GATE_VALVE,200.0,150,ASTM A216 WCB,RF,API 6D
IOCL-MM-0000926,IOCL,FLG BLD RTJ 12IN 300LB A350-LF2,CAN-000680,DEPOT-IOCL-PNP,"Panipat Refinery, Haryana",39,126800,40,FLANGE_BLIND,300.0,300,ASTM A350 LF2,RTJ,ASME B16.5
IOCL-MM-0000927,IOCL,FLG SO 10IN 1500# SS316 FF ASMEB16.5,CAN-000970,DEPOT-IOCL-PNP,"Panipat Refinery, Haryana",0,644560,0,FLANGE_SLIP_ON,250.0,1500,ASTM A182 F316,FF,ASME B16.5
IOCL-MM-0000928,IOCL,VLV GT 3IN CL600 SS316 BW API6D,CAN-001276,DEPOT-IOCL-GWT,"Guwahati Refinery, Assam",91,792070,405,GATE_VALVE,80.0,600,ASTM A182 F316,BW,API 6D
IOCL-MM-0000929,IOCL,VLV BL 1/2IN CL600 SS316 BW API6D,CAN-001612,DEPOT-IOCL-KYL,"Koyali Refinery, Gujarat",51,109850,319,BALL_VALVE,15.0,600,ASTM A182 F316,BW,API 6D
IOCL-MM-0000930,IOCL,FLG WN 3IN CL1500 SS316 RF,CAN-000199,DEPOT-IOCL-GWT,"Guwahati Refinery, Assam",36,201490,531,FLANGE_WELD_NECK,80.0,1500,ASTM A182 F316,RF,ASME B16.5
IOCL-MM-0000931,IOCL,FLG BLD 10IN 300LB A350-LF2 RTJ,CAN-000650,DEPOT-IOCL-KYL,"Koyali Refinery, Gujarat",40,100040,119,FLANGE_BLIND,250.0,300,ASTM A350 LF2,RTJ,ASME B16.5
IOCL-MM-0000932,IOCL,VLV BL 1.5IN 300LB WCB RF,CAN-001645,DEPOT-IOCL-MTH,"Mathura Refinery, Uttar Pradesh",23,70560,21,BALL_VALVE,40.0,300,ASTM A216 WCB,RF,API 6D
IOCL-MM-0000933,IOCL,FLG WNRF 12IN 900# A350-LF2,CAN-000387,DEPOT-IOCL-MTH,"Mathura Refinery, Uttar Pradesh",49,373240,556,FLANGE_WELD_NECK,300.0,900,ASTM A350 LF2,RF,ASME B16.5
IOCL-MM-0000934,IOCL,FLG WN 8IN 300# A350-LF2 RF,CAN-000291,DEPOT-IOCL-PRD,"Paradip Refinery, Odisha",99,91490,243,FLANGE_WELD_NECK,200.0,300,ASTM A350 LF2,RF,ASME B16.5
IOCL-MM-0000935,IOCL,VLV GT 2IN CL150 A105 BW,CAN-001187,DEPOT-IOCL-KYL,"Koyali Refinery, Gujarat",101,44320,553,GATE_VALVE,50.0,150,ASTM A105,BW,API 600
IOCL-MM-0000936,IOCL,STUDBLT 2IN CL900 L7/GR7 THRD,CAN-002138,DEPOT-IOCL-MTH,"Mathura Refinery, Uttar Pradesh",43,5780,85,STUD_BOLT,50.0,900,ASTM A320 L7 / A194 7,THRD,ASME B18.2.1
IOCL-MM-0000937,IOCL,VLV GT 1.5IN 900# SS316 BW API6D,CAN-001168,DEPOT-IOCL-PNP,"Panipat Refinery, Haryana",34,444930,50,GATE_VALVE,40.0,900,ASTM A182 F316,BW,API 6D
IOCL-MM-0000938,IOCL,GSKT SPWD 1/2IN 1500# SS304/GRAF RF,CAN-002010,DEPOT-IOCL-GWT,"Guwahati Refinery, Assam",147,5060,646,SPIRAL_WOUND_GASKET,15.0,1500,SS304 / GRAPHITE,RF,ASME B16.20
IOCL-MM-0000939,IOCL,VLV GLB 1IN 300# A105 RF,CAN-001828,DEPOT-IOCL-MTH,"Mathura Refinery, Uttar Pradesh",28,41780,507,GLOBE_VALVE,25.0,300,ASTM A105,RF,ASME B16.34
IOCL-MM-0000940,IOCL,FLG BLD 4IN 600LB A350-LF2 RTJ,CAN-000566,DEPOT-IOCL-GWT,"Guwahati Refinery, Assam",142,52930,400,FLANGE_BLIND,100.0,600,ASTM A350 LF2,RTJ,ASME B16.5
IOCL-MM-0000941,IOCL,VLV GLB 1/2IN 900LB A105 RF BS1873,CAN-001815,DEPOT-IOCL-KYL,"Koyali Refinery, Gujarat",0,51790,0,GLOBE_VALVE,15.0,900,ASTM A105,RF,BS 1873
IOCL-MM-0000942,IOCL,VLV GT 1IN 150LB WCB RF API600,CAN-001061,DEPOT-IOCL-MTH,"Mathura Refinery, Uttar Pradesh",77,18000,233,GATE_VALVE,25.0,150,ASTM A216 WCB,RF,API 600
IOCL-MM-0000943,IOCL,VLV BL 10IN 900# SS316 RF,CAN-001775,DEPOT-IOCL-KYL,"Koyali Refinery, Gujarat",47,5889700,118,BALL_VALVE,250.0,900,ASTM A182 F316,RF,API 6D
IOCL-MM-0000944,IOCL,VLV BL 1.5IN 150# SS316 RF,CAN-001643,DEPOT-IOCL-PRD,"Paradip Refinery, Odisha",32,129690,96,BALL_VALVE,40.0,150,ASTM A182 F316,RF,API 6D
IOCL-MM-0000945,IOCL,FLG SO 1IN 600LB SS304 FF,CAN-000746,DEPOT-IOCL-KYL,"Koyali Refinery, Gujarat",38,11640,103,FLANGE_SLIP_ON,25.0,600,ASTM A182 F304,FF,ASME B16.5
IOCL-MM-0000946,IOCL,FLG WN RTJ 6IN 300LB SS304,CAN-000254,DEPOT-IOCL-PRD,"Paradip Refinery, Odisha",13,94410,51,FLANGE_WELD_NECK,150.0,300,ASTM A182 F304,RTJ,ASME B16.5
IOCL-MM-0000947,IOCL,STUDBLT 1IN CL1500 B7/2H THRD,CAN-002119,DEPOT-IOCL-PNP,"Panipat Refinery, Haryana",97,2200,648,STUD_BOLT,25.0,1500,ASTM A193 B7 / A194 2H,THRD,ASME B18.2.1
IOCL-MM-0000948,IOCL,FLG WN RTJ 8IN CL900 SS304 ASMEB16.5,CAN-000310,DEPOT-IOCL-KYL,"Koyali Refinery, Gujarat",14,330500,36,FLANGE_WELD_NECK,200.0,900,ASTM A182 F304,RTJ,ASME B16.5
IOCL-MM-0000949,IOCL,STUDBLT 1.5IN 900# B7/2H THRD,CAN-002127,DEPOT-IOCL-MTH,"Mathura Refinery, Uttar Pradesh",22,2700,550,STUD_BOLT,40.0,900,ASTM A193 B7 / A194 2H,THRD,ASME B18.2.1
IOCL-MM-0000950,IOCL,VLV GLB 3IN CL900 WCB RF,CAN-001893,DEPOT-IOCL-PNP,"Panipat Refinery, Haryana",14,456480,58,GLOBE_VALVE,80.0,900,ASTM A216 WCB,RF,BS 1873
IOCL-MM-0000951,IOCL,VLV GT 12IN 1500LB A105 RF,CAN-001594,DEPOT-IOCL-MTH,"Mathura Refinery, Uttar Pradesh",44,2872150,544,GATE_VALVE,300.0,1500,ASTM A105,RF,API 6D
IOCL-MM-0000952,IOCL,STUDBLT 4IN 600LB L7/GR7 THRD ASMEB18.2.1,CAN-002156,DEPOT-IOCL-PNP,"Panipat Refinery, Haryana",0,10290,0,STUD_BOLT,100.0,600,ASTM A320 L7 / A194 7,THRD,ASME B18.2.1
IOCL-MM-0000953,IOCL,STUDBLT 1.5IN CL900 L7/GR7 THRD,CAN-002128,DEPOT-IOCL-PRD,"Paradip Refinery, Odisha",14,4320,90,STUD_BOLT,40.0,900,ASTM A320 L7 / A194 7,THRD,ASME B18.2.1
IOCL-MM-0000954,IOCL,VLV BL 10IN CL600 SS316 RF,CAN-001771,DEPOT-IOCL-PNP,"Panipat Refinery, Haryana",0,4258140,0,BALL_VALVE,250.0,600,ASTM A182 F316,RF,API 6D
IOCL-MM-0000955,IOCL,FLG SO 2IN 600LB SS304 RF,CAN-000805,DEPOT-IOCL-PRD,"Paradip Refinery, Odisha",116,28660,271,FLANGE_SLIP_ON,50.0,600,ASTM A182 F304,RF,ASME B16.5
IOCL-MM-0000956,IOCL,VLV BL 6IN 1500LB SS316 BW,CAN-001740,DEPOT-IOCL-KYL,"Koyali Refinery, Gujarat",46,4562140,66,BALL_VALVE,150.0,1500,ASTM A182 F316,BW,API 6D
IOCL-MM-0000957,IOCL,FLG WNRF 1/2IN 900LB SS316 ASMEB16.5,CAN-000031,DEPOT-IOCL-PNP,"Panipat Refinery, Haryana",47,15190,75,FLANGE_WELD_NECK,15.0,900,ASTM A182 F316,RF,ASME B16.5
IOCL-MM-0000958,IOCL,VLV GT 2IN 150# WCB RF API600,CAN-001181,DEPOT-IOCL-PRD,"Paradip Refinery, Odisha",142,44320,460,GATE_VALVE,50.0,150,ASTM A216 WCB,RF,API 600
IOCL-MM-0000959,IOCL,VLV GT 1/2IN CL150 WCB RF,CAN-001001,DEPOT-IOCL-PRD,"Paradip Refinery, Odisha",0,9260,0,GATE_VALVE,15.0,150,ASTM A216 WCB,RF,API 600
IOCL-MM-0000960,IOCL,VLV GT 10IN 150LB WCB RF,CAN-001481,DEPOT-IOCL-KYL,"Koyali Refinery, Gujarat",13,359140,22,GATE_VALVE,250.0,150,ASTM A216 WCB,RF,API 600
IOCL-MM-0000961,IOCL,VLV GT 8IN 1500LB SS316 BW API6D,CAN-001480,DEPOT-IOCL-PRD,"Paradip Refinery, Odisha",0,5425490,0,GATE_VALVE,200.0,1500,ASTM A182 F316,BW,API 6D
IOCL-MM-0000962,IOCL,VLV GT 3IN CL900 SS316 BW API600,CAN-001287,DEPOT-IOCL-PRD,"Paradip Refinery, Odisha",145,1095560,245,GATE_VALVE,80.0,900,ASTM A182 F316,BW,API 600
IOCL-MM-0000963,IOCL,VLV GLB 1/2IN CL600 WCB RF,CAN-001810,DEPOT-IOCL-PRD,"Paradip Refinery, Odisha",51,37450,392,GLOBE_VALVE,15.0,600,ASTM A216 WCB,RF,ASME B16.34
IOCL-MM-0000964,IOCL,GSKT SPWD 6IN CL1500 SS316/GRAF RF,CAN-002069,DEPOT-IOCL-MTH,"Mathura Refinery, Uttar Pradesh",66,134790,185,SPIRAL_WOUND_GASKET,150.0,1500,SS316 / GRAPHITE,RF,ASME B16.20
IOCL-MM-0000965,IOCL,FLG WNRF 4IN CL1500 SS316 ASMEB16.5,CAN-000239,DEPOT-IOCL-PNP,"Panipat Refinery, Haryana",0,269300,0,FLANGE_WELD_NECK,100.0,1500,ASTM A182 F316,RF,ASME B16.5
IOCL-MM-0000966,IOCL,FLG BLD 2IN 1500# A105 RF,CAN-000515,DEPOT-IOCL-PNP,"Panipat Refinery, Haryana",7,27960,20,FLANGE_BLIND,50.0,1500,ASTM A105,RF,ASME B16.5
IOCL-MM-0000967,IOCL,FLG WN 1IN 300# SS316 RTJ ASMEB16.5,CAN-000056,DEPOT-IOCL-PRD,"Paradip Refinery, Odisha",0,12250,0,FLANGE_WELD_NECK,25.0,300,ASTM A182 F316,RTJ,ASME B16.5
IOCL-MM-0000968,IOCL,VLV GLB 8IN CL300 WCB RF ASMEB16.34,CAN-001946,DEPOT-IOCL-GWT,"Guwahati Refinery, Assam",0,623800,0,GLOBE_VALVE,200.0,300,ASTM A216 WCB,RF,ASME B16.34
IOCL-MM-0000969,IOCL,VLV GT 2IN CL1500 A105 BW,CAN-001236,DEPOT-IOCL-GWT,"Guwahati Refinery, Assam",33,279640,27,GATE_VALVE,50.0,1500,ASTM A105,BW,API 6D
IOCL-MM-0000970,IOCL,GSKT SPWD 1IN CL300 SS304/GRAF RF,CAN-002014,DEPOT-IOCL-GWT,"Guwahati Refinery, Assam",27,2710,87,SPIRAL_WOUND_GASKET,25.0,300,SS304 / GRAPHITE,RF,ASME B16.20
IOCL-MM-0000971,IOCL,FLG BLD 1.5IN CL1500 A350-LF2 RTJ,CAN-000488,DEPOT-IOCL-PNP,"Panipat Refinery, Haryana",0,33470,0,FLANGE_BLIND,40.0,1500,ASTM A350 LF2,RTJ,ASME B16.5
IOCL-MM-0000972,IOCL,FLG WN RTJ 2IN 600# A350-LF2,CAN-000140,DEPOT-IOCL-MTH,"Mathura Refinery, Uttar Pradesh",75,26270,547,FLANGE_WELD_NECK,50.0,600,ASTM A350 LF2,RTJ,ASME B16.5
IOCL-MM-0000973,IOCL,VLV GLB 1/2IN 900LB WCB RF BS1873,CAN-001813,DEPOT-IOCL-PRD,"Paradip Refinery, Odisha",40,51790,42,GLOBE_VALVE,15.0,900,ASTM A216 WCB,RF,BS 1873
IOCL-MM-0000974,IOCL,GSKT SPWD 1/2IN 150LB SS316/GRAF RF ASMEB16.20,CAN-002001,DEPOT-IOCL-MTH,"Mathura Refinery, Uttar Pradesh",10,1070,42,SPIRAL_WOUND_GASKET,15.0,150,SS316 / GRAPHITE,RF,ASME B16.20
IOCL-MM-0000975,IOCL,FLG BLD 10IN CL1500 A105 RF,CAN-000665,DEPOT-IOCL-MTH,"Mathura Refinery, Uttar Pradesh",9,226600,90,FLANGE_BLIND,250.0,1500,ASTM A105,RF,ASME B16.5
IOCL-MM-0000976,IOCL,FLG SO 6IN CL900 A105 RF ASMEB16.5,CAN-000899,DEPOT-IOCL-MTH,"Mathura Refinery, Uttar Pradesh",150,68900,347,FLANGE_SLIP_ON,150.0,900,ASTM A105,RF,ASME B16.5
IOCL-MM-0000977,IOCL,FLG WN 8IN 900LB A350-LF2 RTJ ASMEB16.5,CAN-000308,DEPOT-IOCL-KYL,"Koyali Refinery, Gujarat",43,220330,41,FLANGE_WELD_NECK,200.0,900,ASTM A350 LF2,RTJ,ASME B16.5
IOCL-MM-0000978,IOCL,GSKT SPWD 10IN 150# SS304/GRAF RF ASMEB16.20,CAN-002082,DEPOT-IOCL-PRD,"Paradip Refinery, Odisha",0,31120,0,SPIRAL_WOUND_GASKET,250.0,150,SS304 / GRAPHITE,RF,ASME B16.20
IOCL-MM-0000979,IOCL,FLG BLD RTJ 10IN CL1500 SS316 ASMEB16.5,CAN-000670,DEPOT-IOCL-PNP,"Panipat Refinery, Haryana",26,725140,109,FLANGE_BLIND,250.0,1500,ASTM A182 F316,RTJ,ASME B16.5
IOCL-MM-0000980,IOCL,VLV GT 1IN 300LB SS316 BW API6D,CAN-001084,DEPOT-IOCL-MTH,"Mathura Refinery, Uttar Pradesh",11,100280,58,GATE_VALVE,25.0,300,ASTM A182 F316,BW,API 6D
IOCL-MM-0000981,IOCL,FLG WN RTJ 4IN 300# SS304 ASMEB16.5,CAN-000214,DEPOT-IOCL-PNP,"Panipat Refinery, Haryana",0,55730,0,FLANGE_WELD_NECK,100.0,300,ASTM A182 F304,RTJ,ASME B16.5
IOCL-MM-0000982,IOCL,VLV GLB 8IN CL600 A105 RF,CAN-001952,DEPOT-IOCL-PRD,"Paradip Refinery, Odisha",145,1086110,277,GLOBE_VALVE,200.0,600,ASTM A105,RF,ASME B16.34
IOCL-MM-0000983,IOCL,FLG WNRF 8IN CL600 A350-LF2,CAN-000299,DEPOT-IOCL-GWT,"Guwahati Refinery, Assam",43,159290,22,FLANGE_WELD_NECK,200.0,600,ASTM A350 LF2,RF,ASME B16.5
IOCL-MM-0000984,IOCL,FLG SO 12IN 1500# SS316 RF ASMEB16.5,CAN-000999,DEPOT-IOCL-KYL,"Koyali Refinery, Gujarat",0,816960,0,FLANGE_SLIP_ON,300.0,1500,ASTM A182 F316,RF,ASME B16.5
IOCL-MM-0000985,IOCL,VLV GT 8IN CL1500 A105 BW,CAN-001476,DEPOT-IOCL-PRD,"Paradip Refinery, Odisha",30,1695460,71,GATE_VALVE,200.0,1500,ASTM A105,BW,API 6D
IOCL-MM-0000986,IOCL,VLV BL 1IN CL900 SS316 RF API6D,CAN-001635,DEPOT-IOCL-PNP,"Panipat Refinery, Haryana",50,295180,29,BALL_VALVE,25.0,900,ASTM A182 F316,RF,API 6D
IOCL-MM-0000987,IOCL,GSKT SPWD 10IN CL150 SS304/GRAF RF ASMEB16.20,CAN-002082,DEPOT-IOCL-KYL,"Koyali Refinery, Gujarat",22,31120,16,SPIRAL_WOUND_GASKET,250.0,150,SS304 / GRAPHITE,RF,ASME B16.20
IOCL-MM-0000988,IOCL,FLG SO 8IN CL600 A105 RF,CAN-000923,DEPOT-IOCL-GWT,"Guwahati Refinery, Assam",83,72400,608,FLANGE_SLIP_ON,200.0,600,ASTM A105,RF,ASME B16.5
IOCL-MM-0000989,IOCL,VLV BL 1IN CL900 WCB RF,CAN-001633,DEPOT-IOCL-KYL,"Koyali Refinery, Gujarat",139,92240,694,BALL_VALVE,25.0,900,ASTM A216 WCB,RF,API 6D
IOCL-MM-0000990,IOCL,FLG WN RTJ 10IN 600LB A350-LF2,CAN-000340,DEPOT-IOCL-MTH,"Mathura Refinery, Uttar Pradesh",10,212900,49,FLANGE_WELD_NECK,250.0,600,ASTM A350 LF2,RTJ,ASME B16.5
IOCL-MM-0000991,IOCL,FLG SO 8IN 150LB SS304 RF,CAN-000913,DEPOT-IOCL-PNP,"Panipat Refinery, Haryana",9,57320,103,FLANGE_SLIP_ON,200.0,150,ASTM A182 F304,RF,ASME B16.5
IOCL-MM-0000992,IOCL,FLG WN 4IN 600# A105 RTJ ASMEB16.5,CAN-000218,DEPOT-IOCL-PNP,"Panipat Refinery, Haryana",0,40430,0,FLANGE_WELD_NECK,100.0,600,ASTM A105,RTJ,ASME B16.5
IOCL-MM-0000993,IOCL,VLV GT 1IN 300LB A105 RF,CAN-001077,DEPOT-IOCL-KYL,"Koyali Refinery, Gujarat",22,31330,614,GATE_VALVE,25.0,300,ASTM A105,RF,API 600
IOCL-MM-0000994,IOCL,FLG SO 6IN CL600 SS316 FF,CAN-000898,DEPOT-IOCL-MTH,"Mathura Refinery, Uttar Pradesh",37,159400,97,FLANGE_SLIP_ON,150.0,600,ASTM A182 F316,FF,ASME B16.5
IOCL-MM-0000995,IOCL,GSKT SPWD 12IN CL300 SS304/GRAF RF,CAN-002094,DEPOT-IOCL-PNP,"Panipat Refinery, Haryana",44,68680,34,SPIRAL_WOUND_GASKET,300.0,300,SS304 / GRAPHITE,RF,ASME B16.20
IOCL-MM-0000996,IOCL,FLG WN RTJ 1IN CL900 SS316,CAN-000072,DEPOT-IOCL-PRD,"Paradip Refinery, Odisha",82,29510,720,FLANGE_WELD_NECK,25.0,900,ASTM A182 F316,RTJ,ASME B16.5
IOCL-MM-0000997,IOCL,FLG SO 2IN CL1500 A105 FF,CAN-000816,DEPOT-IOCL-PRD,"Paradip Refinery, Odisha",15,24850,96,FLANGE_SLIP_ON,50.0,1500,ASTM A105,FF,ASME B16.5
IOCL-MM-0000998,IOCL,FLG SO 12IN CL150 SS316 FF,CAN-000976,DEPOT-IOCL-MTH,"Mathura Refinery, Uttar Pradesh",0,129480,0,FLANGE_SLIP_ON,300.0,150,ASTM A182 F316,FF,ASME B16.5
IOCL-MM-0000999,IOCL,GSKT SPWD 12IN 150# SS304/GRAF RF,CAN-002092,DEPOT-IOCL-PNP,"Panipat Refinery, Haryana",29,39450,31,SPIRAL_WOUND_GASKET,300.0,150,SS304 / GRAPHITE,RF,ASME B16.20
IOCL-MM-0001000,IOCL,VLV GLB 3IN 150LB WCB RF,CAN-001882,DEPOT-IOCL-GWT,"Guwahati Refinery, Assam",83,108860,732,GLOBE_VALVE,80.0,150,ASTM A216 WCB,RF,ASME B16.34
IOCL-MM-0001001,IOCL,FLG WNRF 4IN 600# A350-LF2,CAN-000219,DEPOT-IOCL-GWT,"Guwahati Refinery, Assam",0,64690,0,FLANGE_WELD_NECK,100.0,600,ASTM A350 LF2,RF,ASME B16.5
IOCL-MM-0001002,IOCL,VLV GT 10IN CL600 A105 RF,CAN-001509,DEPOT-IOCL-KYL,"Koyali Refinery, Gujarat",0,1088730,0,GATE_VALVE,250.0,600,ASTM A105,RF,API 600
IOCL-MM-0001003,IOCL,VLV GT 2IN 300LB A105 RF,CAN-001198,DEPOT-IOCL-PRD,"Paradip Refinery, Odisha",29,77160,654,GATE_VALVE,50.0,300,ASTM A105,RF,API 6D
IOCL-MM-0001004,IOCL,STUDBLT 4IN CL150 L7/GR7 THRD,CAN-002152,DEPOT-IOCL-PNP,"Panipat Refinery, Haryana",44,3390,68,STUD_BOLT,100.0,150,ASTM A320 L7 / A194 7,THRD,ASME B18.2.1
IOCL-MM-0001005,IOCL,FLG SO 1.5IN 1500LB SS316 FF ASMEB16.5,CAN-000790,DEPOT-IOCL-PNP,"Panipat Refinery, Haryana",0,59510,0,FLANGE_SLIP_ON,40.0,1500,ASTM A182 F316,FF,ASME B16.5
IOCL-MM-0001006,IOCL,FLG SO 4IN CL1500 A105 FF ASMEB16.5,CAN-000876,DEPOT-IOCL-GWT,"Guwahati Refinery, Assam",0,61200,0,FLANGE_SLIP_ON,100.0,1500,ASTM A105,FF,ASME B16.5
IOCL-MM-0001007,IOCL,FLG BLD RTJ 1/2IN 600LB SS316 ASMEB16.5,CAN-000418,DEPOT-IOCL-PRD,"Paradip Refinery, Odisha",125,8980,306,FLANGE_BLIND,15.0,600,ASTM A182 F316,RTJ,ASME B16.5
IOCL-MM-0001008,IOCL,FLG WNRF 6IN 900LB SS304,CAN-000269,DEPOT-IOCL-GWT,"Guwahati Refinery, Assam",0,227370,0,FLANGE_WELD_NECK,150.0,900,ASTM A182 F304,RF,ASME B16.5
IOCL-MM-0001009,IOCL,VLV GLB 2IN 300LB WCB RF ASMEB16.34,CAN-001866,DEPOT-IOCL-GWT,"Guwahati Refinery, Assam",16,102890,78,GLOBE_VALVE,50.0,300,ASTM A216 WCB,RF,ASME B16.34
IOCL-MM-0001010,IOCL,VLV GT 1/2IN 150LB WCB RF API600,CAN-001001,DEPOT-IOCL-KYL,"Koyali Refinery, Gujarat",33,9260,30,GATE_VALVE,15.0,150,ASTM A216 WCB,RF,API 600
IOCL-MM-0001011,IOCL,VLV GT 8IN 900# WCB BW API600,CAN-001459,DEPOT-IOCL-KYL,"Koyali Refinery, Gujarat",0,1126700,0,GATE_VALVE,200.0,900,ASTM A216 WCB,BW,API 600
IOCL-MM-0001012,IOCL,VLV GT 6IN CL1500 WCB BW API6D,CAN-001412,DEPOT-IOCL-MTH,"Mathura Refinery, Uttar Pradesh",13,1166450,60,GATE_VALVE,150.0,1500,ASTM A216 WCB,BW,API 6D
IOCL-MM-0001013,IOCL,VLV GT 4IN 300LB WCB RF,CAN-001314,DEPOT-IOCL-PNP,"Panipat Refinery, Haryana",0,190000,0,GATE_VALVE,100.0,300,ASTM A216 WCB,RF,API 6D
IOCL-MM-0001014,IOCL,FLG WN 1IN 150# SS316 RF,CAN-000047,DEPOT-IOCL-GWT,"Guwahati Refinery, Assam",0,7040,0,FLANGE_WELD_NECK,25.0,150,ASTM A182 F316,RF,ASME B16.5
IOCL-MM-0001015,IOCL,VLV BL 6IN 600LB SS316 RF,CAN-001731,DEPOT-IOCL-MTH,"Mathura Refinery, Uttar Pradesh",30,2191880,74,BALL_VALVE,150.0,600,ASTM A182 F316,RF,API 6D
IOCL-MM-0001016,IOCL,FLG BLD 3IN CL600 A350-LF2 RTJ,CAN-000536,DEPOT-IOCL-KYL,"Koyali Refinery, Gujarat",0,39600,0,FLANGE_BLIND,80.0,600,ASTM A350 LF2,RTJ,ASME B16.5
IOCL-MM-0001017,IOCL,FLG WN 6IN 1500# SS304 RTJ ASMEB16.5,CAN-000278,DEPOT-IOCL-GWT,"Guwahati Refinery, Assam",48,342160,40,FLANGE_WELD_NECK,150.0,1500,ASTM A182 F304,RTJ,ASME B16.5
IOCL-MM-0001018,IOCL,VLV GT 3IN 150# WCB BW,CAN-001243,DEPOT-IOCL-GWT,"Guwahati Refinery, Assam",43,81650,104,GATE_VALVE,80.0,150,ASTM A216 WCB,BW,API 600
IOCL-MM-0001019,IOCL,FLG WNRF 2IN 900# SS316 ASMEB16.5,CAN-000151,DEPOT-IOCL-KYL,"Koyali Refinery, Gujarat",0,72680,0,FLANGE_WELD_NECK,50.0,900,ASTM A182 F316,RF,ASME B16.5
IOCL-MM-0001020,IOCL,VLV BL 3IN 150LB SS316 BW API6D,CAN-001684,DEPOT-IOCL-MTH,"Mathura Refinery, Uttar Pradesh",67,319350,435,BALL_VALVE,80.0,150,ASTM A182 F316,BW,API 6D
IOCL-MM-0001021,IOCL,FLG BLD 1IN 1500LB A105 RTJ,CAN-000456,DEPOT-IOCL-MTH,"Mathura Refinery, Uttar Pradesh",32,11350,35,FLANGE_BLIND,25.0,1500,ASTM A105,RTJ,ASME B16.5
IOCL-MM-0001022,IOCL,FLG BLD 1.5IN 600LB A350-LF2 RTJ,CAN-000476,DEPOT-IOCL-PRD,"Paradip Refinery, Odisha",17,16080,119,FLANGE_BLIND,40.0,600,ASTM A350 LF2,RTJ,ASME B16.5
IOCL-MM-0001023,IOCL,VLV GLB 4IN CL900 WCB RF,CAN-001914,DEPOT-IOCL-MTH,"Mathura Refinery, Uttar Pradesh",0,610110,0,GLOBE_VALVE,100.0,900,ASTM A216 WCB,RF,ASME B16.34
IOCL-MM-0001024,IOCL,FLG SO 1/2IN 900# SS316 RF,CAN-000723,DEPOT-IOCL-GWT,"Guwahati Refinery, Assam",57,11050,616,FLANGE_SLIP_ON,15.0,900,ASTM A182 F316,RF,ASME B16.5
IOCL-MM-0001025,IOCL,FLG WN 10IN 150# SS304 RF ASMEB16.5,CAN-000325,DEPOT-IOCL-PNP,"Panipat Refinery, Haryana",38,105340,49,FLANGE_WELD_NECK,250.0,150,ASTM A182 F304,RF,ASME B16.5
IOCL-MM-0001026,IOCL,VLV GLB 12IN CL150 WCB RF,CAN-001982,DEPOT-IOCL-MTH,"Mathura Refinery, Uttar Pradesh",0,606940,0,GLOBE_VALVE,300.0,150,ASTM A216 WCB,RF,ASME B16.34
IOCL-MM-0001027,IOCL,FLG WNRF 1/2IN 150LB SS316,CAN-000007,DEPOT-IOCL-PNP,"Panipat Refinery, Haryana",22,3620,56,FLANGE_WELD_NECK,15.0,150,ASTM A182 F316,RF,ASME B16.5
IOCL-MM-0001028,IOCL,VLV GLB 3IN 600LB WCB RF,CAN-001889,DEPOT-IOCL-KYL,"Koyali Refinery, Gujarat",0,330030,0,GLOBE_VALVE,80.0,600,ASTM A216 WCB,RF,BS 1873
IOCL-MM-0001029,IOCL,FLG WNRF 8IN 1500# SS316 ASMEB16.5,CAN-000319,DEPOT-IOCL-GWT,"Guwahati Refinery, Assam",0,663110,0,FLANGE_WELD_NECK,200.0,1500,ASTM A182 F316,RF,ASME B16.5
IOCL-MM-0001030,IOCL,FLG WN RTJ 8IN 150LB SS304,CAN-000286,DEPOT-IOCL-KYL,"Koyali Refinery, Gujarat",0,78820,0,FLANGE_WELD_NECK,200.0,150,ASTM A182 F304,RTJ,ASME B16.5
IOCL-MM-0001031,IOCL,FLG BLD RTJ 4IN 150LB A105 ASMEB16.5,CAN-000552,DEPOT-IOCL-PNP,"Panipat Refinery, Haryana",48,10910,80,FLANGE_BLIND,100.0,150,ASTM A105,RTJ,ASME B16.5
IOCL-MM-0001032,IOCL,FLG WN RTJ 12IN 600# SS316,CAN-000384,DEPOT-IOCL-GWT,"Guwahati Refinery, Assam",115,539700,423,FLANGE_WELD_NECK,300.0,600,ASTM A182 F316,RTJ,ASME B16.5
IOCL-MM-0001033,IOCL,VLV GT 8IN CL600 SS316 BW API600,CAN-001455,DEPOT-IOCL-PRD,"Paradip Refinery, Odisha",11,2606670,26,GATE_VALVE,200.0,600,ASTM A182 F316,BW,API 600
IOCL-MM-0001034,IOCL,FLG WN 1IN CL600 A105 RF ASMEB16.5,CAN-000057,DEPOT-IOCL-PRD,"Paradip Refinery, Odisha",68,6660,377,FLANGE_WELD_NECK,25.0,600,ASTM A105,RF,ASME B16.5
IOCL-MM-0001035,IOCL,FLG WNRF 1/2IN CL1500 A105 ASMEB16.5,CAN-000033,DEPOT-IOCL-PRD,"Paradip Refinery, Odisha",24,7140,102,FLANGE_WELD_NECK,15.0,1500,ASTM A105,RF,ASME B16.5
IOCL-MM-0001036,IOCL,VLV BL 6IN 1500LB WCB BW,CAN-001738,DEPOT-IOCL-MTH,"Mathura Refinery, Uttar Pradesh",14,1425670,15,BALL_VALVE,150.0,1500,ASTM A216 WCB,BW,API 6D
IOCL-MM-0001037,IOCL,FLG BLD RTJ 3IN 150# A350-LF2,CAN-000524,DEPOT-IOCL-GWT,"Guwahati Refinery, Assam",108,13060,554,FLANGE_BLIND,80.0,150,ASTM A350 LF2,RTJ,ASME B16.5
IOCL-MM-0001038,IOCL,FLG SO 1/2IN 600LB A105 RF,CAN-000713,DEPOT-IOCL-PNP,"Panipat Refinery, Haryana",37,2490,674,FLANGE_SLIP_ON,15.0,600,ASTM A105,RF,ASME B16.5
IOCL-MM-0001039,IOCL,FLG WN 12IN 600LB SS316 RTJ,CAN-000384,DEPOT-IOCL-PNP,"Panipat Refinery, Haryana",0,539700,0,FLANGE_WELD_NECK,300.0,600,ASTM A182 F316,RTJ,ASME B16.5
IOCL-MM-0001040,IOCL,FLG WN 1.5IN 1500LB A350-LF2 RTJ ASMEB16.5,CAN-000116,DEPOT-IOCL-PNP,"Panipat Refinery, Haryana",35,40910,374,FLANGE_WELD_NECK,40.0,1500,ASTM A350 LF2,RTJ,ASME B16.5
IOCL-MM-0001041,IOCL,VLV BL 1IN CL600 SS316 BW,CAN-001632,DEPOT-IOCL-KYL,"Koyali Refinery, Gujarat",37,213410,19,BALL_VALVE,25.0,600,ASTM A182 F316,BW,API 6D
IOCL-MM-0001042,IOCL,VLV GT 1.5IN 900# WCB RF,CAN-001158,DEPOT-IOCL-PRD,"Paradip Refinery, Odisha",29,139040,61,GATE_VALVE,40.0,900,ASTM A216 WCB,RF,API 6D
IOCL-MM-0001043,IOCL,VLV BL 1.5IN CL150 WCB RF API6D,CAN-001641,DEPOT-IOCL-MTH,"Mathura Refinery, Uttar Pradesh",0,40530,0,BALL_VALVE,40.0,150,ASTM A216 WCB,RF,API 6D
IOCL-MM-0001044,IOCL,VLV GT 1/2IN CL900 SS316 BW API6D,CAN-001048,DEPOT-IOCL-PNP,"Panipat Refinery, Haryana",136,124310,695,GATE_VALVE,15.0,900,ASTM A182 F316,BW,API 6D
IOCL-MM-0001045,IOCL,VLV BL 4IN CL600 SS316 BW,CAN-001712,DEPOT-IOCL-GWT,"Guwahati Refinery, Assam",19,1293890,47,BALL_VALVE,100.0,600,ASTM A182 F316,BW,API 6D
IOCL-MM-0001046,IOCL,VLV GT 1.5IN CL150 SS316 RF API6D,CAN-001130,DEPOT-IOCL-PNP,"Panipat Refinery, Haryana",0,106110,0,GATE_VALVE,40.0,150,ASTM A182 F316,RF,API 6D
IOCL-MM-0001047,IOCL,FLG WN 4IN 1500# SS316 RTJ ASMEB16.5,CAN-000240,DEPOT-IOCL-MTH,"Mathura Refinery, Uttar Pradesh",91,269300,316,FLANGE_WELD_NECK,100.0,1500,ASTM A182 F316,RTJ,ASME B16.5
IOCL-MM-0001048,IOCL,VLV GT 1IN 1500LB WCB RF,CAN-001109,DEPOT-IOCL-PNP,"Panipat Refinery, Haryana",20,113570,115,GATE_VALVE,25.0,1500,ASTM A216 WCB,RF,API 600
IOCL-MM-0001049,IOCL,GSKT SPWD 8IN 1500# SS304/GRAF RF,CAN-002080,DEPOT-IOCL-PNP,"Panipat Refinery, Haryana",45,146940,87,SPIRAL_WOUND_GASKET,200.0,1500,SS304 / GRAPHITE,RF,ASME B16.20
IOCL-MM-0001050,IOCL,FLG WN RTJ 1.5IN 300LB SS316,CAN-000096,DEPOT-IOCL-PRD,"Paradip Refinery, Odisha",13,22580,62,FLANGE_WELD_NECK,40.0,300,ASTM A182 F316,RTJ,ASME B16.5
IOCL-MM-0001051,IOCL,VLV BL 6IN CL150 SS316 BW API6D,CAN-001724,DEPOT-IOCL-PNP,"Panipat Refinery, Haryana",5,723050,115,BALL_VALVE,150.0,150,ASTM A182 F316,BW,API 6D
IOCL-MM-0001052,IOCL,VLV GLB 4IN 300LB A105 RF ASMEB16.34,CAN-001908,DEPOT-IOCL-GWT,"Guwahati Refinery, Assam",0,253340,0,GLOBE_VALVE,100.0,300,ASTM A105,RF,ASME B16.34
IOCL-MM-0001053,IOCL,VLV GT 1.5IN 600# WCB BW,CAN-001148,DEPOT-IOCL-PRD,"Paradip Refinery, Odisha",0,100520,0,GATE_VALVE,40.0,600,ASTM A216 WCB,BW,API 6D
IOCL-MM-0001054,IOCL,VLV GT 1/2IN CL150 A105 BW,CAN-001008,DEPOT-IOCL-GWT,"Guwahati Refinery, Assam",72,9260,632,GATE_VALVE,15.0,150,ASTM A105,BW,API 6D
IOCL-MM-0001055,IOCL,STUDBLT 1.5IN 150# B7/2H THRD ASMEB18.2.1,CAN-002121,DEPOT-IOCL-MTH,"Mathura Refinery, Uttar Pradesh",30,640,29,STUD_BOLT,40.0,150,ASTM A193 B7 / A194 2H,THRD,ASME B18.2.1
IOCL-MM-0001056,IOCL,FLG WN RTJ 2IN 300LB SS304,CAN-000134,DEPOT-IOCL-GWT,"Guwahati Refinery, Assam",0,22630,0,FLANGE_WELD_NECK,50.0,300,ASTM A182 F304,RTJ,ASME B16.5
IOCL-MM-0001057,IOCL,VLV GT 1/2IN 1500LB A105 RF API6D,CAN-001054,DEPOT-IOCL-MTH,"Mathura Refinery, Uttar Pradesh",16,58460,34,GATE_VALVE,15.0,1500,ASTM A105,RF,API 6D
IOCL-MM-0001058,IOCL,FLG SO 6IN CL150 SS304 FF,CAN-000884,DEPOT-IOCL-MTH,"Mathura Refinery, Uttar Pradesh",6,39430,49,FLANGE_SLIP_ON,150.0,150,ASTM A182 F304,FF,ASME B16.5
IOCL-MM-0001059,IOCL,VLV GT 10IN 600# A105 RF,CAN-001510,DEPOT-IOCL-KYL,"Koyali Refinery, Gujarat",17,1088730,18,GATE_VALVE,250.0,600,ASTM A105,RF,API 6D
IOCL-MM-0001060,IOCL,VLV GT 1IN 300# A105 BW API600,CAN-001079,DEPOT-IOCL-MTH,"Mathura Refinery, Uttar Pradesh",46,31330,61,GATE_VALVE,25.0,300,ASTM A105,BW,API 600
IOCL-MM-0001061,IOCL,GSKT SPWD 1/2IN 150# SS304/GRAF RF,CAN-002002,DEPOT-IOCL-MTH,"Mathura Refinery, Uttar Pradesh",23,800,282,SPIRAL_WOUND_GASKET,15.0,150,SS304 / GRAPHITE,RF,ASME B16.20
IOCL-MM-0001062,IOCL,FLG WN RTJ 3IN 150LB A105 ASMEB16.5,CAN-000162,DEPOT-IOCL-PNP,"Panipat Refinery, Haryana",31,9970,315,FLANGE_WELD_NECK,80.0,150,ASTM A105,RTJ,ASME B16.5
IOCL-MM-0001063,IOCL,FLG WN 3IN 600# A105 RTJ ASMEB16.5,CAN-000178,DEPOT-IOCL-PRD,"Paradip Refinery, Odisha",0,30250,0,FLANGE_WELD_NECK,80.0,600,ASTM A105,RTJ,ASME B16.5
IOCL-MM-0001064,IOCL,VLV GT 4IN 900# WCB BW,CAN-001339,DEPOT-IOCL-PNP,"Panipat Refinery, Haryana",26,457580,119,GATE_VALVE,100.0,900,ASTM A216 WCB,BW,API 600
IOCL-MM-0001065,IOCL,FLG WNRF 2IN CL900 A105 ASMEB16.5,CAN-000145,DEPOT-IOCL-PRD,"Paradip Refinery, Odisha",61,22710,494,FLANGE_WELD_NECK,50.0,900,ASTM A105,RF,ASME B16.5
IOCL-MM-0001066,IOCL,FLG BLD RTJ 6IN 1500LB A105 ASMEB16.5,CAN-000606,DEPOT-IOCL-PRD,"Paradip Refinery, Odisha",45,116640,79,FLANGE_BLIND,150.0,1500,ASTM A105,RTJ,ASME B16.5
IOCL-MM-0001067,IOCL,VLV GT 6IN 600# SS316 RF API600,CAN-001393,DEPOT-IOCL-PNP,"Panipat Refinery, Haryana",0,1793350,0,GATE_VALVE,150.0,600,ASTM A182 F316,RF,API 600
IOCL-MM-0001068,IOCL,VLV GT 2IN 600LB WCB BW API600,CAN-001207,DEPOT-IOCL-KYL,"Koyali Refinery, Gujarat",0,134350,0,GATE_VALVE,50.0,600,ASTM A216 WCB,BW,API 600
IOCL-MM-0001069,IOCL,FLG SO 1/2IN 600# SS304 FF ASMEB16.5,CAN-000716,DEPOT-IOCL-KYL,"Koyali Refinery, Gujarat",27,5990,93,FLANGE_SLIP_ON,15.0,600,ASTM A182 F304,FF,ASME B16.5
IOCL-MM-0001070,IOCL,STUDBLT 10IN 1500LB B7/2H THRD ASMEB18.2.1,CAN-002189,DEPOT-IOCL-KYL,"Koyali Refinery, Gujarat",50,44060,115,STUD_BOLT,250.0,1500,ASTM A193 B7 / A194 2H,THRD,ASME B18.2.1
IOCL-MM-0001071,IOCL,VLV GT 1.5IN 900# SS316 BW,CAN-001168,DEPOT-IOCL-PNP,"Panipat Refinery, Haryana",0,444930,0,GATE_VALVE,40.0,900,ASTM A182 F316,BW,API 6D
IOCL-MM-0001072,IOCL,FLG SO 12IN 1500LB SS316 RF ASMEB16.5,CAN-000999,DEPOT-IOCL-PRD,"Paradip Refinery, Odisha",28,816960,20,FLANGE_SLIP_ON,300.0,1500,ASTM A182 F316,RF,ASME B16.5
IOCL-MM-0001073,IOCL,VLV GT 4IN 600# A105 BW,CAN-001332,DEPOT-IOCL-MTH,"Mathura Refinery, Uttar Pradesh",26,330820,86,GATE_VALVE,100.0,600,ASTM A105,BW,API 6D
IOCL-MM-0001074,IOCL,FLG WN 4IN 600# A350-LF2 RF ASMEB16.5,CAN-000219,DEPOT-IOCL-GWT,"Guwahati Refinery, Assam",23,64690,54,FLANGE_WELD_NECK,100.0,600,ASTM A350 LF2,RF,ASME B16.5
IOCL-MM-0001075,IOCL,VLV GT 12IN 150# WCB BW API6D,CAN-001544,DEPOT-IOCL-KYL,"Koyali Refinery, Gujarat",21,455200,113,GATE_VALVE,300.0,150,ASTM A216 WCB,BW,API 6D
IOCL-MM-0001076,IOCL,VLV GLB 2IN CL1500 WCB RF,CAN-001877,DEPOT-IOCL-PNP,"Panipat Refinery, Haryana",58,372860,330,GLOBE_VALVE,50.0,1500,ASTM A216 WCB,RF,BS 1873
IOCL-MM-0001077,IOCL,VLV GT 8IN 300LB WCB RF API600,CAN-001433,DEPOT-IOCL-KYL,"Koyali Refinery, Gujarat",142,467850,248,GATE_VALVE,200.0,300,ASTM A216 WCB,RF,API 600
IOCL-MM-0001078,IOCL,VLV BL 3IN 600# SS316 BW,CAN-001692,DEPOT-IOCL-GWT,"Guwahati Refinery, Assam",0,968080,0,BALL_VALVE,80.0,600,ASTM A182 F316,BW,API 6D
IOCL-MM-0001079,IOCL,VLV GT 12IN 900LB SS316 RF,CAN-001586,DEPOT-IOCL-MTH,"Mathura Refinery, Uttar Pradesh",110,6107710,506,GATE_VALVE,300.0,900,ASTM A182 F316,RF,API 6D
IOCL-MM-0001080,IOCL,FLG BLD RTJ 1.5IN 600LB A105,CAN-000474,DEPOT-IOCL-KYL,"Koyali Refinery, Gujarat",45,10050,52,FLANGE_BLIND,40.0,600,ASTM A105,RTJ,ASME B16.5
IOCL-MM-0001081,IOCL,FLG SO 12IN 900# SS316 FF,CAN-000994,DEPOT-IOCL-MTH,"Mathura Refinery, Uttar Pradesh",40,542900,73,FLANGE_SLIP_ON,300.0,900,ASTM A182 F316,FF,ASME B16.5
IOCL-MM-0001082,IOCL,FLG BLD 2IN CL600 A105 RF,CAN-000503,DEPOT-IOCL-PRD,"Paradip Refinery, Odisha",19,13430,59,FLANGE_BLIND,50.0,600,ASTM A105,RF,ASME B16.5
IOCL-MM-0001083,IOCL,FLG SO 1IN 600# SS304 FF,CAN-000746,DEPOT-IOCL-KYL,"Koyali Refinery, Gujarat",49,11640,113,FLANGE_SLIP_ON,25.0,600,ASTM A182 F304,FF,ASME B16.5
IOCL-MM-0001084,IOCL,FLG SO 12IN CL1500 SS304 FF ASMEB16.5,CAN-000998,DEPOT-IOCL-PNP,"Panipat Refinery, Haryana",0,612720,0,FLANGE_SLIP_ON,300.0,1500,ASTM A182 F304,FF,ASME B16.5
IOCL-MM-0001085,IOCL,FLG SO 8IN 150# SS316 FF ASMEB16.5,CAN-000916,DEPOT-IOCL-PNP,"Panipat Refinery, Haryana",35,76430,27,FLANGE_SLIP_ON,200.0,150,ASTM A182 F316,FF,ASME B16.5
IOCL-MM-0001086,IOCL,FLG WN RTJ 4IN 300# A105 ASMEB16.5,CAN-000210,DEPOT-IOCL-MTH,"Mathura Refinery, Uttar Pradesh",14,23220,116,FLANGE_WELD_NECK,100.0,300,ASTM A105,RTJ,ASME B16.5
IOCL-MM-0001087,IOCL,FLG SO 8IN CL1500 SS316 RF,CAN-000939,DEPOT-IOCL-KYL,"Koyali Refinery, Gujarat",0,482260,0,FLANGE_SLIP_ON,200.0,1500,ASTM A182 F316,RF,ASME B16.5
IOCL-MM-0001088,IOCL,VLV GT 8IN 900# A105 BW API6D,CAN-001464,DEPOT-IOCL-MTH,"Mathura Refinery, Uttar Pradesh",0,1126700,0,GATE_VALVE,200.0,900,ASTM A105,BW,API 6D
IOCL-MM-0001089,IOCL,FLG SO 3IN CL150 SS304 FF,CAN-000824,DEPOT-IOCL-KYL,"Koyali Refinery, Gujarat",128,17410,560,FLANGE_SLIP_ON,80.0,150,ASTM A182 F304,FF,ASME B16.5
IOCL-MM-0001090,IOCL,FLG WN 10IN 300# SS316 RTJ,CAN-000336,DEPOT-IOCL-PNP,"Panipat Refinery, Haryana",43,244560,30,FLANGE_WELD_NECK,250.0,300,ASTM A182 F316,RTJ,ASME B16.5
IOCL-MM-0001091,IOCL,GSKT SPWD 2IN 150# SS316/GRAF RF ASMEB16.20,CAN-002031,DEPOT-IOCL-MTH,"Mathura Refinery, Uttar Pradesh",0,5120,0,SPIRAL_WOUND_GASKET,50.0,150,SS316 / GRAPHITE,RF,ASME B16.20
IOCL-MM-0001092,IOCL,FLG WN RTJ 2IN 900# A350-LF2,CAN-000148,DEPOT-IOCL-KYL,"Koyali Refinery, Gujarat",0,36340,0,FLANGE_WELD_NECK,50.0,900,ASTM A350 LF2,RTJ,ASME B16.5
IOCL-MM-0001093,IOCL,VLV GLB 1IN 600# WCB RF,CAN-001830,DEPOT-IOCL-MTH,"Mathura Refinery, Uttar Pradesh",96,72750,661,GLOBE_VALVE,25.0,600,ASTM A216 WCB,RF,ASME B16.34
IOCL-MM-0001094,IOCL,FLG WN 4IN 150LB SS304 RTJ,CAN-000206,DEPOT-IOCL-PNP,"Panipat Refinery, Haryana",14,32010,17,FLANGE_WELD_NECK,100.0,150,ASTM A182 F304,RTJ,ASME B16.5
IOCL-MM-0001095,IOCL,FLG WNRF 4IN CL300 SS304,CAN-000213,DEPOT-IOCL-PRD,"Paradip Refinery, Odisha",0,55730,0,FLANGE_WELD_NECK,100.0,300,ASTM A182 F304,RF,ASME B16.5
IOCL-MM-0001096,IOCL,VLV BL 1IN 300LB WCB BW,CAN-001626,DEPOT-IOCL-KYL,"Koyali Refinery, Gujarat",21,38300,83,BALL_VALVE,25.0,300,ASTM A216 WCB,BW,API 6D
IOCL-MM-0001097,IOCL,VLV BL 12IN CL300 WCB BW API6D,CAN-001786,DEPOT-IOCL-MTH,"Mathura Refinery, Uttar Pradesh",15,968680,44,BALL_VALVE,300.0,300,ASTM A216 WCB,BW,API 6D
IOCL-MM-0001098,IOCL,VLV GT 2IN 900# SS316 RF,CAN-001225,DEPOT-IOCL-MTH,"Mathura Refinery, Uttar Pradesh",122,594670,237,GATE_VALVE,50.0,900,ASTM A182 F316,RF,API 600
IOCL-MM-0001099,IOCL,VLV GT 3IN 1500# WCB BW API600,CAN-001291,DEPOT-IOCL-PRD,"Paradip Refinery, Odisha",9,515190,114,GATE_VALVE,80.0,1500,ASTM A216 WCB,BW,API 600
IOCL-MM-0001100,IOCL,VLV GT 2IN CL1500 A105 BW,CAN-001236,DEPOT-IOCL-GWT,"Guwahati Refinery, Assam",30,279640,115,GATE_VALVE,50.0,1500,ASTM A105,BW,API 6D
IOCL-MM-0001101,IOCL,FLG SO 1/2IN 1500LB A105 FF ASMEB16.5,CAN-000726,DEPOT-IOCL-GWT,"Guwahati Refinery, Assam",17,5190,44,FLANGE_SLIP_ON,15.0,1500,ASTM A105,FF,ASME B16.5
IOCL-MM-0001102,IOCL,FLG WNRF 6IN 900# SS304 ASMEB16.5,CAN-000269,DEPOT-IOCL-GWT,"Guwahati Refinery, Assam",0,227370,0,FLANGE_WELD_NECK,150.0,900,ASTM A182 F304,RF,ASME B16.5
IOCL-MM-0001103,IOCL,FLG SO 1.5IN 600LB SS316 FF ASMEB16.5,CAN-000778,DEPOT-IOCL-PNP,"Panipat Refinery, Haryana",0,28590,0,FLANGE_SLIP_ON,40.0,600,ASTM A182 F316,FF,ASME B16.5
IOCL-MM-0001104,IOCL,VLV GT 8IN CL900 A105 BW API6D,CAN-001464,DEPOT-IOCL-GWT,"Guwahati Refinery, Assam",0,1126700,0,GATE_VALVE,200.0,900,ASTM A105,BW,API 6D
IOCL-MM-0001105,IOCL,VLV BL 1.5IN 600# SS316 RF,CAN-001651,DEPOT-IOCL-PNP,"Panipat Refinery, Haryana",0,393160,0,BALL_VALVE,40.0,600,ASTM A182 F316,RF,API 6D
IOCL-MM-0001106,IOCL,VLV GLB 4IN 600# WCB RF,CAN-001910,DEPOT-IOCL-PRD,"Paradip Refinery, Odisha",0,441100,0,GLOBE_VALVE,100.0,600,ASTM A216 WCB,RF,ASME B16.34
IOCL-MM-0001107,IOCL,VLV GT 12IN 900LB SS316 BW API600,CAN-001587,DEPOT-IOCL-GWT,"Guwahati Refinery, Assam",0,6107710,0,GATE_VALVE,300.0,900,ASTM A182 F316,BW,API 600
IOCL-MM-0001108,IOCL,STUDBLT 2IN 150LB B7/2H THRD ASMEB18.2.1,CAN-002131,DEPOT-IOCL-GWT,"Guwahati Refinery, Assam",121,860,692,STUD_BOLT,50.0,150,ASTM A193 B7 / A194 2H,THRD,ASME B18.2.1
IOCL-MM-0001109,IOCL,VLV GT 4IN 300# SS316 RF API600,CAN-001321,DEPOT-IOCL-KYL,"Koyali Refinery, Gujarat",53,608020,279,GATE_VALVE,100.0,300,ASTM A182 F316,RF,API 600
IOCL-MM-0001110,IOCL,FLG SO 1.5IN 600LB A105 FF,CAN-000774,DEPOT-IOCL-PRD,"Paradip Refinery, Odisha",0,8930,0,FLANGE_SLIP_ON,40.0,600,ASTM A105,FF,ASME B16.5
IOCL-MM-0001111,IOCL,VLV GT 3IN 600# A105 BW API6D,CAN-001272,DEPOT-IOCL-KYL,"Koyali Refinery, Gujarat",7,247520,47,GATE_VALVE,80.0,600,ASTM A105,BW,API 6D
IOCL-MM-0001112,IOCL,FLG BLD 1.5IN 300# A350-LF2 RF ASMEB16.5,CAN-000469,DEPOT-IOCL-KYL,"Koyali Refinery, Gujarat",0,9230,0,FLANGE_BLIND,40.0,300,ASTM A350 LF2,RF,ASME B16.5
IOCL-MM-0001113,IOCL,VLV GT 8IN CL600 WCB RF API600,CAN-001445,DEPOT-IOCL-MTH,"Mathura Refinery, Uttar Pradesh",56,814580,344,GATE_VALVE,200.0,600,ASTM A216 WCB,RF,API 600
IOCL-MM-0001114,IOCL,FLG BLD 2IN CL150 A350-LF2 RTJ,CAN-000494,DEPOT-IOCL-PRD,"Paradip Refinery, Odisha",107,7090,638,FLANGE_BLIND,50.0,150,ASTM A350 LF2,RTJ,ASME B16.5
IOCL-MM-0001115,IOCL,FLG WNRF 4IN 1500# SS316 ASMEB16.5,CAN-000239,DEPOT-IOCL-KYL,"Koyali Refinery, Gujarat",0,269300,0,FLANGE_WELD_NECK,100.0,1500,ASTM A182 F316,RF,ASME B16.5
IOCL-MM-0001116,IOCL,VLV GLB 1.5IN CL1500 A105 RF,CAN-001860,DEPOT-IOCL-KYL,"Koyali Refinery, Gujarat",0,278970,0,GLOBE_VALVE,40.0,1500,ASTM A105,RF,ASME B16.34
IOCL-MM-0001117,IOCL,FLG SO 2IN CL900 A105 RF,CAN-000809,DEPOT-IOCL-MTH,"Mathura Refinery, Uttar Pradesh",36,16510,22,FLANGE_SLIP_ON,50.0,900,ASTM A105,RF,ASME B16.5
IOCL-MM-0001118,IOCL,VLV BL 2IN 1500# WCB BW API6D,CAN-001678,DEPOT-IOCL-GWT,"Guwahati Refinery, Assam",10,341790,73,BALL_VALVE,50.0,1500,ASTM A216 WCB,BW,API 6D
IOCL-MM-0001119,IOCL,VLV GT 3IN 300# SS316 BW,CAN-001264,DEPOT-IOCL-MTH,"Mathura Refinery, Uttar Pradesh",61,454920,249,GATE_VALVE,80.0,300,ASTM A182 F316,BW,API 6D
IOCL-MM-0001120,IOCL,VLV BL 10IN 900LB SS316 BW,CAN-001776,DEPOT-IOCL-GWT,"Guwahati Refinery, Assam",0,5889700,0,BALL_VALVE,250.0,900,ASTM A182 F316,BW,API 6D
IOCL-MM-0001121,IOCL,VLV GLB 1.5IN 1500# A105 RF,CAN-001860,DEPOT-IOCL-KYL,"Koyali Refinery, Gujarat",35,278970,42,GLOBE_VALVE,40.0,1500,ASTM A105,RF,ASME B16.34
IOCL-MM-0001122,IOCL,STUDBLT 3IN 600LB B7/2H THRD,CAN-002145,DEPOT-IOCL-MTH,"Mathura Refinery, Uttar Pradesh",144,4810,220,STUD_BOLT,80.0,600,ASTM A193 B7 / A194 2H,THRD,ASME B18.2.1
IOCL-MM-0001123,IOCL,VLV GLB 1/2IN 150LB WCB RF,CAN-001801,DEPOT-IOCL-KYL,"Koyali Refinery, Gujarat",44,12350,97,GLOBE_VALVE,15.0,150,ASTM A216 WCB,RF,BS 1873
IOCL-MM-0001124,IOCL,VLV GT 4IN 1500# WCB RF,CAN-001350,DEPOT-IOCL-PRD,"Paradip Refinery, Odisha",100,688570,562,GATE_VALVE,100.0,1500,ASTM A216 WCB,RF,API 6D
IOCL-MM-0001125,IOCL,VLV GT 6IN 1500# A105 RF,CAN-001414,DEPOT-IOCL-PRD,"Paradip Refinery, Odisha",48,1166450,15,GATE_VALVE,150.0,1500,ASTM A105,RF,API 6D
IOCL-MM-0001126,IOCL,FLG WN 1IN CL600 A105 RTJ ASMEB16.5,CAN-000058,DEPOT-IOCL-MTH,"Mathura Refinery, Uttar Pradesh",40,6660,11,FLANGE_WELD_NECK,25.0,600,ASTM A105,RTJ,ASME B16.5
IOCL-MM-0001127,IOCL,GSKT SPWD 3IN 300# SS304/GRAF RF,CAN-002044,DEPOT-IOCL-GWT,"Guwahati Refinery, Assam",41,12320,61,SPIRAL_WOUND_GASKET,80.0,300,SS304 / GRAPHITE,RF,ASME B16.20
IOCL-MM-0001128,IOCL,VLV GLB 1IN 300# WCB RF BS1873,CAN-001825,DEPOT-IOCL-KYL,"Koyali Refinery, Gujarat",27,41780,69,GLOBE_VALVE,25.0,300,ASTM A216 WCB,RF,BS 1873
IOCL-MM-0001129,IOCL,FLG BLD 6IN 300LB A350-LF2 RF,CAN-000589,DEPOT-IOCL-KYL,"Koyali Refinery, Gujarat",0,51500,0,FLANGE_BLIND,150.0,300,ASTM A350 LF2,RF,ASME B16.5
IOCL-MM-0001130,IOCL,FLG WN 12IN 1500# SS304 RF,CAN-000397,DEPOT-IOCL-KYL,"Koyali Refinery, Gujarat",71,842490,591,FLANGE_WELD_NECK,300.0,1500,ASTM A182 F304,RF,ASME B16.5
IOCL-MM-0001131,IOCL,VLV GT 12IN 150LB A105 RF API6D,CAN-001546,DEPOT-IOCL-GWT,"Guwahati Refinery, Assam",144,455200,397,GATE_VALVE,300.0,150,ASTM A105,RF,API 6D
IOCL-MM-0001132,IOCL,FLG BLD 12IN CL300 A350-LF2 RTJ ASMEB16.5,CAN-000680,DEPOT-IOCL-KYL,"Koyali Refinery, Gujarat",0,126800,0,FLANGE_BLIND,300.0,300,ASTM A350 LF2,RTJ,ASME B16.5
IOCL-MM-0001133,IOCL,FLG SO 1IN 600# SS316 FF,CAN-000748,DEPOT-IOCL-MTH,"Mathura Refinery, Uttar Pradesh",25,15520,82,FLANGE_SLIP_ON,25.0,600,ASTM A182 F316,FF,ASME B16.5
IOCL-MM-0001134,IOCL,FLG WN 1/2IN 300# SS304 RTJ,CAN-000014,DEPOT-IOCL-PNP,"Panipat Refinery, Haryana",112,4730,620,FLANGE_WELD_NECK,15.0,300,ASTM A182 F304,RTJ,ASME B16.5
IOCL-MM-0001135,IOCL,VLV GLB 4IN 900LB WCB RF ASMEB16.34,CAN-001914,DEPOT-IOCL-MTH,"Mathura Refinery, Uttar Pradesh",128,610110,456,GLOBE_VALVE,100.0,900,ASTM A216 WCB,RF,ASME B16.34
IOCL-MM-0001136,IOCL,VLV GT 3IN 150LB A105 RF,CAN-001246,DEPOT-IOCL-PNP,"Panipat Refinery, Haryana",0,81650,0,GATE_VALVE,80.0,150,ASTM A105,RF,API 6D
IOCL-MM-0001137,IOCL,FLG SO 6IN 150LB A105 FF,CAN-000882,DEPOT-IOCL-GWT,"Guwahati Refinery, Assam",135,16430,609,FLANGE_SLIP_ON,150.0,150,ASTM A105,FF,ASME B16.5
IOCL-MM-0001138,IOCL,FLG WNRF 8IN CL1500 A105,CAN-000313,DEPOT-IOCL-MTH,"Mathura Refinery, Uttar Pradesh",43,207220,618,FLANGE_WELD_NECK,200.0,1500,ASTM A105,RF,ASME B16.5
IOCL-MM-0001139,IOCL,VLV GT 6IN 600LB SS316 RF,CAN-001393,DEPOT-IOCL-GWT,"Guwahati Refinery, Assam",0,1793350,0,GATE_VALVE,150.0,600,ASTM A182 F316,RF,API 600
IOCL-MM-0001140,IOCL,FLG WN 1IN 900LB A350-LF2 RTJ,CAN-000068,DEPOT-IOCL-PRD,"Paradip Refinery, Odisha",15,14750,99,FLANGE_WELD_NECK,25.0,900,ASTM A350 LF2,RTJ,ASME B16.5
IOCL-MM-0001141,IOCL,VLV BL 1.5IN 150LB WCB BW API6D,CAN-001642,DEPOT-IOCL-PRD,"Paradip Refinery, Odisha",5,40530,81,BALL_VALVE,40.0,150,ASTM A216 WCB,BW,API 6D
IOCL-MM-0001142,IOCL,FLG BLD RTJ 1.5IN CL600 A105,CAN-000474,DEPOT-IOCL-PRD,"Paradip Refinery, Odisha",25,10050,95,FLANGE_BLIND,40.0,600,ASTM A105,RTJ,ASME B16.5
IOCL-MM-0001143,IOCL,FLG SO 8IN CL600 A105 FF,CAN-000924,DEPOT-IOCL-GWT,"Guwahati Refinery, Assam",0,72400,0,FLANGE_SLIP_ON,200.0,600,ASTM A105,FF,ASME B16.5
IOCL-MM-0001144,IOCL,FLG SO 1IN 900LB A105 FF,CAN-000750,DEPOT-IOCL-KYL,"Koyali Refinery, Gujarat",49,6700,596,FLANGE_SLIP_ON,25.0,900,ASTM A105,FF,ASME B16.5
IOCL-MM-0001145,IOCL,FLG SO 2IN 1500LB A105 RF,CAN-000815,DEPOT-IOCL-PNP,"Panipat Refinery, Haryana",52,24850,640,FLANGE_SLIP_ON,50.0,1500,ASTM A105,RF,ASME B16.5
IOCL-MM-0001146,IOCL,VLV GT 12IN CL900 SS316 BW,CAN-001588,DEPOT-IOCL-PNP,"Panipat Refinery, Haryana",0,6107710,0,GATE_VALVE,300.0,900,ASTM A182 F316,BW,API 6D
IOCL-MM-0001147,IOCL,VLV BL 4IN CL600 WCB BW,CAN-001710,DEPOT-IOCL-KYL,"Koyali Refinery, Gujarat",15,404340,86,BALL_VALVE,100.0,600,ASTM A216 WCB,BW,API 6D
IOCL-MM-0001148,IOCL,VLV GT 3IN 150LB SS316 RF API600,CAN-001249,DEPOT-IOCL-MTH,"Mathura Refinery, Uttar Pradesh",23,261280,559,GATE_VALVE,80.0,150,ASTM A182 F316,RF,API 600
IOCL-MM-0001149,IOCL,FLG WNRF 3IN 900LB A350-LF2,CAN-000187,DEPOT-IOCL-PRD,"Paradip Refinery, Odisha",51,66950,691,FLANGE_WELD_NECK,80.0,900,ASTM A350 LF2,RF,ASME B16.5
IOCL-MM-0001150,IOCL,FLG WN 1.5IN CL1500 A350-LF2 RTJ,CAN-000116,DEPOT-IOCL-GWT,"Guwahati Refinery, Assam",39,40910,64,FLANGE_WELD_NECK,40.0,1500,ASTM A350 LF2,RTJ,ASME B16.5
IOCL-MM-0001151,IOCL,FLG WN 10IN CL900 A350-LF2 RF ASMEB16.5,CAN-000347,DEPOT-IOCL-MTH,"Mathura Refinery, Uttar Pradesh",28,294480,32,FLANGE_WELD_NECK,250.0,900,ASTM A350 LF2,RF,ASME B16.5
IOCL-MM-0001152,IOCL,VLV GT 4IN CL1500 SS316 BW,CAN-001360,DEPOT-IOCL-PRD,"Paradip Refinery, Odisha",23,2203430,118,GATE_VALVE,100.0,1500,ASTM A182 F316,BW,API 6D
IOCL-MM-0001153,IOCL,VLV GT 10IN CL150 WCB BW,CAN-001483,DEPOT-IOCL-KYL,"Koyali Refinery, Gujarat",49,359140,89,GATE_VALVE,250.0,150,ASTM A216 WCB,BW,API 600
IOCL-MM-0001154,IOCL,FLG BLD 6IN 900# A105 RF,CAN-000599,DEPOT-IOCL-PNP,"Panipat Refinery, Haryana",0,77510,0,FLANGE_BLIND,150.0,900,ASTM A105,RF,ASME B16.5
IOCL-MM-0001155,IOCL,VLV GT 8IN 900# WCB RF,CAN-001457,DEPOT-IOCL-KYL,"Koyali Refinery, Gujarat",0,1126700,0,GATE_VALVE,200.0,900,ASTM A216 WCB,RF,API 600
IOCL-MM-0001156,IOCL,VLV GT 1IN CL150 SS316 RF,CAN-001069,DEPOT-IOCL-PRD,"Paradip Refinery, Odisha",0,57600,0,GATE_VALVE,25.0,150,ASTM A182 F316,RF,API 600
IOCL-MM-0001157,IOCL,FLG SO 12IN 150LB SS304 RF,CAN-000973,DEPOT-IOCL-PNP,"Panipat Refinery, Haryana",31,97110,37,FLANGE_SLIP_ON,300.0,150,ASTM A182 F304,RF,ASME B16.5
IOCL-MM-0001158,IOCL,FLG BLD 6IN 900# A350-LF2 RF,CAN-000601,DEPOT-IOCL-PRD,"Paradip Refinery, Odisha",17,124020,119,FLANGE_BLIND,150.0,900,ASTM A350 LF2,RF,ASME B16.5
IOCL-MM-0001159,IOCL,VLV BL 2IN 150LB WCB RF,CAN-001661,DEPOT-IOCL-GWT,"Guwahati Refinery, Assam",138,54170,602,BALL_VALVE,50.0,150,ASTM A216 WCB,RF,API 6D
IOCL-MM-0001160,IOCL,FLG WN 6IN CL300 A350-LF2 RF,CAN-000251,DEPOT-IOCL-PNP,"Panipat Refinery, Haryana",77,62940,699,FLANGE_WELD_NECK,150.0,300,ASTM A350 LF2,RF,ASME B16.5
IOCL-MM-0001161,IOCL,FLG SO 10IN 150LB SS316 FF ASMEB16.5,CAN-000946,DEPOT-IOCL-GWT,"Guwahati Refinery, Assam",31,102150,96,FLANGE_SLIP_ON,250.0,150,ASTM A182 F316,FF,ASME B16.5
IOCL-MM-0001162,IOCL,FLG BLD RTJ 8IN 600# A105,CAN-000624,DEPOT-IOCL-PNP,"Panipat Refinery, Haryana",0,81450,0,FLANGE_BLIND,200.0,600,ASTM A105,RTJ,ASME B16.5
IOCL-MM-0001163,IOCL,VLV GT 10IN 300# WCB RF,CAN-001493,DEPOT-IOCL-PRD,"Paradip Refinery, Odisha",101,625310,523,GATE_VALVE,250.0,300,ASTM A216 WCB,RF,API 600
IOCL-MM-0001164,IOCL,VLV GT 1IN 150# SS316 BW,CAN-001071,DEPOT-IOCL-KYL,"Koyali Refinery, Gujarat",0,57600,0,GATE_VALVE,25.0,150,ASTM A182 F316,BW,API 600
IOCL-MM-0001165,IOCL,VLV GT 8IN 900LB SS316 BW API6D,CAN-001468,DEPOT-IOCL-KYL,"Koyali Refinery, Gujarat",129,3605450,311,GATE_VALVE,200.0,900,ASTM A182 F316,BW,API 6D
IOCL-MM-0001166,IOCL,FLG WN RTJ 1.5IN CL600 A350-LF2,CAN-000100,DEPOT-IOCL-KYL,"Koyali Refinery, Gujarat",60,19650,627,FLANGE_WELD_NECK,40.0,600,ASTM A350 LF2,RTJ,ASME B16.5
IOCL-MM-0001167,IOCL,FLG SO 4IN 900# A105 FF ASMEB16.5,CAN-000870,DEPOT-IOCL-MTH,"Mathura Refinery, Uttar Pradesh",45,40670,83,FLANGE_SLIP_ON,100.0,900,ASTM A105,FF,ASME B16.5
IOCL-MM-0001168,IOCL,VLV GT 4IN 300LB A105 BW,CAN-001319,DEPOT-IOCL-GWT,"Guwahati Refinery, Assam",60,190000,510,GATE_VALVE,100.0,300,ASTM A105,BW,API 600
IOCL-MM-0001169,IOCL,FLG WNRF 1/2IN 600# A105 ASMEB16.5,CAN-000017,DEPOT-IOCL-PNP,"Panipat Refinery, Haryana",42,3430,29,FLANGE_WELD_NECK,15.0,600,ASTM A105,RF,ASME B16.5
IOCL-MM-0001170,IOCL,FLG BLD 10IN 900# SS316 RTJ,CAN-000664,DEPOT-IOCL-PNP,"Panipat Refinery, Haryana",6,481880,105,FLANGE_BLIND,250.0,900,ASTM A182 F316,RTJ,ASME B16.5
IOCL-MM-0001171,IOCL,FLG BLD 1.5IN CL150 SS316 RF ASMEB16.5,CAN-000465,DEPOT-IOCL-KYL,"Koyali Refinery, Gujarat",27,10610,33,FLANGE_BLIND,40.0,150,ASTM A182 F316,RF,ASME B16.5
IOCL-MM-0001172,IOCL,FLG WN 8IN 600# SS304 RTJ ASMEB16.5,CAN-000302,DEPOT-IOCL-MTH,"Mathura Refinery, Uttar Pradesh",20,238940,102,FLANGE_WELD_NECK,200.0,600,ASTM A182 F304,RTJ,ASME B16.5
IOCL-MM-0001173,IOCL,FLG BLD 4IN 600LB A105 RF,CAN-000563,DEPOT-IOCL-PNP,"Panipat Refinery, Haryana",14,33080,90,FLANGE_BLIND,100.0,600,ASTM A105,RF,ASME B16.5
IOCL-MM-0001174,IOCL,FLG SO 1/2IN 900# SS304 FF,CAN-000722,DEPOT-IOCL-PRD,"Paradip Refinery, Odisha",48,8280,650,FLANGE_SLIP_ON,15.0,900,ASTM A182 F304,FF,ASME B16.5
IOCL-MM-0001175,IOCL,FLG WN RTJ 1/2IN CL600 A105 ASMEB16.5,CAN-000018,DEPOT-IOCL-GWT,"Guwahati Refinery, Assam",43,3430,259,FLANGE_WELD_NECK,15.0,600,ASTM A105,RTJ,ASME B16.5
IOCL-MM-0001176,IOCL,VLV BL 1.5IN 150LB SS316 BW,CAN-001644,DEPOT-IOCL-MTH,"Mathura Refinery, Uttar Pradesh",36,129690,111,BALL_VALVE,40.0,150,ASTM A182 F316,BW,API 6D
IOCL-MM-0001177,IOCL,FLG WNRF 12IN 900# A350-LF2,CAN-000387,DEPOT-IOCL-PNP,"Panipat Refinery, Haryana",0,373240,0,FLANGE_WELD_NECK,300.0,900,ASTM A350 LF2,RF,ASME B16.5
IOCL-MM-0001178,IOCL,FLG SO 3IN 600LB SS316 RF ASMEB16.5,CAN-000837,DEPOT-IOCL-GWT,"Guwahati Refinery, Assam",33,70400,113,FLANGE_SLIP_ON,80.0,600,ASTM A182 F316,RF,ASME B16.5
IOCL-MM-0001179,IOCL,VLV GT 12IN 150# SS316 RF API600,CAN-001549,DEPOT-IOCL-PNP,"Panipat Refinery, Haryana",28,1456650,300,GATE_VALVE,300.0,150,ASTM A182 F316,RF,API 600
IOCL-MM-0001180,IOCL,VLV GT 1IN 900LB A105 RF,CAN-001101,DEPOT-IOCL-KYL,"Koyali Refinery, Gujarat",21,75470,342,GATE_VALVE,25.0,900,ASTM A105,RF,API 600
IOCL-MM-0001181,IOCL,VLV GLB 1IN CL900 WCB RF,CAN-001834,DEPOT-IOCL-PNP,"Panipat Refinery, Haryana",0,100630,0,GLOBE_VALVE,25.0,900,ASTM A216 WCB,RF,ASME B16.34
IOCL-MM-0001182,IOCL,VLV BL 10IN 900# WCB BW,CAN-001774,DEPOT-IOCL-PRD,"Paradip Refinery, Odisha",14,1840530,37,BALL_VALVE,250.0,900,ASTM A216 WCB,BW,API 6D
IOCL-MM-0001183,IOCL,FLG WNRF 2IN 1500LB SS316 ASMEB16.5,CAN-000159,DEPOT-IOCL-GWT,"Guwahati Refinery, Assam",0,109370,0,FLANGE_WELD_NECK,50.0,1500,ASTM A182 F316,RF,ASME B16.5
IOCL-MM-0001184,IOCL,VLV GLB 3IN 900# A105 RF,CAN-001896,DEPOT-IOCL-MTH,"Mathura Refinery, Uttar Pradesh",35,456480,35,GLOBE_VALVE,80.0,900,ASTM A105,RF,ASME B16.34
IOCL-MM-0001185,IOCL,FLG WN RTJ 1.5IN 300# SS304,CAN-000094,DEPOT-IOCL-GWT,"Guwahati Refinery, Assam",36,16930,65,FLANGE_WELD_NECK,40.0,300,ASTM A182 F304,RTJ,ASME B16.5
IOCL-MM-0001186,IOCL,FLG WN 1IN CL150 A105 RTJ,CAN-000042,DEPOT-IOCL-GWT,"Guwahati Refinery, Assam",0,2200,0,FLANGE_WELD_NECK,25.0,150,ASTM A105,RTJ,ASME B16.5
IOCL-MM-0001187,IOCL,GSKT SPWD 1.5IN CL900 SS316/GRAF RF,CAN-002027,DEPOT-IOCL-GWT,"Guwahati Refinery, Assam",46,16060,499,SPIRAL_WOUND_GASKET,40.0,900,SS316 / GRAPHITE,RF,ASME B16.20
IOCL-MM-0001188,IOCL,VLV GLB 3IN 1500# WCB RF,CAN-001897,DEPOT-IOCL-KYL,"Koyali Refinery, Gujarat",33,686920,64,GLOBE_VALVE,80.0,1500,ASTM A216 WCB,RF,BS 1873
IOCL-MM-0001189,IOCL,VLV GT 3IN CL600 WCB BW,CAN-001267,DEPOT-IOCL-GWT,"Guwahati Refinery, Assam",43,247520,59,GATE_VALVE,80.0,600,ASTM A216 WCB,BW,API 600
IOCL-MM-0001190,IOCL,VLV GT 3IN 300LB SS316 RF API6D,CAN-001262,DEPOT-IOCL-GWT,"Guwahati Refinery, Assam",45,454920,114,GATE_VALVE,80.0,300,ASTM A182 F316,RF,API 6D
IOCL-MM-0001191,IOCL,VLV GT 12IN 300# SS316 RF,CAN-001561,DEPOT-IOCL-PNP,"Panipat Refinery, Haryana",84,2536190,599,GATE_VALVE,300.0,300,ASTM A182 F316,RF,API 600
IOCL-MM-0001192,IOCL,FLG SO 8IN 300LB SS304 RF,CAN-000919,DEPOT-IOCL-PRD,"Paradip Refinery, Odisha",6,99800,24,FLANGE_SLIP_ON,200.0,300,ASTM A182 F304,RF,ASME B16.5
IOCL-MM-0001193,IOCL,FLG WN 6IN 300# SS304 RTJ,CAN-000254,DEPOT-IOCL-MTH,"Mathura Refinery, Uttar Pradesh",9,94410,37,FLANGE_WELD_NECK,150.0,300,ASTM A182 F304,RTJ,ASME B16.5
IOCL-MM-0001194,IOCL,FLG WN RTJ 1IN CL150 SS304 ASMEB16.5,CAN-000046,DEPOT-IOCL-GWT,"Guwahati Refinery, Assam",0,5280,0,FLANGE_WELD_NECK,25.0,150,ASTM A182 F304,RTJ,ASME B16.5
IOCL-MM-0001195,IOCL,FLG SO 1/2IN 600LB SS304 RF,CAN-000715,DEPOT-IOCL-GWT,"Guwahati Refinery, Assam",0,5990,0,FLANGE_SLIP_ON,15.0,600,ASTM A182 F304,RF,ASME B16.5
IOCL-MM-0001196,IOCL,VLV BL 10IN CL150 SS316 RF,CAN-001763,DEPOT-IOCL-MTH,"Mathura Refinery, Uttar Pradesh",29,1404660,46,BALL_VALVE,250.0,150,ASTM A182 F316,RF,API 6D
IOCL-MM-0001197,IOCL,VLV GT 4IN CL1500 SS316 BW API6D,CAN-001360,DEPOT-IOCL-MTH,"Mathura Refinery, Uttar Pradesh",0,2203430,0,GATE_VALVE,100.0,1500,ASTM A182 F316,BW,API 6D
IOCL-MM-0001198,IOCL,VLV GLB 1IN 600LB A105 RF,CAN-001831,DEPOT-IOCL-PNP,"Panipat Refinery, Haryana",46,72750,63,GLOBE_VALVE,25.0,600,ASTM A105,RF,BS 1873
IOCL-MM-0001199,IOCL,GSKT SPWD 1.5IN CL300 SS304/GRAF RF,CAN-002024,DEPOT-IOCL-GWT,"Guwahati Refinery, Assam",70,5000,381,SPIRAL_WOUND_GASKET,40.0,300,SS304 / GRAPHITE,RF,ASME B16.20
IOCL-MM-0001200,IOCL,FLG WN 3IN 1500# A105 RTJ,CAN-000194,DEPOT-IOCL-GWT,"Guwahati Refinery, Assam",12,62960,67,FLANGE_WELD_NECK,80.0,1500,ASTM A105,RTJ,ASME B16.5
IOCL-MM-0001201,IOCL,VLV GLB 1.5IN 1500# WCB RF,CAN-001858,DEPOT-IOCL-PRD,"Paradip Refinery, Odisha",41,278970,12,GLOBE_VALVE,40.0,1500,ASTM A216 WCB,RF,ASME B16.34
IOCL-MM-0001202,IOCL,FLG BLD RTJ 3IN 600LB A350-LF2,CAN-000536,DEPOT-IOCL-PRD,"Paradip Refinery, Odisha",138,39600,471,FLANGE_BLIND,80.0,600,ASTM A350 LF2,RTJ,ASME B16.5
IOCL-MM-0001203,IOCL,VLV GT 3IN 1500# A105 BW,CAN-001296,DEPOT-IOCL-KYL,"Koyali Refinery, Gujarat",0,515190,0,GATE_VALVE,80.0,1500,ASTM A105,BW,API 6D
IOCL-MM-0001204,IOCL,VLV GT 1.5IN CL600 SS316 RF,CAN-001153,DEPOT-IOCL-PNP,"Panipat Refinery, Haryana",6,321680,18,GATE_VALVE,40.0,600,ASTM A182 F316,RF,API 600
IOCL-MM-0001205,IOCL,FLG SO 4IN 900LB SS304 RF ASMEB16.5,CAN-000871,DEPOT-IOCL-KYL,"Koyali Refinery, Gujarat",90,97610,504,FLANGE_SLIP_ON,100.0,900,ASTM A182 F304,RF,ASME B16.5
IOCL-MM-0001206,IOCL,FLG BLD 12IN 600LB A105 RF,CAN-000683,DEPOT-IOCL-PRD,"Paradip Refinery, Odisha",146,137990,228,FLANGE_BLIND,300.0,600,ASTM A105,RF,ASME B16.5
IOCL-MM-0001207,IOCL,FLG SO 1IN 600LB SS316 RF ASMEB16.5,CAN-000747,DEPOT-IOCL-KYL,"Koyali Refinery, Gujarat",46,15520,25,FLANGE_SLIP_ON,25.0,600,ASTM A182 F316,RF,ASME B16.5
IOCL-MM-0001208,IOCL,FLG SO 1IN 150LB SS304 RF,CAN-000733,DEPOT-IOCL-PNP,"Panipat Refinery, Haryana",0,3840,0,FLANGE_SLIP_ON,25.0,150,ASTM A182 F304,RF,ASME B16.5
IOCL-MM-0001209,IOCL,FLG WN 12IN 300# A105 RTJ ASMEB16.5,CAN-000370,DEPOT-IOCL-GWT,"Guwahati Refinery, Assam",131,96860,411,FLANGE_WELD_NECK,300.0,300,ASTM A105,RTJ,ASME B16.5
IOCL-MM-0001210,IOCL,VLV GT 1.5IN 150# WCB BW API6D,CAN-001124,DEPOT-IOCL-GWT,"Guwahati Refinery, Assam",21,33160,233,GATE_VALVE,40.0,150,ASTM A216 WCB,BW,API 6D
IOCL-MM-0001211,IOCL,FLG WN 6IN 300LB A350-LF2 RF ASMEB16.5,CAN-000251,DEPOT-IOCL-PNP,"Panipat Refinery, Haryana",39,62940,450,FLANGE_WELD_NECK,150.0,300,ASTM A350 LF2,RF,ASME B16.5
IOCL-MM-0001212,IOCL,VLV GT 1.5IN 150LB WCB RF,CAN-001122,DEPOT-IOCL-KYL,"Koyali Refinery, Gujarat",15,33160,27,GATE_VALVE,40.0,150,ASTM A216 WCB,RF,API 6D
IOCL-MM-0001213,IOCL,VLV GLB 12IN CL900 WCB RF,CAN-001994,DEPOT-IOCL-MTH,"Mathura Refinery, Uttar Pradesh",14,2544880,106,GLOBE_VALVE,300.0,900,ASTM A216 WCB,RF,ASME B16.34
IOCL-MM-0001214,IOCL,FLG SO 1.5IN CL300 SS304 RF,CAN-000769,DEPOT-IOCL-KYL,"Koyali Refinery, Gujarat",47,12310,25,FLANGE_SLIP_ON,40.0,300,ASTM A182 F304,RF,ASME B16.5
IOCL-MM-0001215,IOCL,VLV BL 1/2IN CL150 WCB RF,CAN-001601,DEPOT-IOCL-PRD,"Paradip Refinery, Odisha",36,11320,45,BALL_VALVE,15.0,150,ASTM A216 WCB,RF,API 6D
IOCL-MM-0001216,IOCL,VLV GLB 1/2IN 150LB WCB RF,CAN-001802,DEPOT-IOCL-KYL,"Koyali Refinery, Gujarat",0,12350,0,GLOBE_VALVE,15.0,150,ASTM A216 WCB,RF,ASME B16.34
IOCL-MM-0001217,IOCL,VLV BL 12IN 900LB WCB BW,CAN-001794,DEPOT-IOCL-PNP,"Panipat Refinery, Haryana",20,2332800,94,BALL_VALVE,300.0,900,ASTM A216 WCB,BW,API 6D
IOCL-MM-0001218,IOCL,FLG BLD 2IN CL1500 SS316 RTJ ASMEB16.5,CAN-000520,DEPOT-IOCL-PNP,"Panipat Refinery, Haryana",0,89480,0,FLANGE_BLIND,50.0,1500,ASTM A182 F316,RTJ,ASME B16.5
IOCL-MM-0001219,IOCL,FLG WNRF 10IN 150LB A350-LF2 ASMEB16.5,CAN-000323,DEPOT-IOCL-MTH,"Mathura Refinery, Uttar Pradesh",29,70230,34,FLANGE_WELD_NECK,250.0,150,ASTM A350 LF2,RF,ASME B16.5
IOCL-MM-0001220,IOCL,FLG BLD RTJ 1IN 150LB A350-LF2 ASMEB16.5,CAN-000434,DEPOT-IOCL-PRD,"Paradip Refinery, Odisha",100,2880,499,FLANGE_BLIND,25.0,150,ASTM A350 LF2,RTJ,ASME B16.5
IOCL-MM-0001221,IOCL,VLV GT 4IN CL600 WCB RF,CAN-001326,DEPOT-IOCL-MTH,"Mathura Refinery, Uttar Pradesh",47,330820,313,GATE_VALVE,100.0,600,ASTM A216 WCB,RF,API 6D
IOCL-MM-0001222,IOCL,VLV BL 2IN 900# WCB RF,CAN-001673,DEPOT-IOCL-KYL,"Koyali Refinery, Gujarat",71,227130,589,BALL_VALVE,50.0,900,ASTM A216 WCB,RF,API 6D
IOCL-MM-0001223,IOCL,VLV GT 8IN 300# SS316 BW API600,CAN-001443,DEPOT-IOCL-KYL,"Koyali Refinery, Gujarat",0,1497140,0,GATE_VALVE,200.0,300,ASTM A182 F316,BW,API 600
IOCL-MM-0001224,IOCL,FLG WN 12IN 900LB SS304 RTJ,CAN-000390,DEPOT-IOCL-PNP,"Panipat Refinery, Haryana",0,559870,0,FLANGE_WELD_NECK,300.0,900,ASTM A182 F304,RTJ,ASME B16.5
IOCL-MM-0001225,IOCL,VLV BL 4IN 150# WCB RF,CAN-001701,DEPOT-IOCL-MTH,"Mathura Refinery, Uttar Pradesh",0,133380,0,BALL_VALVE,100.0,150,ASTM A216 WCB,RF,API 6D
IOCL-MM-0001226,IOCL,VLV GT 1IN 600LB WCB BW API6D,CAN-001088,DEPOT-IOCL-PNP,"Panipat Refinery, Haryana",38,54560,67,GATE_VALVE,25.0,600,ASTM A216 WCB,BW,API 6D
IOCL-MM-0001227,IOCL,VLV BL 1.5IN 1500LB SS316 BW API6D,CAN-001660,DEPOT-IOCL-PRD,"Paradip Refinery, Odisha",0,818330,0,BALL_VALVE,40.0,1500,ASTM A182 F316,BW,API 6D
IOCL-MM-0001228,IOCL,VLV BL 2IN 600LB SS316 BW API6D,CAN-001672,DEPOT-IOCL-KYL,"Koyali Refinery, Gujarat",37,525480,52,BALL_VALVE,50.0,600,ASTM A182 F316,BW,API 6D
IOCL-MM-0001229,IOCL,FLG SO 12IN 600# SS316 FF,CAN-000988,DEPOT-IOCL-GWT,"Guwahati Refinery, Assam",0,392510,0,FLANGE_SLIP_ON,300.0,600,ASTM A182 F316,FF,ASME B16.5
IOCL-MM-0001230,IOCL,GSKT SPWD 2IN CL300 SS304/GRAF RF ASMEB16.20,CAN-002034,DEPOT-IOCL-KYL,"Koyali Refinery, Gujarat",0,6680,0,SPIRAL_WOUND_GASKET,50.0,300,SS304 / GRAPHITE,RF,ASME B16.20
IOCL-MM-0001231,IOCL,VLV GT 3IN 150# WCB RF,CAN-001242,DEPOT-IOCL-PRD,"Paradip Refinery, Odisha",43,81650,73,GATE_VALVE,80.0,150,ASTM A216 WCB,RF,API 6D
IOCL-MM-0001232,IOCL,VLV GT 6IN CL900 WCB RF,CAN-001398,DEPOT-IOCL-PNP,"Panipat Refinery, Haryana",12,775150,38,GATE_VALVE,150.0,900,ASTM A216 WCB,RF,API 6D
IOCL-MM-0001233,IOCL,VLV GT 6IN 300# WCB RF API6D,CAN-001374,DEPOT-IOCL-PNP,"Panipat Refinery, Haryana",20,321870,18,GATE_VALVE,150.0,300,ASTM A216 WCB,RF,API 6D
IOCL-MM-0001234,IOCL,VLV GLB 4IN CL150 WCB RF ASMEB16.34,CAN-001902,DEPOT-IOCL-MTH,"Mathura Refinery, Uttar Pradesh",123,145500,581,GLOBE_VALVE,100.0,150,ASTM A216 WCB,RF,ASME B16.34
IOCL-MM-0001235,IOCL,VLV GT 6IN 300LB A105 BW API6D,CAN-001380,DEPOT-IOCL-GWT,"Guwahati Refinery, Assam",15,321870,110,GATE_VALVE,150.0,300,ASTM A105,BW,API 6D
IOCL-MM-0001236,IOCL,FLG WNRF 10IN 300# SS304 ASMEB16.5,CAN-000333,DEPOT-IOCL-PRD,"Paradip Refinery, Odisha",5,183420,22,FLANGE_WELD_NECK,250.0,300,ASTM A182 F304,RF,ASME B16.5
IOCL-MM-0001237,IOCL,FLG WNRF 2IN 900# SS316,CAN-000151,DEPOT-IOCL-KYL,"Koyali Refinery, Gujarat",81,72680,354,FLANGE_WELD_NECK,50.0,900,ASTM A182 F316,RF,ASME B16.5
IOCL-MM-0001238,IOCL,FLG SO 12IN 150LB SS304 RF,CAN-000973,DEPOT-IOCL-MTH,"Mathura Refinery, Uttar Pradesh",0,97110,0,FLANGE_SLIP_ON,300.0,150,ASTM A182 F304,RF,ASME B16.5
IOCL-MM-0001239,IOCL,FLG BLD 10IN 1500LB A350-LF2 RF ASMEB16.5,CAN-000667,DEPOT-IOCL-PNP,"Panipat Refinery, Haryana",32,362570,52,FLANGE_BLIND,250.0,1500,ASTM A350 LF2,RF,ASME B16.5
IOCL-MM-0001240,IOCL,FLG BLD 6IN 1500# A105 RF ASMEB16.5,CAN-000605,DEPOT-IOCL-GWT,"Guwahati Refinery, Assam",63,116640,189,FLANGE_BLIND,150.0,1500,ASTM A105,RF,ASME B16.5
IOCL-MM-0001241,IOCL,FLG WN RTJ 2IN CL150 A350-LF2,CAN-000124,DEPOT-IOCL-PNP,"Panipat Refinery, Haryana",20,8660,70,FLANGE_WELD_NECK,50.0,150,ASTM A350 LF2,RTJ,ASME B16.5
IOCL-MM-0001242,IOCL,VLV GT 1IN 1500# SS316 RF API600,CAN-001117,DEPOT-IOCL-PNP,"Panipat Refinery, Haryana",23,363430,116,GATE_VALVE,25.0,1500,ASTM A182 F316,RF,API 600
IOCL-MM-0001243,IOCL,FLG BLD 12IN 600# A105 RF,CAN-000683,DEPOT-IOCL-MTH,"Mathura Refinery, Uttar Pradesh",44,137990,282,FLANGE_BLIND,300.0,600,ASTM A105,RF,ASME B16.5
IOCL-MM-0001244,IOCL,FLG SO 12IN 1500LB A105 RF,CAN-000995,DEPOT-IOCL-GWT,"Guwahati Refinery, Assam",27,255300,79,FLANGE_SLIP_ON,300.0,1500,ASTM A105,RF,ASME B16.5
IOCL-MM-0001245,IOCL,FLG WN 2IN 150LB SS304 RTJ ASMEB16.5,CAN-000126,DEPOT-IOCL-KYL,"Koyali Refinery, Gujarat",0,13000,0,FLANGE_WELD_NECK,50.0,150,ASTM A182 F304,RTJ,ASME B16.5
IOCL-MM-0001246,IOCL,VLV GLB 1IN 600LB WCB RF ASMEB16.34,CAN-001830,DEPOT-IOCL-GWT,"Guwahati Refinery, Assam",143,72750,295,GLOBE_VALVE,25.0,600,ASTM A216 WCB,RF,ASME B16.34
IOCL-MM-0001247,IOCL,FLG WN 3IN 300LB A105 RF,CAN-000169,DEPOT-IOCL-PNP,"Panipat Refinery, Haryana",0,17370,0,FLANGE_WELD_NECK,80.0,300,ASTM A105,RF,ASME B16.5
IOCL-MM-0001248,IOCL,VLV GLB 4IN 150LB WCB RF,CAN-001902,DEPOT-IOCL-MTH,"Mathura Refinery, Uttar Pradesh",6,145500,41,GLOBE_VALVE,100.0,150,ASTM A216 WCB,RF,ASME B16.34
IOCL-MM-0001249,IOCL,VLV GLB 3IN CL150 WCB RF,CAN-001882,DEPOT-IOCL-KYL,"Koyali Refinery, Gujarat",10,108860,34,GLOBE_VALVE,80.0,150,ASTM A216 WCB,RF,ASME B16.34
IOCL-MM-0001250,IOCL,VLV GT 4IN 1500LB A105 RF,CAN-001354,DEPOT-IOCL-GWT,"Guwahati Refinery, Assam",135,688570,719,GATE_VALVE,100.0,1500,ASTM A105,RF,API 6D
IOCL-MM-0001251,IOCL,VLV GT 1IN 1500# A105 BW API6D,CAN-001116,DEPOT-IOCL-GWT,"Guwahati Refinery, Assam",120,113570,607,GATE_VALVE,25.0,1500,ASTM A105,BW,API 6D
IOCL-MM-0001252,IOCL,VLV GT 1/2IN 300LB A105 RF API6D,CAN-001018,DEPOT-IOCL-PNP,"Panipat Refinery, Haryana",49,16130,53,GATE_VALVE,15.0,300,ASTM A105,RF,API 6D
IOCL-MM-0001253,IOCL,VLV GT 2IN CL900 WCB BW API6D,CAN-001220,DEPOT-IOCL-KYL,"Koyali Refinery, Gujarat",27,185830,46,GATE_VALVE,50.0,900,ASTM A216 WCB,BW,API 6D
IOCL-MM-0001254,IOCL,VLV BL 8IN 150# WCB BW,CAN-001742,DEPOT-IOCL-KYL,"Koyali Refinery, Gujarat",57,328420,657,BALL_VALVE,200.0,150,ASTM A216 WCB,BW,API 6D
IOCL-MM-0001255,IOCL,VLV GLB 10IN CL600 A105 RF BS1873,CAN-001971,DEPOT-IOCL-GWT,"Guwahati Refinery, Assam",47,1451640,30,GLOBE_VALVE,250.0,600,ASTM A105,RF,BS 1873
IOCL-MM-0001256,IOCL,FLG SO 12IN 900LB A105 FF,CAN-000990,DEPOT-IOCL-PNP,"Panipat Refinery, Haryana",23,169650,644,FLANGE_SLIP_ON,300.0,900,ASTM A105,FF,ASME B16.5
IOCL-MM-0001257,IOCL,VLV BL 12IN 150# WCB BW API6D,CAN-001782,DEPOT-IOCL-PRD,"Paradip Refinery, Odisha",0,556360,0,BALL_VALVE,300.0,150,ASTM A216 WCB,BW,API 6D
IOCL-MM-0001258,IOCL,VLV GT 8IN 300LB WCB BW API600,CAN-001435,DEPOT-IOCL-KYL,"Koyali Refinery, Gujarat",5,467850,16,GATE_VALVE,200.0,300,ASTM A216 WCB,BW,API 600
IOCL-MM-0001259,IOCL,FLG SO 1/2IN 300LB A105 FF ASMEB16.5,CAN-000708,DEPOT-IOCL-GWT,"Guwahati Refinery, Assam",148,1430,338,FLANGE_SLIP_ON,15.0,300,ASTM A105,FF,ASME B16.5
IOCL-MM-0001260,IOCL,VLV GT 1/2IN 900# SS316 BW,CAN-001047,DEPOT-IOCL-MTH,"Mathura Refinery, Uttar Pradesh",70,124310,622,GATE_VALVE,15.0,900,ASTM A182 F316,BW,API 600
IOCL-MM-0001261,IOCL,FLG WN 10IN CL300 A350-LF2 RTJ ASMEB16.5,CAN-000332,DEPOT-IOCL-PNP,"Panipat Refinery, Haryana",27,122280,41,FLANGE_WELD_NECK,250.0,300,ASTM A350 LF2,RTJ,ASME B16.5
IOCL-MM-0001262,IOCL,FLG WN 2IN CL600 A105 RF,CAN-000137,DEPOT-IOCL-PNP,"Panipat Refinery, Haryana",97,16420,498,FLANGE_WELD_NECK,50.0,600,ASTM A105,RF,ASME B16.5
IOCL-MM-0001263,IOCL,FLG WN 4IN 900# A350-LF2 RTJ,CAN-000228,DEPOT-IOCL-GWT,"Guwahati Refinery, Assam",55,89480,384,FLANGE_WELD_NECK,100.0,900,ASTM A350 LF2,RTJ,ASME B16.5
IOCL-MM-0001264,IOCL,VLV GLB 10IN 1500LB A105 RF BS1873,CAN-001979,DEPOT-IOCL-PRD,"Paradip Refinery, Odisha",0,3021420,0,GLOBE_VALVE,250.0,1500,ASTM A105,RF,BS 1873
IOCL-MM-0001265,IOCL,FLG SO 1IN 1500LB A105 FF ASMEB16.5,CAN-000756,DEPOT-IOCL-PRD,"Paradip Refinery, Odisha",138,10090,738,FLANGE_SLIP_ON,25.0,1500,ASTM A105,FF,ASME B16.5
IOCL-MM-0001266,IOCL,VLV GT 12IN 600# A105 BW API6D,CAN-001572,DEPOT-IOCL-KYL,"Koyali Refinery, Gujarat",0,1379920,0,GATE_VALVE,300.0,600,ASTM A105,BW,API 6D
IOCL-MM-0001267,IOCL,VLV GT 1IN CL1500 WCB BW,CAN-001111,DEPOT-IOCL-GWT,"Guwahati Refinery, Assam",48,113570,101,GATE_VALVE,25.0,1500,ASTM A216 WCB,BW,API 600
IOCL-MM-0001268,IOCL,FLG WN RTJ 12IN 600LB A350-LF2,CAN-000380,DEPOT-IOCL-KYL,"Koyali Refinery, Gujarat",138,269850,208,FLANGE_WELD_NECK,300.0,600,ASTM A350 LF2,RTJ,ASME B16.5
IOCL-MM-0001269,IOCL,FLG BLD RTJ 3IN CL1500 A105,CAN-000546,DEPOT-IOCL-PNP,"Panipat Refinery, Haryana",97,51510,428,FLANGE_BLIND,80.0,1500,ASTM A105,RTJ,ASME B16.5
IOCL-MM-0001270,IOCL,FLG SO 10IN CL900 SS316 FF,CAN-000964,DEPOT-IOCL-MTH,"Mathura Refinery, Uttar Pradesh",41,428340,47,FLANGE_SLIP_ON,250.0,900,ASTM A182 F316,FF,ASME B16.5
IOCL-MM-0001271,IOCL,FLG SO 10IN 1500# SS304 RF,CAN-000967,DEPOT-IOCL-KYL,"Koyali Refinery, Gujarat",0,483420,0,FLANGE_SLIP_ON,250.0,1500,ASTM A182 F304,RF,ASME B16.5
IOCL-MM-0001272,IOCL,VLV GT 1.5IN CL600 A105 BW API600,CAN-001151,DEPOT-IOCL-PRD,"Paradip Refinery, Odisha",8,100520,20,GATE_VALVE,40.0,600,ASTM A105,BW,API 600
IOCL-MM-0001273,IOCL,FLG WN RTJ 10IN 900# SS304,CAN-000350,DEPOT-IOCL-PNP,"Panipat Refinery, Haryana",11,441720,115,FLANGE_WELD_NECK,250.0,900,ASTM A182 F304,RTJ,ASME B16.5
IOCL-MM-0001274,IOCL,FLG SO 3IN 150LB A105 RF,CAN-000821,DEPOT-IOCL-GWT,"Guwahati Refinery, Assam",51,7250,703,FLANGE_SLIP_ON,80.0,150,ASTM A105,RF,ASME B16.5
IOCL-MM-0001275,IOCL,FLG BLD 8IN CL600 A105 RF,CAN-000623,DEPOT-IOCL-MTH,"Mathura Refinery, Uttar Pradesh",40,81450,104,FLANGE_BLIND,200.0,600,ASTM A105,RF,ASME B16.5
IOCL-MM-0001276,IOCL,FLG SO 6IN 900LB A105 FF ASMEB16.5,CAN-000900,DEPOT-IOCL-MTH,"Mathura Refinery, Uttar Pradesh",24,68900,102,FLANGE_SLIP_ON,150.0,900,ASTM A105,FF,ASME B16.5
IOCL-MM-0001277,IOCL,FLG SO 1IN 600# SS304 RF,CAN-000745,DEPOT-IOCL-PRD,"Paradip Refinery, Odisha",12,11640,18,FLANGE_SLIP_ON,25.0,600,ASTM A182 F304,RF,ASME B16.5
IOCL-MM-0001278,IOCL,VLV GT 4IN 300# WCB BW API6D,CAN-001316,DEPOT-IOCL-PNP,"Panipat Refinery, Haryana",20,190000,36,GATE_VALVE,100.0,300,ASTM A216 WCB,BW,API 6D
IOCL-MM-0001279,IOCL,VLV BL 6IN 1500# WCB RF,CAN-001737,DEPOT-IOCL-PRD,"Paradip Refinery, Odisha",8,1425670,25,BALL_VALVE,150.0,1500,ASTM A216 WCB,RF,API 6D
IOCL-MM-0001280,IOCL,VLV GT 8IN 150LB A105 RF,CAN-001425,DEPOT-IOCL-MTH,"Mathura Refinery, Uttar Pradesh",86,268710,629,GATE_VALVE,200.0,150,ASTM A105,RF,API 600
IOCL-MM-0001281,IOCL,FLG WN 2IN CL900 A105 RTJ,CAN-000146,DEPOT-IOCL-PNP,"Panipat Refinery, Haryana",0,22710,0,FLANGE_WELD_NECK,50.0,900,ASTM A105,RTJ,ASME B16.5
IOCL-MM-0001282,IOCL,FLG WN 4IN CL150 SS316 RTJ ASMEB16.5,CAN-000208,DEPOT-IOCL-PRD,"Paradip Refinery, Odisha",0,42680,0,FLANGE_WELD_NECK,100.0,150,ASTM A182 F316,RTJ,ASME B16.5
IOCL-MM-0001283,IOCL,VLV GT 10IN 300LB WCB RF API600,CAN-001493,DEPOT-IOCL-PNP,"Panipat Refinery, Haryana",146,625310,556,GATE_VALVE,250.0,300,ASTM A216 WCB,RF,API 600
IOCL-MM-0001284,IOCL,FLG BLD RTJ 8IN CL600 A350-LF2 ASMEB16.5,CAN-000626,DEPOT-IOCL-PNP,"Panipat Refinery, Haryana",32,130330,28,FLANGE_BLIND,200.0,600,ASTM A350 LF2,RTJ,ASME B16.5
IOCL-MM-0001285,IOCL,VLV GT 12IN 1500# A105 RF API600,CAN-001593,DEPOT-IOCL-PNP,"Panipat Refinery, Haryana",5,2872150,84,GATE_VALVE,300.0,1500,ASTM A105,RF,API 600
IOCL-MM-0001286,IOCL,VLV GT 8IN 600LB WCB RF API600,CAN-001445,DEPOT-IOCL-PRD,"Paradip Refinery, Odisha",27,814580,27,GATE_VALVE,200.0,600,ASTM A216 WCB,RF,API 600
IOCL-MM-0001287,IOCL,VLV GLB 12IN 900LB WCB RF,CAN-001994,DEPOT-IOCL-KYL,"Koyali Refinery, Gujarat",15,2544880,55,GLOBE_VALVE,300.0,900,ASTM A216 WCB,RF,ASME B16.34
IOCL-MM-0001288,IOCL,VLV GLB 6IN CL150 WCB RF,CAN-001922,DEPOT-IOCL-PRD,"Paradip Refinery, Odisha",0,246490,0,GLOBE_VALVE,150.0,150,ASTM A216 WCB,RF,ASME B16.34
IOCL-MM-0001289,IOCL,FLG SO 1IN CL150 SS304 FF,CAN-000734,DEPOT-IOCL-PRD,"Paradip Refinery, Odisha",0,3840,0,FLANGE_SLIP_ON,25.0,150,ASTM A182 F304,FF,ASME B16.5
IOCL-MM-0001290,IOCL,VLV GT 3IN CL900 A105 BW API600,CAN-001283,DEPOT-IOCL-PRD,"Paradip Refinery, Odisha",50,342360,119,GATE_VALVE,80.0,900,ASTM A105,BW,API 600
IOCL-MM-0001291,IOCL,FLG WN RTJ 8IN 900# SS316,CAN-000312,DEPOT-IOCL-GWT,"Guwahati Refinery, Assam",37,440660,675,FLANGE_WELD_NECK,200.0,900,ASTM A182 F316,RTJ,ASME B16.5
IOCL-MM-0001292,IOCL,FLG SO 1.5IN 300LB SS304 FF,CAN-000770,DEPOT-IOCL-PRD,"Paradip Refinery, Odisha",41,12310,100,FLANGE_SLIP_ON,40.0,300,ASTM A182 F304,FF,ASME B16.5
IOCL-MM-0001293,IOCL,STUDBLT 1.5IN CL1500 B7/2H THRD,CAN-002129,DEPOT-IOCL-PRD,"Paradip Refinery, Odisha",49,4060,51,STUD_BOLT,40.0,1500,ASTM A193 B7 / A194 2H,THRD,ASME B18.2.1
IOCL-MM-0001294,IOCL,VLV GT 10IN CL1500 SS316 RF,CAN-001537,DEPOT-IOCL-GWT,"Guwahati Refinery, Assam",30,7251410,18,GATE_VALVE,250.0,1500,ASTM A182 F316,RF,API 600
IOCL-MM-0001295,IOCL,FLG SO 4IN 600# A105 RF ASMEB16.5,CAN-000863,DEPOT-IOCL-MTH,"Mathura Refinery, Uttar Pradesh",0,29400,0,FLANGE_SLIP_ON,100.0,600,ASTM A105,RF,ASME B16.5
IOCL-MM-0001296,IOCL,VLV GT 4IN CL150 SS316 RF API6D,CAN-001310,DEPOT-IOCL-KYL,"Koyali Refinery, Gujarat",19,349220,108,GATE_VALVE,100.0,150,ASTM A182 F316,RF,API 6D
IOCL-MM-0001297,IOCL,GSKT SPWD 6IN CL300 SS304/GRAF RF,CAN-002064,DEPOT-IOCL-PNP,"Panipat Refinery, Haryana",64,27890,573,SPIRAL_WOUND_GASKET,150.0,300,SS304 / GRAPHITE,RF,ASME B16.20
IOCL-MM-0001298,IOCL,FLG BLD 12IN 300LB SS316 RTJ ASMEB16.5,CAN-000682,DEPOT-IOCL-GWT,"Guwahati Refinery, Assam",0,253610,0,FLANGE_BLIND,300.0,300,ASTM A182 F316,RTJ,ASME B16.5
IOCL-MM-0001299,IOCL,FLG SO 3IN CL300 SS304 RF ASMEB16.5,CAN-000829,DEPOT-IOCL-GWT,"Guwahati Refinery, Assam",6,30320,32,FLANGE_SLIP_ON,80.0,300,ASTM A182 F304,RF,ASME B16.5
IOCL-MM-0001300,IOCL,VLV BL 8IN 150LB WCB BW API6D,CAN-001742,DEPOT-IOCL-KYL,"Koyali Refinery, Gujarat",45,328420,83,BALL_VALVE,200.0,150,ASTM A216 WCB,BW,API 6D
IOCL-MM-0001301,IOCL,VLV BL 12IN CL600 WCB BW API6D,CAN-001790,DEPOT-IOCL-GWT,"Guwahati Refinery, Assam",48,1686570,46,BALL_VALVE,300.0,600,ASTM A216 WCB,BW,API 6D
IOCL-MM-0001302,IOCL,VLV GT 8IN 1500# A105 BW API600,CAN-001475,DEPOT-IOCL-MTH,"Mathura Refinery, Uttar Pradesh",38,1695460,113,GATE_VALVE,200.0,1500,ASTM A105,BW,API 600
IOCL-MM-0001303,IOCL,VLV GLB 1IN 150# A105 RF ASMEB16.34,CAN-001824,DEPOT-IOCL-PNP,"Panipat Refinery, Haryana",47,24000,22,GLOBE_VALVE,25.0,150,ASTM A105,RF,ASME B16.34
IOCL-MM-0001304,IOCL,VLV BL 1IN 300# WCB BW API6D,CAN-001626,DEPOT-IOCL-MTH,"Mathura Refinery, Uttar Pradesh",112,38300,597,BALL_VALVE,25.0,300,ASTM A216 WCB,BW,API 6D
IOCL-MM-0001305,IOCL,VLV GT 10IN CL600 WCB BW,CAN-001508,DEPOT-IOCL-PNP,"Panipat Refinery, Haryana",48,1088730,103,GATE_VALVE,250.0,600,ASTM A216 WCB,BW,API 6D
IOCL-MM-0001306,IOCL,VLV GT 1.5IN CL900 WCB BW,CAN-001159,DEPOT-IOCL-KYL,"Koyali Refinery, Gujarat",0,139040,0,GATE_VALVE,40.0,900,ASTM A216 WCB,BW,API 600
IOCL-MM-0001307,IOCL,VLV GT 8IN 150# WCB RF,CAN-001422,DEPOT-IOCL-KYL,"Koyali Refinery, Gujarat",27,268710,89,GATE_VALVE,200.0,150,ASTM A216 WCB,RF,API 6D
IOCL-MM-0001308,IOCL,FLG SO 8IN CL900 SS304 FF,CAN-000932,DEPOT-IOCL-PNP,"Panipat Refinery, Haryana",45,240360,58,FLANGE_SLIP_ON,200.0,900,ASTM A182 F304,FF,ASME B16.5
IOCL-MM-0001309,IOCL,FLG SO 2IN 300# A105 RF,CAN-000797,DEPOT-IOCL-MTH,"Mathura Refinery, Uttar Pradesh",96,6850,283,FLANGE_SLIP_ON,50.0,300,ASTM A105,RF,ASME B16.5
IOCL-MM-0001310,IOCL,FLG SO 2IN 300# A105 FF,CAN-000798,DEPOT-IOCL-PNP,"Panipat Refinery, Haryana",26,6850,12,FLANGE_SLIP_ON,50.0,300,ASTM A105,FF,ASME B16.5
IOCL-MM-0001311,IOCL,FLG WN 12IN 1500# SS304 RF ASMEB16.5,CAN-000397,DEPOT-IOCL-GWT,"Guwahati Refinery, Assam",27,842490,18,FLANGE_WELD_NECK,300.0,1500,ASTM A182 F304,RF,ASME B16.5
IOCL-MM-0001312,IOCL,FLG BLD 1.5IN 300# SS316 RTJ ASMEB16.5,CAN-000472,DEPOT-IOCL-PRD,"Paradip Refinery, Odisha",0,18470,0,FLANGE_BLIND,40.0,300,ASTM A182 F316,RTJ,ASME B16.5
IOCL-MM-0001313,IOCL,GSKT SPWD 10IN CL600 SS316/GRAF RF,CAN-002085,DEPOT-IOCL-PRD,"Paradip Refinery, Odisha",44,125800,17,SPIRAL_WOUND_GASKET,250.0,600,SS316 / GRAPHITE,RF,ASME B16.20
IOCL-MM-0001314,IOCL,VLV GT 1IN CL150 SS316 RF,CAN-001070,DEPOT-IOCL-PNP,"Panipat Refinery, Haryana",21,57600,93,GATE_VALVE,25.0,150,ASTM A182 F316,RF,API 6D
IOCL-MM-0001315,IOCL,FLG BLD 2IN 300# A350-LF2 RF ASMEB16.5,CAN-000499,DEPOT-IOCL-KYL,"Koyali Refinery, Gujarat",26,12340,107,FLANGE_BLIND,50.0,300,ASTM A350 LF2,RF,ASME B16.5
IOCL-MM-0001316,IOCL,FLG WNRF 8IN 600# SS316,CAN-000303,DEPOT-IOCL-GWT,"Guwahati Refinery, Assam",35,318590,421,FLANGE_WELD_NECK,200.0,600,ASTM A182 F316,RF,ASME B16.5
IOCL-MM-0001317,IOCL,FLG WN RTJ 3IN 300LB A105,CAN-000170,DEPOT-IOCL-PRD,"Paradip Refinery, Odisha",29,17370,534,FLANGE_WELD_NECK,80.0,300,ASTM A105,RTJ,ASME B16.5
IOCL-MM-0001318,IOCL,VLV GLB 1.5IN 1500# WCB RF,CAN-001858,DEPOT-IOCL-PRD,"Paradip Refinery, Odisha",40,278970,744,GLOBE_VALVE,40.0,1500,ASTM A216 WCB,RF,ASME B16.34
IOCL-MM-0001319,IOCL,FLG WN 4IN 600LB SS316 RF ASMEB16.5,CAN-000223,DEPOT-IOCL-PNP,"Panipat Refinery, Haryana",0,129380,0,FLANGE_WELD_NECK,100.0,600,ASTM A182 F316,RF,ASME B16.5
IOCL-MM-0001320,IOCL,VLV BL 3IN 900LB SS316 BW,CAN-001696,DEPOT-IOCL-GWT,"Guwahati Refinery, Assam",24,1339020,110,BALL_VALVE,80.0,900,ASTM A182 F316,BW,API 6D
IOCL-MM-0001321,IOCL,VLV GLB 1IN 1500# WCB RF ASMEB16.34,CAN-001838,DEPOT-IOCL-PNP,"Panipat Refinery, Haryana",0,151420,0,GLOBE_VALVE,25.0,1500,ASTM A216 WCB,RF,ASME B16.34
IOCL-MM-0001322,IOCL,VLV GLB 8IN 300# WCB RF,CAN-001945,DEPOT-IOCL-KYL,"Koyali Refinery, Gujarat",6,623800,80,GLOBE_VALVE,200.0,300,ASTM A216 WCB,RF,BS 1873
IOCL-MM-0001323,IOCL,FLG WN RTJ 1.5IN 150LB A350-LF2,CAN-000084,DEPOT-IOCL-MTH,"Mathura Refinery, Uttar Pradesh",32,6480,80,FLANGE_WELD_NECK,40.0,150,ASTM A350 LF2,RTJ,ASME B16.5
IOCL-MM-0001324,IOCL,FLG SO 1IN 300# SS316 RF ASMEB16.5,CAN-000741,DEPOT-IOCL-PNP,"Panipat Refinery, Haryana",114,8910,540,FLANGE_SLIP_ON,25.0,300,ASTM A182 F316,RF,ASME B16.5
IOCL-MM-0001325,IOCL,VLV BL 3IN 300# WCB BW API6D,CAN-001686,DEPOT-IOCL-PNP,"Panipat Refinery, Haryana",0,173750,0,BALL_VALVE,80.0,300,ASTM A216 WCB,BW,API 6D
IOCL-MM-0001326,IOCL,FLG WNRF 8IN 300# A105 ASMEB16.5,CAN-000289,DEPOT-IOCL-PRD,"Paradip Refinery, Odisha",5,57180,102,FLANGE_WELD_NECK,200.0,300,ASTM A105,RF,ASME B16.5
IOCL-MM-0001327,IOCL,FLG SO 3IN 300# SS304 RF,CAN-000829,DEPOT-IOCL-PNP,"Panipat Refinery, Haryana",0,30320,0,FLANGE_SLIP_ON,80.0,300,ASTM A182 F304,RF,ASME B16.5
IOCL-MM-0001328,IOCL,FLG WNRF 10IN 1500LB SS304 ASMEB16.5,CAN-000357,DEPOT-IOCL-GWT,"Guwahati Refinery, Assam",20,664710,47,FLANGE_WELD_NECK,250.0,1500,ASTM A182 F304,RF,ASME B16.5
IOCL-MM-0001329,IOCL,VLV GLB 1IN 600# WCB RF,CAN-001829,DEPOT-IOCL-KYL,"Koyali Refinery, Gujarat",47,72750,19,GLOBE_VALVE,25.0,600,ASTM A216 WCB,RF,BS 1873
IOCL-MM-0001330,IOCL,VLV BL 3IN 1500# WCB RF API6D,CAN-001697,DEPOT-IOCL-PRD,"Paradip Refinery, Odisha",0,629670,0,BALL_VALVE,80.0,1500,ASTM A216 WCB,RF,API 6D
IOCL-MM-0001331,IOCL,VLV BL 10IN CL1500 SS316 BW,CAN-001780,DEPOT-IOCL-GWT,"Guwahati Refinery, Assam",76,8862830,634,BALL_VALVE,250.0,1500,ASTM A182 F316,BW,API 6D
IOCL-MM-0001332,IOCL,FLG WNRF 12IN CL150 SS304 ASMEB16.5,CAN-000365,DEPOT-IOCL-PRD,"Paradip Refinery, Odisha",46,133520,41,FLANGE_WELD_NECK,300.0,150,ASTM A182 F304,RF,ASME B16.5
IOCL-MM-0001333,IOCL,FLG SO 10IN CL900 SS316 RF,CAN-000963,DEPOT-IOCL-GWT,"Guwahati Refinery, Assam",37,428340,23,FLANGE_SLIP_ON,250.0,900,ASTM A182 F316,RF,ASME B16.5
IOCL-MM-0001334,IOCL,FLG SO 6IN 900# SS316 FF ASMEB16.5,CAN-000904,DEPOT-IOCL-KYL,"Koyali Refinery, Gujarat",144,220480,466,FLANGE_SLIP_ON,150.0,900,ASTM A182 F316,FF,ASME B16.5
IOCL-MM-0001335,IOCL,VLV GT 10IN 150# A105 BW API6D,CAN-001488,DEPOT-IOCL-MTH,"Mathura Refinery, Uttar Pradesh",79,359140,492,GATE_VALVE,250.0,150,ASTM A105,BW,API 6D
IOCL-MM-0001336,IOCL,FLG BLD 3IN CL150 A350-LF2 RF,CAN-000523,DEPOT-IOCL-PNP,"Panipat Refinery, Haryana",14,13060,14,FLANGE_BLIND,80.0,150,ASTM A350 LF2,RF,ASME B16.5
IOCL-MM-0001337,IOCL,FLG SO 12IN 300# A105 FF,CAN-000978,DEPOT-IOCL-KYL,"Koyali Refinery, Gujarat",25,70440,690,FLANGE_SLIP_ON,300.0,300,ASTM A105,FF,ASME B16.5
IOCL-MM-0001338,IOCL,FLG BLD 8IN 600# SS316 RF ASMEB16.5,CAN-000627,DEPOT-IOCL-PRD,"Paradip Refinery, Odisha",10,260660,17,FLANGE_BLIND,200.0,600,ASTM A182 F316,RF,ASME B16.5
IOCL-MM-0001339,IOCL,VLV BL 1.5IN 300LB SS316 RF,CAN-001647,DEPOT-IOCL-KYL,"Koyali Refinery, Gujarat",29,225810,59,BALL_VALVE,40.0,300,ASTM A182 F316,RF,API 6D
IOCL-MM-0001340,IOCL,FLG SO 12IN 600LB SS316 FF ASMEB16.5,CAN-000988,DEPOT-IOCL-MTH,"Mathura Refinery, Uttar Pradesh",47,392510,65,FLANGE_SLIP_ON,300.0,600,ASTM A182 F316,FF,ASME B16.5
IOCL-MM-0001341,IOCL,VLV GT 1.5IN CL1500 A105 BW API600,CAN-001175,DEPOT-IOCL-GWT,"Guwahati Refinery, Assam",0,209230,0,GATE_VALVE,40.0,1500,ASTM A105,BW,API 600
IOCL-MM-0001342,IOCL,FLG BLD 12IN 300LB SS316 RF,CAN-000681,DEPOT-IOCL-PRD,"Paradip Refinery, Odisha",106,253610,448,FLANGE_BLIND,300.0,300,ASTM A182 F316,RF,ASME B16.5
IOCL-MM-0001343,IOCL,VLV BL 10IN CL1500 SS316 RF API6D,CAN-001779,DEPOT-IOCL-PNP,"Panipat Refinery, Haryana",44,8862830,65,BALL_VALVE,250.0,1500,ASTM A182 F316,RF,API 6D
IOCL-MM-0001344,IOCL,VLV GT 1/2IN 600LB A105 BW,CAN-001032,DEPOT-IOCL-PNP,"Panipat Refinery, Haryana",119,28080,474,GATE_VALVE,15.0,600,ASTM A105,BW,API 6D
IOCL-MM-0001345,IOCL,VLV GLB 1IN CL1500 WCB RF,CAN-001838,DEPOT-IOCL-PRD,"Paradip Refinery, Odisha",86,151420,346,GLOBE_VALVE,25.0,1500,ASTM A216 WCB,RF,ASME B16.34
IOCL-MM-0001346,IOCL,FLG SO 2IN 900LB A105 FF,CAN-000810,DEPOT-IOCL-MTH,"Mathura Refinery, Uttar Pradesh",0,16510,0,FLANGE_SLIP_ON,50.0,900,ASTM A105,FF,ASME B16.5
IOCL-MM-0001347,IOCL,GSKT SPWD 10IN 300# SS304/GRAF RF ASMEB16.20,CAN-002084,DEPOT-IOCL-GWT,"Guwahati Refinery, Assam",0,54190,0,SPIRAL_WOUND_GASKET,250.0,300,SS304 / GRAPHITE,RF,ASME B16.20
IOCL-MM-0001348,IOCL,STUDBLT 6IN 600# L7/GR7 THRD,CAN-002166,DEPOT-IOCL-GWT,"Guwahati Refinery, Assam",30,17430,14,STUD_BOLT,150.0,600,ASTM A320 L7 / A194 7,THRD,ASME B18.2.1
IOCL-MM-0001349,IOCL,VLV GT 1/2IN CL300 WCB BW API6D,CAN-001016,DEPOT-IOCL-GWT,"Guwahati Refinery, Assam",46,16130,113,GATE_VALVE,15.0,300,ASTM A216 WCB,BW,API 6D
IOCL-MM-0001350,IOCL,FLG BLD RTJ 8IN CL300 A350-LF2 ASMEB16.5,CAN-000620,DEPOT-IOCL-GWT,"Guwahati Refinery, Assam",65,74850,634,FLANGE_BLIND,200.0,300,ASTM A350 LF2,RTJ,ASME B16.5
IOCL-MM-0001351,IOCL,FLG SO 3IN 900LB SS304 RF ASMEB16.5,CAN-000841,DEPOT-IOCL-PNP,"Panipat Refinery, Haryana",27,73030,71,FLANGE_SLIP_ON,80.0,900,ASTM A182 F304,RF,ASME B16.5
IOCL-MM-0001352,IOCL,VLV GT 1.5IN CL900 A105 RF,CAN-001161,DEPOT-IOCL-MTH,"Mathura Refinery, Uttar Pradesh",42,139040,20,GATE_VALVE,40.0,900,ASTM A105,RF,API 600
IOCL-MM-0001353,IOCL,STUDBLT 1.5IN 600LB L7/GR7 THRD,CAN-002126,DEPOT-IOCL-PRD,"Paradip Refinery, Odisha",9,3120,66,STUD_BOLT,40.0,600,ASTM A320 L7 / A194 7,THRD,ASME B18.2.1
IOCL-MM-0001354,IOCL,VLV BL 12IN 1500# WCB BW API6D,CAN-001798,DEPOT-IOCL-GWT,"Guwahati Refinery, Assam",36,3510410,26,BALL_VALVE,300.0,1500,ASTM A216 WCB,BW,API 6D
IOCL-MM-0001355,IOCL,VLV BL 10IN 150# SS316 RF,CAN-001763,DEPOT-IOCL-MTH,"Mathura Refinery, Uttar Pradesh",32,1404660,418,BALL_VALVE,250.0,150,ASTM A182 F316,RF,API 6D
IOCL-MM-0001356,IOCL,FLG WN 8IN 900# A105 RF ASMEB16.5,CAN-000305,DEPOT-IOCL-PRD,"Paradip Refinery, Odisha",101,137700,222,FLANGE_WELD_NECK,200.0,900,ASTM A105,RF,ASME B16.5
IOCL-MM-0001357,IOCL,FLG BLD 4IN CL150 A105 RF,CAN-000551,DEPOT-IOCL-PNP,"Panipat Refinery, Haryana",86,10910,443,FLANGE_BLIND,100.0,150,ASTM A105,RF,ASME B16.5
IOCL-MM-0001358,IOCL,VLV GT 6IN 1500# WCB BW,CAN-001411,DEPOT-IOCL-GWT,"Guwahati Refinery, Assam",7,1166450,86,GATE_VALVE,150.0,1500,ASTM A216 WCB,BW,API 600
IOCL-MM-0001359,IOCL,VLV GLB 6IN 150# A105 RF ASMEB16.34,CAN-001924,DEPOT-IOCL-PNP,"Panipat Refinery, Haryana",12,246490,75,GLOBE_VALVE,150.0,150,ASTM A105,RF,ASME B16.34
IOCL-MM-0001360,IOCL,VLV GT 2IN 900# WCB BW API6D,CAN-001220,DEPOT-IOCL-GWT,"Guwahati Refinery, Assam",48,185830,63,GATE_VALVE,50.0,900,ASTM A216 WCB,BW,API 6D
IOCL-MM-0001361,IOCL,FLG WN 4IN 900# A105 RTJ,CAN-000226,DEPOT-IOCL-MTH,"Mathura Refinery, Uttar Pradesh",0,55920,0,FLANGE_WELD_NECK,100.0,900,ASTM A105,RTJ,ASME B16.5
IOCL-MM-0001362,IOCL,VLV GLB 2IN CL150 WCB RF,CAN-001861,DEPOT-IOCL-GWT,"Guwahati Refinery, Assam",115,59090,661,GLOBE_VALVE,50.0,150,ASTM A216 WCB,RF,BS 1873
IOCL-MM-0001363,IOCL,VLV GLB 2IN 900LB WCB RF,CAN-001873,DEPOT-IOCL-MTH,"Mathura Refinery, Uttar Pradesh",23,247780,29,GLOBE_VALVE,50.0,900,ASTM A216 WCB,RF,BS 1873
IOCL-MM-0001364,IOCL,FLG BLD RTJ 8IN CL600 SS316,CAN-000628,DEPOT-IOCL-GWT,"Guwahati Refinery, Assam",37,260660,110,FLANGE_BLIND,200.0,600,ASTM A182 F316,RTJ,ASME B16.5
IOCL-MM-0001365,IOCL,VLV BL 2IN CL1500 SS316 RF,CAN-001679,DEPOT-IOCL-MTH,"Mathura Refinery, Uttar Pradesh",42,1093730,14,BALL_VALVE,50.0,1500,ASTM A182 F316,RF,API 6D
IOCL-MM-0001366,IOCL,FLG BLD 6IN CL900 A350-LF2 RF,CAN-000601,DEPOT-IOCL-KYL,"Koyali Refinery, Gujarat",40,124020,259,FLANGE_BLIND,150.0,900,ASTM A350 LF2,RF,ASME B16.5
IOCL-MM-0001367,IOCL,VLV GLB 12IN 600# A105 RF,CAN-001992,DEPOT-IOCL-PRD,"Paradip Refinery, Odisha",31,1839900,78,GLOBE_VALVE,300.0,600,ASTM A105,RF,ASME B16.34
IOCL-MM-0001368,IOCL,FLG WNRF 10IN CL150 SS304,CAN-000325,DEPOT-IOCL-PNP,"Panipat Refinery, Haryana",47,105340,77,FLANGE_WELD_NECK,250.0,150,ASTM A182 F304,RF,ASME B16.5
IOCL-MM-0001369,IOCL,FLG SO 10IN CL900 SS316 RF,CAN-000963,DEPOT-IOCL-GWT,"Guwahati Refinery, Assam",0,428340,0,FLANGE_SLIP_ON,250.0,900,ASTM A182 F316,RF,ASME B16.5
IOCL-MM-0001370,IOCL,GSKT SPWD 10IN CL300 SS316/GRAF RF ASMEB16.20,CAN-002083,DEPOT-IOCL-MTH,"Mathura Refinery, Uttar Pradesh",28,72250,39,SPIRAL_WOUND_GASKET,250.0,300,SS316 / GRAPHITE,RF,ASME B16.20
IOCL-MM-0001371,IOCL,FLG BLD 1.5IN 1500LB SS316 RF ASMEB16.5,CAN-000489,DEPOT-IOCL-PNP,"Panipat Refinery, Haryana",33,66950,103,FLANGE_BLIND,40.0,1500,ASTM A182 F316,RF,ASME B16.5
IOCL-MM-0001372,IOCL,FLG SO 12IN 900LB SS316 RF ASMEB16.5,CAN-000993,DEPOT-IOCL-GWT,"Guwahati Refinery, Assam",9,542900,56,FLANGE_SLIP_ON,300.0,900,ASTM A182 F316,RF,ASME B16.5
IOCL-MM-0001373,IOCL,FLG SO 1.5IN CL300 SS304 FF,CAN-000770,DEPOT-IOCL-MTH,"Mathura Refinery, Uttar Pradesh",31,12310,39,FLANGE_SLIP_ON,40.0,300,ASTM A182 F304,FF,ASME B16.5
IOCL-MM-0001374,IOCL,FLG WN 1IN CL600 A350-LF2 RF,CAN-000059,DEPOT-IOCL-PRD,"Paradip Refinery, Odisha",0,10670,0,FLANGE_WELD_NECK,25.0,600,ASTM A350 LF2,RF,ASME B16.5
IOCL-MM-0001375,IOCL,FLG WN 1.5IN 1500LB SS304 RTJ,CAN-000118,DEPOT-IOCL-PRD,"Paradip Refinery, Odisha",23,61370,53,FLANGE_WELD_NECK,40.0,1500,ASTM A182 F304,RTJ,ASME B16.5
IOCL-MM-0001376,IOCL,VLV GT 1IN 900LB SS316 RF API600,CAN-001105,DEPOT-IOCL-KYL,"Koyali Refinery, Gujarat",14,241510,83,GATE_VALVE,25.0,900,ASTM A182 F316,RF,API 600
IOCL-MM-0001377,IOCL,FLG BLD 2IN 1500LB SS316 RF,CAN-000519,DEPOT-IOCL-MTH,"Mathura Refinery, Uttar Pradesh",136,89480,195,FLANGE_BLIND,50.0,1500,ASTM A182 F316,RF,ASME B16.5
IOCL-MM-0001378,IOCL,STUDBLT 10IN 900# L7/GR7 THRD ASMEB18.2.1,CAN-002188,DEPOT-IOCL-GWT,"Guwahati Refinery, Assam",140,46840,283,STUD_BOLT,250.0,900,ASTM A320 L7 / A194 7,THRD,ASME B18.2.1
IOCL-MM-0001379,IOCL,FLG SO 3IN 150# SS316 RF,CAN-000825,DEPOT-IOCL-KYL,"Koyali Refinery, Gujarat",0,23220,0,FLANGE_SLIP_ON,80.0,150,ASTM A182 F316,RF,ASME B16.5
IOCL-MM-0001380,IOCL,FLG WN 1IN 600# SS316 RF ASMEB16.5,CAN-000063,DEPOT-IOCL-PRD,"Paradip Refinery, Odisha",128,21340,542,FLANGE_WELD_NECK,25.0,600,ASTM A182 F316,RF,ASME B16.5
IOCL-MM-0001381,IOCL,GSKT SPWD 3IN 900# SS304/GRAF RF,CAN-002048,DEPOT-IOCL-PRD,"Paradip Refinery, Odisha",0,29670,0,SPIRAL_WOUND_GASKET,80.0,900,SS304 / GRAPHITE,RF,ASME B16.20
IOCL-MM-0001382,IOCL,VLV GLB 1.5IN 300LB A105 RF BS1873,CAN-001847,DEPOT-IOCL-GWT,"Guwahati Refinery, Assam",44,76980,23,GLOBE_VALVE,40.0,300,ASTM A105,RF,BS 1873
IOCL-MM-0001383,IOCL,VLV GT 8IN CL150 SS316 RF API6D,CAN-001430,DEPOT-IOCL-GWT,"Guwahati Refinery, Assam",124,859880,640,GATE_VALVE,200.0,150,ASTM A182 F316,RF,API 6D
IOCL-MM-0001384,IOCL,VLV BL 8IN CL150 WCB BW,CAN-001742,DEPOT-IOCL-GWT,"Guwahati Refinery, Assam",54,328420,367,BALL_VALVE,200.0,150,ASTM A216 WCB,BW,API 6D
IOCL-MM-0001385,IOCL,FLG WN 8IN CL600 SS316 RF,CAN-000303,DEPOT-IOCL-PRD,"Paradip Refinery, Odisha",0,318590,0,FLANGE_WELD_NECK,200.0,600,ASTM A182 F316,RF,ASME B16.5
IOCL-MM-0001386,IOCL,FLG BLD 8IN 900# A350-LF2 RTJ ASMEB16.5,CAN-000632,DEPOT-IOCL-KYL,"Koyali Refinery, Gujarat",33,180270,32,FLANGE_BLIND,200.0,900,ASTM A350 LF2,RTJ,ASME B16.5
IOCL-MM-0001387,IOCL,VLV GLB 1IN CL300 WCB RF,CAN-001826,DEPOT-IOCL-GWT,"Guwahati Refinery, Assam",44,41780,417,GLOBE_VALVE,25.0,300,ASTM A216 WCB,RF,ASME B16.34
IOCL-MM-0001388,IOCL,VLV GT 10IN 1500LB WCB BW,CAN-001532,DEPOT-IOCL-PNP,"Panipat Refinery, Haryana",38,2266060,84,GATE_VALVE,250.0,1500,ASTM A216 WCB,BW,API 6D
IOCL-MM-0001389,IOCL,FLG WN 8IN CL900 A105 RTJ,CAN-000306,DEPOT-IOCL-GWT,"Guwahati Refinery, Assam",16,137700,28,FLANGE_WELD_NECK,200.0,900,ASTM A105,RTJ,ASME B16.5
IOCL-MM-0001390,IOCL,VLV GT 12IN 300# WCB RF,CAN-001553,DEPOT-IOCL-MTH,"Mathura Refinery, Uttar Pradesh",22,792550,83,GATE_VALVE,300.0,300,ASTM A216 WCB,RF,API 600
IOCL-MM-0001391,IOCL,FLG SO 12IN CL600 SS316 RF ASMEB16.5,CAN-000987,DEPOT-IOCL-GWT,"Guwahati Refinery, Assam",12,392510,46,FLANGE_SLIP_ON,300.0,600,ASTM A182 F316,RF,ASME B16.5
IOCL-MM-0001392,IOCL,FLG WN RTJ 1/2IN 300LB A350-LF2 ASMEB16.5,CAN-000012,DEPOT-IOCL-MTH,"Mathura Refinery, Uttar Pradesh",21,3150,87,FLANGE_WELD_NECK,15.0,300,ASTM A350 LF2,RTJ,ASME B16.5
IOCL-MM-0001393,IOCL,FLG WN 3IN 300# SS316 RF,CAN-000175,DEPOT-IOCL-MTH,"Mathura Refinery, Uttar Pradesh",0,55600,0,FLANGE_WELD_NECK,80.0,300,ASTM A182 F316,RF,ASME B16.5
IOCL-MM-0001394,IOCL,FLG BLD 4IN CL600 A105 RTJ,CAN-000564,DEPOT-IOCL-PNP,"Panipat Refinery, Haryana",7,33080,79,FLANGE_BLIND,100.0,600,ASTM A105,RTJ,ASME B16.5
IOCL-MM-0001395,IOCL,VLV GLB 1IN CL1500 WCB RF,CAN-001837,DEPOT-IOCL-PNP,"Panipat Refinery, Haryana",6,151420,57,GLOBE_VALVE,25.0,1500,ASTM A216 WCB,RF,BS 1873
IOCL-MM-0001396,IOCL,VLV GT 2IN 600# WCB BW API6D,CAN-001208,DEPOT-IOCL-PRD,"Paradip Refinery, Odisha",33,134350,76,GATE_VALVE,50.0,600,ASTM A216 WCB,BW,API 6D
IOCL-MM-0001397,IOCL,VLV GT 12IN 1500# SS316 BW,CAN-001600,DEPOT-IOCL-GWT,"Guwahati Refinery, Assam",50,9190900,635,GATE_VALVE,300.0,1500,ASTM A182 F316,BW,API 6D
IOCL-MM-0001398,IOCL,VLV GT 1.5IN 900LB A105 RF,CAN-001162,DEPOT-IOCL-PNP,"Panipat Refinery, Haryana",91,139040,299,GATE_VALVE,40.0,900,ASTM A105,RF,API 6D
IOCL-MM-0001399,IOCL,FLG WN 6IN 150LB SS304 RF,CAN-000245,DEPOT-IOCL-MTH,"Mathura Refinery, Uttar Pradesh",103,54220,340,FLANGE_WELD_NECK,150.0,150,ASTM A182 F304,RF,ASME B16.5
IOCL-MM-0001400,IOCL,FLG BLD RTJ 8IN CL900 SS316,CAN-000634,DEPOT-IOCL-PRD,"Paradip Refinery, Odisha",9,360540,100,FLANGE_BLIND,200.0,900,ASTM A182 F316,RTJ,ASME B16.5
IOCL-MM-0001401,IOCL,FLG BLD 10IN CL900 SS316 RF ASMEB16.5,CAN-000663,DEPOT-IOCL-PNP,"Panipat Refinery, Haryana",50,481880,111,FLANGE_BLIND,250.0,900,ASTM A182 F316,RF,ASME B16.5
IOCL-MM-0001402,IOCL,FLG WN RTJ 1.5IN CL900 A105,CAN-000106,DEPOT-IOCL-PNP,"Panipat Refinery, Haryana",22,16990,431,FLANGE_WELD_NECK,40.0,900,ASTM A105,RTJ,ASME B16.5
IOCL-MM-0001403,IOCL,FLG SO 8IN 600# A105 FF,CAN-000924,DEPOT-IOCL-MTH,"Mathura Refinery, Uttar Pradesh",21,72400,70,FLANGE_SLIP_ON,200.0,600,ASTM A105,FF,ASME B16.5
IOCL-MM-0001404,IOCL,VLV BL 8IN 300# SS316 RF,CAN-001747,DEPOT-IOCL-MTH,"Mathura Refinery, Uttar Pradesh",92,1829840,314,BALL_VALVE,200.0,300,ASTM A182 F316,RF,API 6D
IOCL-MM-0001405,IOCL,VLV GT 1/2IN 150# A105 RF,CAN-001006,DEPOT-IOCL-PNP,"Panipat Refinery, Haryana",74,9260,183,GATE_VALVE,15.0,150,ASTM A105,RF,API 6D
IOCL-MM-0001406,IOCL,FLG WN RTJ 6IN 150LB A350-LF2,CAN-000244,DEPOT-IOCL-MTH,"Mathura Refinery, Uttar Pradesh",29,36150,608,FLANGE_WELD_NECK,150.0,150,ASTM A350 LF2,RTJ,ASME B16.5
IOCL-MM-0001407,IOCL,VLV GLB 12IN CL600 A105 RF ASMEB16.34,CAN-001992,DEPOT-IOCL-KYL,"Koyali Refinery, Gujarat",20,1839900,91,GLOBE_VALVE,300.0,600,ASTM A105,RF,ASME B16.34
IOCL-MM-0001408,IOCL,VLV GT 4IN 300LB WCB RF,CAN-001313,DEPOT-IOCL-MTH,"Mathura Refinery, Uttar Pradesh",79,190000,479,GATE_VALVE,100.0,300,ASTM A216 WCB,RF,API 600
IOCL-MM-0001409,IOCL,FLG WNRF 1/2IN CL1500 SS304,CAN-000037,DEPOT-IOCL-KYL,"Koyali Refinery, Gujarat",39,17140,71,FLANGE_WELD_NECK,15.0,1500,ASTM A182 F304,RF,ASME B16.5
IOCL-MM-0001410,IOCL,VLV GT 1.5IN 300LB WCB RF API6D,CAN-001134,DEPOT-IOCL-PNP,"Panipat Refinery, Haryana",93,57730,609,GATE_VALVE,40.0,300,ASTM A216 WCB,RF,API 6D
IOCL-MM-0001411,IOCL,FLG BLD 3IN 600LB A105 RF ASMEB16.5,CAN-000533,DEPOT-IOCL-KYL,"Koyali Refinery, Gujarat",0,24750,0,FLANGE_BLIND,80.0,600,ASTM A105,RF,ASME B16.5
IOCL-MM-0001412,IOCL,FLG WN 8IN 1500LB A350-LF2 RTJ,CAN-000316,DEPOT-IOCL-GWT,"Guwahati Refinery, Assam",50,331550,26,FLANGE_WELD_NECK,200.0,1500,ASTM A350 LF2,RTJ,ASME B16.5
IOCL-MM-0001413,IOCL,FLG SO 10IN 150LB SS316 RF,CAN-000945,DEPOT-IOCL-KYL,"Koyali Refinery, Gujarat",48,102150,40,FLANGE_SLIP_ON,250.0,150,ASTM A182 F316,RF,ASME B16.5
IOCL-MM-0001414,IOCL,VLV GT 4IN 1500# A105 RF API600,CAN-001353,DEPOT-IOCL-PRD,"Paradip Refinery, Odisha",0,688570,0,GATE_VALVE,100.0,1500,ASTM A105,RF,API 600
IOCL-MM-0001415,IOCL,FLG BLD RTJ 3IN 300LB A350-LF2,CAN-000530,DEPOT-IOCL-GWT,"Guwahati Refinery, Assam",31,22740,60,FLANGE_BLIND,80.0,300,ASTM A350 LF2,RTJ,ASME B16.5
IOCL-MM-0001416,IOCL,FLG SO 8IN 300LB A105 RF,CAN-000917,DEPOT-IOCL-GWT,"Guwahati Refinery, Assam",88,41580,677,FLANGE_SLIP_ON,200.0,300,ASTM A105,RF,ASME B16.5
IOCL-MM-0001417,IOCL,VLV GT 8IN CL900 A105 RF API6D,CAN-001462,DEPOT-IOCL-PNP,"Panipat Refinery, Haryana",31,1126700,38,GATE_VALVE,200.0,900,ASTM A105,RF,API 6D
IOCL-MM-0001418,IOCL,FLG WN 3IN CL900 SS304 RF,CAN-000189,DEPOT-IOCL-PNP,"Panipat Refinery, Haryana",104,100420,312,FLANGE_WELD_NECK,80.0,900,ASTM A182 F304,RF,ASME B16.5
IOCL-MM-0001419,IOCL,STUDBLT 3IN CL600 B7/2H THRD,CAN-002145,DEPOT-IOCL-PNP,"Panipat Refinery, Haryana",43,4810,521,STUD_BOLT,80.0,600,ASTM A193 B7 / A194 2H,THRD,ASME B18.2.1
IOCL-MM-0001420,IOCL,FLG WN 2IN 900LB SS304 RF,CAN-000149,DEPOT-IOCL-PNP,"Panipat Refinery, Haryana",28,54510,78,FLANGE_WELD_NECK,50.0,900,ASTM A182 F304,RF,ASME B16.5
IOCL-MM-0001421,IOCL,VLV GT 1.5IN 900# WCB RF,CAN-001158,DEPOT-IOCL-PRD,"Paradip Refinery, Odisha",50,139040,39,GATE_VALVE,40.0,900,ASTM A216 WCB,RF,API 6D
IOCL-MM-0001422,IOCL,VLV GT 1IN 1500LB SS316 RF,CAN-001117,DEPOT-IOCL-GWT,"Guwahati Refinery, Assam",18,363430,80,GATE_VALVE,25.0,1500,ASTM A182 F316,RF,API 600
IOCL-MM-0001423,IOCL,STUDBLT 8IN CL600 B7/2H THRD ASMEB18.2.1,CAN-002175,DEPOT-IOCL-PNP,"Panipat Refinery, Haryana",0,15830,0,STUD_BOLT,200.0,600,ASTM A193 B7 / A194 2H,THRD,ASME B18.2.1
IOCL-MM-0001424,IOCL,VLV GT 2IN 900# WCB BW,CAN-001220,DEPOT-IOCL-PRD,"Paradip Refinery, Odisha",0,185830,0,GATE_VALVE,50.0,900,ASTM A216 WCB,BW,API 6D
IOCL-MM-0001425,IOCL,FLG SO 4IN 300LB SS304 RF,CAN-000859,DEPOT-IOCL-PNP,"Panipat Refinery, Haryana",0,40530,0,FLANGE_SLIP_ON,100.0,300,ASTM A182 F304,RF,ASME B16.5
IOCL-MM-0001426,IOCL,VLV GT 1/2IN 600LB SS316 BW API600,CAN-001035,DEPOT-IOCL-MTH,"Mathura Refinery, Uttar Pradesh",0,89880,0,GATE_VALVE,15.0,600,ASTM A182 F316,BW,API 600
IOCL-MM-0001427,IOCL,VLV GT 6IN CL900 WCB BW API600,CAN-001399,DEPOT-IOCL-KYL,"Koyali Refinery, Gujarat",13,775150,114,GATE_VALVE,150.0,900,ASTM A216 WCB,BW,API 600
IOCL-MM-0001428,IOCL,STUDBLT 4IN CL1500 B7/2H THRD,CAN-002159,DEPOT-IOCL-PNP,"Panipat Refinery, Haryana",0,13380,0,STUD_BOLT,100.0,1500,ASTM A193 B7 / A194 2H,THRD,ASME B18.2.1
IOCL-MM-0001429,IOCL,FLG BLD 4IN CL300 A350-LF2 RF,CAN-000559,DEPOT-IOCL-KYL,"Koyali Refinery, Gujarat",0,30400,0,FLANGE_BLIND,100.0,300,ASTM A350 LF2,RF,ASME B16.5
IOCL-MM-0001430,IOCL,FLG WN 1/2IN CL1500 A350-LF2 RTJ,CAN-000036,DEPOT-IOCL-MTH,"Mathura Refinery, Uttar Pradesh",0,11430,0,FLANGE_WELD_NECK,15.0,1500,ASTM A350 LF2,RTJ,ASME B16.5
IOCL-MM-0001431,IOCL,VLV BL 6IN CL900 SS316 RF,CAN-001735,DEPOT-IOCL-MTH,"Mathura Refinery, Uttar Pradesh",99,3031720,511,BALL_VALVE,150.0,900,ASTM A182 F316,RF,API 6D
IOCL-MM-0001432,IOCL,FLG SO 1IN 1500LB SS316 RF,CAN-000759,DEPOT-IOCL-PNP,"Panipat Refinery, Haryana",34,32300,35,FLANGE_SLIP_ON,25.0,1500,ASTM A182 F316,RF,ASME B16.5
IOCL-MM-0001433,IOCL,VLV BL 1/2IN 900# WCB RF API6D,CAN-001613,DEPOT-IOCL-PRD,"Paradip Refinery, Odisha",23,47480,64,BALL_VALVE,15.0,900,ASTM A216 WCB,RF,API 6D
IOCL-MM-0001434,IOCL,VLV GT 6IN 300# SS316 BW API600,CAN-001383,DEPOT-IOCL-KYL,"Koyali Refinery, Gujarat",35,1030010,46,GATE_VALVE,150.0,300,ASTM A182 F316,BW,API 600
IOCL-MM-0001435,IOCL,VLV BL 3IN CL1500 WCB BW,CAN-001698,DEPOT-IOCL-MTH,"Mathura Refinery, Uttar Pradesh",36,629670,103,BALL_VALVE,80.0,1500,ASTM A216 WCB,BW,API 6D
IOCL-MM-0001436,IOCL,VLV BL 1/2IN 1500LB WCB BW,CAN-001618,DEPOT-IOCL-PRD,"Paradip Refinery, Odisha",135,71450,409,BALL_VALVE,15.0,1500,ASTM A216 WCB,BW,API 6D
IOCL-MM-0001437,IOCL,FLG SO 1IN CL150 A105 FF,CAN-000732,DEPOT-IOCL-KYL,"Koyali Refinery, Gujarat",134,1600,558,FLANGE_SLIP_ON,25.0,150,ASTM A105,FF,ASME B16.5
IOCL-MM-0001438,IOCL,FLG WN 1.5IN 600LB A105 RTJ,CAN-000098,DEPOT-IOCL-GWT,"Guwahati Refinery, Assam",0,12280,0,FLANGE_WELD_NECK,40.0,600,ASTM A105,RTJ,ASME B16.5
IOCL-MM-0001439,IOCL,VLV GT 2IN CL300 SS316 RF,CAN-001202,DEPOT-IOCL-PNP,"Panipat Refinery, Haryana",18,246930,120,GATE_VALVE,50.0,300,ASTM A182 F316,RF,API 6D
IOCL-MM-0001440,IOCL,VLV BL 12IN 600LB WCB BW,CAN-001790,DEPOT-IOCL-PNP,"Panipat Refinery, Haryana",0,1686570,0,BALL_VALVE,300.0,600,ASTM A216 WCB,BW,API 6D
IOCL-MM-0001441,IOCL,FLG WN 12IN CL900 A105 RTJ,CAN-000386,DEPOT-IOCL-PRD,"Paradip Refinery, Odisha",35,233280,685,FLANGE_WELD_NECK,300.0,900,ASTM A105,RTJ,ASME B16.5
IOCL-MM-0001442,IOCL,VLV BL 4IN 900LB SS316 RF,CAN-001715,DEPOT-IOCL-GWT,"Guwahati Refinery, Assam",29,1789660,509,BALL_VALVE,100.0,900,ASTM A182 F316,RF,API 6D
IOCL-MM-0001443,IOCL,VLV GT 1/2IN CL300 SS316 BW,CAN-001023,DEPOT-IOCL-KYL,"Koyali Refinery, Gujarat",88,51620,394,GATE_VALVE,15.0,300,ASTM A182 F316,BW,API 600
IOCL-MM-0001444,IOCL,VLV GT 10IN CL1500 WCB RF,CAN-001530,DEPOT-IOCL-PRD,"Paradip Refinery, Odisha",46,2266060,40,GATE_VALVE,250.0,1500,ASTM A216 WCB,RF,API 6D
IOCL-MM-0001445,IOCL,VLV GT 6IN 600LB A105 RF,CAN-001390,DEPOT-IOCL-KYL,"Koyali Refinery, Gujarat",10,560420,23,GATE_VALVE,150.0,600,ASTM A105,RF,API 6D
IOCL-MM-0001446,IOCL,VLV BL 12IN 300LB WCB BW,CAN-001786,DEPOT-IOCL-KYL,"Koyali Refinery, Gujarat",0,968680,0,BALL_VALVE,300.0,300,ASTM A216 WCB,BW,API 6D
IOCL-MM-0001447,IOCL,FLG WNRF 2IN 600# A350-LF2,CAN-000139,DEPOT-IOCL-MTH,"Mathura Refinery, Uttar Pradesh",0,26270,0,FLANGE_WELD_NECK,50.0,600,ASTM A350 LF2,RF,ASME B16.5
IOCL-MM-0001448,IOCL,VLV BL 4IN 300# SS316 BW API6D,CAN-001708,DEPOT-IOCL-KYL,"Koyali Refinery, Gujarat",45,743140,112,BALL_VALVE,100.0,300,ASTM A182 F316,BW,API 6D
IOCL-MM-0001449,IOCL,VLV GT 1/2IN CL150 A105 BW,CAN-001007,DEPOT-IOCL-PRD,"Paradip Refinery, Odisha",5,9260,47,GATE_VALVE,15.0,150,ASTM A105,BW,API 600
IOCL-MM-0001450,IOCL,FLG BLD RTJ 10IN 150# SS316 ASMEB16.5,CAN-000646,DEPOT-IOCL-GWT,"Guwahati Refinery, Assam",44,114920,57,FLANGE_BLIND,250.0,150,ASTM A182 F316,RTJ,ASME B16.5
IOCL-MM-0001451,IOCL,FLG WN 1.5IN CL600 A105 RF ASMEB16.5,CAN-000097,DEPOT-IOCL-PRD,"Paradip Refinery, Odisha",44,12280,101,FLANGE_WELD_NECK,40.0,600,ASTM A105,RF,ASME B16.5
IOCL-MM-0001452,IOCL,FLG BLD 1IN 300LB A350-LF2 RF,CAN-000439,DEPOT-IOCL-GWT,"Guwahati Refinery, Assam",18,5010,52,FLANGE_BLIND,25.0,300,ASTM A350 LF2,RF,ASME B16.5
IOCL-MM-0001453,IOCL,FLG WN 1.5IN CL300 SS304 RF,CAN-000093,DEPOT-IOCL-MTH,"Mathura Refinery, Uttar Pradesh",0,16930,0,FLANGE_WELD_NECK,40.0,300,ASTM A182 F304,RF,ASME B16.5
IOCL-MM-0001454,IOCL,GSKT SPWD 4IN CL300 SS304/GRAF RF,CAN-002054,DEPOT-IOCL-PNP,"Panipat Refinery, Haryana",16,16460,29,SPIRAL_WOUND_GASKET,100.0,300,SS304 / GRAPHITE,RF,ASME B16.20
IOCL-MM-0001455,IOCL,VLV GT 1.5IN 300LB WCB RF API6D,CAN-001134,DEPOT-IOCL-PNP,"Panipat Refinery, Haryana",17,57730,35,GATE_VALVE,40.0,300,ASTM A216 WCB,RF,API 6D
IOCL-MM-0001456,IOCL,STUDBLT 8IN CL900 B7/2H THRD ASMEB18.2.1,CAN-002177,DEPOT-IOCL-KYL,"Koyali Refinery, Gujarat",8,21900,89,STUD_BOLT,200.0,900,ASTM A193 B7 / A194 2H,THRD,ASME B18.2.1
IOCL-MM-0001457,IOCL,VLV GT 2IN 300LB WCB BW,CAN-001195,DEPOT-IOCL-PNP,"Panipat Refinery, Haryana",40,77160,38,GATE_VALVE,50.0,300,ASTM A216 WCB,BW,API 600
IOCL-MM-0001458,IOCL,FLG BLD 4IN 300LB A105 RTJ,CAN-000558,DEPOT-IOCL-GWT,"Guwahati Refinery, Assam",32,19000,84,FLANGE_BLIND,100.0,300,ASTM A105,RTJ,ASME B16.5
IOCL-MM-0001459,IOCL,VLV BL 1.5IN CL1500 WCB BW API6D,CAN-001658,DEPOT-IOCL-PRD,"Paradip Refinery, Odisha",85,255720,734,BALL_VALVE,40.0,1500,ASTM A216 WCB,BW,API 6D
IOCL-MM-0001460,IOCL,FLG BLD 1/2IN CL900 A350-LF2 RF,CAN-000421,DEPOT-IOCL-PNP,"Panipat Refinery, Haryana",11,6210,103,FLANGE_BLIND,15.0,900,ASTM A350 LF2,RF,ASME B16.5
IOCL-MM-0001461,IOCL,FLG SO 1.5IN 1500# A105 FF ASMEB16.5,CAN-000786,DEPOT-IOCL-GWT,"Guwahati Refinery, Assam",13,18590,112,FLANGE_SLIP_ON,40.0,1500,ASTM A105,FF,ASME B16.5
IOCL-MM-0001462,IOCL,VLV BL 4IN CL1500 WCB BW,CAN-001718,DEPOT-IOCL-KYL,"Koyali Refinery, Gujarat",42,841590,87,BALL_VALVE,100.0,1500,ASTM A216 WCB,BW,API 6D
IOCL-MM-0001463,IOCL,VLV GLB 4IN 300LB WCB RF,CAN-001905,DEPOT-IOCL-PRD,"Paradip Refinery, Odisha",35,253340,36,GLOBE_VALVE,100.0,300,ASTM A216 WCB,RF,BS 1873
IOCL-MM-0001464,IOCL,FLG SO 1IN 150# A105 RF ASMEB16.5,CAN-000731,DEPOT-IOCL-MTH,"Mathura Refinery, Uttar Pradesh",43,1600,330,FLANGE_SLIP_ON,25.0,150,ASTM A105,RF,ASME B16.5
IOCL-MM-0001465,IOCL,FLG WN RTJ 6IN 1500# A105,CAN-000274,DEPOT-IOCL-GWT,"Guwahati Refinery, Assam",0,142560,0,FLANGE_WELD_NECK,150.0,1500,ASTM A105,RTJ,ASME B16.5
IOCL-MM-0001466,IOCL,FLG SO 2IN 900# A105 FF ASMEB16.5,CAN-000810,DEPOT-IOCL-KYL,"Koyali Refinery, Gujarat",35,16510,51,FLANGE_SLIP_ON,50.0,900,ASTM A105,FF,ASME B16.5
IOCL-MM-0001467,IOCL,VLV GLB 8IN 1500LB WCB RF,CAN-001957,DEPOT-IOCL-PNP,"Panipat Refinery, Haryana",0,2260620,0,GLOBE_VALVE,200.0,1500,ASTM A216 WCB,RF,BS 1873
IOCL-MM-0001468,IOCL,VLV BL 1IN 900LB SS316 BW API6D,CAN-001636,DEPOT-IOCL-KYL,"Koyali Refinery, Gujarat",110,295180,499,BALL_VALVE,25.0,900,ASTM A182 F316,BW,API 6D
IOCL-MM-0001469,IOCL,VLV GLB 10IN CL600 WCB RF BS1873,CAN-001969,DEPOT-IOCL-PNP,"Panipat Refinery, Haryana",74,1451640,350,GLOBE_VALVE,250.0,600,ASTM A216 WCB,RF,BS 1873
IOCL-MM-0001470,IOCL,FLG SO 4IN CL150 A105 RF,CAN-000851,DEPOT-IOCL-MTH,"Mathura Refinery, Uttar Pradesh",133,9700,681,FLANGE_SLIP_ON,100.0,150,ASTM A105,RF,ASME B16.5
IOCL-MM-0001471,IOCL,STUDBLT 3IN CL300 B7/2H THRD,CAN-002143,DEPOT-IOCL-PNP,"Panipat Refinery, Haryana",32,2760,93,STUD_BOLT,80.0,300,ASTM A193 B7 / A194 2H,THRD,ASME B18.2.1
IOCL-MM-0001472,IOCL,VLV GT 1IN 600LB A105 BW API6D,CAN-001092,DEPOT-IOCL-GWT,"Guwahati Refinery, Assam",108,54560,614,GATE_VALVE,25.0,600,ASTM A105,BW,API 6D
IOCL-MM-0001473,IOCL,VLV GT 1IN 600# SS316 BW,CAN-001095,DEPOT-IOCL-MTH,"Mathura Refinery, Uttar Pradesh",16,174610,105,GATE_VALVE,25.0,600,ASTM A182 F316,BW,API 600
IOCL-MM-0001474,IOCL,GSKT SPWD 2IN 300# SS304/GRAF RF ASMEB16.20,CAN-002034,DEPOT-IOCL-GWT,"Guwahati Refinery, Assam",5,6680,85,SPIRAL_WOUND_GASKET,50.0,300,SS304 / GRAPHITE,RF,ASME B16.20
IOCL-MM-0001475,IOCL,VLV GT 1.5IN 300LB SS316 BW API600,CAN-001143,DEPOT-IOCL-GWT,"Guwahati Refinery, Assam",148,184750,193,GATE_VALVE,40.0,300,ASTM A182 F316,BW,API 600
IOCL-MM-0001476,IOCL,VLV BL 10IN CL150 SS316 RF API6D,CAN-001763,DEPOT-IOCL-GWT,"Guwahati Refinery, Assam",30,1404660,15,BALL_VALVE,250.0,150,ASTM A182 F316,RF,API 6D
IOCL-MM-0001477,IOCL,VLV GT 12IN CL1500 SS316 BW,CAN-001600,DEPOT-IOCL-GWT,"Guwahati Refinery, Assam",41,9190900,115,GATE_VALVE,300.0,1500,ASTM A182 F316,BW,API 6D
IOCL-MM-0001478,IOCL,FLG WN 3IN 300# SS304 RTJ,CAN-000174,DEPOT-IOCL-PRD,"Paradip Refinery, Odisha",36,41700,32,FLANGE_WELD_NECK,80.0,300,ASTM A182 F304,RTJ,ASME B16.5
IOCL-MM-0001479,IOCL,VLV GT 4IN 600LB WCB RF,CAN-001326,DEPOT-IOCL-PRD,"Paradip Refinery, Odisha",29,330820,558,GATE_VALVE,100.0,600,ASTM A216 WCB,RF,API 6D
IOCL-MM-0001480,IOCL,VLV GLB 1/2IN 600# WCB RF,CAN-001810,DEPOT-IOCL-MTH,"Mathura Refinery, Uttar Pradesh",65,37450,314,GLOBE_VALVE,15.0,600,ASTM A216 WCB,RF,ASME B16.34
IOCL-MM-0001481,IOCL,VLV GT 2IN 300# SS316 RF,CAN-001201,DEPOT-IOCL-PNP,"Panipat Refinery, Haryana",0,246930,0,GATE_VALVE,50.0,300,ASTM A182 F316,RF,API 600
IOCL-MM-0001482,IOCL,FLG SO 1/2IN CL300 A105 RF,CAN-000707,DEPOT-IOCL-GWT,"Guwahati Refinery, Assam",0,1430,0,FLANGE_SLIP_ON,15.0,300,ASTM A105,RF,ASME B16.5
IOCL-MM-0001483,IOCL,FLG WNRF 3IN CL600 A105,CAN-000177,DEPOT-IOCL-PRD,"Paradip Refinery, Odisha",105,30250,504,FLANGE_WELD_NECK,80.0,600,ASTM A105,RF,ASME B16.5
IOCL-MM-0001484,IOCL,VLV GT 8IN CL600 SS316 BW API600,CAN-001455,DEPOT-IOCL-PRD,"Paradip Refinery, Odisha",113,2606670,708,GATE_VALVE,200.0,600,ASTM A182 F316,BW,API 600
IOCL-MM-0001485,IOCL,FLG BLD 12IN 150# SS316 RF,CAN-000675,DEPOT-IOCL-KYL,"Koyali Refinery, Gujarat",47,145660,95,FLANGE_BLIND,300.0,150,ASTM A182 F316,RF,ASME B16.5
IOCL-MM-0001486,IOCL,VLV GT 4IN 600# WCB RF API6D,CAN-001326,DEPOT-IOCL-PRD,"Paradip Refinery, Odisha",0,330820,0,GATE_VALVE,100.0,600,ASTM A216 WCB,RF,API 6D
IOCL-MM-0001487,IOCL,FLG SO 8IN 1500LB SS304 FF ASMEB16.5,CAN-000938,DEPOT-IOCL-KYL,"Koyali Refinery, Gujarat",0,361690,0,FLANGE_SLIP_ON,200.0,1500,ASTM A182 F304,FF,ASME B16.5
IOCL-MM-0001488,IOCL,VLV GT 10IN CL900 WCB RF API6D,CAN-001518,DEPOT-IOCL-PRD,"Paradip Refinery, Odisha",45,1505890,105,GATE_VALVE,250.0,900,ASTM A216 WCB,RF,API 6D
IOCL-MM-0001489,IOCL,FLG SO 1.5IN 600# A105 FF ASMEB16.5,CAN-000774,DEPOT-IOCL-PRD,"Paradip Refinery, Odisha",26,8930,69,FLANGE_SLIP_ON,40.0,600,ASTM A105,FF,ASME B16.5
IOCL-MM-0001490,IOCL,FLG WN 1.5IN CL300 SS304 RTJ ASMEB16.5,CAN-000094,DEPOT-IOCL-KYL,"Koyali Refinery, Gujarat",0,16930,0,FLANGE_WELD_NECK,40.0,300,ASTM A182 F304,RTJ,ASME B16.5
IOCL-MM-0001491,IOCL,VLV GLB 4IN 900# A105 RF BS1873,CAN-001915,DEPOT-IOCL-PNP,"Panipat Refinery, Haryana",0,610110,0,GLOBE_VALVE,100.0,900,ASTM A105,RF,BS 1873
IOCL-MM-0001492,IOCL,FLG SO 1.5IN CL600 SS304 FF,CAN-000776,DEPOT-IOCL-PNP,"Panipat Refinery, Haryana",22,21440,402,FLANGE_SLIP_ON,40.0,600,ASTM A182 F304,FF,ASME B16.5
IOCL-MM-0001493,IOCL,STUDBLT 12IN CL600 L7/GR7 THRD ASMEB18.2.1,CAN-002196,DEPOT-IOCL-PNP,"Panipat Refinery, Haryana",83,42930,495,STUD_BOLT,300.0,600,ASTM A320 L7 / A194 7,THRD,ASME B18.2.1
IOCL-MM-0001494,IOCL,FLG BLD 6IN CL1500 A105 RF,CAN-000605,DEPOT-IOCL-MTH,"Mathura Refinery, Uttar Pradesh",53,116640,497,FLANGE_BLIND,150.0,1500,ASTM A105,RF,ASME B16.5
IOCL-MM-0001495,IOCL,STUDBLT 4IN 900# B7/2H THRD ASMEB18.2.1,CAN-002157,DEPOT-IOCL-GWT,"Guwahati Refinery, Assam",0,8890,0,STUD_BOLT,100.0,900,ASTM A193 B7 / A194 2H,THRD,ASME B18.2.1
IOCL-MM-0001496,IOCL,GSKT SPWD 10IN 600# SS304/GRAF RF,CAN-002086,DEPOT-IOCL-KYL,"Koyali Refinery, Gujarat",0,94350,0,SPIRAL_WOUND_GASKET,250.0,600,SS304 / GRAPHITE,RF,ASME B16.20
IOCL-MM-0001497,IOCL,FLG WN RTJ 3IN 150# SS304 ASMEB16.5,CAN-000166,DEPOT-IOCL-GWT,"Guwahati Refinery, Assam",33,23950,43,FLANGE_WELD_NECK,80.0,150,ASTM A182 F304,RTJ,ASME B16.5
IOCL-MM-0001498,IOCL,VLV GT 6IN 900# A105 BW,CAN-001403,DEPOT-IOCL-PRD,"Paradip Refinery, Odisha",46,775150,76,GATE_VALVE,150.0,900,ASTM A105,BW,API 600
IOCL-MM-0001499,IOCL,FLG SO 2IN 300LB SS304 FF,CAN-000800,DEPOT-IOCL-MTH,"Mathura Refinery, Uttar Pradesh",0,16460,0,FLANGE_SLIP_ON,50.0,300,ASTM A182 F304,FF,ASME B16.5
IOCL-MM-0001500,IOCL,VLV BL 10IN CL150 SS316 RF API6D,CAN-001763,DEPOT-IOCL-PRD,"Paradip Refinery, Odisha",49,1404660,65,BALL_VALVE,250.0,150,ASTM A182 F316,RF,API 6D
IOCL-MM-0001501,IOCL,VLV GT 10IN 300LB WCB BW,CAN-001495,DEPOT-IOCL-GWT,"Guwahati Refinery, Assam",0,625310,0,GATE_VALVE,250.0,300,ASTM A216 WCB,BW,API 600
IOCL-MM-0001502,IOCL,GSKT SPWD 12IN CL900 SS316/GRAF RF,CAN-002097,DEPOT-IOCL-PRD,"Paradip Refinery, Odisha",88,220550,272,SPIRAL_WOUND_GASKET,300.0,900,SS316 / GRAPHITE,RF,ASME B16.20
IOCL-MM-0001503,IOCL,FLG WN 8IN CL1500 A350-LF2 RF ASMEB16.5,CAN-000315,DEPOT-IOCL-KYL,"Koyali Refinery, Gujarat",12,331550,76,FLANGE_WELD_NECK,200.0,1500,ASTM A350 LF2,RF,ASME B16.5
IOCL-MM-0001504,IOCL,VLV GT 4IN CL900 WCB RF,CAN-001337,DEPOT-IOCL-KYL,"Koyali Refinery, Gujarat",0,457580,0,GATE_VALVE,100.0,900,ASTM A216 WCB,RF,API 600
IOCL-MM-0001505,IOCL,VLV BL 4IN CL1500 SS316 RF API6D,CAN-001719,DEPOT-IOCL-PRD,"Paradip Refinery, Odisha",42,2693080,14,BALL_VALVE,100.0,1500,ASTM A182 F316,RF,API 6D
IOCL-MM-0001506,IOCL,FLG WN 1IN 1500LB SS304 RF,CAN-000077,DEPOT-IOCL-PNP,"Panipat Refinery, Haryana",0,33310,0,FLANGE_WELD_NECK,25.0,1500,ASTM A182 F304,RF,ASME B16.5
IOCL-MM-0001507,IOCL,FLG WN RTJ 2IN 900LB A350-LF2,CAN-000148,DEPOT-IOCL-PNP,"Panipat Refinery, Haryana",0,36340,0,FLANGE_WELD_NECK,50.0,900,ASTM A350 LF2,RTJ,ASME B16.5
IOCL-MM-0001508,IOCL,VLV BL 4IN 900LB WCB RF API6D,CAN-001713,DEPOT-IOCL-KYL,"Koyali Refinery, Gujarat",6,559270,66,BALL_VALVE,100.0,900,ASTM A216 WCB,RF,API 6D
IOCL-MM-0001509,IOCL,FLG SO 2IN CL600 SS304 FF,CAN-000806,DEPOT-IOCL-PRD,"Paradip Refinery, Odisha",30,28660,70,FLANGE_SLIP_ON,50.0,600,ASTM A182 F304,FF,ASME B16.5
IOCL-MM-0001510,IOCL,FLG SO 3IN 900# SS316 RF ASMEB16.5,CAN-000843,DEPOT-IOCL-GWT,"Guwahati Refinery, Assam",35,97380,96,FLANGE_SLIP_ON,80.0,900,ASTM A182 F316,RF,ASME B16.5
IOCL-MM-0001511,IOCL,VLV GT 3IN 150LB A105 BW API6D,CAN-001248,DEPOT-IOCL-MTH,"Mathura Refinery, Uttar Pradesh",149,81650,290,GATE_VALVE,80.0,150,ASTM A105,BW,API 6D
IOCL-MM-0001512,IOCL,VLV GT 4IN 600LB A105 BW,CAN-001332,DEPOT-IOCL-GWT,"Guwahati Refinery, Assam",122,330820,209,GATE_VALVE,100.0,600,ASTM A105,BW,API 6D
IOCL-MM-0001513,IOCL,VLV GT 10IN 300# WCB RF,CAN-001494,DEPOT-IOCL-GWT,"Guwahati Refinery, Assam",70,625310,322,GATE_VALVE,250.0,300,ASTM A216 WCB,RF,API 6D
IOCL-MM-0001514,IOCL,GSKT SPWD 10IN 900# SS304/GRAF RF,CAN-002088,DEPOT-IOCL-PNP,"Panipat Refinery, Haryana",99,130510,324,SPIRAL_WOUND_GASKET,250.0,900,SS304 / GRAPHITE,RF,ASME B16.20
IOCL-MM-0001515,IOCL,FLG SO 2IN 1500LB SS316 RF,CAN-000819,DEPOT-IOCL-MTH,"Mathura Refinery, Uttar Pradesh",47,79540,28,FLANGE_SLIP_ON,50.0,1500,ASTM A182 F316,RF,ASME B16.5
IOCL-MM-0001516,IOCL,VLV BL 2IN 1500# SS316 RF,CAN-001679,DEPOT-IOCL-GWT,"Guwahati Refinery, Assam",16,1093730,40,BALL_VALVE,50.0,1500,ASTM A182 F316,RF,API 6D
IOCL-MM-0001517,IOCL,VLV GT 3IN 300# SS316 BW,CAN-001263,DEPOT-IOCL-MTH,"Mathura Refinery, Uttar Pradesh",0,454920,0,GATE_VALVE,80.0,300,ASTM A182 F316,BW,API 600
IOCL-MM-0001518,IOCL,VLV GT 1.5IN CL900 SS316 RF,CAN-001165,DEPOT-IOCL-GWT,"Guwahati Refinery, Assam",0,444930,0,GATE_VALVE,40.0,900,ASTM A182 F316,RF,API 600
IOCL-MM-0001519,IOCL,FLG SO 4IN 1500# A105 FF ASMEB16.5,CAN-000876,DEPOT-IOCL-KYL,"Koyali Refinery, Gujarat",30,61200,99,FLANGE_SLIP_ON,100.0,1500,ASTM A105,FF,ASME B16.5
IOCL-MM-0001520,IOCL,VLV GT 8IN 150# SS316 RF,CAN-001430,DEPOT-IOCL-KYL,"Koyali Refinery, Gujarat",82,859880,278,GATE_VALVE,200.0,150,ASTM A182 F316,RF,API 6D
IOCL-MM-0001521,IOCL,FLG BLD RTJ 3IN 1500LB SS316,CAN-000550,DEPOT-IOCL-MTH,"Mathura Refinery, Uttar Pradesh",25,164860,46,FLANGE_BLIND,80.0,1500,ASTM A182 F316,RTJ,ASME B16.5
IOCL-MM-0001522,IOCL,FLG WN 6IN CL300 A105 RTJ,CAN-000250,DEPOT-IOCL-KYL,"Koyali Refinery, Gujarat",27,39340,72,FLANGE_WELD_NECK,150.0,300,ASTM A105,RTJ,ASME B16.5
IOCL-MM-0001523,IOCL,VLV BL 1/2IN CL1500 SS316 RF,CAN-001619,DEPOT-IOCL-PRD,"Paradip Refinery, Odisha",0,228640,0,BALL_VALVE,15.0,1500,ASTM A182 F316,RF,API 6D
IOCL-MM-0001524,IOCL,VLV GT 1IN CL900 WCB RF API6D,CAN-001098,DEPOT-IOCL-MTH,"Mathura Refinery, Uttar Pradesh",26,75470,74,GATE_VALVE,25.0,900,ASTM A216 WCB,RF,API 6D
IOCL-MM-0001525,IOCL,FLG SO 4IN 150# A105 FF,CAN-000852,DEPOT-IOCL-KYL,"Koyali Refinery, Gujarat",78,9700,321,FLANGE_SLIP_ON,100.0,150,ASTM A105,FF,ASME B16.5
IOCL-MM-0001526,IOCL,VLV GT 2IN 1500LB A105 BW API6D,CAN-001236,DEPOT-IOCL-MTH,"Mathura Refinery, Uttar Pradesh",10,279640,53,GATE_VALVE,50.0,1500,ASTM A105,BW,API 6D
IOCL-MM-0001527,IOCL,FLG BLD 4IN 1500LB A105 RTJ,CAN-000576,DEPOT-IOCL-GWT,"Guwahati Refinery, Assam",48,68850,115,FLANGE_BLIND,100.0,1500,ASTM A105,RTJ,ASME B16.5
IOCL-MM-0001528,IOCL,FLG BLD 4IN 900LB SS316 RF ASMEB16.5,CAN-000573,DEPOT-IOCL-KYL,"Koyali Refinery, Gujarat",0,146420,0,FLANGE_BLIND,100.0,900,ASTM A182 F316,RF,ASME B16.5
IOCL-MM-0001529,IOCL,FLG SO 12IN 300LB SS316 FF,CAN-000982,DEPOT-IOCL-PNP,"Panipat Refinery, Haryana",10,225430,54,FLANGE_SLIP_ON,300.0,300,ASTM A182 F316,FF,ASME B16.5
IOCL-MM-0001530,IOCL,STUDBLT 12IN CL300 B7/2H THRD,CAN-002193,DEPOT-IOCL-KYL,"Koyali Refinery, Gujarat",23,15410,344,STUD_BOLT,300.0,300,ASTM A193 B7 / A194 2H,THRD,ASME B18.2.1
IOCL-MM-0001531,IOCL,FLG BLD 8IN 900LB A105 RF ASMEB16.5,CAN-000629,DEPOT-IOCL-PRD,"Paradip Refinery, Odisha",34,112670,11,FLANGE_BLIND,200.0,900,ASTM A105,RF,ASME B16.5
IOCL-MM-0001532,IOCL,GSKT SPWD 1IN 900LB SS316/GRAF RF,CAN-002017,DEPOT-IOCL-KYL,"Koyali Refinery, Gujarat",8,8720,48,SPIRAL_WOUND_GASKET,25.0,900,SS316 / GRAPHITE,RF,ASME B16.20
IOCL-MM-0001533,IOCL,VLV GT 1IN 300LB SS316 RF API600,CAN-001081,DEPOT-IOCL-PNP,"Panipat Refinery, Haryana",33,100280,74,GATE_VALVE,25.0,300,ASTM A182 F316,RF,API 600
IOCL-MM-0001534,IOCL,FLG WN 6IN 900LB SS304 RTJ,CAN-000270,DEPOT-IOCL-PRD,"Paradip Refinery, Odisha",48,227370,363,FLANGE_WELD_NECK,150.0,900,ASTM A182 F304,RTJ,ASME B16.5
IOCL-MM-0001535,IOCL,VLV GLB 2IN 1500LB WCB RF,CAN-001877,DEPOT-IOCL-KYL,"Koyali Refinery, Gujarat",40,372860,333,GLOBE_VALVE,50.0,1500,ASTM A216 WCB,RF,BS 1873
IOCL-MM-0001536,IOCL,FLG SO 12IN 1500# A105 RF ASMEB16.5,CAN-000995,DEPOT-IOCL-PRD,"Paradip Refinery, Odisha",37,255300,114,FLANGE_SLIP_ON,300.0,1500,ASTM A105,RF,ASME B16.5
IOCL-MM-0001537,IOCL,VLV GLB 10IN CL1500 WCB RF,CAN-001978,DEPOT-IOCL-KYL,"Koyali Refinery, Gujarat",34,3021420,46,GLOBE_VALVE,250.0,1500,ASTM A216 WCB,RF,ASME B16.34
IOCL-MM-0001538,IOCL,FLG SO 12IN 300# SS304 FF ASMEB16.5,CAN-000980,DEPOT-IOCL-KYL,"Koyali Refinery, Gujarat",8,169070,86,FLANGE_SLIP_ON,300.0,300,ASTM A182 F304,FF,ASME B16.5
IOCL-MM-0001539,IOCL,FLG WN RTJ 3IN CL1500 A105,CAN-000194,DEPOT-IOCL-GWT,"Guwahati Refinery, Assam",26,62960,735,FLANGE_WELD_NECK,80.0,1500,ASTM A105,RTJ,ASME B16.5
IOCL-MM-0001540,IOCL,VLV GT 10IN 300LB SS316 RF API600,CAN-001501,DEPOT-IOCL-GWT,"Guwahati Refinery, Assam",33,2000990,51,GATE_VALVE,250.0,300,ASTM A182 F316,RF,API 600
IOCL-MM-0001541,IOCL,VLV GLB 2IN 150LB WCB RF,CAN-001861,DEPOT-IOCL-PRD,"Paradip Refinery, Odisha",0,59090,0,GLOBE_VALVE,50.0,150,ASTM A216 WCB,RF,BS 1873
IOCL-MM-0001542,IOCL,FLG SO 1/2IN CL150 SS304 FF ASMEB16.5,CAN-000704,DEPOT-IOCL-KYL,"Koyali Refinery, Gujarat",0,1970,0,FLANGE_SLIP_ON,15.0,150,ASTM A182 F304,FF,ASME B16.5
IOCL-MM-0001543,IOCL,FLG SO 1.5IN 150# SS316 RF,CAN-000765,DEPOT-IOCL-MTH,"Mathura Refinery, Uttar Pradesh",146,9430,621,FLANGE_SLIP_ON,40.0,150,ASTM A182 F316,RF,ASME B16.5
IOCL-MM-0001544,IOCL,FLG WNRF 2IN 600LB SS316,CAN-000143,DEPOT-IOCL-PRD,"Paradip Refinery, Odisha",0,52540,0,FLANGE_WELD_NECK,50.0,600,ASTM A182 F316,RF,ASME B16.5
IOCL-MM-0001545,IOCL,VLV GT 2IN CL300 WCB RF,CAN-001193,DEPOT-IOCL-PRD,"Paradip Refinery, Odisha",9,77160,51,GATE_VALVE,50.0,300,ASTM A216 WCB,RF,API 600
IOCL-MM-0001546,IOCL,VLV GLB 10IN 150LB WCB RF BS1873,CAN-001961,DEPOT-IOCL-PRD,"Paradip Refinery, Odisha",45,478860,571,GLOBE_VALVE,250.0,150,ASTM A216 WCB,RF,BS 1873
IOCL-MM-0001547,IOCL,VLV GLB 2IN CL900 WCB RF,CAN-001873,DEPOT-IOCL-PNP,"Panipat Refinery, Haryana",45,247780,105,GLOBE_VALVE,50.0,900,ASTM A216 WCB,RF,BS 1873
IOCL-MM-0001548,IOCL,VLV GT 12IN 600LB WCB RF,CAN-001566,DEPOT-IOCL-PNP,"Panipat Refinery, Haryana",0,1379920,0,GATE_VALVE,300.0,600,ASTM A216 WCB,RF,API 6D
IOCL-MM-0001549,IOCL,GSKT SPWD 3IN CL150 SS316/GRAF RF ASMEB16.20,CAN-002041,DEPOT-IOCL-PNP,"Panipat Refinery, Haryana",130,9430,299,SPIRAL_WOUND_GASKET,80.0,150,SS316 / GRAPHITE,RF,ASME B16.20
IOCL-MM-0001550,IOCL,VLV GT 6IN 900# A105 BW,CAN-001403,DEPOT-IOCL-GWT,"Guwahati Refinery, Assam",39,775150,119,GATE_VALVE,150.0,900,ASTM A105,BW,API 600
IOCL-MM-0001551,IOCL,VLV BL 8IN 300# SS316 RF,CAN-001747,DEPOT-IOCL-PNP,"Panipat Refinery, Haryana",35,1829840,37,BALL_VALVE,200.0,300,ASTM A182 F316,RF,API 6D
IOCL-MM-0001552,IOCL,VLV GT 1IN 1500LB SS316 BW API6D,CAN-001120,DEPOT-IOCL-MTH,"Mathura Refinery, Uttar Pradesh",47,363430,15,GATE_VALVE,25.0,1500,ASTM A182 F316,BW,API 6D
IOCL-MM-0001553,IOCL,FLG WNRF 6IN CL900 A350-LF2 ASMEB16.5,CAN-000267,DEPOT-IOCL-GWT,"Guwahati Refinery, Assam",31,151580,36,FLANGE_WELD_NECK,150.0,900,ASTM A350 LF2,RF,ASME B16.5
IOCL-MM-0001554,IOCL,FLG BLD 1IN 600# A105 RF,CAN-000443,DEPOT-IOCL-MTH,"Mathura Refinery, Uttar Pradesh",34,5450,86,FLANGE_BLIND,25.0,600,ASTM A105,RF,ASME B16.5
IOCL-MM-0001555,IOCL,FLG WN RTJ 8IN CL900 A105 ASMEB16.5,CAN-000306,DEPOT-IOCL-PNP,"Panipat Refinery, Haryana",76,137700,245,FLANGE_WELD_NECK,200.0,900,ASTM A105,RTJ,ASME B16.5
IOCL-MM-0001556,IOCL,VLV BL 6IN CL1500 SS316 RF API6D,CAN-001739,DEPOT-IOCL-PRD,"Paradip Refinery, Odisha",127,4562140,516,BALL_VALVE,150.0,1500,ASTM A182 F316,RF,API 6D
IOCL-MM-0001557,IOCL,FLG WN RTJ 1IN CL600 A105,CAN-000058,DEPOT-IOCL-PNP,"Panipat Refinery, Haryana",25,6660,54,FLANGE_WELD_NECK,25.0,600,ASTM A105,RTJ,ASME B16.5
IOCL-MM-0001558,IOCL,VLV GT 2IN 900LB WCB BW API600,CAN-001219,DEPOT-IOCL-KYL,"Koyali Refinery, Gujarat",0,185830,0,GATE_VALVE,50.0,900,ASTM A216 WCB,BW,API 600
IOCL-MM-0001559,IOCL,FLG SO 2IN CL900 SS304 FF ASMEB16.5,CAN-000812,DEPOT-IOCL-KYL,"Koyali Refinery, Gujarat",7,39640,94,FLANGE_SLIP_ON,50.0,900,ASTM A182 F304,FF,ASME B16.5
IOCL-MM-0001560,IOCL,VLV BL 10IN CL600 WCB RF,CAN-001769,DEPOT-IOCL-KYL,"Koyali Refinery, Gujarat",27,1330670,20,BALL_VALVE,250.0,600,ASTM A216 WCB,RF,API 6D
IOCL-MM-0001561,IOCL,VLV GT 2IN 600# SS316 RF,CAN-001214,DEPOT-IOCL-PRD,"Paradip Refinery, Odisha",23,429940,106,GATE_VALVE,50.0,600,ASTM A182 F316,RF,API 6D
IOCL-MM-0001562,IOCL,VLV GT 4IN 900LB SS316 BW,CAN-001347,DEPOT-IOCL-KYL,"Koyali Refinery, Gujarat",0,1464270,0,GATE_VALVE,100.0,900,ASTM A182 F316,BW,API 600
IOCL-MM-0001563,IOCL,FLG WN 3IN CL900 SS304 RTJ,CAN-000190,DEPOT-IOCL-PRD,"Paradip Refinery, Odisha",6,100420,106,FLANGE_WELD_NECK,80.0,900,ASTM A182 F304,RTJ,ASME B16.5
IOCL-MM-0001564,IOCL,FLG BLD 12IN 300LB SS316 RF,CAN-000681,DEPOT-IOCL-KYL,"Koyali Refinery, Gujarat",116,253610,730,FLANGE_BLIND,300.0,300,ASTM A182 F316,RF,ASME B16.5
IOCL-MM-0001565,IOCL,STUDBLT 12IN 1500# L7/GR7 THRD ASMEB18.2.1,CAN-002200,DEPOT-IOCL-PNP,"Panipat Refinery, Haryana",0,89350,0,STUD_BOLT,300.0,1500,ASTM A320 L7 / A194 7,THRD,ASME B18.2.1
IOCL-MM-0001566,IOCL,VLV GT 12IN 900# A105 RF API6D,CAN-001582,DEPOT-IOCL-PNP,"Panipat Refinery, Haryana",16,1908660,120,GATE_VALVE,300.0,900,ASTM A105,RF,API 6D
IOCL-MM-0001567,IOCL,VLV GT 1.5IN 900# WCB RF,CAN-001157,DEPOT-IOCL-KYL,"Koyali Refinery, Gujarat",27,139040,106,GATE_VALVE,40.0,900,ASTM A216 WCB,RF,API 600
IOCL-MM-0001568,IOCL,VLV BL 3IN 900# WCB RF,CAN-001693,DEPOT-IOCL-PRD,"Paradip Refinery, Odisha",28,418440,90,BALL_VALVE,80.0,900,ASTM A216 WCB,RF,API 6D
IOCL-MM-0001569,IOCL,VLV GLB 1/2IN 600# A105 RF,CAN-001812,DEPOT-IOCL-GWT,"Guwahati Refinery, Assam",39,37450,60,GLOBE_VALVE,15.0,600,ASTM A105,RF,ASME B16.34
IOCL-MM-0001570,IOCL,FLG WN 3IN 150# A350-LF2 RF,CAN-000163,DEPOT-IOCL-KYL,"Koyali Refinery, Gujarat",33,15960,30,FLANGE_WELD_NECK,80.0,150,ASTM A350 LF2,RF,ASME B16.5
IOCL-MM-0001571,IOCL,STUDBLT 2IN 1500# L7/GR7 THRD,CAN-002140,DEPOT-IOCL-PNP,"Panipat Refinery, Haryana",26,8700,107,STUD_BOLT,50.0,1500,ASTM A320 L7 / A194 7,THRD,ASME B18.2.1
IOCL-MM-0001572,IOCL,VLV GT 6IN 1500LB A105 RF,CAN-001414,DEPOT-IOCL-PNP,"Panipat Refinery, Haryana",46,1166450,63,GATE_VALVE,150.0,1500,ASTM A105,RF,API 6D
IOCL-MM-0001573,IOCL,FLG SO 12IN 900LB A105 FF,CAN-000990,DEPOT-IOCL-PNP,"Panipat Refinery, Haryana",13,169650,88,FLANGE_SLIP_ON,300.0,900,ASTM A105,FF,ASME B16.5
IOCL-MM-0001574,IOCL,VLV GT 10IN CL300 A105 RF,CAN-001497,DEPOT-IOCL-PNP,"Panipat Refinery, Haryana",31,625310,12,GATE_VALVE,250.0,300,ASTM A105,RF,API 600
IOCL-MM-0001575,IOCL,FLG SO 1IN 1500LB SS304 FF,CAN-000758,DEPOT-IOCL-MTH,"Mathura Refinery, Uttar Pradesh",35,24220,97,FLANGE_SLIP_ON,25.0,1500,ASTM A182 F304,FF,ASME B16.5
IOCL-MM-0001576,IOCL,VLV GLB 6IN 600# A105 RF,CAN-001932,DEPOT-IOCL-PNP,"Panipat Refinery, Haryana",119,747230,745,GLOBE_VALVE,150.0,600,ASTM A105,RF,ASME B16.34
IOCL-MM-0001577,IOCL,VLV BL 4IN CL1500 WCB RF,CAN-001717,DEPOT-IOCL-MTH,"Mathura Refinery, Uttar Pradesh",20,841590,32,BALL_VALVE,100.0,1500,ASTM A216 WCB,RF,API 6D
IOCL-MM-0001578,IOCL,VLV GT 6IN 900LB SS316 BW,CAN-001408,DEPOT-IOCL-MTH,"Mathura Refinery, Uttar Pradesh",23,2480500,18,GATE_VALVE,150.0,900,ASTM A182 F316,BW,API 6D
IOCL-MM-0001579,IOCL,FLG BLD 1/2IN 150# A105 RF ASMEB16.5,CAN-000401,DEPOT-IOCL-KYL,"Koyali Refinery, Gujarat",48,920,87,FLANGE_BLIND,15.0,150,ASTM A105,RF,ASME B16.5
IOCL-MM-0001580,IOCL,STUDBLT 1.5IN 600LB L7/GR7 THRD,CAN-002126,DEPOT-IOCL-MTH,"Mathura Refinery, Uttar Pradesh",148,3120,293,STUD_BOLT,40.0,600,ASTM A320 L7 / A194 7,THRD,ASME B18.2.1
IOCL-MM-0001581,IOCL,FLG SO 10IN CL300 SS316 FF,CAN-000952,DEPOT-IOCL-MTH,"Mathura Refinery, Uttar Pradesh",0,177860,0,FLANGE_SLIP_ON,250.0,300,ASTM A182 F316,FF,ASME B16.5
IOCL-MM-0001582,IOCL,GSKT SPWD 1/2IN CL300 SS304/GRAF RF,CAN-002004,DEPOT-IOCL-PNP,"Panipat Refinery, Haryana",124,1390,712,SPIRAL_WOUND_GASKET,15.0,300,SS304 / GRAPHITE,RF,ASME B16.20
IOCL-MM-0001583,IOCL,FLG WN 2IN 150LB A105 RTJ ASMEB16.5,CAN-000122,DEPOT-IOCL-KYL,"Koyali Refinery, Gujarat",50,5410,726,FLANGE_WELD_NECK,50.0,150,ASTM A105,RTJ,ASME B16.5
IOCL-MM-0001584,IOCL,FLG WN RTJ 6IN CL1500 A105,CAN-000274,DEPOT-IOCL-PNP,"Panipat Refinery, Haryana",30,142560,116,FLANGE_WELD_NECK,150.0,1500,ASTM A105,RTJ,ASME B16.5
IOCL-MM-0001585,IOCL,FLG WN 10IN CL600 A105 RF ASMEB16.5,CAN-000337,DEPOT-IOCL-PRD,"Paradip Refinery, Odisha",33,133060,64,FLANGE_WELD_NECK,250.0,600,ASTM A105,RF,ASME B16.5
IOCL-MM-0001586,IOCL,FLG WNRF 12IN 150# A350-LF2,CAN-000363,DEPOT-IOCL-PRD,"Paradip Refinery, Odisha",48,89010,353,FLANGE_WELD_NECK,300.0,150,ASTM A350 LF2,RF,ASME B16.5
IOCL-MM-0001587,IOCL,FLG SO 1/2IN 300LB SS304 FF,CAN-000710,DEPOT-IOCL-GWT,"Guwahati Refinery, Assam",0,3440,0,FLANGE_SLIP_ON,15.0,300,ASTM A182 F304,FF,ASME B16.5
IOCL-MM-0001588,IOCL,VLV GT 12IN 300# SS316 RF,CAN-001561,DEPOT-IOCL-MTH,"Mathura Refinery, Uttar Pradesh",26,2536190,92,GATE_VALVE,300.0,300,ASTM A182 F316,RF,API 600
IOCL-MM-0001589,IOCL,FLG SO 1.5IN CL150 A105 FF ASMEB16.5,CAN-000762,DEPOT-IOCL-KYL,"Koyali Refinery, Gujarat",86,2940,530,FLANGE_SLIP_ON,40.0,150,ASTM A105,FF,ASME B16.5
IOCL-MM-0001590,IOCL,GSKT SPWD 6IN 1500LB SS304/GRAF RF,CAN-002070,DEPOT-IOCL-GWT,"Guwahati Refinery, Assam",86,101090,461,SPIRAL_WOUND_GASKET,150.0,1500,SS304 / GRAPHITE,RF,ASME B16.20
IOCL-MM-0001591,IOCL,VLV GLB 10IN CL600 WCB RF BS1873,CAN-001969,DEPOT-IOCL-MTH,"Mathura Refinery, Uttar Pradesh",0,1451640,0,GLOBE_VALVE,250.0,600,ASTM A216 WCB,RF,BS 1873
IOCL-MM-0001592,IOCL,VLV GLB 2IN 150LB WCB RF ASMEB16.34,CAN-001862,DEPOT-IOCL-GWT,"Guwahati Refinery, Assam",50,59090,47,GLOBE_VALVE,50.0,150,ASTM A216 WCB,RF,ASME B16.34
IOCL-MM-0001593,IOCL,FLG BLD 4IN 150LB A105 RTJ ASMEB16.5,CAN-000552,DEPOT-IOCL-GWT,"Guwahati Refinery, Assam",33,10910,96,FLANGE_BLIND,100.0,150,ASTM A105,RTJ,ASME B16.5
IOCL-MM-0001594,IOCL,VLV GT 6IN 900LB WCB RF API6D,CAN-001398,DEPOT-IOCL-MTH,"Mathura Refinery, Uttar Pradesh",0,775150,0,GATE_VALVE,150.0,900,ASTM A216 WCB,RF,API 6D
IOCL-MM-0001595,IOCL,VLV GT 2IN 600LB A105 BW,CAN-001212,DEPOT-IOCL-GWT,"Guwahati Refinery, Assam",6,134350,118,GATE_VALVE,50.0,600,ASTM A105,BW,API 6D
IOCL-MM-0001596,IOCL,FLG WN 6IN 1500# A350-LF2 RTJ ASMEB16.5,CAN-000276,DEPOT-IOCL-PNP,"Panipat Refinery, Haryana",37,228100,105,FLANGE_WELD_NECK,150.0,1500,ASTM A350 LF2,RTJ,ASME B16.5
IOCL-MM-0001597,IOCL,FLG BLD 10IN CL1500 A350-LF2 RF,CAN-000667,DEPOT-IOCL-PRD,"Paradip Refinery, Odisha",108,362570,339,FLANGE_BLIND,250.0,1500,ASTM A350 LF2,RF,ASME B16.5
IOCL-MM-0001598,IOCL,VLV GT 1.5IN CL1500 A105 RF,CAN-001174,DEPOT-IOCL-GWT,"Guwahati Refinery, Assam",29,209230,120,GATE_VALVE,40.0,1500,ASTM A105,RF,API 6D
IOCL-MM-0001599,IOCL,VLV GT 1IN 900LB SS316 RF,CAN-001106,DEPOT-IOCL-PRD,"Paradip Refinery, Odisha",35,241510,58,GATE_VALVE,25.0,900,ASTM A182 F316,RF,API 6D
IOCL-MM-0001600,IOCL,FLG WN 12IN 300# A350-LF2 RF ASMEB16.5,CAN-000371,DEPOT-IOCL-MTH,"Mathura Refinery, Uttar Pradesh",19,154980,29,FLANGE_WELD_NECK,300.0,300,ASTM A350 LF2,RF,ASME B16.5
IOCL-MM-0001601,IOCL,GSKT SPWD 8IN 150LB SS304/GRAF RF,CAN-002072,DEPOT-IOCL-PNP,"Panipat Refinery, Haryana",27,23280,73,SPIRAL_WOUND_GASKET,200.0,150,SS304 / GRAPHITE,RF,ASME B16.20
IOCL-MM-0001602,IOCL,FLG WN 10IN 600LB A350-LF2 RTJ,CAN-000340,DEPOT-IOCL-PNP,"Panipat Refinery, Haryana",78,212900,387,FLANGE_WELD_NECK,250.0,600,ASTM A350 LF2,RTJ,ASME B16.5
IOCL-MM-0001603,IOCL,VLV GT 8IN 600LB A105 RF,CAN-001450,DEPOT-IOCL-KYL,"Koyali Refinery, Gujarat",26,814580,74,GATE_VALVE,200.0,600,ASTM A105,RF,API 6D
IOCL-MM-0001604,IOCL,VLV GT 12IN 900# SS316 RF API6D,CAN-001586,DEPOT-IOCL-PRD,"Paradip Refinery, Odisha",40,6107710,237,GATE_VALVE,300.0,900,ASTM A182 F316,RF,API 6D
IOCL-MM-0001605,IOCL,VLV GT 4IN 600LB A105 BW,CAN-001332,DEPOT-IOCL-MTH,"Mathura Refinery, Uttar Pradesh",0,330820,0,GATE_VALVE,100.0,600,ASTM A105,BW,API 6D
IOCL-MM-0001606,IOCL,VLV GLB 1.5IN CL900 WCB RF ASMEB16.34,CAN-001854,DEPOT-IOCL-MTH,"Mathura Refinery, Uttar Pradesh",0,185390,0,GLOBE_VALVE,40.0,900,ASTM A216 WCB,RF,ASME B16.34
IOCL-MM-0001607,IOCL,VLV GT 2IN CL1500 SS316 BW,CAN-001240,DEPOT-IOCL-PNP,"Panipat Refinery, Haryana",88,894870,745,GATE_VALVE,50.0,1500,ASTM A182 F316,BW,API 6D
IOCL-MM-0001608,IOCL,VLV GLB 1/2IN 900LB A105 RF ASMEB16.34,CAN-001816,DEPOT-IOCL-MTH,"Mathura Refinery, Uttar Pradesh",36,51790,315,GLOBE_VALVE,15.0,900,ASTM A105,RF,ASME B16.34
IOCL-MM-0001609,IOCL,FLG WNRF 1IN CL600 SS316 ASMEB16.5,CAN-000063,DEPOT-IOCL-MTH,"Mathura Refinery, Uttar Pradesh",42,21340,71,FLANGE_WELD_NECK,25.0,600,ASTM A182 F316,RF,ASME B16.5
IOCL-MM-0001610,IOCL,FLG WNRF 1.5IN 600LB SS304,CAN-000101,DEPOT-IOCL-PNP,"Panipat Refinery, Haryana",45,29480,19,FLANGE_WELD_NECK,40.0,600,ASTM A182 F304,RF,ASME B16.5
IOCL-MM-0001611,IOCL,VLV GT 6IN 1500# WCB BW,CAN-001412,DEPOT-IOCL-KYL,"Koyali Refinery, Gujarat",0,1166450,0,GATE_VALVE,150.0,1500,ASTM A216 WCB,BW,API 6D
IOCL-MM-0001612,IOCL,VLV GT 3IN 600# A105 RF API600,CAN-001269,DEPOT-IOCL-PRD,"Paradip Refinery, Odisha",0,247520,0,GATE_VALVE,80.0,600,ASTM A105,RF,API 600
IOCL-MM-0001613,IOCL,VLV GT 8IN 300LB WCB RF API600,CAN-001433,DEPOT-IOCL-PNP,"Panipat Refinery, Haryana",12,467850,102,GATE_VALVE,200.0,300,ASTM A216 WCB,RF,API 600
IOCL-MM-0001614,IOCL,VLV BL 3IN 300LB SS316 BW,CAN-001688,DEPOT-IOCL-MTH,"Mathura Refinery, Uttar Pradesh",45,556020,88,BALL_VALVE,80.0,300,ASTM A182 F316,BW,API 6D
IOCL-MM-0001615,IOCL,FLG SO 8IN 300LB A105 RF,CAN-000917,DEPOT-IOCL-GWT,"Guwahati Refinery, Assam",89,41580,684,FLANGE_SLIP_ON,200.0,300,ASTM A105,RF,ASME B16.5
IOCL-MM-0001616,IOCL,VLV GT 6IN CL900 SS316 RF API6D,CAN-001406,DEPOT-IOCL-PRD,"Paradip Refinery, Odisha",23,2480500,92,GATE_VALVE,150.0,900,ASTM A182 F316,RF,API 6D
IOCL-MM-0001617,IOCL,VLV GT 1IN 600LB SS316 BW API6D,CAN-001096,DEPOT-IOCL-PRD,"Paradip Refinery, Odisha",0,174610,0,GATE_VALVE,25.0,600,ASTM A182 F316,BW,API 6D
IOCL-MM-0001618,IOCL,VLV GT 6IN 300LB A105 BW,CAN-001380,DEPOT-IOCL-PRD,"Paradip Refinery, Odisha",33,321870,24,GATE_VALVE,150.0,300,ASTM A105,BW,API 6D
IOCL-MM-0001619,IOCL,FLG BLD RTJ 8IN 1500# A350-LF2 ASMEB16.5,CAN-000638,DEPOT-IOCL-PRD,"Paradip Refinery, Odisha",15,271270,32,FLANGE_BLIND,200.0,1500,ASTM A350 LF2,RTJ,ASME B16.5
IOCL-MM-0001620,IOCL,STUDBLT 1/2IN 600# B7/2H THRD,CAN-002105,DEPOT-IOCL-GWT,"Guwahati Refinery, Assam",0,540,0,STUD_BOLT,15.0,600,ASTM A193 B7 / A194 2H,THRD,ASME B18.2.1
IOCL-MM-0001621,IOCL,VLV GT 1IN 150LB WCB BW API600,CAN-001063,DEPOT-IOCL-PRD,"Paradip Refinery, Odisha",69,18000,291,GATE_VALVE,25.0,150,ASTM A216 WCB,BW,API 600
IOCL-MM-0001622,IOCL,VLV BL 10IN 600# SS316 RF API6D,CAN-001771,DEPOT-IOCL-PRD,"Paradip Refinery, Odisha",38,4258140,70,BALL_VALVE,250.0,600,ASTM A182 F316,RF,API 6D
IOCL-MM-0001623,IOCL,VLV GT 10IN 600# WCB BW,CAN-001507,DEPOT-IOCL-PRD,"Paradip Refinery, Odisha",0,1088730,0,GATE_VALVE,250.0,600,ASTM A216 WCB,BW,API 600
IOCL-MM-0001624,IOCL,FLG BLD 10IN CL600 A350-LF2 RF ASMEB16.5,CAN-000655,DEPOT-IOCL-MTH,"Mathura Refinery, Uttar Pradesh",0,174190,0,FLANGE_BLIND,250.0,600,ASTM A350 LF2,RF,ASME B16.5
IOCL-MM-0001625,IOCL,FLG WN 3IN 150LB A105 RF,CAN-000161,DEPOT-IOCL-PRD,"Paradip Refinery, Odisha",25,9970,76,FLANGE_WELD_NECK,80.0,150,ASTM A105,RF,ASME B16.5
IOCL-MM-0001626,IOCL,FLG WN 2IN 300LB A350-LF2 RTJ,CAN-000132,DEPOT-IOCL-GWT,"Guwahati Refinery, Assam",0,15090,0,FLANGE_WELD_NECK,50.0,300,ASTM A350 LF2,RTJ,ASME B16.5
IOCL-MM-0001627,IOCL,FLG SO 10IN 1500LB SS304 FF,CAN-000968,DEPOT-IOCL-GWT,"Guwahati Refinery, Assam",24,483420,52,FLANGE_SLIP_ON,250.0,1500,ASTM A182 F304,FF,ASME B16.5
IOCL-MM-0001628,IOCL,VLV GT 1IN CL150 A105 RF API6D,CAN-001066,DEPOT-IOCL-GWT,"Guwahati Refinery, Assam",32,18000,82,GATE_VALVE,25.0,150,ASTM A105,RF,API 6D
IOCL-MM-0001629,IOCL,FLG BLD 1IN 900LB A105 RF,CAN-000449,DEPOT-IOCL-PNP,"Panipat Refinery, Haryana",123,7540,236,FLANGE_BLIND,25.0,900,ASTM A105,RF,ASME B16.5
IOCL-MM-0001630,IOCL,VLV GT 4IN 600LB SS316 BW API600,CAN-001335,DEPOT-IOCL-MTH,"Mathura Refinery, Uttar Pradesh",90,1058640,199,GATE_VALVE,100.0,600,ASTM A182 F316,BW,API 600
IOCL-MM-0001631,IOCL,FLG BLD RTJ 12IN CL600 SS316,CAN-000688,DEPOT-IOCL-GWT,"Guwahati Refinery, Assam",28,441570,13,FLANGE_BLIND,300.0,600,ASTM A182 F316,RTJ,ASME B16.5
IOCL-MM-0001632,IOCL,VLV GT 12IN 900LB A105 RF,CAN-001581,DEPOT-IOCL-KYL,"Koyali Refinery, Gujarat",40,1908660,104,GATE_VALVE,300.0,900,ASTM A105,RF,API 600
IOCL-MM-0001633,IOCL,VLV BL 1/2IN 900# SS316 BW,CAN-001616,DEPOT-IOCL-PRD,"Paradip Refinery, Odisha",22,151940,23,BALL_VALVE,15.0,900,ASTM A182 F316,BW,API 6D
IOCL-MM-0001634,IOCL,VLV GLB 3IN 900# WCB RF ASMEB16.34,CAN-001894,DEPOT-IOCL-GWT,"Guwahati Refinery, Assam",140,456480,227,GLOBE_VALVE,80.0,900,ASTM A216 WCB,RF,ASME B16.34
IOCL-MM-0001635,IOCL,STUDBLT 3IN CL600 L7/GR7 THRD ASMEB18.2.1,CAN-002146,DEPOT-IOCL-KYL,"Koyali Refinery, Gujarat",0,7700,0,STUD_BOLT,80.0,600,ASTM A320 L7 / A194 7,THRD,ASME B18.2.1
IOCL-MM-0001636,IOCL,FLG WN 8IN CL150 SS316 RTJ ASMEB16.5,CAN-000288,DEPOT-IOCL-PNP,"Panipat Refinery, Haryana",22,105090,78,FLANGE_WELD_NECK,200.0,150,ASTM A182 F316,RTJ,ASME B16.5
IOCL-MM-0001637,IOCL,FLG SO 2IN 1500LB A105 FF,CAN-000816,DEPOT-IOCL-GWT,"Guwahati Refinery, Assam",0,24850,0,FLANGE_SLIP_ON,50.0,1500,ASTM A105,FF,ASME B16.5
IOCL-MM-0001638,IOCL,VLV GT 2IN 1500# A105 BW,CAN-001236,DEPOT-IOCL-PNP,"Panipat Refinery, Haryana",31,279640,115,GATE_VALVE,50.0,1500,ASTM A105,BW,API 6D
IOCL-MM-0001639,IOCL,FLG SO 1/2IN 150# SS304 RF,CAN-000703,DEPOT-IOCL-PRD,"Paradip Refinery, Odisha",17,1970,81,FLANGE_SLIP_ON,15.0,150,ASTM A182 F304,RF,ASME B16.5
IOCL-MM-0001640,IOCL,VLV GT 1/2IN 600# WCB BW,CAN-001027,DEPOT-IOCL-GWT,"Guwahati Refinery, Assam",47,28080,43,GATE_VALVE,15.0,600,ASTM A216 WCB,BW,API 600
IOCL-MM-0001641,IOCL,FLG BLD 6IN CL300 A350-LF2 RF,CAN-000589,DEPOT-IOCL-GWT,"Guwahati Refinery, Assam",13,51500,108,FLANGE_BLIND,150.0,300,ASTM A350 LF2,RF,ASME B16.5
IOCL-MM-0001642,IOCL,FLG BLD 3IN 1500# A105 RTJ,CAN-000546,DEPOT-IOCL-GWT,"Guwahati Refinery, Assam",112,51510,636,FLANGE_BLIND,80.0,1500,ASTM A105,RTJ,ASME B16.5
IOCL-MM-0001643,IOCL,FLG WN 4IN CL300 SS304 RF ASMEB16.5,CAN-000213,DEPOT-IOCL-KYL,"Koyali Refinery, Gujarat",0,55730,0,FLANGE_WELD_NECK,100.0,300,ASTM A182 F304,RF,ASME B16.5
IOCL-MM-0001644,IOCL,FLG BLD 8IN 1500LB SS316 RF ASMEB16.5,CAN-000639,DEPOT-IOCL-GWT,"Guwahati Refinery, Assam",6,542540,27,FLANGE_BLIND,200.0,1500,ASTM A182 F316,RF,ASME B16.5
IOCL-MM-0001645,IOCL,FLG SO 3IN 1500# A105 FF,CAN-000846,DEPOT-IOCL-KYL,"Koyali Refinery, Gujarat",36,45790,112,FLANGE_SLIP_ON,80.0,1500,ASTM A105,FF,ASME B16.5
IOCL-MM-0001646,IOCL,VLV GT 4IN 1500# A105 RF,CAN-001354,DEPOT-IOCL-PNP,"Panipat Refinery, Haryana",115,688570,196,GATE_VALVE,100.0,1500,ASTM A105,RF,API 6D
IOCL-MM-0001647,IOCL,FLG BLD 3IN CL1500 A350-LF2 RF,CAN-000547,DEPOT-IOCL-PNP,"Panipat Refinery, Haryana",103,82430,731,FLANGE_BLIND,80.0,1500,ASTM A350 LF2,RF,ASME B16.5
IOCL-MM-0001648,IOCL,VLV GLB 4IN 150LB A105 RF ASMEB16.34,CAN-001904,DEPOT-IOCL-GWT,"Guwahati Refinery, Assam",9,145500,82,GLOBE_VALVE,100.0,150,ASTM A105,RF,ASME B16.34
IOCL-MM-0001649,IOCL,FLG WN 10IN 900# SS316 RTJ,CAN-000352,DEPOT-IOCL-PRD,"Paradip Refinery, Odisha",0,588970,0,FLANGE_WELD_NECK,250.0,900,ASTM A182 F316,RTJ,ASME B16.5
IOCL-MM-0001650,IOCL,FLG SO 1/2IN CL900 SS304 RF,CAN-000721,DEPOT-IOCL-PNP,"Panipat Refinery, Haryana",34,8280,88,FLANGE_SLIP_ON,15.0,900,ASTM A182 F304,RF,ASME B16.5
IOCL-MM-0001651,IOCL,VLV GT 3IN CL600 A105 BW,CAN-001271,DEPOT-IOCL-PNP,"Panipat Refinery, Haryana",130,247520,463,GATE_VALVE,80.0,600,ASTM A105,BW,API 600
IOCL-MM-0001652,IOCL,FLG BLD RTJ 12IN 600LB SS316,CAN-000688,DEPOT-IOCL-MTH,"Mathura Refinery, Uttar Pradesh",9,441570,33,FLANGE_BLIND,300.0,600,ASTM A182 F316,RTJ,ASME B16.5
IOCL-MM-0001653,IOCL,VLV BL 2IN CL1500 SS316 RF,CAN-001679,DEPOT-IOCL-KYL,"Koyali Refinery, Gujarat",49,1093730,104,BALL_VALVE,50.0,1500,ASTM A182 F316,RF,API 6D
IOCL-MM-0001654,IOCL,VLV GT 1IN 900LB WCB RF,CAN-001097,DEPOT-IOCL-KYL,"Koyali Refinery, Gujarat",5,75470,89,GATE_VALVE,25.0,900,ASTM A216 WCB,RF,API 600
IOCL-MM-0001655,IOCL,VLV GT 1.5IN 300LB WCB RF API600,CAN-001133,DEPOT-IOCL-MTH,"Mathura Refinery, Uttar Pradesh",14,57730,43,GATE_VALVE,40.0,300,ASTM A216 WCB,RF,API 600
IOCL-MM-0001656,IOCL,VLV GT 1IN 900# WCB RF,CAN-001098,DEPOT-IOCL-GWT,"Guwahati Refinery, Assam",46,75470,95,GATE_VALVE,25.0,900,ASTM A216 WCB,RF,API 6D
IOCL-MM-0001657,IOCL,FLG BLD 12IN 300# A350-LF2 RF,CAN-000679,DEPOT-IOCL-PRD,"Paradip Refinery, Odisha",59,126800,373,FLANGE_BLIND,300.0,300,ASTM A350 LF2,RF,ASME B16.5
IOCL-MM-0001658,IOCL,FLG WNRF 1IN 300# A350-LF2 ASMEB16.5,CAN-000051,DEPOT-IOCL-PNP,"Panipat Refinery, Haryana",7,6120,109,FLANGE_WELD_NECK,25.0,300,ASTM A350 LF2,RF,ASME B16.5
IOCL-MM-0001659,IOCL,GSKT SPWD 8IN 1500# SS304/GRAF RF,CAN-002080,DEPOT-IOCL-PNP,"Panipat Refinery, Haryana",25,146940,39,SPIRAL_WOUND_GASKET,200.0,1500,SS304 / GRAPHITE,RF,ASME B16.20
IOCL-MM-0001660,IOCL,VLV GT 1IN CL1500 WCB BW API6D,CAN-001112,DEPOT-IOCL-GWT,"Guwahati Refinery, Assam",0,113570,0,GATE_VALVE,25.0,1500,ASTM A216 WCB,BW,API 6D
IOCL-MM-0001661,IOCL,STUDBLT 1.5IN 900LB B7/2H THRD ASMEB18.2.1,CAN-002127,DEPOT-IOCL-MTH,"Mathura Refinery, Uttar Pradesh",26,2700,320,STUD_BOLT,40.0,900,ASTM A193 B7 / A194 2H,THRD,ASME B18.2.1
IOCL-MM-0001662,IOCL,FLG BLD RTJ 1.5IN 600LB A105,CAN-000474,DEPOT-IOCL-PNP,"Panipat Refinery, Haryana",18,10050,58,FLANGE_BLIND,40.0,600,ASTM A105,RTJ,ASME B16.5
IOCL-MM-0001663,IOCL,FLG SO 1.5IN 600# SS316 RF,CAN-000777,DEPOT-IOCL-KYL,"Koyali Refinery, Gujarat",0,28590,0,FLANGE_SLIP_ON,40.0,600,ASTM A182 F316,RF,ASME B16.5
IOCL-MM-0001664,IOCL,FLG WN 1.5IN 900LB SS316 RTJ ASMEB16.5,CAN-000112,DEPOT-IOCL-MTH,"Mathura Refinery, Uttar Pradesh",42,54380,102,FLANGE_WELD_NECK,40.0,900,ASTM A182 F316,RTJ,ASME B16.5
IOCL-MM-0001665,IOCL,VLV GT 1IN CL600 A105 RF API600,CAN-001089,DEPOT-IOCL-MTH,"Mathura Refinery, Uttar Pradesh",0,54560,0,GATE_VALVE,25.0,600,ASTM A105,RF,API 600
IOCL-MM-0001666,IOCL,VLV GLB 8IN 150LB WCB RF,CAN-001942,DEPOT-IOCL-GWT,"Guwahati Refinery, Assam",101,358280,605,GLOBE_VALVE,200.0,150,ASTM A216 WCB,RF,ASME B16.34
IOCL-MM-0001667,IOCL,VLV GT 8IN 300# A105 BW API6D,CAN-001440,DEPOT-IOCL-PNP,"Panipat Refinery, Haryana",112,467850,669,GATE_VALVE,200.0,300,ASTM A105,BW,API 6D
IOCL-MM-0001668,IOCL,VLV GT 1/2IN 600LB SS316 BW,CAN-001036,DEPOT-IOCL-KYL,"Koyali Refinery, Gujarat",0,89880,0,GATE_VALVE,15.0,600,ASTM A182 F316,BW,API 6D
IOCL-MM-0001669,IOCL,VLV GT 2IN 150LB WCB RF,CAN-001181,DEPOT-IOCL-KYL,"Koyali Refinery, Gujarat",45,44320,543,GATE_VALVE,50.0,150,ASTM A216 WCB,RF,API 600
IOCL-MM-0001670,IOCL,VLV GLB 2IN 150LB A105 RF,CAN-001864,DEPOT-IOCL-PNP,"Panipat Refinery, Haryana",46,59090,48,GLOBE_VALVE,50.0,150,ASTM A105,RF,ASME B16.34
IOCL-MM-0001671,IOCL,FLG SO 10IN 300# SS304 RF,CAN-000949,DEPOT-IOCL-PNP,"Panipat Refinery, Haryana",29,133390,70,FLANGE_SLIP_ON,250.0,300,ASTM A182 F304,RF,ASME B16.5
IOCL-MM-0001672,IOCL,VLV GLB 8IN 150# WCB RF,CAN-001942,DEPOT-IOCL-GWT,"Guwahati Refinery, Assam",102,358280,226,GLOBE_VALVE,200.0,150,ASTM A216 WCB,RF,ASME B16.34
IOCL-MM-0001673,IOCL,VLV BL 1/2IN 150# WCB RF,CAN-001601,DEPOT-IOCL-MTH,"Mathura Refinery, Uttar Pradesh",13,11320,76,BALL_VALVE,15.0,150,ASTM A216 WCB,RF,API 6D
IOCL-MM-0001674,IOCL,VLV BL 3IN 150# WCB RF API6D,CAN-001681,DEPOT-IOCL-KYL,"Koyali Refinery, Gujarat",35,99790,394,BALL_VALVE,80.0,150,ASTM A216 WCB,RF,API 6D
IOCL-MM-0001675,IOCL,FLG SO 2IN CL600 SS304 FF,CAN-000806,DEPOT-IOCL-GWT,"Guwahati Refinery, Assam",15,28660,63,FLANGE_SLIP_ON,50.0,600,ASTM A182 F304,FF,ASME B16.5
IOCL-MM-0001676,IOCL,FLG SO 6IN 150# A105 FF ASMEB16.5,CAN-000882,DEPOT-IOCL-PRD,"Paradip Refinery, Odisha",66,16430,553,FLANGE_SLIP_ON,150.0,150,ASTM A105,FF,ASME B16.5
IOCL-MM-0001677,IOCL,VLV GT 3IN 300# WCB BW,CAN-001255,DEPOT-IOCL-PNP,"Panipat Refinery, Haryana",24,142160,61,GATE_VALVE,80.0,300,ASTM A216 WCB,BW,API 600
IOCL-MM-0001678,IOCL,FLG BLD 1/2IN CL1500 SS316 RF ASMEB16.5,CAN-000429,DEPOT-IOCL-GWT,"Guwahati Refinery, Assam",6,18700,110,FLANGE_BLIND,15.0,1500,ASTM A182 F316,RF,ASME B16.5
IOCL-MM-0001679,IOCL,VLV GT 2IN 900# WCB RF API6D,CAN-001218,DEPOT-IOCL-KYL,"Koyali Refinery, Gujarat",0,185830,0,GATE_VALVE,50.0,900,ASTM A216 WCB,RF,API 6D
IOCL-MM-0001680,IOCL,FLG WN 3IN 150# A105 RTJ ASMEB16.5,CAN-000162,DEPOT-IOCL-KYL,"Koyali Refinery, Gujarat",63,9970,341,FLANGE_WELD_NECK,80.0,150,ASTM A105,RTJ,ASME B16.5
IOCL-MM-0001681,IOCL,VLV GT 1IN 1500# WCB RF API6D,CAN-001110,DEPOT-IOCL-MTH,"Mathura Refinery, Uttar Pradesh",0,113570,0,GATE_VALVE,25.0,1500,ASTM A216 WCB,RF,API 6D
IOCL-MM-0001682,IOCL,VLV BL 3IN 150# WCB BW API6D,CAN-001682,DEPOT-IOCL-KYL,"Koyali Refinery, Gujarat",31,99790,119,BALL_VALVE,80.0,150,ASTM A216 WCB,BW,API 6D
IOCL-MM-0001683,IOCL,FLG BLD RTJ 8IN CL150 SS316,CAN-000616,DEPOT-IOCL-PNP,"Panipat Refinery, Haryana",35,85980,42,FLANGE_BLIND,200.0,150,ASTM A182 F316,RTJ,ASME B16.5
IOCL-MM-0001684,IOCL,STUDBLT 8IN 600# L7/GR7 THRD ASMEB18.2.1,CAN-002176,DEPOT-IOCL-PRD,"Paradip Refinery, Odisha",44,25340,95,STUD_BOLT,200.0,600,ASTM A320 L7 / A194 7,THRD,ASME B18.2.1
IOCL-MM-0001685,IOCL,VLV GT 10IN CL300 A105 RF API600,CAN-001497,DEPOT-IOCL-KYL,"Koyali Refinery, Gujarat",70,625310,308,GATE_VALVE,250.0,300,ASTM A105,RF,API 600
IOCL-MM-0001686,IOCL,FLG WN 6IN 600# SS304 RTJ,CAN-000262,DEPOT-IOCL-MTH,"Mathura Refinery, Uttar Pradesh",0,164390,0,FLANGE_WELD_NECK,150.0,600,ASTM A182 F304,RTJ,ASME B16.5
IOCL-MM-0001687,IOCL,STUDBLT 3IN 600# L7/GR7 THRD,CAN-002146,DEPOT-IOCL-KYL,"Koyali Refinery, Gujarat",44,7700,23,STUD_BOLT,80.0,600,ASTM A320 L7 / A194 7,THRD,ASME B18.2.1
IOCL-MM-0001688,IOCL,FLG SO 4IN 600# SS316 RF ASMEB16.5,CAN-000867,DEPOT-IOCL-MTH,"Mathura Refinery, Uttar Pradesh",97,94100,516,FLANGE_SLIP_ON,100.0,600,ASTM A182 F316,RF,ASME B16.5
IOCL-MM-0001689,IOCL,VLV BL 8IN CL600 WCB RF,CAN-001749,DEPOT-IOCL-PRD,"Paradip Refinery, Odisha",41,995600,44,BALL_VALVE,200.0,600,ASTM A216 WCB,RF,API 6D
IOCL-MM-0001690,IOCL,FLG SO 1IN 600# SS304 FF ASMEB16.5,CAN-000746,DEPOT-IOCL-GWT,"Guwahati Refinery, Assam",42,11640,104,FLANGE_SLIP_ON,25.0,600,ASTM A182 F304,FF,ASME B16.5
IOCL-MM-0001691,IOCL,GSKT SPWD 6IN 600# SS304/GRAF RF,CAN-002066,DEPOT-IOCL-KYL,"Koyali Refinery, Gujarat",17,48570,33,SPIRAL_WOUND_GASKET,150.0,600,SS304 / GRAPHITE,RF,ASME B16.20
IOCL-MM-0001692,IOCL,VLV BL 2IN 150# WCB RF API6D,CAN-001661,DEPOT-IOCL-PNP,"Panipat Refinery, Haryana",80,54170,345,BALL_VALVE,50.0,150,ASTM A216 WCB,RF,API 6D
IOCL-MM-0001693,IOCL,FLG BLD RTJ 1IN 300LB A105,CAN-000438,DEPOT-IOCL-KYL,"Koyali Refinery, Gujarat",68,3130,595,FLANGE_BLIND,25.0,300,ASTM A105,RTJ,ASME B16.5
IOCL-MM-0001694,IOCL,VLV GT 1.5IN 150LB WCB RF,CAN-001121,DEPOT-IOCL-KYL,"Koyali Refinery, Gujarat",39,33160,66,GATE_VALVE,40.0,150,ASTM A216 WCB,RF,API 600
IOCL-MM-0001695,IOCL,VLV GT 1IN 900# A105 RF,CAN-001101,DEPOT-IOCL-PRD,"Paradip Refinery, Odisha",106,75470,370,GATE_VALVE,25.0,900,ASTM A105,RF,API 600
IOCL-MM-0001696,IOCL,FLG WN RTJ 1.5IN 600LB A350-LF2,CAN-000100,DEPOT-IOCL-PRD,"Paradip Refinery, Odisha",11,19650,95,FLANGE_WELD_NECK,40.0,600,ASTM A350 LF2,RTJ,ASME B16.5
IOCL-MM-0001697,IOCL,FLG WN 8IN 600LB SS304 RTJ ASMEB16.5,CAN-000302,DEPOT-IOCL-GWT,"Guwahati Refinery, Assam",6,238940,79,FLANGE_WELD_NECK,200.0,600,ASTM A182 F304,RTJ,ASME B16.5
IOCL-MM-0001698,IOCL,FLG SO 1IN 150# SS304 RF ASMEB16.5,CAN-000733,DEPOT-IOCL-KYL,"Koyali Refinery, Gujarat",50,3840,743,FLANGE_SLIP_ON,25.0,150,ASTM A182 F304,RF,ASME B16.5
IOCL-MM-0001699,IOCL,VLV GT 1/2IN CL900 A105 BW API600,CAN-001043,DEPOT-IOCL-GWT,"Guwahati Refinery, Assam",32,38840,80,GATE_VALVE,15.0,900,ASTM A105,BW,API 600
IOCL-MM-0001700,IOCL,VLV GT 1/2IN 150# A105 RF,CAN-001006,DEPOT-IOCL-PRD,"Paradip Refinery, Odisha",0,9260,0,GATE_VALVE,15.0,150,ASTM A105,RF,API 6D
IOCL-MM-0001701,IOCL,VLV GT 4IN CL600 SS316 RF API6D,CAN-001334,DEPOT-IOCL-MTH,"Mathura Refinery, Uttar Pradesh",70,1058640,542,GATE_VALVE,100.0,600,ASTM A182 F316,RF,API 6D
IOCL-MM-0001702,IOCL,VLV GT 1.5IN CL300 WCB BW,CAN-001135,DEPOT-IOCL-MTH,"Mathura Refinery, Uttar Pradesh",38,57730,77,GATE_VALVE,40.0,300,ASTM A216 WCB,BW,API 600
IOCL-MM-0001703,IOCL,FLG SO 1/2IN 900# SS304 FF,CAN-000722,DEPOT-IOCL-GWT,"Guwahati Refinery, Assam",49,8280,77,FLANGE_SLIP_ON,15.0,900,ASTM A182 F304,FF,ASME B16.5
IOCL-MM-0001704,IOCL,VLV GT 4IN 1500# WCB RF API600,CAN-001349,DEPOT-IOCL-PNP,"Panipat Refinery, Haryana",45,688570,91,GATE_VALVE,100.0,1500,ASTM A216 WCB,RF,API 600
IOCL-MM-0001705,IOCL,FLG WN RTJ 10IN CL1500 SS304,CAN-000358,DEPOT-IOCL-MTH,"Mathura Refinery, Uttar Pradesh",44,664710,64,FLANGE_WELD_NECK,250.0,1500,ASTM A182 F304,RTJ,ASME B16.5
IOCL-MM-0001706,IOCL,STUDBLT 8IN 1500# L7/GR7 THRD ASMEB18.2.1,CAN-002180,DEPOT-IOCL-KYL,"Koyali Refinery, Gujarat",38,52740,63,STUD_BOLT,200.0,1500,ASTM A320 L7 / A194 7,THRD,ASME B18.2.1
IOCL-MM-0001707,IOCL,VLV BL 1IN 300LB SS316 RF,CAN-001627,DEPOT-IOCL-MTH,"Mathura Refinery, Uttar Pradesh",96,122570,180,BALL_VALVE,25.0,300,ASTM A182 F316,RF,API 6D
IOCL-MM-0001708,IOCL,FLG BLD 10IN 900# A105 RF ASMEB16.5,CAN-000659,DEPOT-IOCL-PRD,"Paradip Refinery, Odisha",18,150580,103,FLANGE_BLIND,250.0,900,ASTM A105,RF,ASME B16.5
IOCL-MM-0001709,IOCL,FLG SO 1IN CL300 SS316 RF,CAN-000741,DEPOT-IOCL-PNP,"Panipat Refinery, Haryana",0,8910,0,FLANGE_SLIP_ON,25.0,300,ASTM A182 F316,RF,ASME B16.5
IOCL-MM-0001710,IOCL,VLV GLB 1IN 150LB A105 RF BS1873,CAN-001823,DEPOT-IOCL-KYL,"Koyali Refinery, Gujarat",82,24000,580,GLOBE_VALVE,25.0,150,ASTM A105,RF,BS 1873
IOCL-MM-0001711,IOCL,VLV GT 1.5IN 1500# WCB BW,CAN-001172,DEPOT-IOCL-KYL,"Koyali Refinery, Gujarat",20,209230,116,GATE_VALVE,40.0,1500,ASTM A216 WCB,BW,API 6D
IOCL-MM-0001712,IOCL,VLV GT 12IN 300LB A105 BW API6D,CAN-001560,DEPOT-IOCL-GWT,"Guwahati Refinery, Assam",0,792550,0,GATE_VALVE,300.0,300,ASTM A105,BW,API 6D
IOCL-MM-0001713,IOCL,FLG BLD RTJ 10IN 900LB A105,CAN-000660,DEPOT-IOCL-MTH,"Mathura Refinery, Uttar Pradesh",0,150580,0,FLANGE_BLIND,250.0,900,ASTM A105,RTJ,ASME B16.5
IOCL-MM-0001714,IOCL,VLV BL 12IN 900# SS316 RF,CAN-001795,DEPOT-IOCL-GWT,"Guwahati Refinery, Assam",0,7464990,0,BALL_VALVE,300.0,900,ASTM A182 F316,RF,API 6D
IOCL-MM-0001715,IOCL,FLG SO 2IN 900# SS304 RF,CAN-000811,DEPOT-IOCL-PRD,"Paradip Refinery, Odisha",0,39640,0,FLANGE_SLIP_ON,50.0,900,ASTM A182 F304,RF,ASME B16.5
IOCL-MM-0001716,IOCL,VLV GT 10IN CL150 WCB BW,CAN-001483,DEPOT-IOCL-MTH,"Mathura Refinery, Uttar Pradesh",24,359140,115,GATE_VALVE,250.0,150,ASTM A216 WCB,BW,API 600
IOCL-MM-0001717,IOCL,STUDBLT 4IN 600# L7/GR7 THRD,CAN-002156,DEPOT-IOCL-PRD,"Paradip Refinery, Odisha",9,10290,106,STUD_BOLT,100.0,600,ASTM A320 L7 / A194 7,THRD,ASME B18.2.1
IOCL-MM-0001718,IOCL,VLV GT 3IN CL900 SS316 RF API600,CAN-001285,DEPOT-IOCL-GWT,"Guwahati Refinery, Assam",30,1095560,570,GATE_VALVE,80.0,900,ASTM A182 F316,RF,API 600
IOCL-MM-0001719,IOCL,VLV BL 8IN 900LB WCB RF API6D,CAN-001753,DEPOT-IOCL-KYL,"Koyali Refinery, Gujarat",15,1377080,100,BALL_VALVE,200.0,900,ASTM A216 WCB,RF,API 6D
IOCL-MM-0001720,IOCL,VLV GT 12IN CL1500 A105 BW,CAN-001596,DEPOT-IOCL-KYL,"Koyali Refinery, Gujarat",77,2872150,715,GATE_VALVE,300.0,1500,ASTM A105,BW,API 6D
IOCL-MM-0001721,IOCL,VLV GT 10IN 600# SS316 RF API6D,CAN-001514,DEPOT-IOCL-PRD,"Paradip Refinery, Odisha",112,3483930,427,GATE_VALVE,250.0,600,ASTM A182 F316,RF,API 6D
IOCL-MM-0001722,IOCL,FLG WNRF 1IN CL600 A350-LF2,CAN-000059,DEPOT-IOCL-KYL,"Koyali Refinery, Gujarat",45,10670,23,FLANGE_WELD_NECK,25.0,600,ASTM A350 LF2,RF,ASME B16.5
IOCL-MM-0001723,IOCL,VLV GT 1/2IN 900LB SS316 RF,CAN-001045,DEPOT-IOCL-GWT,"Guwahati Refinery, Assam",150,124310,516,GATE_VALVE,15.0,900,ASTM A182 F316,RF,API 600
IOCL-MM-0001724,IOCL,STUDBLT 1.5IN 900LB L7/GR7 THRD,CAN-002128,DEPOT-IOCL-GWT,"Guwahati Refinery, Assam",41,4320,193,STUD_BOLT,40.0,900,ASTM A320 L7 / A194 7,THRD,ASME B18.2.1
IOCL-MM-0001725,IOCL,VLV BL 6IN 150# SS316 RF,CAN-001723,DEPOT-IOCL-KYL,"Koyali Refinery, Gujarat",0,723050,0,BALL_VALVE,150.0,150,ASTM A182 F316,RF,API 6D
IOCL-MM-0001726,IOCL,VLV BL 4IN 300LB SS316 BW API6D,CAN-001708,DEPOT-IOCL-KYL,"Koyali Refinery, Gujarat",11,743140,109,BALL_VALVE,100.0,300,ASTM A182 F316,BW,API 6D
IOCL-MM-0001727,IOCL,VLV GT 3IN CL600 A105 BW,CAN-001271,DEPOT-IOCL-PRD,"Paradip Refinery, Odisha",116,247520,711,GATE_VALVE,80.0,600,ASTM A105,BW,API 600
IOCL-MM-0001728,IOCL,VLV GT 12IN CL900 SS316 BW API6D,CAN-001588,DEPOT-IOCL-PRD,"Paradip Refinery, Odisha",0,6107710,0,GATE_VALVE,300.0,900,ASTM A182 F316,BW,API 6D
IOCL-MM-0001729,IOCL,VLV GT 3IN CL900 A105 BW,CAN-001284,DEPOT-IOCL-PRD,"Paradip Refinery, Odisha",0,342360,0,GATE_VALVE,80.0,900,ASTM A105,BW,API 6D
IOCL-MM-0001730,IOCL,FLG WN RTJ 12IN 300# SS316,CAN-000376,DEPOT-IOCL-PRD,"Paradip Refinery, Odisha",30,309970,101,FLANGE_WELD_NECK,300.0,300,ASTM A182 F316,RTJ,ASME B16.5
IOCL-MM-0001731,IOCL,VLV GT 6IN CL300 SS316 BW API6D,CAN-001384,DEPOT-IOCL-KYL,"Koyali Refinery, Gujarat",29,1030010,588,GATE_VALVE,150.0,300,ASTM A182 F316,BW,API 6D
IOCL-MM-0001732,IOCL,VLV GT 6IN CL150 WCB BW,CAN-001364,DEPOT-IOCL-KYL,"Koyali Refinery, Gujarat",6,184870,37,GATE_VALVE,150.0,150,ASTM A216 WCB,BW,API 6D
IOCL-MM-0001733,IOCL,VLV GLB 1.5IN CL600 A105 RF BS1873,CAN-001851,DEPOT-IOCL-GWT,"Guwahati Refinery, Assam",0,134030,0,GLOBE_VALVE,40.0,600,ASTM A105,RF,BS 1873
IOCL-MM-0001734,IOCL,FLG WN 10IN 150LB SS304 RTJ,CAN-000326,DEPOT-IOCL-GWT,"Guwahati Refinery, Assam",48,105340,54,FLANGE_WELD_NECK,250.0,150,ASTM A182 F304,RTJ,ASME B16.5
IOCL-MM-0001735,IOCL,VLV GT 10IN 300LB A105 RF,CAN-001498,DEPOT-IOCL-MTH,"Mathura Refinery, Uttar Pradesh",8,625310,51,GATE_VALVE,250.0,300,ASTM A105,RF,API 6D
IOCL-MM-0001736,IOCL,FLG WN 1IN 900LB SS304 RTJ,CAN-000070,DEPOT-IOCL-MTH,"Mathura Refinery, Uttar Pradesh",0,22130,0,FLANGE_WELD_NECK,25.0,900,ASTM A182 F304,RTJ,ASME B16.5
IOCL-MM-0001737,IOCL,GSKT SPWD 10IN CL900 SS316/GRAF RF,CAN-002087,DEPOT-IOCL-KYL,"Koyali Refinery, Gujarat",64,174010,691,SPIRAL_WOUND_GASKET,250.0,900,SS316 / GRAPHITE,RF,ASME B16.20
IOCL-MM-0001738,IOCL,FLG WN RTJ 6IN 150# A105,CAN-000242,DEPOT-IOCL-MTH,"Mathura Refinery, Uttar Pradesh",24,22590,22,FLANGE_WELD_NECK,150.0,150,ASTM A105,RTJ,ASME B16.5
IOCL-MM-0001739,IOCL,FLG WN RTJ 1IN CL150 A105,CAN-000042,DEPOT-IOCL-PRD,"Paradip Refinery, Odisha",16,2200,106,FLANGE_WELD_NECK,25.0,150,ASTM A105,RTJ,ASME B16.5
IOCL-MM-0001740,IOCL,FLG BLD 12IN 900LB A350-LF2 RF ASMEB16.5,CAN-000691,DEPOT-IOCL-KYL,"Koyali Refinery, Gujarat",33,305380,56,FLANGE_BLIND,300.0,900,ASTM A350 LF2,RF,ASME B16.5
IOCL-MM-0001741,IOCL,FLG WN 10IN 300# SS304 RTJ ASMEB16.5,CAN-000334,DEPOT-IOCL-PNP,"Panipat Refinery, Haryana",0,183420,0,FLANGE_WELD_NECK,250.0,300,ASTM A182 F304,RTJ,ASME B16.5
IOCL-MM-0001742,IOCL,VLV GT 10IN 900LB WCB BW,CAN-001520,DEPOT-IOCL-PRD,"Paradip Refinery, Odisha",40,1505890,78,GATE_VALVE,250.0,900,ASTM A216 WCB,BW,API 6D
IOCL-MM-0001743,IOCL,FLG SO 6IN 900# SS316 RF ASMEB16.5,CAN-000903,DEPOT-IOCL-PNP,"Panipat Refinery, Haryana",0,220480,0,FLANGE_SLIP_ON,150.0,900,ASTM A182 F316,RF,ASME B16.5
IOCL-MM-0001744,IOCL,VLV BL 4IN 300# WCB RF,CAN-001705,DEPOT-IOCL-KYL,"Koyali Refinery, Gujarat",57,232230,528,BALL_VALVE,100.0,300,ASTM A216 WCB,RF,API 6D
IOCL-MM-0001745,IOCL,GSKT SPWD 1.5IN CL600 SS304/GRAF RF ASMEB16.20,CAN-002026,DEPOT-IOCL-MTH,"Mathura Refinery, Uttar Pradesh",46,8710,480,SPIRAL_WOUND_GASKET,40.0,600,SS304 / GRAPHITE,RF,ASME B16.20
IOCL-MM-0001746,IOCL,VLV GLB 6IN CL150 WCB RF,CAN-001921,DEPOT-IOCL-PNP,"Panipat Refinery, Haryana",19,246490,66,GLOBE_VALVE,150.0,150,ASTM A216 WCB,RF,BS 1873
IOCL-MM-0001747,IOCL,VLV BL 1/2IN 1500# SS316 RF API6D,CAN-001619,DEPOT-IOCL-MTH,"Mathura Refinery, Uttar Pradesh",22,228640,13,BALL_VALVE,15.0,1500,ASTM A182 F316,RF,API 6D
IOCL-MM-0001748,IOCL,FLG WN RTJ 2IN 600LB A105,CAN-000138,DEPOT-IOCL-MTH,"Mathura Refinery, Uttar Pradesh",0,16420,0,FLANGE_WELD_NECK,50.0,600,ASTM A105,RTJ,ASME B16.5
IOCL-MM-0001749,IOCL,FLG WN RTJ 8IN 600# SS316,CAN-000304,DEPOT-IOCL-MTH,"Mathura Refinery, Uttar Pradesh",0,318590,0,FLANGE_WELD_NECK,200.0,600,ASTM A182 F316,RTJ,ASME B16.5
IOCL-MM-0001750,IOCL,FLG BLD 1IN 1500# A350-LF2 RF,CAN-000457,DEPOT-IOCL-PRD,"Paradip Refinery, Odisha",33,18170,63,FLANGE_BLIND,25.0,1500,ASTM A350 LF2,RF,ASME B16.5
IOCL-MM-0001751,IOCL,FLG SO 1/2IN CL600 SS304 FF,CAN-000716,DEPOT-IOCL-PRD,"Paradip Refinery, Odisha",0,5990,0,FLANGE_SLIP_ON,15.0,600,ASTM A182 F304,FF,ASME B16.5
IOCL-MM-0001752,IOCL,VLV GT 8IN 900# WCB RF,CAN-001457,DEPOT-IOCL-PRD,"Paradip Refinery, Odisha",41,1126700,59,GATE_VALVE,200.0,900,ASTM A216 WCB,RF,API 600
IOCL-MM-0001753,IOCL,VLV GT 1.5IN CL900 WCB RF API600,CAN-001157,DEPOT-IOCL-GWT,"Guwahati Refinery, Assam",87,139040,621,GATE_VALVE,40.0,900,ASTM A216 WCB,RF,API 600
IOCL-MM-0001754,IOCL,FLG BLD 12IN 900LB A350-LF2 RF ASMEB16.5,CAN-000691,DEPOT-IOCL-MTH,"Mathura Refinery, Uttar Pradesh",27,305380,19,FLANGE_BLIND,300.0,900,ASTM A350 LF2,RF,ASME B16.5
IOCL-MM-0001755,IOCL,FLG WN RTJ 12IN CL600 SS304,CAN-000382,DEPOT-IOCL-MTH,"Mathura Refinery, Uttar Pradesh",52,404770,278,FLANGE_WELD_NECK,300.0,600,ASTM A182 F304,RTJ,ASME B16.5
IOCL-MM-0001756,IOCL,GSKT SPWD 1/2IN CL900 SS316/GRAF RF,CAN-002007,DEPOT-IOCL-PRD,"Paradip Refinery, Odisha",43,4480,39,SPIRAL_WOUND_GASKET,15.0,900,SS316 / GRAPHITE,RF,ASME B16.20
IOCL-MM-0001757,IOCL,FLG SO 1IN CL900 SS316 FF ASMEB16.5,CAN-000754,DEPOT-IOCL-PRD,"Paradip Refinery, Odisha",77,21460,656,FLANGE_SLIP_ON,25.0,900,ASTM A182 F316,FF,ASME B16.5
IOCL-MM-0001758,IOCL,FLG SO 1.5IN 900LB A105 FF,CAN-000780,DEPOT-IOCL-PNP,"Panipat Refinery, Haryana",33,12350,73,FLANGE_SLIP_ON,40.0,900,ASTM A105,FF,ASME B16.5
IOCL-MM-0001759,IOCL,VLV BL 3IN CL1500 SS316 RF,CAN-001699,DEPOT-IOCL-MTH,"Mathura Refinery, Uttar Pradesh",0,2014960,0,BALL_VALVE,80.0,1500,ASTM A182 F316,RF,API 6D
IOCL-MM-0001760,IOCL,VLV GT 12IN 900LB SS316 BW,CAN-001587,DEPOT-IOCL-PNP,"Panipat Refinery, Haryana",142,6107710,331,GATE_VALVE,300.0,900,ASTM A182 F316,BW,API 600
IOCL-MM-0001761,IOCL,VLV GT 6IN 1500# A105 BW,CAN-001416,DEPOT-IOCL-PNP,"Panipat Refinery, Haryana",90,1166450,438,GATE_VALVE,150.0,1500,ASTM A105,BW,API 6D
IOCL-MM-0001762,IOCL,VLV GT 10IN CL900 SS316 RF API6D,CAN-001526,DEPOT-IOCL-PRD,"Paradip Refinery, Odisha",50,4818850,107,GATE_VALVE,250.0,900,ASTM A182 F316,RF,API 6D
IOCL-MM-0001763,IOCL,VLV GT 4IN 900# A105 BW,CAN-001343,DEPOT-IOCL-MTH,"Mathura Refinery, Uttar Pradesh",24,457580,78,GATE_VALVE,100.0,900,ASTM A105,BW,API 600
IOCL-MM-0001764,IOCL,FLG BLD 1/2IN CL900 SS316 RF,CAN-000423,DEPOT-IOCL-GWT,"Guwahati Refinery, Assam",0,12430,0,FLANGE_BLIND,15.0,900,ASTM A182 F316,RF,ASME B16.5
IOCL-MM-0001765,IOCL,FLG BLD 3IN CL900 SS316 RF,CAN-000543,DEPOT-IOCL-MTH,"Mathura Refinery, Uttar Pradesh",100,109550,186,FLANGE_BLIND,80.0,900,ASTM A182 F316,RF,ASME B16.5
IOCL-MM-0001766,IOCL,VLV GT 2IN CL900 SS316 BW API6D,CAN-001228,DEPOT-IOCL-GWT,"Guwahati Refinery, Assam",9,594670,88,GATE_VALVE,50.0,900,ASTM A182 F316,BW,API 6D
IOCL-MM-0001767,IOCL,FLG BLD 2IN 150# SS316 RF,CAN-000495,DEPOT-IOCL-MTH,"Mathura Refinery, Uttar Pradesh",83,14180,363,FLANGE_BLIND,50.0,150,ASTM A182 F316,RF,ASME B16.5
IOCL-MM-0001768,IOCL,STUDBLT 3IN 150# B7/2H THRD ASMEB18.2.1,CAN-002141,DEPOT-IOCL-KYL,"Koyali Refinery, Gujarat",104,1580,271,STUD_BOLT,80.0,150,ASTM A193 B7 / A194 2H,THRD,ASME B18.2.1
IOCL-MM-0001769,IOCL,FLG BLD 10IN 600# A350-LF2 RF,CAN-000655,DEPOT-IOCL-PRD,"Paradip Refinery, Odisha",119,174190,597,FLANGE_BLIND,250.0,600,ASTM A350 LF2,RF,ASME B16.5
IOCL-MM-0001770,IOCL,FLG BLD 8IN 1500LB A105 RTJ ASMEB16.5,CAN-000636,DEPOT-IOCL-GWT,"Guwahati Refinery, Assam",0,169540,0,FLANGE_BLIND,200.0,1500,ASTM A105,RTJ,ASME B16.5
IOCL-MM-0001771,IOCL,FLG BLD 1IN 1500LB A350-LF2 RF ASMEB16.5,CAN-000457,DEPOT-IOCL-KYL,"Koyali Refinery, Gujarat",147,18170,272,FLANGE_BLIND,25.0,1500,ASTM A350 LF2,RF,ASME B16.5
IOCL-MM-0001772,IOCL,VLV GT 12IN 150# SS316 BW API600,CAN-001551,DEPOT-IOCL-MTH,"Mathura Refinery, Uttar Pradesh",0,1456650,0,GATE_VALVE,300.0,150,ASTM A182 F316,BW,API 600
IOCL-MM-0001773,IOCL,FLG BLD 12IN CL1500 A350-LF2 RTJ ASMEB16.5,CAN-000698,DEPOT-IOCL-PNP,"Panipat Refinery, Haryana",6,459540,87,FLANGE_BLIND,300.0,1500,ASTM A350 LF2,RTJ,ASME B16.5
IOCL-MM-0001774,IOCL,FLG SO 1.5IN 300# A105 FF,CAN-000768,DEPOT-IOCL-PNP,"Panipat Refinery, Haryana",11,5130,31,FLANGE_SLIP_ON,40.0,300,ASTM A105,FF,ASME B16.5
IOCL-MM-0001775,IOCL,GSKT SPWD 4IN 600# SS316/GRAF RF,CAN-002055,DEPOT-IOCL-PRD,"Paradip Refinery, Odisha",0,38220,0,SPIRAL_WOUND_GASKET,100.0,600,SS316 / GRAPHITE,RF,ASME B16.20
IOCL-MM-0001776,IOCL,VLV BL 8IN 600LB WCB BW API6D,CAN-001750,DEPOT-IOCL-PNP,"Panipat Refinery, Haryana",115,995600,251,BALL_VALVE,200.0,600,ASTM A216 WCB,BW,API 6D
IOCL-MM-0001777,IOCL,FLG BLD RTJ 6IN 900# A350-LF2,CAN-000602,DEPOT-IOCL-MTH,"Mathura Refinery, Uttar Pradesh",27,124020,22,FLANGE_BLIND,150.0,900,ASTM A350 LF2,RTJ,ASME B16.5
IOCL-MM-0001778,IOCL,FLG WN 6IN CL900 SS304 RF,CAN-000269,DEPOT-IOCL-PRD,"Paradip Refinery, Odisha",0,227370,0,FLANGE_WELD_NECK,150.0,900,ASTM A182 F304,RF,ASME B16.5
IOCL-MM-0001779,IOCL,VLV GT 10IN 150LB SS316 RF,CAN-001489,DEPOT-IOCL-MTH,"Mathura Refinery, Uttar Pradesh",33,1149270,13,GATE_VALVE,250.0,150,ASTM A182 F316,RF,API 600
IOCL-MM-0001780,IOCL,FLG SO 3IN CL600 SS304 FF ASMEB16.5,CAN-000836,DEPOT-IOCL-PRD,"Paradip Refinery, Odisha",50,52800,499,FLANGE_SLIP_ON,80.0,600,ASTM A182 F304,FF,ASME B16.5
IOCL-MM-0001781,IOCL,STUDBLT 4IN 900LB B7/2H THRD ASMEB18.2.1,CAN-002157,DEPOT-IOCL-MTH,"Mathura Refinery, Uttar Pradesh",15,8890,22,STUD_BOLT,100.0,900,ASTM A193 B7 / A194 2H,THRD,ASME B18.2.1
IOCL-MM-0001782,IOCL,VLV GLB 1/2IN 150LB WCB RF BS1873,CAN-001801,DEPOT-IOCL-MTH,"Mathura Refinery, Uttar Pradesh",106,12350,645,GLOBE_VALVE,15.0,150,ASTM A216 WCB,RF,BS 1873
IOCL-MM-0001783,IOCL,STUDBLT 1/2IN CL150 B7/2H THRD,CAN-002101,DEPOT-IOCL-KYL,"Koyali Refinery, Gujarat",49,180,747,STUD_BOLT,15.0,150,ASTM A193 B7 / A194 2H,THRD,ASME B18.2.1
IOCL-MM-0001784,IOCL,VLV BL 10IN 600# SS316 RF API6D,CAN-001771,DEPOT-IOCL-GWT,"Guwahati Refinery, Assam",0,4258140,0,BALL_VALVE,250.0,600,ASTM A182 F316,RF,API 6D
IOCL-MM-0001785,IOCL,FLG BLD 8IN 1500LB SS316 RF ASMEB16.5,CAN-000639,DEPOT-IOCL-KYL,"Koyali Refinery, Gujarat",0,542540,0,FLANGE_BLIND,200.0,1500,ASTM A182 F316,RF,ASME B16.5
IOCL-MM-0001786,IOCL,FLG BLD 8IN 900# SS316 RF,CAN-000633,DEPOT-IOCL-KYL,"Koyali Refinery, Gujarat",45,360540,712,FLANGE_BLIND,200.0,900,ASTM A182 F316,RF,ASME B16.5
IOCL-MM-0001787,IOCL,VLV GT 12IN 600# A105 BW,CAN-001572,DEPOT-IOCL-GWT,"Guwahati Refinery, Assam",120,1379920,739,GATE_VALVE,300.0,600,ASTM A105,BW,API 6D
IOCL-MM-0001788,IOCL,FLG SO 1.5IN CL150 A105 FF ASMEB16.5,CAN-000762,DEPOT-IOCL-GWT,"Guwahati Refinery, Assam",0,2940,0,FLANGE_SLIP_ON,40.0,150,ASTM A105,FF,ASME B16.5
IOCL-MM-0001789,IOCL,FLG SO 12IN 150# SS304 FF ASMEB16.5,CAN-000974,DEPOT-IOCL-KYL,"Koyali Refinery, Gujarat",29,97110,20,FLANGE_SLIP_ON,300.0,150,ASTM A182 F304,FF,ASME B16.5
IOCL-MM-0001790,IOCL,FLG BLD 4IN 600LB A350-LF2 RF ASMEB16.5,CAN-000565,DEPOT-IOCL-PNP,"Panipat Refinery, Haryana",35,52930,88,FLANGE_BLIND,100.0,600,ASTM A350 LF2,RF,ASME B16.5
IOCL-MM-0001791,IOCL,VLV GT 1/2IN 1500LB A105 RF API6D,CAN-001054,DEPOT-IOCL-GWT,"Guwahati Refinery, Assam",34,58460,720,GATE_VALVE,15.0,1500,ASTM A105,RF,API 6D
IOCL-MM-0001792,IOCL,FLG BLD 1IN 600# A350-LF2 RF ASMEB16.5,CAN-000445,DEPOT-IOCL-PNP,"Panipat Refinery, Haryana",42,8730,105,FLANGE_BLIND,25.0,600,ASTM A350 LF2,RF,ASME B16.5
IOCL-MM-0001793,IOCL,VLV GT 2IN CL150 A105 RF,CAN-001185,DEPOT-IOCL-GWT,"Guwahati Refinery, Assam",27,44320,228,GATE_VALVE,50.0,150,ASTM A105,RF,API 600
IOCL-MM-0001794,IOCL,GSKT SPWD 4IN 300LB SS316/GRAF RF ASMEB16.20,CAN-002053,DEPOT-IOCL-GWT,"Guwahati Refinery, Assam",33,21950,624,SPIRAL_WOUND_GASKET,100.0,300,SS316 / GRAPHITE,RF,ASME B16.20
IOCL-MM-0001795,IOCL,VLV GT 10IN CL1500 WCB BW,CAN-001532,DEPOT-IOCL-MTH,"Mathura Refinery, Uttar Pradesh",48,2266060,99,GATE_VALVE,250.0,1500,ASTM A216 WCB,BW,API 6D
IOCL-MM-0001796,IOCL,FLG WN 8IN 600# SS316 RF ASMEB16.5,CAN-000303,DEPOT-IOCL-MTH,"Mathura Refinery, Uttar Pradesh",101,318590,254,FLANGE_WELD_NECK,200.0,600,ASTM A182 F316,RF,ASME B16.5
IOCL-MM-0001797,IOCL,VLV GT 4IN CL1500 A105 BW API600,CAN-001355,DEPOT-IOCL-MTH,"Mathura Refinery, Uttar Pradesh",44,688570,11,GATE_VALVE,100.0,1500,ASTM A105,BW,API 600
IOCL-MM-0001798,IOCL,VLV GT 3IN 1500# WCB BW,CAN-001292,DEPOT-IOCL-MTH,"Mathura Refinery, Uttar Pradesh",49,515190,477,GATE_VALVE,80.0,1500,ASTM A216 WCB,BW,API 6D
IOCL-MM-0001799,IOCL,FLG BLD 3IN 600# A105 RTJ,CAN-000534,DEPOT-IOCL-GWT,"Guwahati Refinery, Assam",119,24750,413,FLANGE_BLIND,80.0,600,ASTM A105,RTJ,ASME B16.5
IOCL-MM-0001800,IOCL,VLV GT 8IN 1500LB A105 RF,CAN-001474,DEPOT-IOCL-KYL,"Koyali Refinery, Gujarat",0,1695460,0,GATE_VALVE,200.0,1500,ASTM A105,RF,API 6D
IOCL-MM-0001801,IOCL,VLV GT 1.5IN 1500# WCB RF,CAN-001169,DEPOT-IOCL-PRD,"Paradip Refinery, Odisha",32,209230,97,GATE_VALVE,40.0,1500,ASTM A216 WCB,RF,API 600
IOCL-MM-0001802,IOCL,VLV GT 6IN CL900 A105 BW,CAN-001404,DEPOT-IOCL-GWT,"Guwahati Refinery, Assam",0,775150,0,GATE_VALVE,150.0,900,ASTM A105,BW,API 6D
IOCL-MM-0001803,IOCL,FLG WN 1.5IN CL1500 A350-LF2 RTJ ASMEB16.5,CAN-000116,DEPOT-IOCL-PNP,"Panipat Refinery, Haryana",31,40910,58,FLANGE_WELD_NECK,40.0,1500,ASTM A350 LF2,RTJ,ASME B16.5
IOCL-MM-0001804,IOCL,FLG SO 6IN 1500LB SS316 FF,CAN-000910,DEPOT-IOCL-MTH,"Mathura Refinery, Uttar Pradesh",144,331790,439,FLANGE_SLIP_ON,150.0,1500,ASTM A182 F316,FF,ASME B16.5
IOCL-MM-0001805,IOCL,VLV GT 12IN CL900 WCB BW API600,CAN-001579,DEPOT-IOCL-KYL,"Koyali Refinery, Gujarat",0,1908660,0,GATE_VALVE,300.0,900,ASTM A216 WCB,BW,API 600
IOCL-MM-0001806,IOCL,FLG WN RTJ 4IN 600LB SS304,CAN-000222,DEPOT-IOCL-PNP,"Panipat Refinery, Haryana",12,97040,30,FLANGE_WELD_NECK,100.0,600,ASTM A182 F304,RTJ,ASME B16.5
IOCL-MM-0001807,IOCL,VLV BL 3IN 900LB SS316 BW API6D,CAN-001696,DEPOT-IOCL-PRD,"Paradip Refinery, Odisha",21,1339020,97,BALL_VALVE,80.0,900,ASTM A182 F316,BW,API 6D
IOCL-MM-0001808,IOCL,FLG WN 1/2IN CL300 A350-LF2 RTJ ASMEB16.5,CAN-000012,DEPOT-IOCL-PRD,"Paradip Refinery, Odisha",41,3150,43,FLANGE_WELD_NECK,15.0,300,ASTM A350 LF2,RTJ,ASME B16.5
IOCL-MM-0001809,IOCL,VLV GT 2IN 600# A105 BW,CAN-001211,DEPOT-IOCL-KYL,"Koyali Refinery, Gujarat",71,134350,268,GATE_VALVE,50.0,600,ASTM A105,BW,API 600
IOCL-MM-0001810,IOCL,GSKT SPWD 3IN CL600 SS316/GRAF RF,CAN-002045,DEPOT-IOCL-MTH,"Mathura Refinery, Uttar Pradesh",0,28600,0,SPIRAL_WOUND_GASKET,80.0,600,SS316 / GRAPHITE,RF,ASME B16.20
IOCL-MM-0001811,IOCL,FLG SO 6IN 600# SS304 FF,CAN-000896,DEPOT-IOCL-PNP,"Panipat Refinery, Haryana",0,119550,0,FLANGE_SLIP_ON,150.0,600,ASTM A182 F304,FF,ASME B16.5
IOCL-MM-0001812,IOCL,GSKT SPWD 4IN 900# SS304/GRAF RF,CAN-002058,DEPOT-IOCL-MTH,"Mathura Refinery, Uttar Pradesh",0,39650,0,SPIRAL_WOUND_GASKET,100.0,900,SS304 / GRAPHITE,RF,ASME B16.20
IOCL-MM-0001813,IOCL,VLV GLB 6IN CL900 WCB RF,CAN-001933,DEPOT-IOCL-MTH,"Mathura Refinery, Uttar Pradesh",28,1033540,66,GLOBE_VALVE,150.0,900,ASTM A216 WCB,RF,BS 1873
IOCL-MM-0001814,IOCL,VLV GT 1/2IN CL1500 WCB BW API600,CAN-001051,DEPOT-IOCL-PRD,"Paradip Refinery, Odisha",148,58460,373,GATE_VALVE,15.0,1500,ASTM A216 WCB,BW,API 600
IOCL-MM-0001815,IOCL,FLG BLD 1IN 300# A350-LF2 RF,CAN-000439,DEPOT-IOCL-PNP,"Panipat Refinery, Haryana",14,5010,53,FLANGE_BLIND,25.0,300,ASTM A350 LF2,RF,ASME B16.5
IOCL-MM-0001816,IOCL,STUDBLT 1.5IN 150LB B7/2H THRD,CAN-002121,DEPOT-IOCL-GWT,"Guwahati Refinery, Assam",46,640,17,STUD_BOLT,40.0,150,ASTM A193 B7 / A194 2H,THRD,ASME B18.2.1
IOCL-MM-0001817,IOCL,FLG SO 1/2IN 300LB A105 RF ASMEB16.5,CAN-000707,DEPOT-IOCL-GWT,"Guwahati Refinery, Assam",19,1430,33,FLANGE_SLIP_ON,15.0,300,ASTM A105,RF,ASME B16.5
IOCL-MM-0001818,IOCL,VLV GT 8IN CL150 WCB RF API600,CAN-001421,DEPOT-IOCL-KYL,"Koyali Refinery, Gujarat",0,268710,0,GATE_VALVE,200.0,150,ASTM A216 WCB,RF,API 600
IOCL-MM-0001819,IOCL,VLV GLB 12IN 1500LB WCB RF ASMEB16.34,CAN-001998,DEPOT-IOCL-MTH,"Mathura Refinery, Uttar Pradesh",23,3829540,81,GLOBE_VALVE,300.0,1500,ASTM A216 WCB,RF,ASME B16.34
IOCL-MM-0001820,IOCL,FLG WNRF 3IN 1500# SS304,CAN-000197,DEPOT-IOCL-PNP,"Panipat Refinery, Haryana",0,151120,0,FLANGE_WELD_NECK,80.0,1500,ASTM A182 F304,RF,ASME B16.5
IOCL-MM-0001821,IOCL,VLV GT 3IN 300# SS316 BW,CAN-001264,DEPOT-IOCL-PRD,"Paradip Refinery, Odisha",0,454920,0,GATE_VALVE,80.0,300,ASTM A182 F316,BW,API 6D
IOCL-MM-0001822,IOCL,VLV GT 1.5IN CL1500 SS316 RF API6D,CAN-001178,DEPOT-IOCL-GWT,"Guwahati Refinery, Assam",14,669540,23,GATE_VALVE,40.0,1500,ASTM A182 F316,RF,API 6D
IOCL-MM-0001823,IOCL,VLV GT 12IN CL1500 WCB BW API600,CAN-001591,DEPOT-IOCL-KYL,"Koyali Refinery, Gujarat",0,2872150,0,GATE_VALVE,300.0,1500,ASTM A216 WCB,BW,API 600
IOCL-MM-0001824,IOCL,GSKT SPWD 6IN 150# SS316/GRAF RF,CAN-002061,DEPOT-IOCL-PRD,"Paradip Refinery, Odisha",0,21360,0,SPIRAL_WOUND_GASKET,150.0,150,SS316 / GRAPHITE,RF,ASME B16.20
IOCL-MM-0001825,IOCL,GSKT SPWD 1/2IN 1500# SS304/GRAF RF,CAN-002010,DEPOT-IOCL-PNP,"Panipat Refinery, Haryana",9,5060,12,SPIRAL_WOUND_GASKET,15.0,1500,SS304 / GRAPHITE,RF,ASME B16.20
IOCL-MM-0001826,IOCL,FLG WN 12IN CL900 A105 RTJ,CAN-000386,DEPOT-IOCL-PRD,"Paradip Refinery, Odisha",23,233280,97,FLANGE_WELD_NECK,300.0,900,ASTM A105,RTJ,ASME B16.5
IOCL-MM-0001827,IOCL,VLV GLB 8IN CL150 WCB RF BS1873,CAN-001941,DEPOT-IOCL-MTH,"Mathura Refinery, Uttar Pradesh",44,358280,42,GLOBE_VALVE,200.0,150,ASTM A216 WCB,RF,BS 1873
IOCL-MM-0001828,IOCL,FLG WN 12IN 900LB A350-LF2 RF,CAN-000387,DEPOT-IOCL-KYL,"Koyali Refinery, Gujarat",59,373240,645,FLANGE_WELD_NECK,300.0,900,ASTM A350 LF2,RF,ASME B16.5
IOCL-MM-0001829,IOCL,GSKT SPWD 1.5IN CL300 SS304/GRAF RF,CAN-002024,DEPOT-IOCL-MTH,"Mathura Refinery, Uttar Pradesh",0,5000,0,SPIRAL_WOUND_GASKET,40.0,300,SS304 / GRAPHITE,RF,ASME B16.20
IOCL-MM-0001830,IOCL,STUDBLT 12IN CL300 L7/GR7 THRD,CAN-002194,DEPOT-IOCL-KYL,"Koyali Refinery, Gujarat",61,24650,556,STUD_BOLT,300.0,300,ASTM A320 L7 / A194 7,THRD,ASME B18.2.1
IOCL-MM-0001831,IOCL,FLG SO 4IN CL900 SS316 FF ASMEB16.5,CAN-000874,DEPOT-IOCL-GWT,"Guwahati Refinery, Assam",0,130150,0,FLANGE_SLIP_ON,100.0,900,ASTM A182 F316,FF,ASME B16.5
IOCL-MM-0001832,IOCL,VLV GT 1IN 600LB A105 RF,CAN-001090,DEPOT-IOCL-PRD,"Paradip Refinery, Odisha",122,54560,308,GATE_VALVE,25.0,600,ASTM A105,RF,API 6D
IOCL-MM-0001833,IOCL,GSKT SPWD 6IN CL150 SS316/GRAF RF ASMEB16.20,CAN-002061,DEPOT-IOCL-KYL,"Koyali Refinery, Gujarat",31,21360,68,SPIRAL_WOUND_GASKET,150.0,150,SS316 / GRAPHITE,RF,ASME B16.20
IOCL-MM-0001834,IOCL,STUDBLT 1IN CL900 B7/2H THRD,CAN-002117,DEPOT-IOCL-KYL,"Koyali Refinery, Gujarat",26,1460,51,STUD_BOLT,25.0,900,ASTM A193 B7 / A194 2H,THRD,ASME B18.2.1
IOCL-MM-0001835,IOCL,GSKT SPWD 2IN CL900 SS304/GRAF RF ASMEB16.20,CAN-002038,DEPOT-IOCL-PRD,"Paradip Refinery, Odisha",0,16100,0,SPIRAL_WOUND_GASKET,50.0,900,SS304 / GRAPHITE,RF,ASME B16.20
IOCL-MM-0001836,IOCL,VLV GLB 6IN 600# WCB RF,CAN-001929,DEPOT-IOCL-PRD,"Paradip Refinery, Odisha",0,747230,0,GLOBE_VALVE,150.0,600,ASTM A216 WCB,RF,BS 1873
IOCL-MM-0001837,IOCL,FLG WN 1/2IN CL600 SS304 RF,CAN-000021,DEPOT-IOCL-KYL,"Koyali Refinery, Gujarat",31,8230,57,FLANGE_WELD_NECK,15.0,600,ASTM A182 F304,RF,ASME B16.5
IOCL-MM-0001838,IOCL,VLV GT 3IN CL150 SS316 RF API6D,CAN-001250,DEPOT-IOCL-KYL,"Koyali Refinery, Gujarat",0,261280,0,GATE_VALVE,80.0,150,ASTM A182 F316,RF,API 6D
IOCL-MM-0001839,IOCL,FLG WNRF 4IN 1500# SS304,CAN-000237,DEPOT-IOCL-PRD,"Paradip Refinery, Odisha",17,201980,37,FLANGE_WELD_NECK,100.0,1500,ASTM A182 F304,RF,ASME B16.5
IOCL-MM-0001840,IOCL,STUDBLT 6IN 300LB B7/2H THRD,CAN-002163,DEPOT-IOCL-MTH,"Mathura Refinery, Uttar Pradesh",38,6250,65,STUD_BOLT,150.0,300,ASTM A193 B7 / A194 2H,THRD,ASME B18.2.1
IOCL-MM-0001841,IOCL,FLG BLD 8IN 600# SS316 RF,CAN-000627,DEPOT-IOCL-PNP,"Panipat Refinery, Haryana",29,260660,82,FLANGE_BLIND,200.0,600,ASTM A182 F316,RF,ASME B16.5
IOCL-MM-0001842,IOCL,STUDBLT 8IN CL900 B7/2H THRD ASMEB18.2.1,CAN-002177,DEPOT-IOCL-PRD,"Paradip Refinery, Odisha",122,21900,382,STUD_BOLT,200.0,900,ASTM A193 B7 / A194 2H,THRD,ASME B18.2.1
IOCL-MM-0001843,IOCL,VLV GT 2IN 300# WCB BW,CAN-001196,DEPOT-IOCL-KYL,"Koyali Refinery, Gujarat",0,77160,0,GATE_VALVE,50.0,300,ASTM A216 WCB,BW,API 6D
IOCL-MM-0001844,IOCL,VLV GT 1IN CL600 WCB BW API600,CAN-001087,DEPOT-IOCL-KYL,"Koyali Refinery, Gujarat",44,54560,77,GATE_VALVE,25.0,600,ASTM A216 WCB,BW,API 600
IOCL-MM-0001845,IOCL,GSKT SPWD 6IN CL600 SS316/GRAF RF,CAN-002065,DEPOT-IOCL-PNP,"Panipat Refinery, Haryana",9,64760,20,SPIRAL_WOUND_GASKET,150.0,600,SS316 / GRAPHITE,RF,ASME B16.20
IOCL-MM-0001846,IOCL,VLV GLB 2IN 900# WCB RF BS1873,CAN-001873,DEPOT-IOCL-PNP,"Panipat Refinery, Haryana",10,247780,50,GLOBE_VALVE,50.0,900,ASTM A216 WCB,RF,BS 1873
IOCL-MM-0001847,IOCL,VLV GT 1/2IN 600LB A105 RF API6D,CAN-001030,DEPOT-IOCL-MTH,"Mathura Refinery, Uttar Pradesh",98,28080,247,GATE_VALVE,15.0,600,ASTM A105,RF,API 6D
IOCL-MM-0001848,IOCL,FLG BLD 1/2IN 1500LB A105 RF,CAN-000425,DEPOT-IOCL-GWT,"Guwahati Refinery, Assam",33,5840,70,FLANGE_BLIND,15.0,1500,ASTM A105,RF,ASME B16.5
IOCL-MM-0001849,IOCL,FLG WN 6IN 150LB SS316 RTJ ASMEB16.5,CAN-000248,DEPOT-IOCL-PNP,"Panipat Refinery, Haryana",60,72300,335,FLANGE_WELD_NECK,150.0,150,ASTM A182 F316,RTJ,ASME B16.5
IOCL-MM-0001850,IOCL,FLG WN RTJ 10IN 1500# SS304,CAN-000358,DEPOT-IOCL-PRD,"Paradip Refinery, Odisha",40,664710,80,FLANGE_WELD_NECK,250.0,1500,ASTM A182 F304,RTJ,ASME B16.5
IOCL-MM-0001851,IOCL,VLV GT 1/2IN CL150 SS316 RF,CAN-001010,DEPOT-IOCL-GWT,"Guwahati Refinery, Assam",20,29640,24,GATE_VALVE,15.0,150,ASTM A182 F316,RF,API 6D
IOCL-MM-0001852,IOCL,FLG BLD 4IN CL600 A350-LF2 RTJ,CAN-000566,DEPOT-IOCL-PNP,"Panipat Refinery, Haryana",54,52930,570,FLANGE_BLIND,100.0,600,ASTM A350 LF2,RTJ,ASME B16.5
IOCL-MM-0001853,IOCL,FLG BLD RTJ 1/2IN 300LB A350-LF2 ASMEB16.5,CAN-000410,DEPOT-IOCL-PNP,"Panipat Refinery, Haryana",28,2580,66,FLANGE_BLIND,15.0,300,ASTM A350 LF2,RTJ,ASME B16.5
IOCL-MM-0001854,IOCL,VLV BL 1IN CL150 WCB RF,CAN-001621,DEPOT-IOCL-KYL,"Koyali Refinery, Gujarat",145,22000,532,BALL_VALVE,25.0,150,ASTM A216 WCB,RF,API 6D
IOCL-MM-0001855,IOCL,VLV BL 6IN 1500LB SS316 BW,CAN-001740,DEPOT-IOCL-GWT,"Guwahati Refinery, Assam",0,4562140,0,BALL_VALVE,150.0,1500,ASTM A182 F316,BW,API 6D
IOCL-MM-0001856,IOCL,VLV GT 3IN 150# SS316 RF,CAN-001250,DEPOT-IOCL-KYL,"Koyali Refinery, Gujarat",48,261280,381,GATE_VALVE,80.0,150,ASTM A182 F316,RF,API 6D
IOCL-MM-0001857,IOCL,VLV BL 2IN CL300 SS316 RF API6D,CAN-001667,DEPOT-IOCL-PNP,"Panipat Refinery, Haryana",36,301810,12,BALL_VALVE,50.0,300,ASTM A182 F316,RF,API 6D
IOCL-MM-0001858,IOCL,FLG WN 12IN CL900 A350-LF2 RF,CAN-000387,DEPOT-IOCL-MTH,"Mathura Refinery, Uttar Pradesh",21,373240,34,FLANGE_WELD_NECK,300.0,900,ASTM A350 LF2,RF,ASME B16.5
IOCL-MM-0001859,IOCL,VLV GLB 3IN CL150 A105 RF ASMEB16.34,CAN-001884,DEPOT-IOCL-PRD,"Paradip Refinery, Odisha",26,108860,681,GLOBE_VALVE,80.0,150,ASTM A105,RF,ASME B16.34
IOCL-MM-0001860,IOCL,VLV GLB 10IN 900LB WCB RF,CAN-001974,DEPOT-IOCL-PNP,"Panipat Refinery, Haryana",49,2007850,49,GLOBE_VALVE,250.0,900,ASTM A216 WCB,RF,ASME B16.34
IOCL-MM-0001861,IOCL,VLV GLB 1/2IN 1500LB A105 RF,CAN-001820,DEPOT-IOCL-KYL,"Koyali Refinery, Gujarat",22,77940,105,GLOBE_VALVE,15.0,1500,ASTM A105,RF,ASME B16.34
IOCL-MM-0001862,IOCL,VLV GT 1.5IN CL300 WCB RF,CAN-001134,DEPOT-IOCL-PNP,"Panipat Refinery, Haryana",7,57730,26,GATE_VALVE,40.0,300,ASTM A216 WCB,RF,API 6D
IOCL-MM-0001863,IOCL,FLG WNRF 3IN CL900 SS316,CAN-000191,DEPOT-IOCL-GWT,"Guwahati Refinery, Assam",35,133900,58,FLANGE_WELD_NECK,80.0,900,ASTM A182 F316,RF,ASME B16.5
IOCL-MM-0001864,IOCL,VLV GT 8IN 1500LB A105 RF API600,CAN-001473,DEPOT-IOCL-GWT,"Guwahati Refinery, Assam",26,1695460,56,GATE_VALVE,200.0,1500,ASTM A105,RF,API 600
IOCL-MM-0001865,IOCL,FLG BLD 1/2IN CL300 A105 RF,CAN-000407,DEPOT-IOCL-KYL,"Koyali Refinery, Gujarat",26,1610,26,FLANGE_BLIND,15.0,300,ASTM A105,RF,ASME B16.5
IOCL-MM-0001866,IOCL,FLG WN 8IN 900LB SS304 RTJ,CAN-000310,DEPOT-IOCL-KYL,"Koyali Refinery, Gujarat",10,330500,67,FLANGE_WELD_NECK,200.0,900,ASTM A182 F304,RTJ,ASME B16.5
IOCL-MM-0001867,IOCL,FLG SO 1/2IN CL300 SS316 FF ASMEB16.5,CAN-000712,DEPOT-IOCL-GWT,"Guwahati Refinery, Assam",49,4580,203,FLANGE_SLIP_ON,15.0,300,ASTM A182 F316,FF,ASME B16.5
IOCL-MM-0001868,IOCL,FLG BLD 3IN 1500# A105 RTJ ASMEB16.5,CAN-000546,DEPOT-IOCL-PNP,"Panipat Refinery, Haryana",0,51510,0,FLANGE_BLIND,80.0,1500,ASTM A105,RTJ,ASME B16.5
IOCL-MM-0001869,IOCL,FLG BLD RTJ 4IN 900# SS316,CAN-000574,DEPOT-IOCL-PNP,"Panipat Refinery, Haryana",22,146420,193,FLANGE_BLIND,100.0,900,ASTM A182 F316,RTJ,ASME B16.5
IOCL-MM-0001870,IOCL,FLG BLD 2IN CL1500 SS316 RF,CAN-000519,DEPOT-IOCL-PRD,"Paradip Refinery, Odisha",0,89480,0,FLANGE_BLIND,50.0,1500,ASTM A182 F316,RF,ASME B16.5
IOCL-MM-0001871,IOCL,VLV BL 1.5IN CL1500 SS316 RF,CAN-001659,DEPOT-IOCL-KYL,"Koyali Refinery, Gujarat",26,818330,110,BALL_VALVE,40.0,1500,ASTM A182 F316,RF,API 6D
IOCL-MM-0001872,IOCL,GSKT SPWD 12IN CL1500 SS316/GRAF RF ASMEB16.20,CAN-002099,DEPOT-IOCL-PNP,"Panipat Refinery, Haryana",0,331890,0,SPIRAL_WOUND_GASKET,300.0,1500,SS316 / GRAPHITE,RF,ASME B16.20
IOCL-MM-0001873,IOCL,FLG BLD 10IN 1500# A105 RF ASMEB16.5,CAN-000665,DEPOT-IOCL-PNP,"Panipat Refinery, Haryana",0,226600,0,FLANGE_BLIND,250.0,1500,ASTM A105,RF,ASME B16.5
IOCL-MM-0001874,IOCL,VLV GT 12IN CL1500 WCB BW,CAN-001591,DEPOT-IOCL-PNP,"Panipat Refinery, Haryana",48,2872150,39,GATE_VALVE,300.0,1500,ASTM A216 WCB,BW,API 600
IOCL-MM-0001875,IOCL,FLG WN RTJ 1/2IN 900# A105 ASMEB16.5,CAN-000026,DEPOT-IOCL-GWT,"Guwahati Refinery, Assam",17,4740,70,FLANGE_WELD_NECK,15.0,900,ASTM A105,RTJ,ASME B16.5
IOCL-MM-0001876,IOCL,VLV GT 8IN 300# A105 BW,CAN-001439,DEPOT-IOCL-KYL,"Koyali Refinery, Gujarat",16,467850,70,GATE_VALVE,200.0,300,ASTM A105,BW,API 600
IOCL-MM-0001877,IOCL,VLV GT 10IN 900LB SS316 RF,CAN-001525,DEPOT-IOCL-PRD,"Paradip Refinery, Odisha",35,4818850,633,GATE_VALVE,250.0,900,ASTM A182 F316,RF,API 600
IOCL-MM-0001878,IOCL,FLG WNRF 2IN 600# A105 ASMEB16.5,CAN-000137,DEPOT-IOCL-MTH,"Mathura Refinery, Uttar Pradesh",39,16420,83,FLANGE_WELD_NECK,50.0,600,ASTM A105,RF,ASME B16.5
IOCL-MM-0001879,IOCL,FLG WN 6IN 600# SS304 RF,CAN-000261,DEPOT-IOCL-PNP,"Panipat Refinery, Haryana",0,164390,0,FLANGE_WELD_NECK,150.0,600,ASTM A182 F304,RF,ASME B16.5
IOCL-MM-0001880,IOCL,FLG BLD 12IN 150LB SS316 RF,CAN-000675,DEPOT-IOCL-MTH,"Mathura Refinery, Uttar Pradesh",0,145660,0,FLANGE_BLIND,300.0,150,ASTM A182 F316,RF,ASME B16.5
IOCL-MM-0001881,IOCL,FLG SO 6IN CL300 SS316 FF,CAN-000892,DEPOT-IOCL-GWT,"Guwahati Refinery, Assam",37,91550,91,FLANGE_SLIP_ON,150.0,300,ASTM A182 F316,FF,ASME B16.5
IOCL-MM-0001882,IOCL,VLV GT 1IN 900LB SS316 RF API6D,CAN-001106,DEPOT-IOCL-GWT,"Guwahati Refinery, Assam",81,241510,723,GATE_VALVE,25.0,900,ASTM A182 F316,RF,API 6D
IOCL-MM-0001883,IOCL,VLV GLB 10IN 600# WCB RF,CAN-001970,DEPOT-IOCL-GWT,"Guwahati Refinery, Assam",15,1451640,18,GLOBE_VALVE,250.0,600,ASTM A216 WCB,RF,ASME B16.34
IOCL-MM-0001884,IOCL,VLV GT 12IN 150# A105 BW API6D,CAN-001548,DEPOT-IOCL-GWT,"Guwahati Refinery, Assam",35,455200,620,GATE_VALVE,300.0,150,ASTM A105,BW,API 6D
IOCL-MM-0001885,IOCL,FLG BLD 12IN 600# A350-LF2 RF,CAN-000685,DEPOT-IOCL-KYL,"Koyali Refinery, Gujarat",0,220780,0,FLANGE_BLIND,300.0,600,ASTM A350 LF2,RF,ASME B16.5
IOCL-MM-0001886,IOCL,FLG WN 6IN CL600 A350-LF2 RF ASMEB16.5,CAN-000259,DEPOT-IOCL-GWT,"Guwahati Refinery, Assam",43,109590,96,FLANGE_WELD_NECK,150.0,600,ASTM A350 LF2,RF,ASME B16.5
IOCL-MM-0001887,IOCL,GSKT SPWD 1IN 600# SS304/GRAF RF,CAN-002016,DEPOT-IOCL-GWT,"Guwahati Refinery, Assam",35,4720,57,SPIRAL_WOUND_GASKET,25.0,600,SS304 / GRAPHITE,RF,ASME B16.20
IOCL-MM-0001888,IOCL,FLG BLD RTJ 10IN 300LB A350-LF2,CAN-000650,DEPOT-IOCL-PRD,"Paradip Refinery, Odisha",68,100040,413,FLANGE_BLIND,250.0,300,ASTM A350 LF2,RTJ,ASME B16.5
IOCL-MM-0001889,IOCL,VLV GT 4IN CL1500 A105 RF API600,CAN-001353,DEPOT-IOCL-GWT,"Guwahati Refinery, Assam",34,688570,51,GATE_VALVE,100.0,1500,ASTM A105,RF,API 600
IOCL-MM-0001890,IOCL,FLG BLD 1.5IN 900LB SS316 RF,CAN-000483,DEPOT-IOCL-KYL,"Koyali Refinery, Gujarat",14,44490,104,FLANGE_BLIND,40.0,900,ASTM A182 F316,RF,ASME B16.5
IOCL-MM-0001891,IOCL,FLG WN RTJ 8IN 300LB SS304 ASMEB16.5,CAN-000294,DEPOT-IOCL-MTH,"Mathura Refinery, Uttar Pradesh",117,137230,332,FLANGE_WELD_NECK,200.0,300,ASTM A182 F304,RTJ,ASME B16.5
IOCL-MM-0001892,IOCL,FLG WN RTJ 10IN 600LB A105,CAN-000338,DEPOT-IOCL-MTH,"Mathura Refinery, Uttar Pradesh",0,133060,0,FLANGE_WELD_NECK,250.0,600,ASTM A105,RTJ,ASME B16.5
IOCL-MM-0001893,IOCL,VLV BL 1.5IN 300# WCB BW API6D,CAN-001646,DEPOT-IOCL-PNP,"Panipat Refinery, Haryana",14,70560,44,BALL_VALVE,40.0,300,ASTM A216 WCB,BW,API 6D
IOCL-MM-0001894,IOCL,VLV GT 4IN 600LB SS316 RF API600,CAN-001333,DEPOT-IOCL-KYL,"Koyali Refinery, Gujarat",24,1058640,116,GATE_VALVE,100.0,600,ASTM A182 F316,RF,API 600
IOCL-MM-0001895,IOCL,FLG SO 8IN CL150 SS316 RF ASMEB16.5,CAN-000915,DEPOT-IOCL-MTH,"Mathura Refinery, Uttar Pradesh",36,76430,65,FLANGE_SLIP_ON,200.0,150,ASTM A182 F316,RF,ASME B16.5
IOCL-MM-0001896,IOCL,VLV GT 2IN 600LB A105 RF,CAN-001209,DEPOT-IOCL-MTH,"Mathura Refinery, Uttar Pradesh",47,134350,17,GATE_VALVE,50.0,600,ASTM A105,RF,API 600
IOCL-MM-0001897,IOCL,VLV GT 1/2IN 600LB SS316 BW,CAN-001036,DEPOT-IOCL-PNP,"Panipat Refinery, Haryana",142,89880,476,GATE_VALVE,15.0,600,ASTM A182 F316,BW,API 6D
IOCL-MM-0001898,IOCL,VLV GT 2IN 150# WCB BW API600,CAN-001183,DEPOT-IOCL-KYL,"Koyali Refinery, Gujarat",126,44320,682,GATE_VALVE,50.0,150,ASTM A216 WCB,BW,API 600
IOCL-MM-0001899,IOCL,VLV GT 8IN 900# A105 RF,CAN-001462,DEPOT-IOCL-MTH,"Mathura Refinery, Uttar Pradesh",24,1126700,97,GATE_VALVE,200.0,900,ASTM A105,RF,API 6D
IOCL-MM-0001900,IOCL,FLG BLD 1.5IN CL900 A350-LF2 RF,CAN-000481,DEPOT-IOCL-PNP,"Panipat Refinery, Haryana",38,22240,46,FLANGE_BLIND,40.0,900,ASTM A350 LF2,RF,ASME B16.5
IOCL-MM-0001901,IOCL,FLG BLD 3IN 1500LB A105 RF,CAN-000545,DEPOT-IOCL-MTH,"Mathura Refinery, Uttar Pradesh",35,51510,18,FLANGE_BLIND,80.0,1500,ASTM A105,RF,ASME B16.5
IOCL-MM-0001902,IOCL,VLV BL 2IN 150# WCB RF,CAN-001661,DEPOT-IOCL-KYL,"Koyali Refinery, Gujarat",0,54170,0,BALL_VALVE,50.0,150,ASTM A216 WCB,RF,API 6D
IOCL-MM-0001903,IOCL,VLV GLB 6IN 150LB WCB RF,CAN-001921,DEPOT-IOCL-GWT,"Guwahati Refinery, Assam",35,246490,110,GLOBE_VALVE,150.0,150,ASTM A216 WCB,RF,BS 1873
IOCL-MM-0001904,IOCL,FLG WNRF 3IN 600LB SS304,CAN-000181,DEPOT-IOCL-GWT,"Guwahati Refinery, Assam",13,72600,51,FLANGE_WELD_NECK,80.0,600,ASTM A182 F304,RF,ASME B16.5
IOCL-MM-0001905,IOCL,FLG SO 12IN CL600 A105 RF,CAN-000983,DEPOT-IOCL-MTH,"Mathura Refinery, Uttar Pradesh",80,122660,435,FLANGE_SLIP_ON,300.0,600,ASTM A105,RF,ASME B16.5
IOCL-MM-0001906,IOCL,VLV GT 12IN 150LB SS316 RF,CAN-001549,DEPOT-IOCL-PNP,"Panipat Refinery, Haryana",11,1456650,59,GATE_VALVE,300.0,150,ASTM A182 F316,RF,API 600
IOCL-MM-0001907,IOCL,FLG WN 3IN 300# A350-LF2 RTJ ASMEB16.5,CAN-000172,DEPOT-IOCL-KYL,"Koyali Refinery, Gujarat",22,27800,18,FLANGE_WELD_NECK,80.0,300,ASTM A350 LF2,RTJ,ASME B16.5
IOCL-MM-0001908,IOCL,VLV GT 3IN 150LB WCB RF API6D,CAN-001242,DEPOT-IOCL-MTH,"Mathura Refinery, Uttar Pradesh",90,81650,326,GATE_VALVE,80.0,150,ASTM A216 WCB,RF,API 6D
IOCL-MM-0001909,IOCL,FLG WN 2IN 300LB SS316 RTJ ASMEB16.5,CAN-000136,DEPOT-IOCL-MTH,"Mathura Refinery, Uttar Pradesh",0,30180,0,FLANGE_WELD_NECK,50.0,300,ASTM A182 F316,RTJ,ASME B16.5
IOCL-MM-0001910,IOCL,VLV GT 2IN 600# WCB RF API600,CAN-001205,DEPOT-IOCL-PRD,"Paradip Refinery, Odisha",14,134350,110,GATE_VALVE,50.0,600,ASTM A216 WCB,RF,API 600
IOCL-MM-0001911,IOCL,VLV GT 1IN 1500LB A105 RF,CAN-001113,DEPOT-IOCL-KYL,"Koyali Refinery, Gujarat",71,113570,372,GATE_VALVE,25.0,1500,ASTM A105,RF,API 600
IOCL-MM-0001912,IOCL,VLV GT 3IN CL300 A105 BW,CAN-001260,DEPOT-IOCL-GWT,"Guwahati Refinery, Assam",69,142160,716,GATE_VALVE,80.0,300,ASTM A105,BW,API 6D
IOCL-MM-0001913,IOCL,FLG WN RTJ 10IN CL300 A105,CAN-000330,DEPOT-IOCL-KYL,"Koyali Refinery, Gujarat",22,76420,485,FLANGE_WELD_NECK,250.0,300,ASTM A105,RTJ,ASME B16.5
IOCL-MM-0001914,IOCL,FLG SO 1/2IN 900LB SS304 FF ASMEB16.5,CAN-000722,DEPOT-IOCL-GWT,"Guwahati Refinery, Assam",0,8280,0,FLANGE_SLIP_ON,15.0,900,ASTM A182 F304,FF,ASME B16.5
IOCL-MM-0001915,IOCL,VLV GT 1.5IN CL600 WCB RF,CAN-001145,DEPOT-IOCL-KYL,"Koyali Refinery, Gujarat",0,100520,0,GATE_VALVE,40.0,600,ASTM A216 WCB,RF,API 600
IOCL-MM-0001916,IOCL,FLG WN 6IN 300LB SS316 RTJ,CAN-000256,DEPOT-IOCL-KYL,"Koyali Refinery, Gujarat",40,125890,30,FLANGE_WELD_NECK,150.0,300,ASTM A182 F316,RTJ,ASME B16.5
IOCL-MM-0001917,IOCL,FLG BLD RTJ 1IN CL900 A350-LF2 ASMEB16.5,CAN-000452,DEPOT-IOCL-GWT,"Guwahati Refinery, Assam",17,12070,100,FLANGE_BLIND,25.0,900,ASTM A350 LF2,RTJ,ASME B16.5
IOCL-MM-0001918,IOCL,VLV GT 3IN CL900 A105 BW,CAN-001283,DEPOT-IOCL-MTH,"Mathura Refinery, Uttar Pradesh",25,342360,12,GATE_VALVE,80.0,900,ASTM A105,BW,API 600
IOCL-MM-0001919,IOCL,FLG WNRF 4IN 150# A105 ASMEB16.5,CAN-000201,DEPOT-IOCL-KYL,"Koyali Refinery, Gujarat",25,13330,116,FLANGE_WELD_NECK,100.0,150,ASTM A105,RF,ASME B16.5
IOCL-MM-0001920,IOCL,VLV GT 1.5IN CL150 WCB BW API600,CAN-001123,DEPOT-IOCL-PNP,"Panipat Refinery, Haryana",46,33160,51,GATE_VALVE,40.0,150,ASTM A216 WCB,BW,API 600
IOCL-MM-0001921,IOCL,VLV BL 10IN 1500LB SS316 BW API6D,CAN-001780,DEPOT-IOCL-PRD,"Paradip Refinery, Odisha",28,8862830,469,BALL_VALVE,250.0,1500,ASTM A182 F316,BW,API 6D
IOCL-MM-0001922,IOCL,FLG SO 12IN 1500LB SS304 FF,CAN-000998,DEPOT-IOCL-PRD,"Paradip Refinery, Odisha",0,612720,0,FLANGE_SLIP_ON,300.0,1500,ASTM A182 F304,FF,ASME B16.5
IOCL-MM-0001923,IOCL,VLV GT 1.5IN CL150 SS316 RF API6D,CAN-001130,DEPOT-IOCL-MTH,"Mathura Refinery, Uttar Pradesh",9,106110,27,GATE_VALVE,40.0,150,ASTM A182 F316,RF,API 6D
IOCL-MM-0001924,IOCL,VLV GT 1/2IN 150# A105 RF API600,CAN-001005,DEPOT-IOCL-MTH,"Mathura Refinery, Uttar Pradesh",80,9260,274,GATE_VALVE,15.0,150,ASTM A105,RF,API 600
IOCL-MM-0001925,IOCL,FLG WN 2IN 150LB SS316 RTJ ASMEB16.5,CAN-000128,DEPOT-IOCL-KYL,"Koyali Refinery, Gujarat",9,17330,73,FLANGE_WELD_NECK,50.0,150,ASTM A182 F316,RTJ,ASME B16.5
IOCL-MM-0001926,IOCL,VLV GT 1/2IN 300LB A105 RF,CAN-001018,DEPOT-IOCL-PRD,"Paradip Refinery, Odisha",30,16130,98,GATE_VALVE,15.0,300,ASTM A105,RF,API 6D
IOCL-MM-0001927,IOCL,VLV BL 10IN 900# SS316 BW,CAN-001776,DEPOT-IOCL-PNP,"Panipat Refinery, Haryana",134,5889700,342,BALL_VALVE,250.0,900,ASTM A182 F316,BW,API 6D
IOCL-MM-0001928,IOCL,VLV GT 12IN 1500# WCB BW,CAN-001592,DEPOT-IOCL-GWT,"Guwahati Refinery, Assam",0,2872150,0,GATE_VALVE,300.0,1500,ASTM A216 WCB,BW,API 6D
IOCL-MM-0001929,IOCL,FLG SO 4IN 900# SS304 FF,CAN-000872,DEPOT-IOCL-PRD,"Paradip Refinery, Odisha",0,97610,0,FLANGE_SLIP_ON,100.0,900,ASTM A182 F304,FF,ASME B16.5
IOCL-MM-0001930,IOCL,VLV BL 12IN CL1500 WCB RF,CAN-001797,DEPOT-IOCL-MTH,"Mathura Refinery, Uttar Pradesh",7,3510410,38,BALL_VALVE,300.0,1500,ASTM A216 WCB,RF,API 6D
IOCL-MM-0001931,IOCL,VLV BL 1.5IN 150# WCB RF,CAN-001641,DEPOT-IOCL-MTH,"Mathura Refinery, Uttar Pradesh",25,40530,59,BALL_VALVE,40.0,150,ASTM A216 WCB,RF,API 6D
IOCL-MM-0001932,IOCL,VLV GT 3IN CL600 SS316 RF,CAN-001273,DEPOT-IOCL-PNP,"Panipat Refinery, Haryana",23,792070,73,GATE_VALVE,80.0,600,ASTM A182 F316,RF,API 600
IOCL-MM-0001933,IOCL,FLG WN 1.5IN 600# A350-LF2 RTJ,CAN-000100,DEPOT-IOCL-PRD,"Paradip Refinery, Odisha",0,19650,0,FLANGE_WELD_NECK,40.0,600,ASTM A350 LF2,RTJ,ASME B16.5
IOCL-MM-0001934,IOCL,FLG SO 1IN 1500# SS304 FF,CAN-000758,DEPOT-IOCL-MTH,"Mathura Refinery, Uttar Pradesh",0,24220,0,FLANGE_SLIP_ON,25.0,1500,ASTM A182 F304,FF,ASME B16.5
IOCL-MM-0001935,IOCL,FLG WNRF 2IN 600LB SS304,CAN-000141,DEPOT-IOCL-PRD,"Paradip Refinery, Odisha",150,39410,348,FLANGE_WELD_NECK,50.0,600,ASTM A182 F304,RF,ASME B16.5
IOCL-MM-0001936,IOCL,STUDBLT 10IN 900LB L7/GR7 THRD ASMEB18.2.1,CAN-002188,DEPOT-IOCL-PRD,"Paradip Refinery, Odisha",0,46840,0,STUD_BOLT,250.0,900,ASTM A320 L7 / A194 7,THRD,ASME B18.2.1
IOCL-MM-0001937,IOCL,GSKT SPWD 4IN CL900 SS316/GRAF RF,CAN-002057,DEPOT-IOCL-GWT,"Guwahati Refinery, Assam",28,52870,75,SPIRAL_WOUND_GASKET,100.0,900,SS316 / GRAPHITE,RF,ASME B16.20
IOCL-MM-0001938,IOCL,FLG WN RTJ 2IN 900LB SS316 ASMEB16.5,CAN-000152,DEPOT-IOCL-PRD,"Paradip Refinery, Odisha",17,72680,51,FLANGE_WELD_NECK,50.0,900,ASTM A182 F316,RTJ,ASME B16.5
IOCL-MM-0001939,IOCL,GSKT SPWD 4IN 600LB SS316/GRAF RF ASMEB16.20,CAN-002055,DEPOT-IOCL-GWT,"Guwahati Refinery, Assam",33,38220,87,SPIRAL_WOUND_GASKET,100.0,600,SS316 / GRAPHITE,RF,ASME B16.20
IOCL-MM-0001940,IOCL,FLG WN 1IN CL900 SS304 RTJ,CAN-000070,DEPOT-IOCL-MTH,"Mathura Refinery, Uttar Pradesh",0,22130,0,FLANGE_WELD_NECK,25.0,900,ASTM A182 F304,RTJ,ASME B16.5
IOCL-MM-0001941,IOCL,FLG SO 6IN 900# A105 FF ASMEB16.5,CAN-000900,DEPOT-IOCL-PNP,"Panipat Refinery, Haryana",72,68900,384,FLANGE_SLIP_ON,150.0,900,ASTM A105,FF,ASME B16.5
IOCL-MM-0001942,IOCL,VLV BL 3IN CL600 SS316 BW,CAN-001692,DEPOT-IOCL-GWT,"Guwahati Refinery, Assam",74,968080,490,BALL_VALVE,80.0,600,ASTM A182 F316,BW,API 6D
IOCL-MM-0001943,IOCL,VLV BL 3IN 300LB WCB RF,CAN-001685,DEPOT-IOCL-MTH,"Mathura Refinery, Uttar Pradesh",21,173750,37,BALL_VALVE,80.0,300,ASTM A216 WCB,RF,API 6D
IOCL-MM-0001944,IOCL,STUDBLT 4IN CL300 B7/2H THRD ASMEB18.2.1,CAN-002153,DEPOT-IOCL-PNP,"Panipat Refinery, Haryana",0,3690,0,STUD_BOLT,100.0,300,ASTM A193 B7 / A194 2H,THRD,ASME B18.2.1
IOCL-MM-0001945,IOCL,VLV GT 8IN 150# WCB RF,CAN-001421,DEPOT-IOCL-MTH,"Mathura Refinery, Uttar Pradesh",29,268710,102,GATE_VALVE,200.0,150,ASTM A216 WCB,RF,API 600
IOCL-MM-0001946,IOCL,FLG SO 8IN 600LB SS304 RF,CAN-000925,DEPOT-IOCL-KYL,"Koyali Refinery, Gujarat",15,173770,72,FLANGE_SLIP_ON,200.0,600,ASTM A182 F304,RF,ASME B16.5
IOCL-MM-0001947,IOCL,STUDBLT 10IN 600LB B7/2H THRD,CAN-002185,DEPOT-IOCL-GWT,"Guwahati Refinery, Assam",83,21160,259,STUD_BOLT,250.0,600,ASTM A193 B7 / A194 2H,THRD,ASME B18.2.1
IOCL-MM-0001948,IOCL,FLG SO 3IN CL900 SS304 FF ASMEB16.5,CAN-000842,DEPOT-IOCL-PNP,"Panipat Refinery, Haryana",32,73030,191,FLANGE_SLIP_ON,80.0,900,ASTM A182 F304,FF,ASME B16.5
IOCL-MM-0001949,IOCL,VLV GLB 4IN 900LB WCB RF,CAN-001914,DEPOT-IOCL-GWT,"Guwahati Refinery, Assam",41,610110,30,GLOBE_VALVE,100.0,900,ASTM A216 WCB,RF,ASME B16.34
IOCL-MM-0001950,IOCL,VLV GLB 12IN 900# A105 RF BS1873,CAN-001995,DEPOT-IOCL-MTH,"Mathura Refinery, Uttar Pradesh",32,2544880,104,GLOBE_VALVE,300.0,900,ASTM A105,RF,BS 1873
IOCL-MM-0001951,IOCL,FLG SO 3IN 300LB A105 RF ASMEB16.5,CAN-000827,DEPOT-IOCL-KYL,"Koyali Refinery, Gujarat",24,12630,108,FLANGE_SLIP_ON,80.0,300,ASTM A105,RF,ASME B16.5
IOCL-MM-0001952,IOCL,VLV GT 10IN 300# SS316 BW,CAN-001503,DEPOT-IOCL-GWT,"Guwahati Refinery, Assam",0,2000990,0,GATE_VALVE,250.0,300,ASTM A182 F316,BW,API 600
IOCL-MM-0001953,IOCL,VLV GT 8IN 600LB SS316 BW,CAN-001456,DEPOT-IOCL-MTH,"Mathura Refinery, Uttar Pradesh",0,2606670,0,GATE_VALVE,200.0,600,ASTM A182 F316,BW,API 6D
IOCL-MM-0001954,IOCL,VLV GT 2IN CL150 A105 BW,CAN-001187,DEPOT-IOCL-PNP,"Panipat Refinery, Haryana",141,44320,358,GATE_VALVE,50.0,150,ASTM A105,BW,API 600
IOCL-MM-0001955,IOCL,VLV GT 8IN 300# A105 RF API6D,CAN-001438,DEPOT-IOCL-MTH,"Mathura Refinery, Uttar Pradesh",42,467850,98,GATE_VALVE,200.0,300,ASTM A105,RF,API 6D
IOCL-MM-0001956,IOCL,FLG SO 1.5IN CL150 SS316 FF ASMEB16.5,CAN-000766,DEPOT-IOCL-PNP,"Panipat Refinery, Haryana",142,9430,244,FLANGE_SLIP_ON,40.0,150,ASTM A182 F316,FF,ASME B16.5
IOCL-MM-0001957,IOCL,FLG WN 12IN CL1500 A105 RF ASMEB16.5,CAN-000393,DEPOT-IOCL-KYL,"Koyali Refinery, Gujarat",6,351040,14,FLANGE_WELD_NECK,300.0,1500,ASTM A105,RF,ASME B16.5
IOCL-MM-0001958,IOCL,VLV GT 2IN 150LB WCB RF,CAN-001182,DEPOT-IOCL-KYL,"Koyali Refinery, Gujarat",5,44320,83,GATE_VALVE,50.0,150,ASTM A216 WCB,RF,API 6D
IOCL-MM-0001959,IOCL,VLV GT 1.5IN 900# A105 BW,CAN-001164,DEPOT-IOCL-GWT,"Guwahati Refinery, Assam",142,139040,387,GATE_VALVE,40.0,900,ASTM A105,BW,API 6D
IOCL-MM-0001960,IOCL,VLV BL 1/2IN 150LB WCB BW API6D,CAN-001602,DEPOT-IOCL-GWT,"Guwahati Refinery, Assam",68,11320,420,BALL_VALVE,15.0,150,ASTM A216 WCB,BW,API 6D
IOCL-MM-0001961,IOCL,FLG BLD RTJ 1.5IN CL1500 SS316 ASMEB16.5,CAN-000490,DEPOT-IOCL-PNP,"Panipat Refinery, Haryana",131,66950,680,FLANGE_BLIND,40.0,1500,ASTM A182 F316,RTJ,ASME B16.5
IOCL-MM-0001962,IOCL,FLG WN 1/2IN 150# SS316 RTJ,CAN-000008,DEPOT-IOCL-GWT,"Guwahati Refinery, Assam",43,3620,57,FLANGE_WELD_NECK,15.0,150,ASTM A182 F316,RTJ,ASME B16.5
IOCL-MM-0001963,IOCL,FLG WN 1IN 300LB A350-LF2 RF,CAN-000051,DEPOT-IOCL-GWT,"Guwahati Refinery, Assam",28,6120,102,FLANGE_WELD_NECK,25.0,300,ASTM A350 LF2,RF,ASME B16.5
IOCL-MM-0001964,IOCL,FLG BLD 10IN CL600 SS316 RF,CAN-000657,DEPOT-IOCL-GWT,"Guwahati Refinery, Assam",108,348390,596,FLANGE_BLIND,250.0,600,ASTM A182 F316,RF,ASME B16.5
IOCL-MM-0001965,IOCL,VLV GT 10IN 150# WCB RF,CAN-001482,DEPOT-IOCL-GWT,"Guwahati Refinery, Assam",27,359140,108,GATE_VALVE,250.0,150,ASTM A216 WCB,RF,API 6D
IOCL-MM-0001966,IOCL,VLV GT 2IN 300LB A105 RF API6D,CAN-001198,DEPOT-IOCL-KYL,"Koyali Refinery, Gujarat",31,77160,56,GATE_VALVE,50.0,300,ASTM A105,RF,API 6D
IOCL-MM-0001967,IOCL,VLV GT 1.5IN 1500LB WCB BW API600,CAN-001171,DEPOT-IOCL-GWT,"Guwahati Refinery, Assam",105,209230,547,GATE_VALVE,40.0,1500,ASTM A216 WCB,BW,API 600
IOCL-MM-0001968,IOCL,VLV GLB 1/2IN CL600 A105 RF,CAN-001812,DEPOT-IOCL-PRD,"Paradip Refinery, Odisha",62,37450,223,GLOBE_VALVE,15.0,600,ASTM A105,RF,ASME B16.34
IOCL-MM-0001969,IOCL,FLG BLD 3IN 1500LB A105 RF,CAN-000545,DEPOT-IOCL-MTH,"Mathura Refinery, Uttar Pradesh",39,51510,90,FLANGE_BLIND,80.0,1500,ASTM A105,RF,ASME B16.5
IOCL-MM-0001970,IOCL,FLG SO 1.5IN CL150 A105 FF ASMEB16.5,CAN-000762,DEPOT-IOCL-PRD,"Paradip Refinery, Odisha",0,2940,0,FLANGE_SLIP_ON,40.0,150,ASTM A105,FF,ASME B16.5
IOCL-MM-0001971,IOCL,FLG BLD 6IN 1500# A350-LF2 RF,CAN-000607,DEPOT-IOCL-KYL,"Koyali Refinery, Gujarat",0,186630,0,FLANGE_BLIND,150.0,1500,ASTM A350 LF2,RF,ASME B16.5
IOCL-MM-0001972,IOCL,GSKT SPWD 6IN 300LB SS316/GRAF RF,CAN-002063,DEPOT-IOCL-PRD,"Paradip Refinery, Odisha",38,37190,23,SPIRAL_WOUND_GASKET,150.0,300,SS316 / GRAPHITE,RF,ASME B16.20
IOCL-MM-0001973,IOCL,VLV GT 12IN CL1500 A105 BW API6D,CAN-001596,DEPOT-IOCL-PRD,"Paradip Refinery, Odisha",15,2872150,104,GATE_VALVE,300.0,1500,ASTM A105,BW,API 6D
IOCL-MM-0001974,IOCL,FLG WN 6IN 300# A105 RF,CAN-000249,DEPOT-IOCL-KYL,"Koyali Refinery, Gujarat",0,39340,0,FLANGE_WELD_NECK,150.0,300,ASTM A105,RF,ASME B16.5
IOCL-MM-0001975,IOCL,VLV BL 12IN CL150 WCB RF,CAN-001781,DEPOT-IOCL-GWT,"Guwahati Refinery, Assam",30,556360,76,BALL_VALVE,300.0,150,ASTM A216 WCB,RF,API 6D
IOCL-MM-0001976,IOCL,FLG SO 8IN CL600 A105 RF,CAN-000923,DEPOT-IOCL-MTH,"Mathura Refinery, Uttar Pradesh",31,72400,98,FLANGE_SLIP_ON,200.0,600,ASTM A105,RF,ASME B16.5
IOCL-MM-0001977,IOCL,VLV BL 3IN 300# WCB BW API6D,CAN-001686,DEPOT-IOCL-KYL,"Koyali Refinery, Gujarat",0,173750,0,BALL_VALVE,80.0,300,ASTM A216 WCB,BW,API 6D
IOCL-MM-0001978,IOCL,VLV GLB 8IN CL300 WCB RF,CAN-001945,DEPOT-IOCL-MTH,"Mathura Refinery, Uttar Pradesh",149,623800,290,GLOBE_VALVE,200.0,300,ASTM A216 WCB,RF,BS 1873
IOCL-MM-0001979,IOCL,FLG WNRF 1/2IN 1500LB A350-LF2 ASMEB16.5,CAN-000035,DEPOT-IOCL-GWT,"Guwahati Refinery, Assam",0,11430,0,FLANGE_WELD_NECK,15.0,1500,ASTM A350 LF2,RF,ASME B16.5
IOCL-MM-0001980,IOCL,FLG BLD RTJ 1IN 900LB SS316 ASMEB16.5,CAN-000454,DEPOT-IOCL-PNP,"Panipat Refinery, Haryana",68,24150,204,FLANGE_BLIND,25.0,900,ASTM A182 F316,RTJ,ASME B16.5
IOCL-MM-0001981,IOCL,FLG WN RTJ 4IN 600# SS304 ASMEB16.5,CAN-000222,DEPOT-IOCL-MTH,"Mathura Refinery, Uttar Pradesh",38,97040,248,FLANGE_WELD_NECK,100.0,600,ASTM A182 F304,RTJ,ASME B16.5
IOCL-MM-0001982,IOCL,FLG WN RTJ 1IN 1500LB A105 ASMEB16.5,CAN-000074,DEPOT-IOCL-GWT,"Guwahati Refinery, Assam",5,13880,99,FLANGE_WELD_NECK,25.0,1500,ASTM A105,RTJ,ASME B16.5
IOCL-MM-0001983,IOCL,VLV GT 4IN CL300 WCB BW API6D,CAN-001316,DEPOT-IOCL-KYL,"Koyali Refinery, Gujarat",24,190000,64,GATE_VALVE,100.0,300,ASTM A216 WCB,BW,API 6D
IOCL-MM-0001984,IOCL,VLV GT 12IN CL150 A105 BW,CAN-001548,DEPOT-IOCL-KYL,"Koyali Refinery, Gujarat",42,455200,15,GATE_VALVE,300.0,150,ASTM A105,BW,API 6D
IOCL-MM-0001985,IOCL,FLG WN RTJ 1.5IN CL900 A350-LF2 ASMEB16.5,CAN-000108,DEPOT-IOCL-GWT,"Guwahati Refinery, Assam",21,27190,99,FLANGE_WELD_NECK,40.0,900,ASTM A350 LF2,RTJ,ASME B16.5
IOCL-MM-0001986,IOCL,VLV BL 1IN 600LB WCB BW,CAN-001630,DEPOT-IOCL-KYL,"Koyali Refinery, Gujarat",45,66690,612,BALL_VALVE,25.0,600,ASTM A216 WCB,BW,API 6D
IOCL-MM-0001987,IOCL,FLG SO 6IN CL150 SS316 RF,CAN-000885,DEPOT-IOCL-GWT,"Guwahati Refinery, Assam",145,52580,207,FLANGE_SLIP_ON,150.0,150,ASTM A182 F316,RF,ASME B16.5
IOCL-MM-0001988,IOCL,FLG BLD RTJ 2IN 1500LB A105,CAN-000516,DEPOT-IOCL-PNP,"Panipat Refinery, Haryana",39,27960,21,FLANGE_BLIND,50.0,1500,ASTM A105,RTJ,ASME B16.5
IOCL-MM-0001989,IOCL,FLG BLD RTJ 1.5IN 600# SS316,CAN-000478,DEPOT-IOCL-PNP,"Panipat Refinery, Haryana",26,32160,40,FLANGE_BLIND,40.0,600,ASTM A182 F316,RTJ,ASME B16.5
IOCL-MM-0001990,IOCL,VLV GLB 4IN CL150 WCB RF,CAN-001901,DEPOT-IOCL-PNP,"Panipat Refinery, Haryana",40,145500,109,GLOBE_VALVE,100.0,150,ASTM A216 WCB,RF,BS 1873
IOCL-MM-0001991,IOCL,FLG WN 2IN CL150 SS304 RF ASMEB16.5,CAN-000125,DEPOT-IOCL-KYL,"Koyali Refinery, Gujarat",0,13000,0,FLANGE_WELD_NECK,50.0,150,ASTM A182 F304,RF,ASME B16.5
IOCL-MM-0001992,IOCL,VLV GT 1IN CL1500 WCB RF API600,CAN-001109,DEPOT-IOCL-PNP,"Panipat Refinery, Haryana",133,113570,250,GATE_VALVE,25.0,1500,ASTM A216 WCB,RF,API 600
IOCL-MM-0001993,IOCL,FLG BLD 8IN CL1500 A350-LF2 RF ASMEB16.5,CAN-000637,DEPOT-IOCL-GWT,"Guwahati Refinery, Assam",29,271270,112,FLANGE_BLIND,200.0,1500,ASTM A350 LF2,RF,ASME B16.5
IOCL-MM-0001994,IOCL,VLV BL 12IN CL900 SS316 RF,CAN-001795,DEPOT-IOCL-PNP,"Panipat Refinery, Haryana",12,7464990,99,BALL_VALVE,300.0,900,ASTM A182 F316,RF,API 6D
IOCL-MM-0001995,IOCL,VLV BL 1/2IN CL600 WCB BW,CAN-001610,DEPOT-IOCL-KYL,"Koyali Refinery, Gujarat",15,34320,15,BALL_VALVE,15.0,600,ASTM A216 WCB,BW,API 6D
IOCL-MM-0001996,IOCL,FLG SO 1/2IN 150LB A105 FF,CAN-000702,DEPOT-IOCL-KYL,"Koyali Refinery, Gujarat",0,820,0,FLANGE_SLIP_ON,15.0,150,ASTM A105,FF,ASME B16.5
IOCL-MM-0001997,IOCL,VLV GT 4IN 300# WCB BW,CAN-001316,DEPOT-IOCL-PNP,"Panipat Refinery, Haryana",0,190000,0,GATE_VALVE,100.0,300,ASTM A216 WCB,BW,API 6D
IOCL-MM-0001998,IOCL,VLV GT 8IN 1500LB SS316 BW API6D,CAN-001480,DEPOT-IOCL-KYL,"Koyali Refinery, Gujarat",65,5425490,565,GATE_VALVE,200.0,1500,ASTM A182 F316,BW,API 6D
IOCL-MM-0001999,IOCL,FLG SO 1/2IN 150# SS316 FF ASMEB16.5,CAN-000706,DEPOT-IOCL-MTH,"Mathura Refinery, Uttar Pradesh",48,2630,84,FLANGE_SLIP_ON,15.0,150,ASTM A182 F316,FF,ASME B16.5
IOCL-MM-0002000,IOCL,FLG BLD RTJ 10IN 900LB SS316,CAN-000664,DEPOT-IOCL-PNP,"Panipat Refinery, Haryana",0,481880,0,FLANGE_BLIND,250.0,900,ASTM A182 F316,RTJ,ASME B16.5
IOCL-MM-0002001,IOCL,FLG WN RTJ 8IN 1500# A350-LF2,CAN-000316,DEPOT-IOCL-PRD,"Paradip Refinery, Odisha",33,331550,73,FLANGE_WELD_NECK,200.0,1500,ASTM A350 LF2,RTJ,ASME B16.5
IOCL-MM-0002002,IOCL,VLV GT 8IN 600LB SS316 RF,CAN-001453,DEPOT-IOCL-KYL,"Koyali Refinery, Gujarat",0,2606670,0,GATE_VALVE,200.0,600,ASTM A182 F316,RF,API 600
IOCL-MM-0002003,IOCL,FLG BLD 1.5IN CL1500 A350-LF2 RF,CAN-000487,DEPOT-IOCL-GWT,"Guwahati Refinery, Assam",11,33470,63,FLANGE_BLIND,40.0,1500,ASTM A350 LF2,RF,ASME B16.5
IOCL-MM-0002004,IOCL,FLG BLD RTJ 10IN 900LB A350-LF2,CAN-000662,DEPOT-IOCL-KYL,"Koyali Refinery, Gujarat",0,240940,0,FLANGE_BLIND,250.0,900,ASTM A350 LF2,RTJ,ASME B16.5
IOCL-MM-0002005,IOCL,FLG WNRF 2IN 300# SS316,CAN-000135,DEPOT-IOCL-GWT,"Guwahati Refinery, Assam",37,30180,41,FLANGE_WELD_NECK,50.0,300,ASTM A182 F316,RF,ASME B16.5
IOCL-MM-0002006,IOCL,GSKT SPWD 10IN 900# SS316/GRAF RF ASMEB16.20,CAN-002087,DEPOT-IOCL-MTH,"Mathura Refinery, Uttar Pradesh",0,174010,0,SPIRAL_WOUND_GASKET,250.0,900,SS316 / GRAPHITE,RF,ASME B16.20
IOCL-MM-0002007,IOCL,VLV GLB 6IN 900# A105 RF,CAN-001936,DEPOT-IOCL-KYL,"Koyali Refinery, Gujarat",39,1033540,57,GLOBE_VALVE,150.0,900,ASTM A105,RF,ASME B16.34
IOCL-MM-0002008,IOCL,GSKT SPWD 1/2IN CL600 SS304/GRAF RF ASMEB16.20,CAN-002006,DEPOT-IOCL-PNP,"Panipat Refinery, Haryana",67,2430,603,SPIRAL_WOUND_GASKET,15.0,600,SS304 / GRAPHITE,RF,ASME B16.20
IOCL-MM-0002009,IOCL,VLV GT 6IN 300# A105 RF,CAN-001378,DEPOT-IOCL-MTH,"Mathura Refinery, Uttar Pradesh",0,321870,0,GATE_VALVE,150.0,300,ASTM A105,RF,API 6D
IOCL-MM-0002010,IOCL,FLG SO 8IN 1500LB SS316 FF ASMEB16.5,CAN-000940,DEPOT-IOCL-KYL,"Koyali Refinery, Gujarat",0,482260,0,FLANGE_SLIP_ON,200.0,1500,ASTM A182 F316,FF,ASME B16.5
IOCL-MM-0002011,IOCL,VLV GT 1IN 600# A105 BW,CAN-001091,DEPOT-IOCL-PNP,"Panipat Refinery, Haryana",0,54560,0,GATE_VALVE,25.0,600,ASTM A105,BW,API 600
IOCL-MM-0002012,IOCL,STUDBLT 2IN CL1500 L7/GR7 THRD ASMEB18.2.1,CAN-002140,DEPOT-IOCL-PRD,"Paradip Refinery, Odisha",0,8700,0,STUD_BOLT,50.0,1500,ASTM A320 L7 / A194 7,THRD,ASME B18.2.1
IOCL-MM-0002013,IOCL,GSKT SPWD 8IN 150# SS304/GRAF RF ASMEB16.20,CAN-002072,DEPOT-IOCL-MTH,"Mathura Refinery, Uttar Pradesh",74,23280,373,SPIRAL_WOUND_GASKET,200.0,150,SS304 / GRAPHITE,RF,ASME B16.20
IOCL-MM-0002014,IOCL,VLV GT 8IN CL1500 SS316 RF,CAN-001477,DEPOT-IOCL-KYL,"Koyali Refinery, Gujarat",0,5425490,0,GATE_VALVE,200.0,1500,ASTM A182 F316,RF,API 600
IOCL-MM-0002015,IOCL,VLV BL 6IN 600# WCB RF API6D,CAN-001729,DEPOT-IOCL-PRD,"Paradip Refinery, Odisha",38,684960,329,BALL_VALVE,150.0,600,ASTM A216 WCB,RF,API 6D
IOCL-MM-0002016,IOCL,FLG SO 1/2IN CL150 A105 FF ASMEB16.5,CAN-000702,DEPOT-IOCL-PRD,"Paradip Refinery, Odisha",0,820,0,FLANGE_SLIP_ON,15.0,150,ASTM A105,FF,ASME B16.5
IOCL-MM-0002017,IOCL,FLG SO 8IN 150# SS316 FF,CAN-000916,DEPOT-IOCL-PNP,"Panipat Refinery, Haryana",20,76430,90,FLANGE_SLIP_ON,200.0,150,ASTM A182 F316,FF,ASME B16.5
IOCL-MM-0002018,IOCL,FLG WN 10IN 300LB A105 RF ASMEB16.5,CAN-000329,DEPOT-IOCL-MTH,"Mathura Refinery, Uttar Pradesh",124,76420,241,FLANGE_WELD_NECK,250.0,300,ASTM A105,RF,ASME B16.5
IOCL-MM-0002019,IOCL,FLG SO 3IN 300LB SS304 RF ASMEB16.5,CAN-000829,DEPOT-IOCL-GWT,"Guwahati Refinery, Assam",27,30320,377,FLANGE_SLIP_ON,80.0,300,ASTM A182 F304,RF,ASME B16.5
IOCL-MM-0002020,IOCL,VLV BL 1.5IN CL1500 SS316 BW,CAN-001660,DEPOT-IOCL-GWT,"Guwahati Refinery, Assam",43,818330,117,BALL_VALVE,40.0,1500,ASTM A182 F316,BW,API 6D
IOCL-MM-0002021,IOCL,VLV GT 1/2IN 900# A105 RF,CAN-001042,DEPOT-IOCL-MTH,"Mathura Refinery, Uttar Pradesh",37,38840,62,GATE_VALVE,15.0,900,ASTM A105,RF,API 6D
IOCL-MM-0002022,IOCL,VLV GLB 2IN CL600 WCB RF,CAN-001869,DEPOT-IOCL-MTH,"Mathura Refinery, Uttar Pradesh",0,179140,0,GLOBE_VALVE,50.0,600,ASTM A216 WCB,RF,BS 1873
IOCL-MM-0002023,IOCL,FLG BLD RTJ 10IN CL900 A350-LF2,CAN-000662,DEPOT-IOCL-KYL,"Koyali Refinery, Gujarat",31,240940,18,FLANGE_BLIND,250.0,900,ASTM A350 LF2,RTJ,ASME B16.5
IOCL-MM-0002024,IOCL,VLV GT 12IN CL300 A105 RF API600,CAN-001557,DEPOT-IOCL-MTH,"Mathura Refinery, Uttar Pradesh",30,792550,558,GATE_VALVE,300.0,300,ASTM A105,RF,API 600
IOCL-MM-0002025,IOCL,VLV BL 10IN 900LB WCB RF API6D,CAN-001773,DEPOT-IOCL-KYL,"Koyali Refinery, Gujarat",26,1840530,48,BALL_VALVE,250.0,900,ASTM A216 WCB,RF,API 6D
IOCL-MM-0002026,IOCL,GSKT SPWD 1IN CL300 SS316/GRAF RF,CAN-002013,DEPOT-IOCL-GWT,"Guwahati Refinery, Assam",140,3620,703,SPIRAL_WOUND_GASKET,25.0,300,SS316 / GRAPHITE,RF,ASME B16.20
IOCL-MM-0002027,IOCL,VLV GT 2IN 1500LB SS316 RF API6D,CAN-001238,DEPOT-IOCL-PRD,"Paradip Refinery, Odisha",48,894870,87,GATE_VALVE,50.0,1500,ASTM A182 F316,RF,API 6D
IOCL-MM-0002028,IOCL,STUDBLT 1.5IN CL1500 L7/GR7 THRD,CAN-002130,DEPOT-IOCL-PRD,"Paradip Refinery, Odisha",0,6500,0,STUD_BOLT,40.0,1500,ASTM A320 L7 / A194 7,THRD,ASME B18.2.1
IOCL-MM-0002029,IOCL,VLV GT 2IN 900LB SS316 BW API600,CAN-001227,DEPOT-IOCL-KYL,"Koyali Refinery, Gujarat",36,594670,437,GATE_VALVE,50.0,900,ASTM A182 F316,BW,API 600
IOCL-MM-0002030,IOCL,FLG WN RTJ 8IN CL300 SS316 ASMEB16.5,CAN-000296,DEPOT-IOCL-GWT,"Guwahati Refinery, Assam",19,182980,50,FLANGE_WELD_NECK,200.0,300,ASTM A182 F316,RTJ,ASME B16.5
IOCL-MM-0002031,IOCL,FLG BLD 3IN 600LB A350-LF2 RF,CAN-000535,DEPOT-IOCL-PRD,"Paradip Refinery, Odisha",0,39600,0,FLANGE_BLIND,80.0,600,ASTM A350 LF2,RF,ASME B16.5
IOCL-MM-0002032,IOCL,FLG BLD RTJ 1IN 600LB SS316 ASMEB16.5,CAN-000448,DEPOT-IOCL-KYL,"Koyali Refinery, Gujarat",43,17460,64,FLANGE_BLIND,25.0,600,ASTM A182 F316,RTJ,ASME B16.5
IOCL-MM-0002033,IOCL,VLV GT 8IN CL150 WCB BW,CAN-001423,DEPOT-IOCL-PRD,"Paradip Refinery, Odisha",55,268710,482,GATE_VALVE,200.0,150,ASTM A216 WCB,BW,API 600
IOCL-MM-0002034,IOCL,GSKT SPWD 1.5IN 1500# SS316/GRAF RF,CAN-002029,DEPOT-IOCL-GWT,"Guwahati Refinery, Assam",102,24170,389,SPIRAL_WOUND_GASKET,40.0,1500,SS316 / GRAPHITE,RF,ASME B16.20
IOCL-MM-0002035,IOCL,VLV GLB 2IN 150LB A105 RF,CAN-001864,DEPOT-IOCL-MTH,"Mathura Refinery, Uttar Pradesh",0,59090,0,GLOBE_VALVE,50.0,150,ASTM A105,RF,ASME B16.34
IOCL-MM-0002036,IOCL,FLG WN 4IN CL150 A350-LF2 RTJ,CAN-000204,DEPOT-IOCL-MTH,"Mathura Refinery, Uttar Pradesh",45,21340,116,FLANGE_WELD_NECK,100.0,150,ASTM A350 LF2,RTJ,ASME B16.5
IOCL-MM-0002037,IOCL,VLV GT 12IN 1500LB A105 BW API600,CAN-001595,DEPOT-IOCL-KYL,"Koyali Refinery, Gujarat",30,2872150,71,GATE_VALVE,300.0,1500,ASTM A105,BW,API 600
IOCL-MM-0002038,IOCL,FLG BLD RTJ 1/2IN CL900 A105,CAN-000420,DEPOT-IOCL-PRD,"Paradip Refinery, Odisha",21,3880,87,FLANGE_BLIND,15.0,900,ASTM A105,RTJ,ASME B16.5
IOCL-MM-0002039,IOCL,FLG BLD 6IN 300# SS316 RF ASMEB16.5,CAN-000591,DEPOT-IOCL-KYL,"Koyali Refinery, Gujarat",120,103000,183,FLANGE_BLIND,150.0,300,ASTM A182 F316,RF,ASME B16.5
IOCL-MM-0002040,IOCL,VLV GT 10IN 150# WCB BW API600,CAN-001483,DEPOT-IOCL-GWT,"Guwahati Refinery, Assam",136,359140,743,GATE_VALVE,250.0,150,ASTM A216 WCB,BW,API 600
IOCL-MM-0002041,IOCL,VLV GT 4IN CL600 WCB BW,CAN-001327,DEPOT-IOCL-PRD,"Paradip Refinery, Odisha",17,330820,44,GATE_VALVE,100.0,600,ASTM A216 WCB,BW,API 600
IOCL-MM-0002042,IOCL,VLV GLB 6IN 150# WCB RF,CAN-001922,DEPOT-IOCL-KYL,"Koyali Refinery, Gujarat",35,246490,65,GLOBE_VALVE,150.0,150,ASTM A216 WCB,RF,ASME B16.34
IOCL-MM-0002043,IOCL,FLG BLD RTJ 1/2IN 600LB A105 ASMEB16.5,CAN-000414,DEPOT-IOCL-PNP,"Panipat Refinery, Haryana",8,2800,15,FLANGE_BLIND,15.0,600,ASTM A105,RTJ,ASME B16.5
IOCL-MM-0002044,IOCL,VLV BL 2IN 900# SS316 BW API6D,CAN-001676,DEPOT-IOCL-PRD,"Paradip Refinery, Odisha",13,726820,110,BALL_VALVE,50.0,900,ASTM A182 F316,BW,API 6D
IOCL-MM-0002045,IOCL,VLV GT 12IN 1500# A105 RF,CAN-001594,DEPOT-IOCL-KYL,"Koyali Refinery, Gujarat",0,2872150,0,GATE_VALVE,300.0,1500,ASTM A105,RF,API 6D
IOCL-MM-0002046,IOCL,VLV GT 2IN CL1500 WCB RF,CAN-001230,DEPOT-IOCL-PNP,"Panipat Refinery, Haryana",0,279640,0,GATE_VALVE,50.0,1500,ASTM A216 WCB,RF,API 6D
IOCL-MM-0002047,IOCL,VLV GT 1/2IN CL1500 A105 BW,CAN-001055,DEPOT-IOCL-GWT,"Guwahati Refinery, Assam",19,58460,38,GATE_VALVE,15.0,1500,ASTM A105,BW,API 600
IOCL-MM-0002048,IOCL,VLV GLB 4IN CL900 WCB RF,CAN-001913,DEPOT-IOCL-GWT,"Guwahati Refinery, Assam",110,610110,422,GLOBE_VALVE,100.0,900,ASTM A216 WCB,RF,BS 1873
IOCL-MM-0002049,IOCL,FLG SO 1IN 150# SS304 RF ASMEB16.5,CAN-000733,DEPOT-IOCL-PRD,"Paradip Refinery, Odisha",19,3840,31,FLANGE_SLIP_ON,25.0,150,ASTM A182 F304,RF,ASME B16.5
IOCL-MM-0002050,IOCL,STUDBLT 1/2IN 600LB L7/GR7 THRD ASMEB18.2.1,CAN-002106,DEPOT-IOCL-PRD,"Paradip Refinery, Odisha",0,870,0,STUD_BOLT,15.0,600,ASTM A320 L7 / A194 7,THRD,ASME B18.2.1
IOCL-MM-0002051,IOCL,FLG WN RTJ 1/2IN 1500# A105,CAN-000034,DEPOT-IOCL-GWT,"Guwahati Refinery, Assam",51,7140,277,FLANGE_WELD_NECK,15.0,1500,ASTM A105,RTJ,ASME B16.5
IOCL-MM-0002052,IOCL,GSKT SPWD 6IN 150# SS304/GRAF RF,CAN-002062,DEPOT-IOCL-MTH,"Mathura Refinery, Uttar Pradesh",0,16020,0,SPIRAL_WOUND_GASKET,150.0,150,SS304 / GRAPHITE,RF,ASME B16.20
IOCL-MM-0002053,IOCL,STUDBLT 1IN CL900 B7/2H THRD ASMEB18.2.1,CAN-002117,DEPOT-IOCL-MTH,"Mathura Refinery, Uttar Pradesh",91,1460,289,STUD_BOLT,25.0,900,ASTM A193 B7 / A194 2H,THRD,ASME B18.2.1
IOCL-MM-0002054,IOCL,FLG WNRF 6IN 600# A350-LF2 ASMEB16.5,CAN-000259,DEPOT-IOCL-PRD,"Paradip Refinery, Odisha",118,109590,636,FLANGE_WELD_NECK,150.0,600,ASTM A350 LF2,RF,ASME B16.5
IOCL-MM-0002055,IOCL,STUDBLT 12IN 1500# L7/GR7 THRD ASMEB18.2.1,CAN-002200,DEPOT-IOCL-PNP,"Panipat Refinery, Haryana",33,89350,66,STUD_BOLT,300.0,1500,ASTM A320 L7 / A194 7,THRD,ASME B18.2.1
IOCL-MM-0002056,IOCL,VLV GT 1/2IN 1500# A105 RF,CAN-001054,DEPOT-IOCL-KYL,"Koyali Refinery, Gujarat",117,58460,203,GATE_VALVE,15.0,1500,ASTM A105,RF,API 6D
IOCL-MM-0002057,IOCL,FLG BLD 3IN CL600 A105 RTJ ASMEB16.5,CAN-000534,DEPOT-IOCL-KYL,"Koyali Refinery, Gujarat",38,24750,53,FLANGE_BLIND,80.0,600,ASTM A105,RTJ,ASME B16.5
IOCL-MM-0002058,IOCL,VLV GT 4IN 600LB A105 RF API6D,CAN-001330,DEPOT-IOCL-PRD,"Paradip Refinery, Odisha",33,330820,87,GATE_VALVE,100.0,600,ASTM A105,RF,API 6D
IOCL-MM-0002059,IOCL,FLG BLD RTJ 1IN 900# A105,CAN-000450,DEPOT-IOCL-PRD,"Paradip Refinery, Odisha",116,7540,352,FLANGE_BLIND,25.0,900,ASTM A105,RTJ,ASME B16.5
IOCL-MM-0002060,IOCL,GSKT SPWD 1IN 300LB SS304/GRAF RF ASMEB16.20,CAN-002014,DEPOT-IOCL-GWT,"Guwahati Refinery, Assam",22,2710,41,SPIRAL_WOUND_GASKET,25.0,300,SS304 / GRAPHITE,RF,ASME B16.20
IOCL-MM-0002061,IOCL,VLV GT 2IN CL600 SS316 BW API600,CAN-001215,DEPOT-IOCL-MTH,"Mathura Refinery, Uttar Pradesh",35,429940,13,GATE_VALVE,50.0,600,ASTM A182 F316,BW,API 600
IOCL-MM-0002062,IOCL,VLV BL 4IN CL300 SS316 RF,CAN-001707,DEPOT-IOCL-MTH,"Mathura Refinery, Uttar Pradesh",9,743140,67,BALL_VALVE,100.0,300,ASTM A182 F316,RF,API 6D
IOCL-MM-0002063,IOCL,FLG SO 3IN CL600 SS316 FF,CAN-000838,DEPOT-IOCL-KYL,"Koyali Refinery, Gujarat",28,70400,58,FLANGE_SLIP_ON,80.0,600,ASTM A182 F316,FF,ASME B16.5
IOCL-MM-0002064,IOCL,VLV GT 1.5IN 1500# A105 BW,CAN-001175,DEPOT-IOCL-KYL,"Koyali Refinery, Gujarat",42,209230,627,GATE_VALVE,40.0,1500,ASTM A105,BW,API 600
IOCL-MM-0002065,IOCL,FLG SO 2IN 150LB A105 RF ASMEB16.5,CAN-000791,DEPOT-IOCL-GWT,"Guwahati Refinery, Assam",21,3930,71,FLANGE_SLIP_ON,50.0,150,ASTM A105,RF,ASME B16.5
IOCL-MM-0002066,IOCL,FLG BLD RTJ 4IN 1500# A105,CAN-000576,DEPOT-IOCL-PRD,"Paradip Refinery, Odisha",17,68850,118,FLANGE_BLIND,100.0,1500,ASTM A105,RTJ,ASME B16.5
IOCL-MM-0002067,IOCL,VLV GT 1.5IN 150# SS316 RF,CAN-001129,DEPOT-IOCL-GWT,"Guwahati Refinery, Assam",0,106110,0,GATE_VALVE,40.0,150,ASTM A182 F316,RF,API 600
IOCL-MM-0002068,IOCL,VLV GT 1IN 600# SS316 BW API600,CAN-001095,DEPOT-IOCL-MTH,"Mathura Refinery, Uttar Pradesh",0,174610,0,GATE_VALVE,25.0,600,ASTM A182 F316,BW,API 600
IOCL-MM-0002069,IOCL,FLG WNRF 4IN CL600 A105 ASMEB16.5,CAN-000217,DEPOT-IOCL-PRD,"Paradip Refinery, Odisha",135,40430,332,FLANGE_WELD_NECK,100.0,600,ASTM A105,RF,ASME B16.5
IOCL-MM-0002070,IOCL,STUDBLT 4IN 1500LB B7/2H THRD ASMEB18.2.1,CAN-002159,DEPOT-IOCL-KYL,"Koyali Refinery, Gujarat",16,13380,39,STUD_BOLT,100.0,1500,ASTM A193 B7 / A194 2H,THRD,ASME B18.2.1
IOCL-MM-0002071,IOCL,VLV GT 1/2IN 600LB SS316 RF API600,CAN-001033,DEPOT-IOCL-PRD,"Paradip Refinery, Odisha",0,89880,0,GATE_VALVE,15.0,600,ASTM A182 F316,RF,API 600
IOCL-MM-0002072,IOCL,VLV GLB 1.5IN 300# A105 RF,CAN-001848,DEPOT-IOCL-PRD,"Paradip Refinery, Odisha",16,76980,46,GLOBE_VALVE,40.0,300,ASTM A105,RF,ASME B16.34
IOCL-MM-0002073,IOCL,GSKT SPWD 1IN CL150 SS304/GRAF RF,CAN-002012,DEPOT-IOCL-KYL,"Koyali Refinery, Gujarat",80,1560,197,SPIRAL_WOUND_GASKET,25.0,150,SS304 / GRAPHITE,RF,ASME B16.20
IOCL-MM-0002074,IOCL,FLG SO 2IN 1500# A105 FF,CAN-000816,DEPOT-IOCL-PNP,"Panipat Refinery, Haryana",0,24850,0,FLANGE_SLIP_ON,50.0,1500,ASTM A105,FF,ASME B16.5
IOCL-MM-0002075,IOCL,FLG SO 8IN 150# A105 RF ASMEB16.5,CAN-000911,DEPOT-IOCL-MTH,"Mathura Refinery, Uttar Pradesh",34,23880,80,FLANGE_SLIP_ON,200.0,150,ASTM A105,RF,ASME B16.5
IOCL-MM-0002076,IOCL,VLV GT 2IN 1500LB SS316 RF,CAN-001238,DEPOT-IOCL-MTH,"Mathura Refinery, Uttar Pradesh",16,894870,41,GATE_VALVE,50.0,1500,ASTM A182 F316,RF,API 6D
IOCL-MM-0002077,IOCL,FLG BLD 1.5IN 1500# A350-LF2 RF ASMEB16.5,CAN-000487,DEPOT-IOCL-MTH,"Mathura Refinery, Uttar Pradesh",25,33470,692,FLANGE_BLIND,40.0,1500,ASTM A350 LF2,RF,ASME B16.5
IOCL-MM-0002078,IOCL,FLG WN 10IN CL150 A105 RTJ ASMEB16.5,CAN-000322,DEPOT-IOCL-MTH,"Mathura Refinery, Uttar Pradesh",0,43890,0,FLANGE_WELD_NECK,250.0,150,ASTM A105,RTJ,ASME B16.5
IOCL-MM-0002079,IOCL,FLG BLD 4IN 900# SS316 RTJ ASMEB16.5,CAN-000574,DEPOT-IOCL-PRD,"Paradip Refinery, Odisha",91,146420,653,FLANGE_BLIND,100.0,900,ASTM A182 F316,RTJ,ASME B16.5
IOCL-MM-0002080,IOCL,GSKT SPWD 4IN 900# SS316/GRAF RF,CAN-002057,DEPOT-IOCL-PNP,"Panipat Refinery, Haryana",61,52870,223,SPIRAL_WOUND_GASKET,100.0,900,SS316 / GRAPHITE,RF,ASME B16.20
IOCL-MM-0002081,IOCL,VLV GT 3IN 600# SS316 BW,CAN-001275,DEPOT-IOCL-MTH,"Mathura Refinery, Uttar Pradesh",0,792070,0,GATE_VALVE,80.0,600,ASTM A182 F316,BW,API 600
IOCL-MM-0002082,IOCL,FLG SO 8IN 300LB SS304 RF,CAN-000919,DEPOT-IOCL-KYL,"Koyali Refinery, Gujarat",30,99800,80,FLANGE_SLIP_ON,200.0,300,ASTM A182 F304,RF,ASME B16.5
IOCL-MM-0002083,IOCL,FLG WN 10IN CL300 SS316 RTJ,CAN-000336,DEPOT-IOCL-KYL,"Koyali Refinery, Gujarat",110,244560,594,FLANGE_WELD_NECK,250.0,300,ASTM A182 F316,RTJ,ASME B16.5
IOCL-MM-0002084,IOCL,FLG SO 1/2IN 1500LB A105 FF,CAN-000726,DEPOT-IOCL-KYL,"Koyali Refinery, Gujarat",0,5190,0,FLANGE_SLIP_ON,15.0,1500,ASTM A105,FF,ASME B16.5
IOCL-MM-0002085,IOCL,FLG SO 3IN 600LB SS304 FF ASMEB16.5,CAN-000836,DEPOT-IOCL-PNP,"Panipat Refinery, Haryana",0,52800,0,FLANGE_SLIP_ON,80.0,600,ASTM A182 F304,FF,ASME B16.5
IOCL-MM-0002086,IOCL,VLV GLB 1IN CL900 WCB RF,CAN-001834,DEPOT-IOCL-GWT,"Guwahati Refinery, Assam",0,100630,0,GLOBE_VALVE,25.0,900,ASTM A216 WCB,RF,ASME B16.34
IOCL-MM-0002087,IOCL,VLV GT 1IN 900LB WCB BW API600,CAN-001099,DEPOT-IOCL-GWT,"Guwahati Refinery, Assam",25,75470,72,GATE_VALVE,25.0,900,ASTM A216 WCB,BW,API 600
IOCL-MM-0002088,IOCL,VLV GT 8IN 300# SS316 RF,CAN-001441,DEPOT-IOCL-MTH,"Mathura Refinery, Uttar Pradesh",45,1497140,106,GATE_VALVE,200.0,300,ASTM A182 F316,RF,API 600
IOCL-MM-0002089,IOCL,VLV GT 10IN 600# WCB BW,CAN-001507,DEPOT-IOCL-PRD,"Paradip Refinery, Odisha",55,1088730,489,GATE_VALVE,250.0,600,ASTM A216 WCB,BW,API 600
IOCL-MM-0002090,IOCL,FLG BLD 4IN 600LB SS316 RF ASMEB16.5,CAN-000567,DEPOT-IOCL-PNP,"Panipat Refinery, Haryana",132,105860,438,FLANGE_BLIND,100.0,600,ASTM A182 F316,RF,ASME B16.5
IOCL-MM-0002091,IOCL,VLV GLB 1/2IN 300LB A105 RF ASMEB16.34,CAN-001808,DEPOT-IOCL-KYL,"Koyali Refinery, Gujarat",18,21500,69,GLOBE_VALVE,15.0,300,ASTM A105,RF,ASME B16.34
IOCL-MM-0002092,IOCL,STUDBLT 1.5IN 900# B7/2H THRD,CAN-002127,DEPOT-IOCL-PNP,"Panipat Refinery, Haryana",0,2700,0,STUD_BOLT,40.0,900,ASTM A193 B7 / A194 2H,THRD,ASME B18.2.1
IOCL-MM-0002093,IOCL,VLV GT 6IN 1500# WCB BW,CAN-001412,DEPOT-IOCL-PNP,"Panipat Refinery, Haryana",8,1166450,54,GATE_VALVE,150.0,1500,ASTM A216 WCB,BW,API 6D
IOCL-MM-0002094,IOCL,VLV GT 1IN 300LB A105 BW,CAN-001080,DEPOT-IOCL-KYL,"Koyali Refinery, Gujarat",0,31330,0,GATE_VALVE,25.0,300,ASTM A105,BW,API 6D
IOCL-MM-0002095,IOCL,FLG WNRF 12IN 300LB A350-LF2,CAN-000371,DEPOT-IOCL-KYL,"Koyali Refinery, Gujarat",0,154980,0,FLANGE_WELD_NECK,300.0,300,ASTM A350 LF2,RF,ASME B16.5
IOCL-MM-0002096,IOCL,VLV BL 8IN 600LB WCB RF API6D,CAN-001749,DEPOT-IOCL-GWT,"Guwahati Refinery, Assam",0,995600,0,BALL_VALVE,200.0,600,ASTM A216 WCB,RF,API 6D
IOCL-MM-0002097,IOCL,FLG WNRF 12IN CL300 SS304,CAN-000373,DEPOT-IOCL-MTH,"Mathura Refinery, Uttar Pradesh",89,232480,241,FLANGE_WELD_NECK,300.0,300,ASTM A182 F304,RF,ASME B16.5
IOCL-MM-0002098,IOCL,VLV GT 12IN 900# SS316 RF,CAN-001585,DEPOT-IOCL-PRD,"Paradip Refinery, Odisha",33,6107710,61,GATE_VALVE,300.0,900,ASTM A182 F316,RF,API 600
IOCL-MM-0002099,IOCL,VLV GT 1IN 300LB WCB BW,CAN-001075,DEPOT-IOCL-KYL,"Koyali Refinery, Gujarat",25,31330,46,GATE_VALVE,25.0,300,ASTM A216 WCB,BW,API 600
IOCL-MM-0002100,IOCL,GSKT SPWD 1IN 900LB SS304/GRAF RF ASMEB16.20,CAN-002018,DEPOT-IOCL-PRD,"Paradip Refinery, Odisha",33,6540,107,SPIRAL_WOUND_GASKET,25.0,900,SS304 / GRAPHITE,RF,ASME B16.20
IOCL-MM-0002101,IOCL,VLV GT 2IN 300LB WCB RF,CAN-001193,DEPOT-IOCL-PRD,"Paradip Refinery, Odisha",0,77160,0,GATE_VALVE,50.0,300,ASTM A216 WCB,RF,API 600
IOCL-MM-0002102,IOCL,VLV GT 6IN CL1500 WCB BW,CAN-001412,DEPOT-IOCL-PRD,"Paradip Refinery, Odisha",14,1166450,115,GATE_VALVE,150.0,1500,ASTM A216 WCB,BW,API 6D
IOCL-MM-0002103,IOCL,FLG WN RTJ 2IN 300LB A105,CAN-000130,DEPOT-IOCL-GWT,"Guwahati Refinery, Assam",0,9430,0,FLANGE_WELD_NECK,50.0,300,ASTM A105,RTJ,ASME B16.5
IOCL-MM-0002104,IOCL,FLG WNRF 1IN 1500# A350-LF2 ASMEB16.5,CAN-000075,DEPOT-IOCL-KYL,"Koyali Refinery, Gujarat",0,22200,0,FLANGE_WELD_NECK,25.0,1500,ASTM A350 LF2,RF,ASME B16.5
IOCL-MM-0002105,IOCL,VLV GLB 2IN 150# A105 RF BS1873,CAN-001863,DEPOT-IOCL-MTH,"Mathura Refinery, Uttar Pradesh",0,59090,0,GLOBE_VALVE,50.0,150,ASTM A105,RF,BS 1873
IOCL-MM-0002106,IOCL,GSKT SPWD 8IN CL1500 SS304/GRAF RF ASMEB16.20,CAN-002080,DEPOT-IOCL-MTH,"Mathura Refinery, Uttar Pradesh",41,146940,42,SPIRAL_WOUND_GASKET,200.0,1500,SS304 / GRAPHITE,RF,ASME B16.20
IOCL-MM-0002107,IOCL,VLV GT 8IN 1500# WCB BW API600,CAN-001471,DEPOT-IOCL-PNP,"Panipat Refinery, Haryana",0,1695460,0,GATE_VALVE,200.0,1500,ASTM A216 WCB,BW,API 600
IOCL-MM-0002108,IOCL,VLV BL 3IN 150# WCB BW API6D,CAN-001682,DEPOT-IOCL-KYL,"Koyali Refinery, Gujarat",76,99790,659,BALL_VALVE,80.0,150,ASTM A216 WCB,BW,API 6D
IOCL-MM-0002109,IOCL,FLG SO 6IN 1500# SS304 FF,CAN-000908,DEPOT-IOCL-KYL,"Koyali Refinery, Gujarat",0,248840,0,FLANGE_SLIP_ON,150.0,1500,ASTM A182 F304,FF,ASME B16.5
IOCL-MM-0002110,IOCL,VLV GLB 1.5IN CL900 WCB RF,CAN-001854,DEPOT-IOCL-GWT,"Guwahati Refinery, Assam",28,185390,118,GLOBE_VALVE,40.0,900,ASTM A216 WCB,RF,ASME B16.34
IOCL-MM-0002111,IOCL,FLG BLD 2IN 900LB A105 RTJ ASMEB16.5,CAN-000510,DEPOT-IOCL-PRD,"Paradip Refinery, Odisha",26,18580,90,FLANGE_BLIND,50.0,900,ASTM A105,RTJ,ASME B16.5
IOCL-MM-0002112,IOCL,VLV GT 12IN CL300 WCB BW API6D,CAN-001556,DEPOT-IOCL-MTH,"Mathura Refinery, Uttar Pradesh",50,792550,85,GATE_VALVE,300.0,300,ASTM A216 WCB,BW,API 6D
IOCL-MM-0002113,IOCL,FLG WN 1/2IN CL600 SS304 RF,CAN-000021,DEPOT-IOCL-MTH,"Mathura Refinery, Uttar Pradesh",0,8230,0,FLANGE_WELD_NECK,15.0,600,ASTM A182 F304,RF,ASME B16.5
IOCL-MM-0002114,IOCL,VLV GT 1IN 1500# A105 RF,CAN-001113,DEPOT-IOCL-GWT,"Guwahati Refinery, Assam",37,113570,48,GATE_VALVE,25.0,1500,ASTM A105,RF,API 600
IOCL-MM-0002115,IOCL,FLG SO 3IN 150LB A105 FF,CAN-000822,DEPOT-IOCL-KYL,"Koyali Refinery, Gujarat",0,7250,0,FLANGE_SLIP_ON,80.0,150,ASTM A105,FF,ASME B16.5
IOCL-MM-0002116,IOCL,VLV GT 4IN CL1500 SS316 BW API6D,CAN-001360,DEPOT-IOCL-GWT,"Guwahati Refinery, Assam",0,2203430,0,GATE_VALVE,100.0,1500,ASTM A182 F316,BW,API 6D
IOCL-MM-0002117,IOCL,VLV GT 8IN 900# SS316 BW,CAN-001467,DEPOT-IOCL-MTH,"Mathura Refinery, Uttar Pradesh",83,3605450,655,GATE_VALVE,200.0,900,ASTM A182 F316,BW,API 600
IOCL-MM-0002118,IOCL,VLV GT 4IN 1500# SS316 RF,CAN-001357,DEPOT-IOCL-PRD,"Paradip Refinery, Odisha",31,2203430,105,GATE_VALVE,100.0,1500,ASTM A182 F316,RF,API 600
IOCL-MM-0002119,IOCL,VLV GT 1IN 150LB WCB BW,CAN-001064,DEPOT-IOCL-GWT,"Guwahati Refinery, Assam",20,18000,30,GATE_VALVE,25.0,150,ASTM A216 WCB,BW,API 6D
IOCL-MM-0002120,IOCL,VLV GT 1IN CL300 WCB RF,CAN-001074,DEPOT-IOCL-PNP,"Panipat Refinery, Haryana",34,31330,626,GATE_VALVE,25.0,300,ASTM A216 WCB,RF,API 6D
IOCL-MM-0002121,IOCL,FLG WN 1/2IN 300LB SS316 RF ASMEB16.5,CAN-000015,DEPOT-IOCL-KYL,"Koyali Refinery, Gujarat",105,6300,559,FLANGE_WELD_NECK,15.0,300,ASTM A182 F316,RF,ASME B16.5
IOCL-MM-0002122,IOCL,VLV GT 2IN 600# SS316 RF API6D,CAN-001214,DEPOT-IOCL-KYL,"Koyali Refinery, Gujarat",145,429940,585,GATE_VALVE,50.0,600,ASTM A182 F316,RF,API 6D
IOCL-MM-0002123,IOCL,FLG WNRF 1/2IN CL900 A350-LF2,CAN-000027,DEPOT-IOCL-MTH,"Mathura Refinery, Uttar Pradesh",44,7590,112,FLANGE_WELD_NECK,15.0,900,ASTM A350 LF2,RF,ASME B16.5
IOCL-MM-0002124,IOCL,VLV GT 1.5IN 900# SS316 RF API600,CAN-001165,DEPOT-IOCL-PRD,"Paradip Refinery, Odisha",29,444930,119,GATE_VALVE,40.0,900,ASTM A182 F316,RF,API 600
IOCL-MM-0002125,IOCL,FLG BLD 6IN 1500# A105 RF ASMEB16.5,CAN-000605,DEPOT-IOCL-PNP,"Panipat Refinery, Haryana",22,116640,333,FLANGE_BLIND,150.0,1500,ASTM A105,RF,ASME B16.5
IOCL-MM-0002126,IOCL,STUDBLT 4IN CL150 B7/2H THRD,CAN-002151,DEPOT-IOCL-PNP,"Panipat Refinery, Haryana",58,2120,232,STUD_BOLT,100.0,150,ASTM A193 B7 / A194 2H,THRD,ASME B18.2.1
IOCL-MM-0002127,IOCL,FLG WN RTJ 1/2IN 1500# SS304 ASMEB16.5,CAN-000038,DEPOT-IOCL-GWT,"Guwahati Refinery, Assam",113,17140,545,FLANGE_WELD_NECK,15.0,1500,ASTM A182 F304,RTJ,ASME B16.5
IOCL-MM-0002128,IOCL,VLV BL 12IN CL600 WCB RF,CAN-001789,DEPOT-IOCL-PNP,"Panipat Refinery, Haryana",0,1686570,0,BALL_VALVE,300.0,600,ASTM A216 WCB,RF,API 6D
IOCL-MM-0002129,IOCL,VLV GT 10IN 150LB WCB BW API600,CAN-001483,DEPOT-IOCL-PNP,"Panipat Refinery, Haryana",41,359140,220,GATE_VALVE,250.0,150,ASTM A216 WCB,BW,API 600
IOCL-MM-0002130,IOCL,VLV BL 10IN CL900 WCB BW API6D,CAN-001774,DEPOT-IOCL-MTH,"Mathura Refinery, Uttar Pradesh",120,1840530,682,BALL_VALVE,250.0,900,ASTM A216 WCB,BW,API 6D
IOCL-MM-0002131,IOCL,GSKT SPWD 1/2IN 150# SS304/GRAF RF ASMEB16.20,CAN-002002,DEPOT-IOCL-GWT,"Guwahati Refinery, Assam",38,800,19,SPIRAL_WOUND_GASKET,15.0,150,SS304 / GRAPHITE,RF,ASME B16.20
IOCL-MM-0002132,IOCL,FLG WN RTJ 4IN CL1500 A350-LF2 ASMEB16.5,CAN-000236,DEPOT-IOCL-PRD,"Paradip Refinery, Odisha",60,134650,707,FLANGE_WELD_NECK,100.0,1500,ASTM A350 LF2,RTJ,ASME B16.5
IOCL-MM-0002133,IOCL,FLG WN RTJ 4IN 300# A350-LF2 ASMEB16.5,CAN-000212,DEPOT-IOCL-GWT,"Guwahati Refinery, Assam",0,37150,0,FLANGE_WELD_NECK,100.0,300,ASTM A350 LF2,RTJ,ASME B16.5
IOCL-MM-0002134,IOCL,FLG WN 10IN 150LB SS316 RTJ,CAN-000328,DEPOT-IOCL-KYL,"Koyali Refinery, Gujarat",37,140460,49,FLANGE_WELD_NECK,250.0,150,ASTM A182 F316,RTJ,ASME B16.5
IOCL-MM-0002135,IOCL,FLG BLD 1/2IN 900LB SS316 RF,CAN-000423,DEPOT-IOCL-KYL,"Koyali Refinery, Gujarat",20,12430,111,FLANGE_BLIND,15.0,900,ASTM A182 F316,RF,ASME B16.5
IOCL-MM-0002136,IOCL,VLV GT 1.5IN 900LB WCB BW,CAN-001159,DEPOT-IOCL-MTH,"Mathura Refinery, Uttar Pradesh",0,139040,0,GATE_VALVE,40.0,900,ASTM A216 WCB,BW,API 600
IOCL-MM-0002137,IOCL,VLV BL 12IN 900# WCB BW,CAN-001794,DEPOT-IOCL-PNP,"Panipat Refinery, Haryana",0,2332800,0,BALL_VALVE,300.0,900,ASTM A216 WCB,BW,API 6D
IOCL-MM-0002138,IOCL,FLG BLD 6IN CL300 A350-LF2 RF,CAN-000589,DEPOT-IOCL-MTH,"Mathura Refinery, Uttar Pradesh",0,51500,0,FLANGE_BLIND,150.0,300,ASTM A350 LF2,RF,ASME B16.5
IOCL-MM-0002139,IOCL,FLG SO 4IN 900LB SS316 FF ASMEB16.5,CAN-000874,DEPOT-IOCL-PNP,"Panipat Refinery, Haryana",26,130150,98,FLANGE_SLIP_ON,100.0,900,ASTM A182 F316,FF,ASME B16.5
IOCL-MM-0002140,IOCL,FLG SO 3IN 150LB A105 RF,CAN-000821,DEPOT-IOCL-KYL,"Koyali Refinery, Gujarat",12,7250,92,FLANGE_SLIP_ON,80.0,150,ASTM A105,RF,ASME B16.5
IOCL-MM-0002141,IOCL,FLG SO 6IN CL600 A105 FF,CAN-000894,DEPOT-IOCL-PRD,"Paradip Refinery, Odisha",97,49810,394,FLANGE_SLIP_ON,150.0,600,ASTM A105,FF,ASME B16.5
IOCL-MM-0002142,IOCL,VLV GT 3IN 150LB WCB BW,CAN-001244,DEPOT-IOCL-GWT,"Guwahati Refinery, Assam",0,81650,0,GATE_VALVE,80.0,150,ASTM A216 WCB,BW,API 6D
IOCL-MM-0002143,IOCL,STUDBLT 8IN 1500# B7/2H THRD ASMEB18.2.1,CAN-002179,DEPOT-IOCL-PNP,"Panipat Refinery, Haryana",0,32960,0,STUD_BOLT,200.0,1500,ASTM A193 B7 / A194 2H,THRD,ASME B18.2.1
IOCL-MM-0002144,IOCL,FLG BLD 2IN 300LB A105 RF ASMEB16.5,CAN-000497,DEPOT-IOCL-KYL,"Koyali Refinery, Gujarat",30,7710,110,FLANGE_BLIND,50.0,300,ASTM A105,RF,ASME B16.5
IOCL-MM-0002145,IOCL,VLV GT 10IN CL600 WCB RF,CAN-001505,DEPOT-IOCL-KYL,"Koyali Refinery, Gujarat",0,1088730,0,GATE_VALVE,250.0,600,ASTM A216 WCB,RF,API 600
IOCL-MM-0002146,IOCL,VLV GLB 2IN 300LB WCB RF,CAN-001866,DEPOT-IOCL-KYL,"Koyali Refinery, Gujarat",41,102890,99,GLOBE_VALVE,50.0,300,ASTM A216 WCB,RF,ASME B16.34
IOCL-MM-0002147,IOCL,VLV GT 8IN 300# A105 BW API600,CAN-001439,DEPOT-IOCL-MTH,"Mathura Refinery, Uttar Pradesh",126,467850,275,GATE_VALVE,200.0,300,ASTM A105,BW,API 600
IOCL-MM-0002148,IOCL,VLV GLB 3IN 600LB WCB RF,CAN-001889,DEPOT-IOCL-GWT,"Guwahati Refinery, Assam",0,330030,0,GLOBE_VALVE,80.0,600,ASTM A216 WCB,RF,BS 1873
IOCL-MM-0002149,IOCL,VLV BL 2IN 600# SS316 BW API6D,CAN-001672,DEPOT-IOCL-PRD,"Paradip Refinery, Odisha",22,525480,35,BALL_VALVE,50.0,600,ASTM A182 F316,BW,API 6D
IOCL-MM-0002150,IOCL,FLG WN RTJ 4IN CL150 SS304 ASMEB16.5,CAN-000206,DEPOT-IOCL-PNP,"Panipat Refinery, Haryana",50,32010,53,FLANGE_WELD_NECK,100.0,150,ASTM A182 F304,RTJ,ASME B16.5
IOCL-MM-0002151,IOCL,FLG SO 3IN CL600 SS304 RF ASMEB16.5,CAN-000835,DEPOT-IOCL-PNP,"Panipat Refinery, Haryana",0,52800,0,FLANGE_SLIP_ON,80.0,600,ASTM A182 F304,RF,ASME B16.5
IOCL-MM-0002152,IOCL,VLV GT 2IN CL600 SS316 BW API6D,CAN-001216,DEPOT-IOCL-MTH,"Mathura Refinery, Uttar Pradesh",47,429940,119,GATE_VALVE,50.0,600,ASTM A182 F316,BW,API 6D
IOCL-MM-0002153,IOCL,FLG WN 2IN CL150 A350-LF2 RTJ ASMEB16.5,CAN-000124,DEPOT-IOCL-KYL,"Koyali Refinery, Gujarat",70,8660,625,FLANGE_WELD_NECK,50.0,150,ASTM A350 LF2,RTJ,ASME B16.5
IOCL-MM-0002154,IOCL,FLG WN 1/2IN CL600 SS304 RF,CAN-000021,DEPOT-IOCL-PRD,"Paradip Refinery, Odisha",39,8230,106,FLANGE_WELD_NECK,15.0,600,ASTM A182 F304,RF,ASME B16.5
IOCL-MM-0002155,IOCL,FLG WN RTJ 12IN 600LB A105 ASMEB16.5,CAN-000378,DEPOT-IOCL-KYL,"Koyali Refinery, Gujarat",9,168650,70,FLANGE_WELD_NECK,300.0,600,ASTM A105,RTJ,ASME B16.5
IOCL-MM-0002156,IOCL,VLV GT 1IN 900LB WCB BW,CAN-001100,DEPOT-IOCL-PRD,"Paradip Refinery, Odisha",25,75470,116,GATE_VALVE,25.0,900,ASTM A216 WCB,BW,API 6D
IOCL-MM-0002157,IOCL,FLG SO 10IN CL600 SS304 RF ASMEB16.5,CAN-000955,DEPOT-IOCL-GWT,"Guwahati Refinery, Assam",46,232260,119,FLANGE_SLIP_ON,250.0,600,ASTM A182 F304,RF,ASME B16.5
IOCL-MM-0002158,IOCL,VLV BL 6IN 300# WCB BW,CAN-001726,DEPOT-IOCL-PRD,"Paradip Refinery, Odisha",21,393400,10,BALL_VALVE,150.0,300,ASTM A216 WCB,BW,API 6D
IOCL-MM-0002159,IOCL,VLV GT 3IN CL150 A105 RF API600,CAN-001245,DEPOT-IOCL-MTH,"Mathura Refinery, Uttar Pradesh",135,81650,424,GATE_VALVE,80.0,150,ASTM A105,RF,API 600
IOCL-MM-0002160,IOCL,VLV GLB 3IN 300LB A105 RF ASMEB16.34,CAN-001888,DEPOT-IOCL-PNP,"Panipat Refinery, Haryana",90,189550,728,GLOBE_VALVE,80.0,300,ASTM A105,RF,ASME B16.34
IOCL-MM-0002161,IOCL,FLG WN 4IN CL300 A105 RTJ ASMEB16.5,CAN-000210,DEPOT-IOCL-GWT,"Guwahati Refinery, Assam",33,23220,688,FLANGE_WELD_NECK,100.0,300,ASTM A105,RTJ,ASME B16.5
IOCL-MM-0002162,IOCL,VLV GT 1.5IN CL900 A105 RF API6D,CAN-001162,DEPOT-IOCL-PRD,"Paradip Refinery, Odisha",12,139040,119,GATE_VALVE,40.0,900,ASTM A105,RF,API 6D
IOCL-MM-0002163,IOCL,FLG WN 1.5IN 300# SS304 RTJ ASMEB16.5,CAN-000094,DEPOT-IOCL-GWT,"Guwahati Refinery, Assam",0,16930,0,FLANGE_WELD_NECK,40.0,300,ASTM A182 F304,RTJ,ASME B16.5
IOCL-MM-0002164,IOCL,FLG BLD RTJ 1.5IN CL150 SS316,CAN-000466,DEPOT-IOCL-PNP,"Panipat Refinery, Haryana",20,10610,71,FLANGE_BLIND,40.0,150,ASTM A182 F316,RTJ,ASME B16.5
IOCL-MM-0002165,IOCL,VLV GLB 4IN 600# WCB RF ASMEB16.34,CAN-001910,DEPOT-IOCL-GWT,"Guwahati Refinery, Assam",0,441100,0,GLOBE_VALVE,100.0,600,ASTM A216 WCB,RF,ASME B16.34
IOCL-MM-0002166,IOCL,VLV GLB 8IN 900LB WCB RF,CAN-001953,DEPOT-IOCL-KYL,"Koyali Refinery, Gujarat",0,1502270,0,GLOBE_VALVE,200.0,900,ASTM A216 WCB,RF,BS 1873
IOCL-MM-0002167,IOCL,VLV GT 1/2IN 900LB SS316 BW API600,CAN-001047,DEPOT-IOCL-MTH,"Mathura Refinery, Uttar Pradesh",23,124310,49,GATE_VALVE,15.0,900,ASTM A182 F316,BW,API 600
IOCL-MM-0002168,IOCL,FLG WN 1.5IN CL600 SS316 RF,CAN-000103,DEPOT-IOCL-PNP,"Panipat Refinery, Haryana",51,39310,183,FLANGE_WELD_NECK,40.0,600,ASTM A182 F316,RF,ASME B16.5
IOCL-MM-0002169,IOCL,FLG WN RTJ 3IN 150# A350-LF2,CAN-000164,DEPOT-IOCL-GWT,"Guwahati Refinery, Assam",49,15960,642,FLANGE_WELD_NECK,80.0,150,ASTM A350 LF2,RTJ,ASME B16.5
IOCL-MM-0002170,IOCL,GSKT SPWD 2IN 900LB SS316/GRAF RF ASMEB16.20,CAN-002037,DEPOT-IOCL-PRD,"Paradip Refinery, Odisha",12,21470,71,SPIRAL_WOUND_GASKET,50.0,900,SS316 / GRAPHITE,RF,ASME B16.20
IOCL-MM-0002171,IOCL,VLV GLB 10IN CL1500 A105 RF,CAN-001979,DEPOT-IOCL-PNP,"Panipat Refinery, Haryana",10,3021420,55,GLOBE_VALVE,250.0,1500,ASTM A105,RF,BS 1873
IOCL-MM-0002172,IOCL,VLV GT 2IN 1500# SS316 BW API6D,CAN-001240,DEPOT-IOCL-MTH,"Mathura Refinery, Uttar Pradesh",21,894870,102,GATE_VALVE,50.0,1500,ASTM A182 F316,BW,API 6D
IOCL-MM-0002173,IOCL,FLG WN 1IN 1500# A105 RF,CAN-000073,DEPOT-IOCL-PNP,"Panipat Refinery, Haryana",61,13880,329,FLANGE_WELD_NECK,25.0,1500,ASTM A105,RF,ASME B16.5
IOCL-MM-0002174,IOCL,GSKT SPWD 3IN 300LB SS304/GRAF RF ASMEB16.20,CAN-002044,DEPOT-IOCL-PRD,"Paradip Refinery, Odisha",0,12320,0,SPIRAL_WOUND_GASKET,80.0,300,SS304 / GRAPHITE,RF,ASME B16.20
IOCL-MM-0002175,IOCL,FLG BLD RTJ 12IN CL900 A350-LF2 ASMEB16.5,CAN-000692,DEPOT-IOCL-KYL,"Koyali Refinery, Gujarat",130,305380,286,FLANGE_BLIND,300.0,900,ASTM A350 LF2,RTJ,ASME B16.5
IOCL-MM-0002176,IOCL,STUDBLT 1IN CL600 L7/GR7 THRD,CAN-002116,DEPOT-IOCL-KYL,"Koyali Refinery, Gujarat",0,1690,0,STUD_BOLT,25.0,600,ASTM A320 L7 / A194 7,THRD,ASME B18.2.1
IOCL-MM-0002177,IOCL,VLV GT 3IN 1500# WCB BW,CAN-001292,DEPOT-IOCL-KYL,"Koyali Refinery, Gujarat",37,515190,412,GATE_VALVE,80.0,1500,ASTM A216 WCB,BW,API 6D
IOCL-MM-0002178,IOCL,VLV BL 1.5IN CL900 SS316 RF,CAN-001655,DEPOT-IOCL-KYL,"Koyali Refinery, Gujarat",34,543810,59,BALL_VALVE,40.0,900,ASTM A182 F316,RF,API 6D
IOCL-MM-0002179,IOCL,VLV GT 12IN 600LB WCB BW,CAN-001568,DEPOT-IOCL-MTH,"Mathura Refinery, Uttar Pradesh",29,1379920,643,GATE_VALVE,300.0,600,ASTM A216 WCB,BW,API 6D
IOCL-MM-0002180,IOCL,FLG SO 4IN 1500# SS304 RF ASMEB16.5,CAN-000877,DEPOT-IOCL-GWT,"Guwahati Refinery, Assam",0,146890,0,FLANGE_SLIP_ON,100.0,1500,ASTM A182 F304,RF,ASME B16.5
IOCL-MM-0002181,IOCL,FLG WN 3IN CL300 A105 RTJ,CAN-000170,DEPOT-IOCL-KYL,"Koyali Refinery, Gujarat",21,17370,502,FLANGE_WELD_NECK,80.0,300,ASTM A105,RTJ,ASME B16.5
IOCL-MM-0002182,IOCL,FLG WN RTJ 10IN 1500LB SS304,CAN-000358,DEPOT-IOCL-PRD,"Paradip Refinery, Odisha",12,664710,85,FLANGE_WELD_NECK,250.0,1500,ASTM A182 F304,RTJ,ASME B16.5
IOCL-MM-0002183,IOCL,FLG BLD RTJ 3IN 300# A350-LF2,CAN-000530,DEPOT-IOCL-PRD,"Paradip Refinery, Odisha",107,22740,302,FLANGE_BLIND,80.0,300,ASTM A350 LF2,RTJ,ASME B16.5
IOCL-MM-0002184,IOCL,VLV GLB 1IN CL1500 WCB RF,CAN-001837,DEPOT-IOCL-GWT,"Guwahati Refinery, Assam",0,151420,0,GLOBE_VALVE,25.0,1500,ASTM A216 WCB,RF,BS 1873
IOCL-MM-0002185,IOCL,FLG SO 4IN CL300 A105 RF,CAN-000857,DEPOT-IOCL-GWT,"Guwahati Refinery, Assam",0,16880,0,FLANGE_SLIP_ON,100.0,300,ASTM A105,RF,ASME B16.5
IOCL-MM-0002186,IOCL,VLV GLB 10IN 900# WCB RF BS1873,CAN-001973,DEPOT-IOCL-GWT,"Guwahati Refinery, Assam",13,2007850,99,GLOBE_VALVE,250.0,900,ASTM A216 WCB,RF,BS 1873
IOCL-MM-0002187,IOCL,FLG SO 1/2IN 1500LB SS316 FF,CAN-000730,DEPOT-IOCL-MTH,"Mathura Refinery, Uttar Pradesh",31,16620,19,FLANGE_SLIP_ON,15.0,1500,ASTM A182 F316,FF,ASME B16.5
IOCL-MM-0002188,IOCL,VLV BL 2IN CL150 SS316 RF API6D,CAN-001663,DEPOT-IOCL-KYL,"Koyali Refinery, Gujarat",24,173340,62,BALL_VALVE,50.0,150,ASTM A182 F316,RF,API 6D
IOCL-MM-0002189,IOCL,FLG WN RTJ 8IN 900# A350-LF2 ASMEB16.5,CAN-000308,DEPOT-IOCL-MTH,"Mathura Refinery, Uttar Pradesh",55,220330,717,FLANGE_WELD_NECK,200.0,900,ASTM A350 LF2,RTJ,ASME B16.5
IOCL-MM-0002190,IOCL,STUDBLT 8IN CL600 B7/2H THRD,CAN-002175,DEPOT-IOCL-PNP,"Panipat Refinery, Haryana",11,15830,43,STUD_BOLT,200.0,600,ASTM A193 B7 / A194 2H,THRD,ASME B18.2.1
IOCL-MM-0002191,IOCL,VLV GT 12IN 1500LB A105 RF API6D,CAN-001594,DEPOT-IOCL-PNP,"Panipat Refinery, Haryana",0,2872150,0,GATE_VALVE,300.0,1500,ASTM A105,RF,API 6D
IOCL-MM-0002192,IOCL,VLV GT 1IN 900# A105 RF,CAN-001102,DEPOT-IOCL-PNP,"Panipat Refinery, Haryana",0,75470,0,GATE_VALVE,25.0,900,ASTM A105,RF,API 6D
IOCL-MM-0002193,IOCL,STUDBLT 3IN 300LB L7/GR7 THRD ASMEB18.2.1,CAN-002144,DEPOT-IOCL-PRD,"Paradip Refinery, Odisha",40,4420,742,STUD_BOLT,80.0,300,ASTM A320 L7 / A194 7,THRD,ASME B18.2.1
IOCL-MM-0002194,IOCL,FLG WN 1.5IN CL1500 SS316 RF,CAN-000119,DEPOT-IOCL-PRD,"Paradip Refinery, Odisha",11,81830,61,FLANGE_WELD_NECK,40.0,1500,ASTM A182 F316,RF,ASME B16.5
IOCL-MM-0002195,IOCL,FLG SO 10IN 900# SS304 FF ASMEB16.5,CAN-000962,DEPOT-IOCL-KYL,"Koyali Refinery, Gujarat",0,321250,0,FLANGE_SLIP_ON,250.0,900,ASTM A182 F304,FF,ASME B16.5
IOCL-MM-0002196,IOCL,VLV GLB 1.5IN 300LB WCB RF ASMEB16.34,CAN-001846,DEPOT-IOCL-PNP,"Panipat Refinery, Haryana",0,76980,0,GLOBE_VALVE,40.0,300,ASTM A216 WCB,RF,ASME B16.34
IOCL-MM-0002197,IOCL,FLG SO 1IN 900# A105 FF,CAN-000750,DEPOT-IOCL-PRD,"Paradip Refinery, Odisha",0,6700,0,FLANGE_SLIP_ON,25.0,900,ASTM A105,FF,ASME B16.5
IOCL-MM-0002198,IOCL,VLV BL 3IN 600LB SS316 BW API6D,CAN-001692,DEPOT-IOCL-GWT,"Guwahati Refinery, Assam",11,968080,43,BALL_VALVE,80.0,600,ASTM A182 F316,BW,API 6D
IOCL-MM-0002199,IOCL,STUDBLT 1/2IN 150# B7/2H THRD,CAN-002101,DEPOT-IOCL-PRD,"Paradip Refinery, Odisha",83,180,263,STUD_BOLT,15.0,150,ASTM A193 B7 / A194 2H,THRD,ASME B18.2.1
IOCL-MM-0002200,IOCL,FLG SO 4IN 900LB SS316 RF ASMEB16.5,CAN-000873,DEPOT-IOCL-PRD,"Paradip Refinery, Odisha",46,130150,197,FLANGE_SLIP_ON,100.0,900,ASTM A182 F316,RF,ASME B16.5
IOCL-MM-0002201,IOCL,VLV BL 4IN 150LB WCB BW API6D,CAN-001702,DEPOT-IOCL-MTH,"Mathura Refinery, Uttar Pradesh",0,133380,0,BALL_VALVE,100.0,150,ASTM A216 WCB,BW,API 6D
IOCL-MM-0002202,IOCL,FLG WN 1IN CL900 A105 RTJ,CAN-000066,DEPOT-IOCL-PNP,"Panipat Refinery, Haryana",22,9220,83,FLANGE_WELD_NECK,25.0,900,ASTM A105,RTJ,ASME B16.5
IOCL-MM-0002203,IOCL,FLG BLD 6IN CL900 A350-LF2 RTJ ASMEB16.5,CAN-000602,DEPOT-IOCL-PRD,"Paradip Refinery, Odisha",0,124020,0,FLANGE_BLIND,150.0,900,ASTM A350 LF2,RTJ,ASME B16.5
IOCL-MM-0002204,IOCL,STUDBLT 10IN 300LB L7/GR7 THRD ASMEB18.2.1,CAN-002184,DEPOT-IOCL-KYL,"Koyali Refinery, Gujarat",0,19450,0,STUD_BOLT,250.0,300,ASTM A320 L7 / A194 7,THRD,ASME B18.2.1
IOCL-MM-0002205,IOCL,VLV GT 1IN CL300 A105 BW API6D,CAN-001080,DEPOT-IOCL-MTH,"Mathura Refinery, Uttar Pradesh",42,31330,62,GATE_VALVE,25.0,300,ASTM A105,BW,API 6D
IOCL-MM-0002206,IOCL,FLG SO 1.5IN CL900 SS316 RF ASMEB16.5,CAN-000783,DEPOT-IOCL-MTH,"Mathura Refinery, Uttar Pradesh",12,39550,100,FLANGE_SLIP_ON,40.0,900,ASTM A182 F316,RF,ASME B16.5
IOCL-MM-0002207,IOCL,GSKT SPWD 8IN 150LB SS316/GRAF RF ASMEB16.20,CAN-002071,DEPOT-IOCL-PRD,"Paradip Refinery, Odisha",12,31050,61,SPIRAL_WOUND_GASKET,200.0,150,SS316 / GRAPHITE,RF,ASME B16.20
IOCL-MM-0002208,IOCL,FLG SO 10IN CL300 SS316 RF ASMEB16.5,CAN-000951,DEPOT-IOCL-GWT,"Guwahati Refinery, Assam",41,177860,33,FLANGE_SLIP_ON,250.0,300,ASTM A182 F316,RF,ASME B16.5
IOCL-MM-0002209,IOCL,VLV GT 10IN CL300 WCB BW,CAN-001496,DEPOT-IOCL-MTH,"Mathura Refinery, Uttar Pradesh",0,625310,0,GATE_VALVE,250.0,300,ASTM A216 WCB,BW,API 6D
IOCL-MM-0002210,IOCL,VLV GT 8IN 600# SS316 RF API6D,CAN-001454,DEPOT-IOCL-MTH,"Mathura Refinery, Uttar Pradesh",38,2606670,584,GATE_VALVE,200.0,600,ASTM A182 F316,RF,API 6D
IOCL-MM-0002211,IOCL,FLG WN 3IN 900# SS304 RF ASMEB16.5,CAN-000189,DEPOT-IOCL-PNP,"Panipat Refinery, Haryana",46,100420,36,FLANGE_WELD_NECK,80.0,900,ASTM A182 F304,RF,ASME B16.5
IOCL-MM-0002212,IOCL,VLV GT 6IN CL150 WCB RF API600,CAN-001361,DEPOT-IOCL-PNP,"Panipat Refinery, Haryana",26,184870,36,GATE_VALVE,150.0,150,ASTM A216 WCB,RF,API 600
IOCL-MM-0002213,IOCL,VLV BL 8IN 900LB SS316 BW API6D,CAN-001756,DEPOT-IOCL-PNP,"Panipat Refinery, Haryana",103,4406670,600,BALL_VALVE,200.0,900,ASTM A182 F316,BW,API 6D
IOCL-MM-0002214,IOCL,VLV GT 12IN 600LB A105 RF,CAN-001569,DEPOT-IOCL-GWT,"Guwahati Refinery, Assam",17,1379920,119,GATE_VALVE,300.0,600,ASTM A105,RF,API 600
IOCL-MM-0002215,IOCL,FLG WNRF 3IN CL600 SS304 ASMEB16.5,CAN-000181,DEPOT-IOCL-MTH,"Mathura Refinery, Uttar Pradesh",82,72600,681,FLANGE_WELD_NECK,80.0,600,ASTM A182 F304,RF,ASME B16.5
IOCL-MM-0002216,IOCL,FLG WN 10IN 600LB A350-LF2 RTJ,CAN-000340,DEPOT-IOCL-GWT,"Guwahati Refinery, Assam",0,212900,0,FLANGE_WELD_NECK,250.0,600,ASTM A350 LF2,RTJ,ASME B16.5
IOCL-MM-0002217,IOCL,VLV GT 12IN 600LB WCB RF API6D,CAN-001566,DEPOT-IOCL-PNP,"Panipat Refinery, Haryana",94,1379920,388,GATE_VALVE,300.0,600,ASTM A216 WCB,RF,API 6D
IOCL-MM-0002218,IOCL,VLV GT 6IN 600LB SS316 BW API600,CAN-001395,DEPOT-IOCL-GWT,"Guwahati Refinery, Assam",0,1793350,0,GATE_VALVE,150.0,600,ASTM A182 F316,BW,API 600
IOCL-MM-0002219,IOCL,VLV BL 1IN 300LB SS316 BW API6D,CAN-001628,DEPOT-IOCL-PNP,"Panipat Refinery, Haryana",38,122570,18,BALL_VALVE,25.0,300,ASTM A182 F316,BW,API 6D
IOCL-MM-0002220,IOCL,FLG BLD 12IN CL1500 A350-LF2 RF,CAN-000697,DEPOT-IOCL-GWT,"Guwahati Refinery, Assam",33,459540,35,FLANGE_BLIND,300.0,1500,ASTM A350 LF2,RF,ASME B16.5
IOCL-MM-0002221,IOCL,FLG WN 4IN CL1500 A350-LF2 RF,CAN-000235,DEPOT-IOCL-KYL,"Koyali Refinery, Gujarat",35,134650,38,FLANGE_WELD_NECK,100.0,1500,ASTM A350 LF2,RF,ASME B16.5
IOCL-MM-0002222,IOCL,FLG WN 1/2IN 300LB A350-LF2 RTJ ASMEB16.5,CAN-000012,DEPOT-IOCL-MTH,"Mathura Refinery, Uttar Pradesh",29,3150,38,FLANGE_WELD_NECK,15.0,300,ASTM A350 LF2,RTJ,ASME B16.5
IOCL-MM-0002223,IOCL,FLG BLD 12IN CL300 A350-LF2 RF,CAN-000679,DEPOT-IOCL-MTH,"Mathura Refinery, Uttar Pradesh",0,126800,0,FLANGE_BLIND,300.0,300,ASTM A350 LF2,RF,ASME B16.5
IOCL-MM-0002224,IOCL,FLG SO 2IN CL150 A105 FF ASMEB16.5,CAN-000792,DEPOT-IOCL-GWT,"Guwahati Refinery, Assam",22,3930,120,FLANGE_SLIP_ON,50.0,150,ASTM A105,FF,ASME B16.5
IOCL-MM-0002225,IOCL,FLG BLD 6IN CL600 A105 RTJ ASMEB16.5,CAN-000594,DEPOT-IOCL-KYL,"Koyali Refinery, Gujarat",0,56040,0,FLANGE_BLIND,150.0,600,ASTM A105,RTJ,ASME B16.5
IOCL-MM-0002226,IOCL,FLG WN 8IN CL300 A350-LF2 RTJ ASMEB16.5,CAN-000292,DEPOT-IOCL-GWT,"Guwahati Refinery, Assam",20,91490,106,FLANGE_WELD_NECK,200.0,300,ASTM A350 LF2,RTJ,ASME B16.5
IOCL-MM-0002227,IOCL,FLG BLD 1/2IN CL600 A105 RF,CAN-000413,DEPOT-IOCL-PRD,"Paradip Refinery, Odisha",38,2800,33,FLANGE_BLIND,15.0,600,ASTM A105,RF,ASME B16.5
IOCL-MM-0002228,IOCL,FLG SO 12IN CL600 SS316 FF,CAN-000988,DEPOT-IOCL-PRD,"Paradip Refinery, Odisha",0,392510,0,FLANGE_SLIP_ON,300.0,600,ASTM A182 F316,FF,ASME B16.5
IOCL-MM-0002229,IOCL,VLV GT 2IN 900# A105 RF API600,CAN-001221,DEPOT-IOCL-PRD,"Paradip Refinery, Odisha",26,185830,10,GATE_VALVE,50.0,900,ASTM A105,RF,API 600
IOCL-MM-0002230,IOCL,FLG SO 6IN 600LB SS316 FF ASMEB16.5,CAN-000898,DEPOT-IOCL-PNP,"Panipat Refinery, Haryana",128,159400,437,FLANGE_SLIP_ON,150.0,600,ASTM A182 F316,FF,ASME B16.5
IOCL-MM-0002231,IOCL,FLG WN 1IN CL600 A105 RTJ,CAN-000058,DEPOT-IOCL-KYL,"Koyali Refinery, Gujarat",43,6660,82,FLANGE_WELD_NECK,25.0,600,ASTM A105,RTJ,ASME B16.5
IOCL-MM-0002232,IOCL,FLG SO 1.5IN CL900 A105 RF ASMEB16.5,CAN-000779,DEPOT-IOCL-KYL,"Koyali Refinery, Gujarat",17,12350,41,FLANGE_SLIP_ON,40.0,900,ASTM A105,RF,ASME B16.5
IOCL-MM-0002233,IOCL,FLG WNRF 4IN 150LB SS304 ASMEB16.5,CAN-000205,DEPOT-IOCL-KYL,"Koyali Refinery, Gujarat",105,32010,684,FLANGE_WELD_NECK,100.0,150,ASTM A182 F304,RF,ASME B16.5
IOCL-MM-0002234,IOCL,VLV GT 4IN 300# WCB BW,CAN-001316,DEPOT-IOCL-PRD,"Paradip Refinery, Odisha",0,190000,0,GATE_VALVE,100.0,300,ASTM A216 WCB,BW,API 6D
IOCL-MM-0002235,IOCL,FLG SO 1/2IN 600# A105 FF ASMEB16.5,CAN-000714,DEPOT-IOCL-MTH,"Mathura Refinery, Uttar Pradesh",0,2490,0,FLANGE_SLIP_ON,15.0,600,ASTM A105,FF,ASME B16.5
IOCL-MM-0002236,IOCL,FLG SO 3IN 1500# SS304 FF ASMEB16.5,CAN-000848,DEPOT-IOCL-KYL,"Koyali Refinery, Gujarat",9,109900,23,FLANGE_SLIP_ON,80.0,1500,ASTM A182 F304,FF,ASME B16.5
IOCL-MM-0002237,IOCL,FLG BLD 10IN CL150 A350-LF2 RF,CAN-000643,DEPOT-IOCL-PRD,"Paradip Refinery, Odisha",13,57460,38,FLANGE_BLIND,250.0,150,ASTM A350 LF2,RF,ASME B16.5
IOCL-MM-0002238,IOCL,FLG SO 4IN CL150 SS304 FF ASMEB16.5,CAN-000854,DEPOT-IOCL-GWT,"Guwahati Refinery, Assam",0,23280,0,FLANGE_SLIP_ON,100.0,150,ASTM A182 F304,FF,ASME B16.5
IOCL-MM-0002239,IOCL,FLG WNRF 3IN 900LB A350-LF2,CAN-000187,DEPOT-IOCL-PNP,"Panipat Refinery, Haryana",135,66950,394,FLANGE_WELD_NECK,80.0,900,ASTM A350 LF2,RF,ASME B16.5
IOCL-MM-0002240,IOCL,VLV GLB 12IN 150# A105 RF BS1873,CAN-001983,DEPOT-IOCL-MTH,"Mathura Refinery, Uttar Pradesh",10,606940,113,GLOBE_VALVE,300.0,150,ASTM A105,RF,BS 1873
IOCL-MM-0002241,IOCL,VLV GLB 12IN 600LB A105 RF,CAN-001992,DEPOT-IOCL-PRD,"Paradip Refinery, Odisha",81,1839900,225,GLOBE_VALVE,300.0,600,ASTM A105,RF,ASME B16.34
IOCL-MM-0002242,IOCL,STUDBLT 4IN 150LB L7/GR7 THRD,CAN-002152,DEPOT-IOCL-PRD,"Paradip Refinery, Odisha",0,3390,0,STUD_BOLT,100.0,150,ASTM A320 L7 / A194 7,THRD,ASME B18.2.1
IOCL-MM-0002243,IOCL,VLV GT 3IN CL300 A105 BW,CAN-001259,DEPOT-IOCL-KYL,"Koyali Refinery, Gujarat",75,142160,601,GATE_VALVE,80.0,300,ASTM A105,BW,API 600
IOCL-MM-0002244,IOCL,FLG WN RTJ 12IN 300LB SS304,CAN-000374,DEPOT-IOCL-MTH,"Mathura Refinery, Uttar Pradesh",91,232480,180,FLANGE_WELD_NECK,300.0,300,ASTM A182 F304,RTJ,ASME B16.5
IOCL-MM-0002245,IOCL,FLG SO 3IN 600LB SS316 FF,CAN-000838,DEPOT-IOCL-GWT,"Guwahati Refinery, Assam",62,70400,207,FLANGE_SLIP_ON,80.0,600,ASTM A182 F316,FF,ASME B16.5
IOCL-MM-0002246,IOCL,FLG WN RTJ 8IN CL900 A105,CAN-000306,DEPOT-IOCL-PNP,"Panipat Refinery, Haryana",17,137700,32,FLANGE_WELD_NECK,200.0,900,ASTM A105,RTJ,ASME B16.5
IOCL-MM-0002247,IOCL,FLG BLD 10IN 900# SS316 RF ASMEB16.5,CAN-000663,DEPOT-IOCL-PNP,"Panipat Refinery, Haryana",70,481880,394,FLANGE_BLIND,250.0,900,ASTM A182 F316,RF,ASME B16.5
IOCL-MM-0002248,IOCL,VLV GT 1IN 600# WCB RF API600,CAN-001085,DEPOT-IOCL-KYL,"Koyali Refinery, Gujarat",0,54560,0,GATE_VALVE,25.0,600,ASTM A216 WCB,RF,API 600
IOCL-MM-0002249,IOCL,FLG WN RTJ 2IN 600LB A350-LF2 ASMEB16.5,CAN-000140,DEPOT-IOCL-PNP,"Panipat Refinery, Haryana",72,26270,555,FLANGE_WELD_NECK,50.0,600,ASTM A350 LF2,RTJ,ASME B16.5
IOCL-MM-0002250,IOCL,FLG SO 10IN CL600 SS316 RF,CAN-000957,DEPOT-IOCL-GWT,"Guwahati Refinery, Assam",130,309680,337,FLANGE_SLIP_ON,250.0,600,ASTM A182 F316,RF,ASME B16.5
IOCL-MM-0002251,IOCL,FLG SO 8IN CL600 SS316 RF ASMEB16.5,CAN-000927,DEPOT-IOCL-MTH,"Mathura Refinery, Uttar Pradesh",5,231700,31,FLANGE_SLIP_ON,200.0,600,ASTM A182 F316,RF,ASME B16.5
IOCL-MM-0002252,IOCL,VLV GT 1IN 150LB A105 RF API6D,CAN-001066,DEPOT-IOCL-MTH,"Mathura Refinery, Uttar Pradesh",31,18000,23,GATE_VALVE,25.0,150,ASTM A105,RF,API 6D
IOCL-MM-0002253,IOCL,FLG WN 3IN 300# A105 RTJ ASMEB16.5,CAN-000170,DEPOT-IOCL-MTH,"Mathura Refinery, Uttar Pradesh",32,17370,39,FLANGE_WELD_NECK,80.0,300,ASTM A105,RTJ,ASME B16.5
IOCL-MM-0002254,IOCL,FLG BLD 4IN CL150 A350-LF2 RTJ ASMEB16.5,CAN-000554,DEPOT-IOCL-PRD,"Paradip Refinery, Odisha",104,17460,643,FLANGE_BLIND,100.0,150,ASTM A350 LF2,RTJ,ASME B16.5
IOCL-MM-0002255,IOCL,FLG BLD 3IN 900# SS316 RF,CAN-000543,DEPOT-IOCL-PRD,"Paradip Refinery, Odisha",41,109550,37,FLANGE_BLIND,80.0,900,ASTM A182 F316,RF,ASME B16.5
IOCL-MM-0002256,IOCL,VLV GT 6IN 300LB WCB BW,CAN-001376,DEPOT-IOCL-PRD,"Paradip Refinery, Odisha",133,321870,465,GATE_VALVE,150.0,300,ASTM A216 WCB,BW,API 6D
IOCL-MM-0002257,IOCL,VLV GT 4IN 150LB A105 BW API600,CAN-001307,DEPOT-IOCL-MTH,"Mathura Refinery, Uttar Pradesh",25,109130,380,GATE_VALVE,100.0,150,ASTM A105,BW,API 600
IOCL-MM-0002258,IOCL,FLG BLD 1IN 150LB A105 RF ASMEB16.5,CAN-000431,DEPOT-IOCL-PRD,"Paradip Refinery, Odisha",10,1800,84,FLANGE_BLIND,25.0,150,ASTM A105,RF,ASME B16.5
IOCL-MM-0002259,IOCL,FLG WN 4IN 1500# A350-LF2 RTJ ASMEB16.5,CAN-000236,DEPOT-IOCL-PNP,"Panipat Refinery, Haryana",0,134650,0,FLANGE_WELD_NECK,100.0,1500,ASTM A350 LF2,RTJ,ASME B16.5
IOCL-MM-0002260,IOCL,FLG BLD 12IN CL150 A105 RF,CAN-000671,DEPOT-IOCL-PNP,"Panipat Refinery, Haryana",30,45520,93,FLANGE_BLIND,300.0,150,ASTM A105,RF,ASME B16.5
IOCL-MM-0002261,IOCL,GSKT SPWD 10IN CL900 SS304/GRAF RF,CAN-002088,DEPOT-IOCL-MTH,"Mathura Refinery, Uttar Pradesh",0,130510,0,SPIRAL_WOUND_GASKET,250.0,900,SS304 / GRAPHITE,RF,ASME B16.20
IOCL-MM-0002262,IOCL,FLG SO 1IN 150# A105 RF,CAN-000731,DEPOT-IOCL-MTH,"Mathura Refinery, Uttar Pradesh",81,1600,231,FLANGE_SLIP_ON,25.0,150,ASTM A105,RF,ASME B16.5
IOCL-MM-0002263,IOCL,VLV GT 6IN CL150 A105 RF,CAN-001365,DEPOT-IOCL-PRD,"Paradip Refinery, Odisha",81,184870,731,GATE_VALVE,150.0,150,ASTM A105,RF,API 600
IOCL-MM-0002264,IOCL,VLV BL 10IN CL600 WCB RF API6D,CAN-001769,DEPOT-IOCL-PRD,"Paradip Refinery, Odisha",21,1330670,43,BALL_VALVE,250.0,600,ASTM A216 WCB,RF,API 6D
IOCL-MM-0002265,IOCL,FLG SO 1/2IN 1500LB A105 RF,CAN-000725,DEPOT-IOCL-MTH,"Mathura Refinery, Uttar Pradesh",0,5190,0,FLANGE_SLIP_ON,15.0,1500,ASTM A105,RF,ASME B16.5
IOCL-MM-0002266,IOCL,FLG SO 1IN 300LB A105 RF,CAN-000737,DEPOT-IOCL-MTH,"Mathura Refinery, Uttar Pradesh",0,2780,0,FLANGE_SLIP_ON,25.0,300,ASTM A105,RF,ASME B16.5
IOCL-MM-0002267,IOCL,VLV BL 12IN 900# SS316 RF,CAN-001795,DEPOT-IOCL-PNP,"Panipat Refinery, Haryana",44,7464990,66,BALL_VALVE,300.0,900,ASTM A182 F316,RF,API 6D
IOCL-MM-0002268,IOCL,VLV GLB 3IN 600# A105 RF,CAN-001891,DEPOT-IOCL-PRD,"Paradip Refinery, Odisha",0,330030,0,GLOBE_VALVE,80.0,600,ASTM A105,RF,BS 1873
IOCL-MM-0002269,IOCL,STUDBLT 3IN 300LB L7/GR7 THRD,CAN-002144,DEPOT-IOCL-GWT,"Guwahati Refinery, Assam",106,4420,210,STUD_BOLT,80.0,300,ASTM A320 L7 / A194 7,THRD,ASME B18.2.1
IOCL-MM-0002270,IOCL,FLG WN 8IN 600# A350-LF2 RTJ,CAN-000300,DEPOT-IOCL-PNP,"Panipat Refinery, Haryana",27,159290,265,FLANGE_WELD_NECK,200.0,600,ASTM A350 LF2,RTJ,ASME B16.5
IOCL-MM-0002271,IOCL,FLG SO 1/2IN 150LB SS316 FF ASMEB16.5,CAN-000706,DEPOT-IOCL-PRD,"Paradip Refinery, Odisha",0,2630,0,FLANGE_SLIP_ON,15.0,150,ASTM A182 F316,FF,ASME B16.5
IOCL-MM-0002272,IOCL,GSKT SPWD 10IN CL600 SS316/GRAF RF ASMEB16.20,CAN-002085,DEPOT-IOCL-PNP,"Panipat Refinery, Haryana",39,125800,92,SPIRAL_WOUND_GASKET,250.0,600,SS316 / GRAPHITE,RF,ASME B16.20
IOCL-MM-0002273,IOCL,FLG BLD RTJ 1IN 300LB SS316,CAN-000442,DEPOT-IOCL-PRD,"Paradip Refinery, Odisha",0,10020,0,FLANGE_BLIND,25.0,300,ASTM A182 F316,RTJ,ASME B16.5
IOCL-MM-0002274,IOCL,FLG BLD 12IN 900# A350-LF2 RTJ ASMEB16.5,CAN-000692,DEPOT-IOCL-PNP,"Panipat Refinery, Haryana",149,305380,476,FLANGE_BLIND,300.0,900,ASTM A350 LF2,RTJ,ASME B16.5
IOCL-MM-0002275,IOCL,STUDBLT 1.5IN 300LB B7/2H THRD ASMEB18.2.1,CAN-002123,DEPOT-IOCL-PNP,"Panipat Refinery, Haryana",14,1120,86,STUD_BOLT,40.0,300,ASTM A193 B7 / A194 2H,THRD,ASME B18.2.1
IOCL-MM-0002276,IOCL,STUDBLT 2IN CL150 L7/GR7 THRD,CAN-002132,DEPOT-IOCL-KYL,"Koyali Refinery, Gujarat",38,1370,108,STUD_BOLT,50.0,150,ASTM A320 L7 / A194 7,THRD,ASME B18.2.1
IOCL-MM-0002277,IOCL,FLG BLD RTJ 10IN 150# A105,CAN-000642,DEPOT-IOCL-GWT,"Guwahati Refinery, Assam",7,35910,50,FLANGE_BLIND,250.0,150,ASTM A105,RTJ,ASME B16.5
IOCL-MM-0002278,IOCL,VLV GT 10IN 1500LB WCB RF,CAN-001529,DEPOT-IOCL-PRD,"Paradip Refinery, Odisha",6,2266060,15,GATE_VALVE,250.0,1500,ASTM A216 WCB,RF,API 600
IOCL-MM-0002279,IOCL,VLV GT 1IN CL300 SS316 RF API600,CAN-001081,DEPOT-IOCL-GWT,"Guwahati Refinery, Assam",116,100280,533,GATE_VALVE,25.0,300,ASTM A182 F316,RF,API 600
IOCL-MM-0002280,IOCL,VLV GT 3IN CL600 WCB BW API600,CAN-001267,DEPOT-IOCL-GWT,"Guwahati Refinery, Assam",90,247520,722,GATE_VALVE,80.0,600,ASTM A216 WCB,BW,API 600
IOCL-MM-0002281,IOCL,FLG BLD RTJ 3IN 600# A105,CAN-000534,DEPOT-IOCL-MTH,"Mathura Refinery, Uttar Pradesh",22,24750,75,FLANGE_BLIND,80.0,600,ASTM A105,RTJ,ASME B16.5
IOCL-MM-0002282,IOCL,FLG SO 3IN 300# A105 FF,CAN-000828,DEPOT-IOCL-GWT,"Guwahati Refinery, Assam",28,12630,49,FLANGE_SLIP_ON,80.0,300,ASTM A105,FF,ASME B16.5
IOCL-MM-0002283,IOCL,VLV BL 12IN 1500# WCB RF,CAN-001797,DEPOT-IOCL-KYL,"Koyali Refinery, Gujarat",30,3510410,661,BALL_VALVE,300.0,1500,ASTM A216 WCB,RF,API 6D
IOCL-MM-0002284,IOCL,FLG SO 4IN 600# SS304 RF,CAN-000865,DEPOT-IOCL-MTH,"Mathura Refinery, Uttar Pradesh",44,70570,81,FLANGE_SLIP_ON,100.0,600,ASTM A182 F304,RF,ASME B16.5
IOCL-MM-0002285,IOCL,FLG WN 6IN 300LB A350-LF2 RF,CAN-000251,DEPOT-IOCL-PNP,"Panipat Refinery, Haryana",67,62940,308,FLANGE_WELD_NECK,150.0,300,ASTM A350 LF2,RF,ASME B16.5
IOCL-MM-0002286,IOCL,VLV GT 3IN 150# WCB RF API600,CAN-001241,DEPOT-IOCL-PNP,"Panipat Refinery, Haryana",120,81650,438,GATE_VALVE,80.0,150,ASTM A216 WCB,RF,API 600
IOCL-MM-0002287,IOCL,VLV GT 4IN CL150 WCB BW API600,CAN-001303,DEPOT-IOCL-PRD,"Paradip Refinery, Odisha",21,109130,447,GATE_VALVE,100.0,150,ASTM A216 WCB,BW,API 600
IOCL-MM-0002288,IOCL,VLV GT 2IN CL300 SS316 RF,CAN-001201,DEPOT-IOCL-MTH,"Mathura Refinery, Uttar Pradesh",35,246930,73,GATE_VALVE,50.0,300,ASTM A182 F316,RF,API 600
IOCL-MM-0002289,IOCL,VLV GT 10IN 300# A105 BW,CAN-001500,DEPOT-IOCL-KYL,"Koyali Refinery, Gujarat",68,625310,721,GATE_VALVE,250.0,300,ASTM A105,BW,API 6D
IOCL-MM-0002290,IOCL,VLV GT 2IN CL600 A105 BW API600,CAN-001211,DEPOT-IOCL-GWT,"Guwahati Refinery, Assam",0,134350,0,GATE_VALVE,50.0,600,ASTM A105,BW,API 600
IOCL-MM-0002291,IOCL,GSKT SPWD 12IN CL900 SS316/GRAF RF ASMEB16.20,CAN-002097,DEPOT-IOCL-KYL,"Koyali Refinery, Gujarat",23,220550,102,SPIRAL_WOUND_GASKET,300.0,900,SS316 / GRAPHITE,RF,ASME B16.20
IOCL-MM-0002292,IOCL,VLV GT 1/2IN 300# WCB BW,CAN-001016,DEPOT-IOCL-GWT,"Guwahati Refinery, Assam",15,16130,12,GATE_VALVE,15.0,300,ASTM A216 WCB,BW,API 6D
IOCL-MM-0002293,IOCL,VLV GT 12IN 300# A105 BW,CAN-001559,DEPOT-IOCL-MTH,"Mathura Refinery, Uttar Pradesh",38,792550,65,GATE_VALVE,300.0,300,ASTM A105,BW,API 600
IOCL-MM-0002294,IOCL,FLG SO 10IN 1500# A105 RF ASMEB16.5,CAN-000965,DEPOT-IOCL-GWT,"Guwahati Refinery, Assam",0,201420,0,FLANGE_SLIP_ON,250.0,1500,ASTM A105,RF,ASME B16.5
IOCL-MM-0002295,IOCL,FLG BLD 10IN 150# A105 RF,CAN-000641,DEPOT-IOCL-GWT,"Guwahati Refinery, Assam",119,35910,340,FLANGE_BLIND,250.0,150,ASTM A105,RF,ASME B16.5
IOCL-MM-0002296,IOCL,VLV GT 10IN 900LB SS316 RF,CAN-001525,DEPOT-IOCL-GWT,"Guwahati Refinery, Assam",30,4818850,371,GATE_VALVE,250.0,900,ASTM A182 F316,RF,API 600
IOCL-MM-0002297,IOCL,VLV GLB 1/2IN 150LB WCB RF,CAN-001802,DEPOT-IOCL-GWT,"Guwahati Refinery, Assam",48,12350,33,GLOBE_VALVE,15.0,150,ASTM A216 WCB,RF,ASME B16.34
IOCL-MM-0002298,IOCL,VLV BL 8IN 600LB SS316 RF API6D,CAN-001751,DEPOT-IOCL-PNP,"Panipat Refinery, Haryana",35,3185940,58,BALL_VALVE,200.0,600,ASTM A182 F316,RF,API 6D
IOCL-MM-0002299,IOCL,FLG SO 6IN 900LB SS304 RF,CAN-000901,DEPOT-IOCL-GWT,"Guwahati Refinery, Assam",149,165360,203,FLANGE_SLIP_ON,150.0,900,ASTM A182 F304,RF,ASME B16.5
IOCL-MM-0002300,IOCL,VLV GT 1IN 900# WCB BW,CAN-001099,DEPOT-IOCL-GWT,"Guwahati Refinery, Assam",0,75470,0,GATE_VALVE,25.0,900,ASTM A216 WCB,BW,API 600
IOCL-MM-0002301,IOCL,VLV GT 6IN CL600 SS316 RF,CAN-001394,DEPOT-IOCL-MTH,"Mathura Refinery, Uttar Pradesh",90,1793350,519,GATE_VALVE,150.0,600,ASTM A182 F316,RF,API 6D
IOCL-MM-0002302,IOCL,FLG BLD 3IN CL600 A105 RF,CAN-000533,DEPOT-IOCL-KYL,"Koyali Refinery, Gujarat",49,24750,17,FLANGE_BLIND,80.0,600,ASTM A105,RF,ASME B16.5
IOCL-MM-0002303,IOCL,VLV GT 8IN CL600 A105 RF,CAN-001450,DEPOT-IOCL-PNP,"Panipat Refinery, Haryana",45,814580,17,GATE_VALVE,200.0,600,ASTM A105,RF,API 6D
IOCL-MM-0002304,IOCL,VLV GT 12IN 600LB SS316 RF API6D,CAN-001574,DEPOT-IOCL-MTH,"Mathura Refinery, Uttar Pradesh",0,4415760,0,GATE_VALVE,300.0,600,ASTM A182 F316,RF,API 6D
IOCL-MM-0002305,IOCL,VLV BL 6IN 900LB SS316 BW API6D,CAN-001736,DEPOT-IOCL-PRD,"Paradip Refinery, Odisha",25,3031720,100,BALL_VALVE,150.0,900,ASTM A182 F316,BW,API 6D
IOCL-MM-0002306,IOCL,FLG WNRF 3IN 150# A350-LF2 ASMEB16.5,CAN-000163,DEPOT-IOCL-MTH,"Mathura Refinery, Uttar Pradesh",43,15960,276,FLANGE_WELD_NECK,80.0,150,ASTM A350 LF2,RF,ASME B16.5
IOCL-MM-0002307,IOCL,STUDBLT 8IN CL1500 L7/GR7 THRD,CAN-002180,DEPOT-IOCL-PRD,"Paradip Refinery, Odisha",12,52740,79,STUD_BOLT,200.0,1500,ASTM A320 L7 / A194 7,THRD,ASME B18.2.1
IOCL-MM-0002308,IOCL,VLV GT 1/2IN 1500# A105 BW,CAN-001055,DEPOT-IOCL-MTH,"Mathura Refinery, Uttar Pradesh",0,58460,0,GATE_VALVE,15.0,1500,ASTM A105,BW,API 600
IOCL-MM-0002309,IOCL,FLG SO 6IN 150# A105 FF,CAN-000882,DEPOT-IOCL-MTH,"Mathura Refinery, Uttar Pradesh",13,16430,61,FLANGE_SLIP_ON,150.0,150,ASTM A105,FF,ASME B16.5
IOCL-MM-0002310,IOCL,VLV GT 1IN CL1500 A105 BW API600,CAN-001115,DEPOT-IOCL-MTH,"Mathura Refinery, Uttar Pradesh",0,113570,0,GATE_VALVE,25.0,1500,ASTM A105,BW,API 600
IOCL-MM-0002311,IOCL,GSKT SPWD 1.5IN 600LB SS316/GRAF RF,CAN-002025,DEPOT-IOCL-PNP,"Panipat Refinery, Haryana",149,11610,688,SPIRAL_WOUND_GASKET,40.0,600,SS316 / GRAPHITE,RF,ASME B16.20
IOCL-MM-0002312,IOCL,VLV GT 10IN 900LB A105 RF,CAN-001522,DEPOT-IOCL-PNP,"Panipat Refinery, Haryana",37,1505890,119,GATE_VALVE,250.0,900,ASTM A105,RF,API 6D
IOCL-MM-0002313,IOCL,VLV GT 2IN 300LB A105 RF,CAN-001197,DEPOT-IOCL-PRD,"Paradip Refinery, Odisha",22,77160,369,GATE_VALVE,50.0,300,ASTM A105,RF,API 600
IOCL-MM-0002314,IOCL,VLV BL 6IN 1500# SS316 BW,CAN-001740,DEPOT-IOCL-PNP,"Panipat Refinery, Haryana",26,4562140,109,BALL_VALVE,150.0,1500,ASTM A182 F316,BW,API 6D
IOCL-MM-0002315,IOCL,FLG SO 2IN 150LB A105 RF ASMEB16.5,CAN-000791,DEPOT-IOCL-MTH,"Mathura Refinery, Uttar Pradesh",23,3930,430,FLANGE_SLIP_ON,50.0,150,ASTM A105,RF,ASME B16.5
IOCL-MM-0002316,IOCL,VLV GLB 10IN CL600 A105 RF BS1873,CAN-001971,DEPOT-IOCL-KYL,"Koyali Refinery, Gujarat",36,1451640,43,GLOBE_VALVE,250.0,600,ASTM A105,RF,BS 1873
IOCL-MM-0002317,IOCL,VLV GT 2IN CL150 WCB RF API6D,CAN-001182,DEPOT-IOCL-PRD,"Paradip Refinery, Odisha",0,44320,0,GATE_VALVE,50.0,150,ASTM A216 WCB,RF,API 6D
IOCL-MM-0002318,IOCL,VLV GT 6IN CL900 A105 BW,CAN-001404,DEPOT-IOCL-PNP,"Panipat Refinery, Haryana",74,775150,581,GATE_VALVE,150.0,900,ASTM A105,BW,API 6D
IOCL-MM-0002319,IOCL,FLG WN 3IN 900LB A350-LF2 RF ASMEB16.5,CAN-000187,DEPOT-IOCL-PNP,"Panipat Refinery, Haryana",0,66950,0,FLANGE_WELD_NECK,80.0,900,ASTM A350 LF2,RF,ASME B16.5
IOCL-MM-0002320,IOCL,VLV BL 3IN CL600 SS316 BW API6D,CAN-001692,DEPOT-IOCL-PNP,"Panipat Refinery, Haryana",93,968080,291,BALL_VALVE,80.0,600,ASTM A182 F316,BW,API 6D
IOCL-MM-0002321,IOCL,VLV GT 8IN CL600 WCB BW API600,CAN-001447,DEPOT-IOCL-MTH,"Mathura Refinery, Uttar Pradesh",35,814580,53,GATE_VALVE,200.0,600,ASTM A216 WCB,BW,API 600
IOCL-MM-0002322,IOCL,FLG SO 1.5IN 900# SS304 FF,CAN-000782,DEPOT-IOCL-KYL,"Koyali Refinery, Gujarat",0,29660,0,FLANGE_SLIP_ON,40.0,900,ASTM A182 F304,FF,ASME B16.5
IOCL-MM-0002323,IOCL,VLV GT 8IN CL150 WCB BW API6D,CAN-001424,DEPOT-IOCL-MTH,"Mathura Refinery, Uttar Pradesh",37,268710,28,GATE_VALVE,200.0,150,ASTM A216 WCB,BW,API 6D
IOCL-MM-0002324,IOCL,FLG WN RTJ 1.5IN 600# A105 ASMEB16.5,CAN-000098,DEPOT-IOCL-GWT,"Guwahati Refinery, Assam",10,12280,42,FLANGE_WELD_NECK,40.0,600,ASTM A105,RTJ,ASME B16.5
IOCL-MM-0002325,IOCL,STUDBLT 6IN 300# L7/GR7 THRD,CAN-002164,DEPOT-IOCL-GWT,"Guwahati Refinery, Assam",0,10010,0,STUD_BOLT,150.0,300,ASTM A320 L7 / A194 7,THRD,ASME B18.2.1
IOCL-MM-0002326,IOCL,VLV GT 10IN CL150 SS316 BW,CAN-001491,DEPOT-IOCL-PNP,"Panipat Refinery, Haryana",25,1149270,525,GATE_VALVE,250.0,150,ASTM A182 F316,BW,API 600
IOCL-MM-0002327,IOCL,FLG SO 4IN 1500# SS316 FF,CAN-000880,DEPOT-IOCL-KYL,"Koyali Refinery, Gujarat",7,195860,76,FLANGE_SLIP_ON,100.0,1500,ASTM A182 F316,FF,ASME B16.5
IOCL-MM-0002328,IOCL,VLV BL 1.5IN CL900 SS316 BW API6D,CAN-001656,DEPOT-IOCL-MTH,"Mathura Refinery, Uttar Pradesh",6,543810,15,BALL_VALVE,40.0,900,ASTM A182 F316,BW,API 6D
IOCL-MM-0002329,IOCL,STUDBLT 1.5IN 600# B7/2H THRD,CAN-002125,DEPOT-IOCL-PNP,"Panipat Refinery, Haryana",18,1950,56,STUD_BOLT,40.0,600,ASTM A193 B7 / A194 2H,THRD,ASME B18.2.1
IOCL-MM-0002330,IOCL,FLG SO 10IN 300LB A105 FF ASMEB16.5,CAN-000948,DEPOT-IOCL-PRD,"Paradip Refinery, Odisha",0,55580,0,FLANGE_SLIP_ON,250.0,300,ASTM A105,FF,ASME B16.5
IOCL-MM-0002331,IOCL,FLG WN RTJ 1/2IN 600# SS316,CAN-000024,DEPOT-IOCL-PNP,"Panipat Refinery, Haryana",18,10980,22,FLANGE_WELD_NECK,15.0,600,ASTM A182 F316,RTJ,ASME B16.5
IOCL-MM-0002332,IOCL,FLG BLD 4IN 900# A105 RTJ ASMEB16.5,CAN-000570,DEPOT-IOCL-GWT,"Guwahati Refinery, Assam",32,45750,75,FLANGE_BLIND,100.0,900,ASTM A105,RTJ,ASME B16.5
IOCL-MM-0002333,IOCL,VLV GT 1.5IN CL150 WCB BW API6D,CAN-001124,DEPOT-IOCL-PRD,"Paradip Refinery, Odisha",0,33160,0,GATE_VALVE,40.0,150,ASTM A216 WCB,BW,API 6D
IOCL-MM-0002334,IOCL,VLV GT 1.5IN CL300 SS316 RF,CAN-001142,DEPOT-IOCL-KYL,"Koyali Refinery, Gujarat",56,184750,395,GATE_VALVE,40.0,300,ASTM A182 F316,RF,API 6D
IOCL-MM-0002335,IOCL,VLV GT 3IN CL900 WCB RF,CAN-001278,DEPOT-IOCL-GWT,"Guwahati Refinery, Assam",30,342360,298,GATE_VALVE,80.0,900,ASTM A216 WCB,RF,API 6D
IOCL-MM-0002336,IOCL,VLV GT 3IN 600# WCB RF API6D,CAN-001266,DEPOT-IOCL-PRD,"Paradip Refinery, Odisha",0,247520,0,GATE_VALVE,80.0,600,ASTM A216 WCB,RF,API 6D
IOCL-MM-0002337,IOCL,FLG SO 12IN CL300 SS316 RF,CAN-000981,DEPOT-IOCL-MTH,"Mathura Refinery, Uttar Pradesh",20,225430,71,FLANGE_SLIP_ON,300.0,300,ASTM A182 F316,RF,ASME B16.5
IOCL-MM-0002338,IOCL,FLG SO 4IN CL300 SS316 RF,CAN-000861,DEPOT-IOCL-PRD,"Paradip Refinery, Odisha",0,54040,0,FLANGE_SLIP_ON,100.0,300,ASTM A182 F316,RF,ASME B16.5
IOCL-MM-0002339,IOCL,VLV BL 3IN 1500# SS316 BW API6D,CAN-001700,DEPOT-IOCL-GWT,"Guwahati Refinery, Assam",12,2014960,16,BALL_VALVE,80.0,1500,ASTM A182 F316,BW,API 6D
IOCL-MM-0002340,IOCL,VLV GT 3IN 1500# A105 BW,CAN-001295,DEPOT-IOCL-KYL,"Koyali Refinery, Gujarat",6,515190,87,GATE_VALVE,80.0,1500,ASTM A105,BW,API 600
IOCL-MM-0002341,IOCL,VLV GT 1IN 900# A105 RF,CAN-001102,DEPOT-IOCL-PRD,"Paradip Refinery, Odisha",9,75470,112,GATE_VALVE,25.0,900,ASTM A105,RF,API 6D
IOCL-MM-0002342,IOCL,FLG SO 1IN 1500LB SS316 RF ASMEB16.5,CAN-000759,DEPOT-IOCL-MTH,"Mathura Refinery, Uttar Pradesh",135,32300,441,FLANGE_SLIP_ON,25.0,1500,ASTM A182 F316,RF,ASME B16.5
IOCL-MM-0002343,IOCL,FLG WN 1IN CL300 SS316 RF,CAN-000055,DEPOT-IOCL-PRD,"Paradip Refinery, Odisha",127,12250,564,FLANGE_WELD_NECK,25.0,300,ASTM A182 F316,RF,ASME B16.5
IOCL-MM-0002344,IOCL,FLG WNRF 4IN CL900 SS316,CAN-000231,DEPOT-IOCL-PRD,"Paradip Refinery, Odisha",136,178960,271,FLANGE_WELD_NECK,100.0,900,ASTM A182 F316,RF,ASME B16.5
IOCL-MM-0002345,IOCL,FLG SO 8IN CL150 SS316 FF ASMEB16.5,CAN-000916,DEPOT-IOCL-PRD,"Paradip Refinery, Odisha",118,76430,434,FLANGE_SLIP_ON,200.0,150,ASTM A182 F316,FF,ASME B16.5
IOCL-MM-0002346,IOCL,STUDBLT 1IN 600# L7/GR7 THRD ASMEB18.2.1,CAN-002116,DEPOT-IOCL-PNP,"Panipat Refinery, Haryana",37,1690,49,STUD_BOLT,25.0,600,ASTM A320 L7 / A194 7,THRD,ASME B18.2.1
IOCL-MM-0002347,IOCL,FLG WN 6IN CL300 SS316 RTJ,CAN-000256,DEPOT-IOCL-MTH,"Mathura Refinery, Uttar Pradesh",68,125890,290,FLANGE_WELD_NECK,150.0,300,ASTM A182 F316,RTJ,ASME B16.5
IOCL-MM-0002348,IOCL,GSKT SPWD 6IN 1500# SS304/GRAF RF,CAN-002070,DEPOT-IOCL-MTH,"Mathura Refinery, Uttar Pradesh",14,101090,109,SPIRAL_WOUND_GASKET,150.0,1500,SS304 / GRAPHITE,RF,ASME B16.20
IOCL-MM-0002349,IOCL,FLG WN RTJ 8IN 900LB SS316,CAN-000312,DEPOT-IOCL-PNP,"Panipat Refinery, Haryana",49,440660,12,FLANGE_WELD_NECK,200.0,900,ASTM A182 F316,RTJ,ASME B16.5
IOCL-MM-0002350,IOCL,FLG BLD 12IN CL600 SS316 RF,CAN-000687,DEPOT-IOCL-KYL,"Koyali Refinery, Gujarat",34,441570,107,FLANGE_BLIND,300.0,600,ASTM A182 F316,RF,ASME B16.5
IOCL-MM-0002351,IOCL,VLV GT 1/2IN 150LB WCB RF,CAN-001002,DEPOT-IOCL-PNP,"Panipat Refinery, Haryana",16,9260,105,GATE_VALVE,15.0,150,ASTM A216 WCB,RF,API 6D
IOCL-MM-0002352,IOCL,FLG BLD RTJ 1IN 1500# A105,CAN-000456,DEPOT-IOCL-MTH,"Mathura Refinery, Uttar Pradesh",19,11350,51,FLANGE_BLIND,25.0,1500,ASTM A105,RTJ,ASME B16.5
IOCL-MM-0002353,IOCL,VLV GT 1IN CL150 WCB BW,CAN-001063,DEPOT-IOCL-GWT,"Guwahati Refinery, Assam",38,18000,27,GATE_VALVE,25.0,150,ASTM A216 WCB,BW,API 600
IOCL-MM-0002354,IOCL,VLV GT 1/2IN CL900 SS316 BW,CAN-001048,DEPOT-IOCL-PNP,"Panipat Refinery, Haryana",92,124310,183,GATE_VALVE,15.0,900,ASTM A182 F316,BW,API 6D
IOCL-MM-0002355,IOCL,FLG SO 10IN 900LB SS316 FF,CAN-000964,DEPOT-IOCL-PNP,"Panipat Refinery, Haryana",131,428340,529,FLANGE_SLIP_ON,250.0,900,ASTM A182 F316,FF,ASME B16.5
IOCL-MM-0002356,IOCL,VLV GT 10IN 1500# A105 RF,CAN-001533,DEPOT-IOCL-MTH,"Mathura Refinery, Uttar Pradesh",27,2266060,79,GATE_VALVE,250.0,1500,ASTM A105,RF,API 600
IOCL-MM-0002357,IOCL,FLG SO 1/2IN CL150 A105 FF ASMEB16.5,CAN-000702,DEPOT-IOCL-GWT,"Guwahati Refinery, Assam",0,820,0,FLANGE_SLIP_ON,15.0,150,ASTM A105,FF,ASME B16.5
IOCL-MM-0002358,IOCL,FLG BLD 10IN CL900 A350-LF2 RF ASMEB16.5,CAN-000661,DEPOT-IOCL-KYL,"Koyali Refinery, Gujarat",45,240940,19,FLANGE_BLIND,250.0,900,ASTM A350 LF2,RF,ASME B16.5
IOCL-MM-0002359,IOCL,VLV BL 12IN 150# SS316 RF API6D,CAN-001783,DEPOT-IOCL-KYL,"Koyali Refinery, Gujarat",45,1780360,329,BALL_VALVE,300.0,150,ASTM A182 F316,RF,API 6D
IOCL-MM-0002360,IOCL,FLG WN 6IN 300# SS304 RTJ ASMEB16.5,CAN-000254,DEPOT-IOCL-GWT,"Guwahati Refinery, Assam",50,94410,437,FLANGE_WELD_NECK,150.0,300,ASTM A182 F304,RTJ,ASME B16.5
IOCL-MM-0002361,IOCL,VLV GLB 2IN 600# WCB RF,CAN-001869,DEPOT-IOCL-KYL,"Koyali Refinery, Gujarat",20,179140,85,GLOBE_VALVE,50.0,600,ASTM A216 WCB,RF,BS 1873
IOCL-MM-0002362,IOCL,VLV GT 8IN 150LB A105 RF,CAN-001426,DEPOT-IOCL-GWT,"Guwahati Refinery, Assam",7,268710,119,GATE_VALVE,200.0,150,ASTM A105,RF,API 6D
IOCL-MM-0002363,IOCL,VLV GT 10IN 150# SS316 RF,CAN-001490,DEPOT-IOCL-MTH,"Mathura Refinery, Uttar Pradesh",19,1149270,10,GATE_VALVE,250.0,150,ASTM A182 F316,RF,API 6D
IOCL-MM-0002364,IOCL,FLG WN 12IN 150# A105 RTJ,CAN-000362,DEPOT-IOCL-PRD,"Paradip Refinery, Odisha",29,55630,18,FLANGE_WELD_NECK,300.0,150,ASTM A105,RTJ,ASME B16.5
IOCL-MM-0002365,IOCL,STUDBLT 6IN 600# B7/2H THRD ASMEB18.2.1,CAN-002165,DEPOT-IOCL-KYL,"Koyali Refinery, Gujarat",9,10890,20,STUD_BOLT,150.0,600,ASTM A193 B7 / A194 2H,THRD,ASME B18.2.1
IOCL-MM-0002366,IOCL,FLG BLD 3IN CL600 SS316 RF ASMEB16.5,CAN-000537,DEPOT-IOCL-PRD,"Paradip Refinery, Odisha",6,79200,16,FLANGE_BLIND,80.0,600,ASTM A182 F316,RF,ASME B16.5
IOCL-MM-0002367,IOCL,FLG WN RTJ 12IN 600# SS316 ASMEB16.5,CAN-000384,DEPOT-IOCL-GWT,"Guwahati Refinery, Assam",0,539700,0,FLANGE_WELD_NECK,300.0,600,ASTM A182 F316,RTJ,ASME B16.5
IOCL-MM-0002368,IOCL,FLG WN 10IN CL1500 A105 RF,CAN-000353,DEPOT-IOCL-GWT,"Guwahati Refinery, Assam",0,276960,0,FLANGE_WELD_NECK,250.0,1500,ASTM A105,RF,ASME B16.5
IOCL-MM-0002369,IOCL,VLV GT 2IN 1500LB WCB BW,CAN-001232,DEPOT-IOCL-PRD,"Paradip Refinery, Odisha",0,279640,0,GATE_VALVE,50.0,1500,ASTM A216 WCB,BW,API 6D
IOCL-MM-0002370,IOCL,STUDBLT 1/2IN CL1500 B7/2H THRD,CAN-002109,DEPOT-IOCL-KYL,"Koyali Refinery, Gujarat",8,1130,103,STUD_BOLT,15.0,1500,ASTM A193 B7 / A194 2H,THRD,ASME B18.2.1
IOCL-MM-0002371,IOCL,FLG BLD 2IN 900LB A350-LF2 RF ASMEB16.5,CAN-000511,DEPOT-IOCL-GWT,"Guwahati Refinery, Assam",36,29730,66,FLANGE_BLIND,50.0,900,ASTM A350 LF2,RF,ASME B16.5
IOCL-MM-0002372,IOCL,FLG SO 6IN 300LB SS316 FF,CAN-000892,DEPOT-IOCL-KYL,"Koyali Refinery, Gujarat",0,91550,0,FLANGE_SLIP_ON,150.0,300,ASTM A182 F316,FF,ASME B16.5
IOCL-MM-0002373,IOCL,FLG BLD 1/2IN CL150 SS316 RTJ,CAN-000406,DEPOT-IOCL-KYL,"Koyali Refinery, Gujarat",125,2960,313,FLANGE_BLIND,15.0,150,ASTM A182 F316,RTJ,ASME B16.5
IOCL-MM-0002374,IOCL,VLV GT 6IN CL1500 WCB RF API6D,CAN-001410,DEPOT-IOCL-PNP,"Panipat Refinery, Haryana",10,1166450,105,GATE_VALVE,150.0,1500,ASTM A216 WCB,RF,API 6D
IOCL-MM-0002375,IOCL,FLG SO 10IN 300LB SS316 RF,CAN-000951,DEPOT-IOCL-KYL,"Koyali Refinery, Gujarat",32,177860,344,FLANGE_SLIP_ON,250.0,300,ASTM A182 F316,RF,ASME B16.5
IOCL-MM-0002376,IOCL,FLG WN 1IN CL900 A105 RF,CAN-000065,DEPOT-IOCL-GWT,"Guwahati Refinery, Assam",0,9220,0,FLANGE_WELD_NECK,25.0,900,ASTM A105,RF,ASME B16.5
IOCL-MM-0002377,IOCL,VLV GT 4IN CL1500 WCB BW,CAN-001352,DEPOT-IOCL-GWT,"Guwahati Refinery, Assam",0,688570,0,GATE_VALVE,100.0,1500,ASTM A216 WCB,BW,API 6D
IOCL-MM-0002378,IOCL,FLG BLD 1IN 150# SS316 RF ASMEB16.5,CAN-000435,DEPOT-IOCL-KYL,"Koyali Refinery, Gujarat",0,5760,0,FLANGE_BLIND,25.0,150,ASTM A182 F316,RF,ASME B16.5
IOCL-MM-0002379,IOCL,VLV GT 4IN 150# WCB BW,CAN-001303,DEPOT-IOCL-GWT,"Guwahati Refinery, Assam",15,109130,35,GATE_VALVE,100.0,150,ASTM A216 WCB,BW,API 600
IOCL-MM-0002380,IOCL,FLG SO 4IN 150LB SS316 FF,CAN-000856,DEPOT-IOCL-KYL,"Koyali Refinery, Gujarat",0,31040,0,FLANGE_SLIP_ON,100.0,150,ASTM A182 F316,FF,ASME B16.5
IOCL-MM-0002381,IOCL,VLV GT 12IN CL150 SS316 BW,CAN-001551,DEPOT-IOCL-KYL,"Koyali Refinery, Gujarat",0,1456650,0,GATE_VALVE,300.0,150,ASTM A182 F316,BW,API 600
IOCL-MM-0002382,IOCL,FLG BLD 1IN 900# SS316 RF,CAN-000453,DEPOT-IOCL-PNP,"Panipat Refinery, Haryana",5,24150,58,FLANGE_BLIND,25.0,900,ASTM A182 F316,RF,ASME B16.5
IOCL-MM-0002383,IOCL,VLV BL 1.5IN 900# SS316 BW API6D,CAN-001656,DEPOT-IOCL-KYL,"Koyali Refinery, Gujarat",0,543810,0,BALL_VALVE,40.0,900,ASTM A182 F316,BW,API 6D
IOCL-MM-0002384,IOCL,VLV BL 10IN CL1500 SS316 BW,CAN-001780,DEPOT-IOCL-GWT,"Guwahati Refinery, Assam",0,8862830,0,BALL_VALVE,250.0,1500,ASTM A182 F316,BW,API 6D
IOCL-MM-0002385,IOCL,FLG WN 2IN 600LB A105 RTJ,CAN-000138,DEPOT-IOCL-KYL,"Koyali Refinery, Gujarat",0,16420,0,FLANGE_WELD_NECK,50.0,600,ASTM A105,RTJ,ASME B16.5
IOCL-MM-0002386,IOCL,FLG WN RTJ 4IN 600# SS316,CAN-000224,DEPOT-IOCL-PRD,"Paradip Refinery, Odisha",21,129380,85,FLANGE_WELD_NECK,100.0,600,ASTM A182 F316,RTJ,ASME B16.5
IOCL-MM-0002387,IOCL,VLV GLB 4IN 1500# A105 RF,CAN-001919,DEPOT-IOCL-MTH,"Mathura Refinery, Uttar Pradesh",102,918090,228,GLOBE_VALVE,100.0,1500,ASTM A105,RF,BS 1873
IOCL-MM-0002388,IOCL,FLG BLD 1/2IN 300# SS316 RTJ ASMEB16.5,CAN-000412,DEPOT-IOCL-PNP,"Panipat Refinery, Haryana",44,5160,621,FLANGE_BLIND,15.0,300,ASTM A182 F316,RTJ,ASME B16.5
IOCL-MM-0002389,IOCL,FLG SO 1/2IN 600LB SS316 FF ASMEB16.5,CAN-000718,DEPOT-IOCL-PNP,"Panipat Refinery, Haryana",0,7980,0,FLANGE_SLIP_ON,15.0,600,ASTM A182 F316,FF,ASME B16.5
IOCL-MM-0002390,IOCL,VLV GT 1/2IN 150# A105 BW,CAN-001007,DEPOT-IOCL-PNP,"Panipat Refinery, Haryana",39,9260,23,GATE_VALVE,15.0,150,ASTM A105,BW,API 600
IOCL-MM-0002391,IOCL,FLG BLD 4IN 1500# A350-LF2 RTJ,CAN-000578,DEPOT-IOCL-KYL,"Koyali Refinery, Gujarat",15,110170,33,FLANGE_BLIND,100.0,1500,ASTM A350 LF2,RTJ,ASME B16.5
IOCL-MM-0002392,IOCL,VLV GLB 3IN 1500# WCB RF ASMEB16.34,CAN-001898,DEPOT-IOCL-MTH,"Mathura Refinery, Uttar Pradesh",36,686920,115,GLOBE_VALVE,80.0,1500,ASTM A216 WCB,RF,ASME B16.34
IOCL-MM-0002393,IOCL,VLV GT 1.5IN CL900 A105 RF,CAN-001161,DEPOT-IOCL-MTH,"Mathura Refinery, Uttar Pradesh",0,139040,0,GATE_VALVE,40.0,900,ASTM A105,RF,API 600
IOCL-MM-0002394,IOCL,VLV GT 6IN 900# SS316 BW API600,CAN-001407,DEPOT-IOCL-KYL,"Koyali Refinery, Gujarat",0,2480500,0,GATE_VALVE,150.0,900,ASTM A182 F316,BW,API 600
IOCL-MM-0002395,IOCL,VLV GT 4IN CL300 WCB RF API6D,CAN-001314,DEPOT-IOCL-KYL,"Koyali Refinery, Gujarat",132,190000,419,GATE_VALVE,100.0,300,ASTM A216 WCB,RF,API 6D
IOCL-MM-0002396,IOCL,VLV GT 4IN 900LB SS316 RF,CAN-001345,DEPOT-IOCL-MTH,"Mathura Refinery, Uttar Pradesh",82,1464270,297,GATE_VALVE,100.0,900,ASTM A182 F316,RF,API 600
IOCL-MM-0002397,IOCL,VLV GT 3IN CL1500 WCB BW API6D,CAN-001292,DEPOT-IOCL-GWT,"Guwahati Refinery, Assam",26,515190,39,GATE_VALVE,80.0,1500,ASTM A216 WCB,BW,API 6D
IOCL-MM-0002398,IOCL,FLG SO 1.5IN CL150 SS316 FF,CAN-000766,DEPOT-IOCL-PNP,"Panipat Refinery, Haryana",49,9430,85,FLANGE_SLIP_ON,40.0,150,ASTM A182 F316,FF,ASME B16.5
IOCL-MM-0002399,IOCL,VLV GLB 2IN CL150 WCB RF,CAN-001861,DEPOT-IOCL-KYL,"Koyali Refinery, Gujarat",12,59090,68,GLOBE_VALVE,50.0,150,ASTM A216 WCB,RF,BS 1873
IOCL-MM-0002400,IOCL,VLV GT 4IN 1500LB SS316 BW,CAN-001359,DEPOT-IOCL-KYL,"Koyali Refinery, Gujarat",147,2203430,421,GATE_VALVE,100.0,1500,ASTM A182 F316,BW,API 600
IOCL-MM-0002401,IOCL,VLV BL 12IN 600LB SS316 RF,CAN-001791,DEPOT-IOCL-MTH,"Mathura Refinery, Uttar Pradesh",23,5397040,553,BALL_VALVE,300.0,600,ASTM A182 F316,RF,API 6D
IOCL-MM-0002402,IOCL,VLV GT 12IN 300# WCB RF API6D,CAN-001554,DEPOT-IOCL-MTH,"Mathura Refinery, Uttar Pradesh",0,792550,0,GATE_VALVE,300.0,300,ASTM A216 WCB,RF,API 6D
IOCL-MM-0002403,IOCL,FLG BLD 10IN 600# A350-LF2 RF ASMEB16.5,CAN-000655,DEPOT-IOCL-GWT,"Guwahati Refinery, Assam",15,174190,21,FLANGE_BLIND,250.0,600,ASTM A350 LF2,RF,ASME B16.5
IOCL-MM-0002404,IOCL,VLV GT 4IN 1500LB WCB BW,CAN-001352,DEPOT-IOCL-GWT,"Guwahati Refinery, Assam",0,688570,0,GATE_VALVE,100.0,1500,ASTM A216 WCB,BW,API 6D
IOCL-MM-0002405,IOCL,FLG WNRF 3IN 900LB A350-LF2,CAN-000187,DEPOT-IOCL-PNP,"Panipat Refinery, Haryana",30,66950,82,FLANGE_WELD_NECK,80.0,900,ASTM A350 LF2,RF,ASME B16.5
IOCL-MM-0002406,IOCL,FLG WN 8IN 300# SS316 RF,CAN-000295,DEPOT-IOCL-MTH,"Mathura Refinery, Uttar Pradesh",0,182980,0,FLANGE_WELD_NECK,200.0,300,ASTM A182 F316,RF,ASME B16.5
IOCL-MM-0002407,IOCL,FLG WN RTJ 6IN CL600 A350-LF2,CAN-000260,DEPOT-IOCL-KYL,"Koyali Refinery, Gujarat",30,109590,750,FLANGE_WELD_NECK,150.0,600,ASTM A350 LF2,RTJ,ASME B16.5
IOCL-MM-0002408,IOCL,FLG BLD 12IN CL150 A105 RTJ,CAN-000672,DEPOT-IOCL-MTH,"Mathura Refinery, Uttar Pradesh",43,45520,79,FLANGE_BLIND,300.0,150,ASTM A105,RTJ,ASME B16.5
IOCL-MM-0002409,IOCL,FLG BLD 1/2IN 150LB A350-LF2 RF,CAN-000403,DEPOT-IOCL-PNP,"Panipat Refinery, Haryana",52,1480,218,FLANGE_BLIND,15.0,150,ASTM A350 LF2,RF,ASME B16.5
IOCL-MM-0002410,IOCL,VLV GT 10IN 900LB SS316 RF,CAN-001526,DEPOT-IOCL-PRD,"Paradip Refinery, Odisha",19,4818850,94,GATE_VALVE,250.0,900,ASTM A182 F316,RF,API 6D
IOCL-MM-0002411,IOCL,VLV GT 1.5IN CL150 WCB BW,CAN-001124,DEPOT-IOCL-PRD,"Paradip Refinery, Odisha",84,33160,699,GATE_VALVE,40.0,150,ASTM A216 WCB,BW,API 6D
IOCL-MM-0002412,IOCL,FLG SO 8IN 300LB SS316 RF,CAN-000921,DEPOT-IOCL-GWT,"Guwahati Refinery, Assam",106,133070,704,FLANGE_SLIP_ON,200.0,300,ASTM A182 F316,RF,ASME B16.5
IOCL-MM-0002413,IOCL,FLG WN 8IN CL600 SS316 RTJ,CAN-000304,DEPOT-IOCL-GWT,"Guwahati Refinery, Assam",45,318590,79,FLANGE_WELD_NECK,200.0,600,ASTM A182 F316,RTJ,ASME B16.5
IOCL-MM-0002414,IOCL,FLG SO 3IN CL1500 A105 RF,CAN-000845,DEPOT-IOCL-PNP,"Panipat Refinery, Haryana",33,45790,21,FLANGE_SLIP_ON,80.0,1500,ASTM A105,RF,ASME B16.5
IOCL-MM-0002415,IOCL,FLG BLD 1/2IN 300LB A350-LF2 RF,CAN-000409,DEPOT-IOCL-MTH,"Mathura Refinery, Uttar Pradesh",122,2580,638,FLANGE_BLIND,15.0,300,ASTM A350 LF2,RF,ASME B16.5
IOCL-MM-0002416,IOCL,VLV GT 6IN 900LB WCB BW,CAN-001399,DEPOT-IOCL-PRD,"Paradip Refinery, Odisha",67,775150,206,GATE_VALVE,150.0,900,ASTM A216 WCB,BW,API 600
IOCL-MM-0002417,IOCL,VLV GT 10IN CL900 SS316 RF,CAN-001526,DEPOT-IOCL-KYL,"Koyali Refinery, Gujarat",36,4818850,652,GATE_VALVE,250.0,900,ASTM A182 F316,RF,API 6D
IOCL-MM-0002418,IOCL,VLV GT 6IN 1500LB SS316 BW,CAN-001420,DEPOT-IOCL-KYL,"Koyali Refinery, Gujarat",14,3732660,119,GATE_VALVE,150.0,1500,ASTM A182 F316,BW,API 6D
IOCL-MM-0002419,IOCL,STUDBLT 12IN CL1500 L7/GR7 THRD,CAN-002200,DEPOT-IOCL-KYL,"Koyali Refinery, Gujarat",50,89350,118,STUD_BOLT,300.0,1500,ASTM A320 L7 / A194 7,THRD,ASME B18.2.1
IOCL-MM-0002420,IOCL,VLV GT 2IN 900# A105 RF,CAN-001221,DEPOT-IOCL-MTH,"Mathura Refinery, Uttar Pradesh",41,185830,35,GATE_VALVE,50.0,900,ASTM A105,RF,API 600
IOCL-MM-0002421,IOCL,VLV GT 1IN 300LB A105 RF,CAN-001078,DEPOT-IOCL-PNP,"Panipat Refinery, Haryana",101,31330,716,GATE_VALVE,25.0,300,ASTM A105,RF,API 6D
IOCL-MM-0002422,IOCL,FLG WNRF 8IN 900# SS304 ASMEB16.5,CAN-000309,DEPOT-IOCL-MTH,"Mathura Refinery, Uttar Pradesh",49,330500,44,FLANGE_WELD_NECK,200.0,900,ASTM A182 F304,RF,ASME B16.5
IOCL-MM-0002423,IOCL,FLG BLD 12IN 900# SS316 RF,CAN-000693,DEPOT-IOCL-GWT,"Guwahati Refinery, Assam",119,610770,570,FLANGE_BLIND,300.0,900,ASTM A182 F316,RF,ASME B16.5
IOCL-MM-0002424,IOCL,FLG SO 12IN CL900 SS316 RF,CAN-000993,DEPOT-IOCL-KYL,"Koyali Refinery, Gujarat",6,542900,96,FLANGE_SLIP_ON,300.0,900,ASTM A182 F316,RF,ASME B16.5
IOCL-MM-0002425,IOCL,FLG WN RTJ 1.5IN 1500# SS304,CAN-000118,DEPOT-IOCL-MTH,"Mathura Refinery, Uttar Pradesh",107,61370,563,FLANGE_WELD_NECK,40.0,1500,ASTM A182 F304,RTJ,ASME B16.5
IOCL-MM-0002426,IOCL,FLG SO 1.5IN 1500LB SS316 FF ASMEB16.5,CAN-000790,DEPOT-IOCL-PRD,"Paradip Refinery, Odisha",42,59510,60,FLANGE_SLIP_ON,40.0,1500,ASTM A182 F316,FF,ASME B16.5
IOCL-MM-0002427,IOCL,FLG WN RTJ 1/2IN 600# SS304,CAN-000022,DEPOT-IOCL-PRD,"Paradip Refinery, Odisha",45,8230,41,FLANGE_WELD_NECK,15.0,600,ASTM A182 F304,RTJ,ASME B16.5
IOCL-MM-0002428,IOCL,FLG WN 8IN CL600 SS304 RF,CAN-000301,DEPOT-IOCL-PRD,"Paradip Refinery, Odisha",120,238940,407,FLANGE_WELD_NECK,200.0,600,ASTM A182 F304,RF,ASME B16.5
IOCL-MM-0002429,IOCL,VLV BL 12IN 900# WCB BW,CAN-001794,DEPOT-IOCL-PRD,"Paradip Refinery, Odisha",107,2332800,594,BALL_VALVE,300.0,900,ASTM A216 WCB,BW,API 6D
IOCL-MM-0002430,IOCL,STUDBLT 1.5IN 150# B7/2H THRD ASMEB18.2.1,CAN-002121,DEPOT-IOCL-GWT,"Guwahati Refinery, Assam",0,640,0,STUD_BOLT,40.0,150,ASTM A193 B7 / A194 2H,THRD,ASME B18.2.1
IOCL-MM-0002431,IOCL,VLV GT 1IN 1500LB WCB BW,CAN-001112,DEPOT-IOCL-KYL,"Koyali Refinery, Gujarat",0,113570,0,GATE_VALVE,25.0,1500,ASTM A216 WCB,BW,API 6D
IOCL-MM-0002432,IOCL,VLV GT 1IN 600LB A105 RF API600,CAN-001089,DEPOT-IOCL-PRD,"Paradip Refinery, Odisha",0,54560,0,GATE_VALVE,25.0,600,ASTM A105,RF,API 600
IOCL-MM-0002433,IOCL,VLV GT 10IN CL600 WCB BW API600,CAN-001507,DEPOT-IOCL-MTH,"Mathura Refinery, Uttar Pradesh",43,1088730,110,GATE_VALVE,250.0,600,ASTM A216 WCB,BW,API 600
IOCL-MM-0002434,IOCL,FLG SO 8IN CL150 SS316 RF ASMEB16.5,CAN-000915,DEPOT-IOCL-MTH,"Mathura Refinery, Uttar Pradesh",149,76430,288,FLANGE_SLIP_ON,200.0,150,ASTM A182 F316,RF,ASME B16.5
IOCL-MM-0002435,IOCL,VLV GLB 1.5IN CL300 A105 RF,CAN-001848,DEPOT-IOCL-GWT,"Guwahati Refinery, Assam",46,76980,72,GLOBE_VALVE,40.0,300,ASTM A105,RF,ASME B16.34
IOCL-MM-0002436,IOCL,VLV GT 1IN CL300 WCB BW API6D,CAN-001076,DEPOT-IOCL-KYL,"Koyali Refinery, Gujarat",103,31330,196,GATE_VALVE,25.0,300,ASTM A216 WCB,BW,API 6D
IOCL-MM-0002437,IOCL,FLG WN RTJ 3IN CL600 SS304,CAN-000182,DEPOT-IOCL-GWT,"Guwahati Refinery, Assam",77,72600,187,FLANGE_WELD_NECK,80.0,600,ASTM A182 F304,RTJ,ASME B16.5
IOCL-MM-0002438,IOCL,FLG WN RTJ 1IN 900# A350-LF2,CAN-000068,DEPOT-IOCL-PRD,"Paradip Refinery, Odisha",39,14750,295,FLANGE_WELD_NECK,25.0,900,ASTM A350 LF2,RTJ,ASME B16.5
IOCL-MM-0002439,IOCL,VLV BL 2IN 900LB SS316 RF,CAN-001675,DEPOT-IOCL-MTH,"Mathura Refinery, Uttar Pradesh",0,726820,0,BALL_VALVE,50.0,900,ASTM A182 F316,RF,API 6D
IOCL-MM-0002440,IOCL,FLG BLD 10IN CL150 A350-LF2 RF,CAN-000643,DEPOT-IOCL-GWT,"Guwahati Refinery, Assam",22,57460,111,FLANGE_BLIND,250.0,150,ASTM A350 LF2,RF,ASME B16.5
IOCL-MM-0002441,IOCL,FLG BLD 6IN 1500# A105 RF ASMEB16.5,CAN-000605,DEPOT-IOCL-GWT,"Guwahati Refinery, Assam",0,116640,0,FLANGE_BLIND,150.0,1500,ASTM A105,RF,ASME B16.5
IOCL-MM-0002442,IOCL,VLV GT 2IN 150LB WCB BW API600,CAN-001183,DEPOT-IOCL-GWT,"Guwahati Refinery, Assam",25,44320,115,GATE_VALVE,50.0,150,ASTM A216 WCB,BW,API 600
IOCL-MM-0002443,IOCL,FLG WNRF 12IN 300LB A350-LF2 ASMEB16.5,CAN-000371,DEPOT-IOCL-MTH,"Mathura Refinery, Uttar Pradesh",18,154980,114,FLANGE_WELD_NECK,300.0,300,ASTM A350 LF2,RF,ASME B16.5
IOCL-MM-0002444,IOCL,VLV GT 1/2IN 150LB A105 BW,CAN-001007,DEPOT-IOCL-PRD,"Paradip Refinery, Odisha",0,9260,0,GATE_VALVE,15.0,150,ASTM A105,BW,API 600
IOCL-MM-0002445,IOCL,VLV BL 1IN 900LB WCB BW,CAN-001634,DEPOT-IOCL-GWT,"Guwahati Refinery, Assam",0,92240,0,BALL_VALVE,25.0,900,ASTM A216 WCB,BW,API 6D
IOCL-MM-0002446,IOCL,VLV BL 3IN CL300 WCB BW API6D,CAN-001686,DEPOT-IOCL-MTH,"Mathura Refinery, Uttar Pradesh",46,173750,112,BALL_VALVE,80.0,300,ASTM A216 WCB,BW,API 6D
IOCL-MM-0002447,IOCL,VLV GT 2IN 600# A105 RF API6D,CAN-001210,DEPOT-IOCL-PNP,"Panipat Refinery, Haryana",0,134350,0,GATE_VALVE,50.0,600,ASTM A105,RF,API 6D
IOCL-MM-0002448,IOCL,FLG WN RTJ 6IN 300LB A105 ASMEB16.5,CAN-000250,DEPOT-IOCL-PRD,"Paradip Refinery, Odisha",51,39340,716,FLANGE_WELD_NECK,150.0,300,ASTM A105,RTJ,ASME B16.5
IOCL-MM-0002449,IOCL,FLG WN 6IN 300LB A350-LF2 RTJ,CAN-000252,DEPOT-IOCL-MTH,"Mathura Refinery, Uttar Pradesh",21,62940,458,FLANGE_WELD_NECK,150.0,300,ASTM A350 LF2,RTJ,ASME B16.5
IOCL-MM-0002450,IOCL,VLV BL 4IN 300LB WCB BW API6D,CAN-001706,DEPOT-IOCL-PRD,"Paradip Refinery, Odisha",27,232230,61,BALL_VALVE,100.0,300,ASTM A216 WCB,BW,API 6D
IOCL-MM-0002451,IOCL,VLV GLB 1/2IN 600# A105 RF,CAN-001812,DEPOT-IOCL-GWT,"Guwahati Refinery, Assam",32,37450,63,GLOBE_VALVE,15.0,600,ASTM A105,RF,ASME B16.34
IOCL-MM-0002452,IOCL,FLG SO 2IN 600# SS316 FF,CAN-000808,DEPOT-IOCL-PRD,"Paradip Refinery, Odisha",33,38210,78,FLANGE_SLIP_ON,50.0,600,ASTM A182 F316,FF,ASME B16.5
IOCL-MM-0002453,IOCL,VLV GLB 1/2IN 600LB WCB RF ASMEB16.34,CAN-001810,DEPOT-IOCL-MTH,"Mathura Refinery, Uttar Pradesh",0,37450,0,GLOBE_VALVE,15.0,600,ASTM A216 WCB,RF,ASME B16.34
IOCL-MM-0002454,IOCL,FLG WN RTJ 1.5IN CL300 A350-LF2 ASMEB16.5,CAN-000092,DEPOT-IOCL-GWT,"Guwahati Refinery, Assam",26,11290,103,FLANGE_WELD_NECK,40.0,300,ASTM A350 LF2,RTJ,ASME B16.5
IOCL-MM-0002455,IOCL,VLV GT 12IN CL900 A105 RF,CAN-001582,DEPOT-IOCL-GWT,"Guwahati Refinery, Assam",101,1908660,474,GATE_VALVE,300.0,900,ASTM A105,RF,API 6D
IOCL-MM-0002456,IOCL,VLV GT 2IN 300# SS316 RF,CAN-001202,DEPOT-IOCL-GWT,"Guwahati Refinery, Assam",50,246930,264,GATE_VALVE,50.0,300,ASTM A182 F316,RF,API 6D
IOCL-MM-0002457,IOCL,STUDBLT 8IN CL900 L7/GR7 THRD,CAN-002178,DEPOT-IOCL-GWT,"Guwahati Refinery, Assam",0,35050,0,STUD_BOLT,200.0,900,ASTM A320 L7 / A194 7,THRD,ASME B18.2.1
IOCL-MM-0002458,IOCL,FLG WN 4IN 900# A105 RTJ ASMEB16.5,CAN-000226,DEPOT-IOCL-GWT,"Guwahati Refinery, Assam",19,55920,85,FLANGE_WELD_NECK,100.0,900,ASTM A105,RTJ,ASME B16.5
IOCL-MM-0002459,IOCL,VLV GLB 1IN CL300 A105 RF,CAN-001827,DEPOT-IOCL-PNP,"Panipat Refinery, Haryana",53,41780,298,GLOBE_VALVE,25.0,300,ASTM A105,RF,BS 1873
IOCL-MM-0002460,IOCL,VLV BL 1.5IN 900LB WCB RF,CAN-001653,DEPOT-IOCL-PNP,"Panipat Refinery, Haryana",0,169940,0,BALL_VALVE,40.0,900,ASTM A216 WCB,RF,API 6D
IOCL-MM-0002461,IOCL,FLG BLD 10IN 600LB A350-LF2 RF ASMEB16.5,CAN-000655,DEPOT-IOCL-PNP,"Panipat Refinery, Haryana",45,174190,91,FLANGE_BLIND,250.0,600,ASTM A350 LF2,RF,ASME B16.5
IOCL-MM-0002462,IOCL,STUDBLT 12IN 1500LB B7/2H THRD,CAN-002199,DEPOT-IOCL-MTH,"Mathura Refinery, Uttar Pradesh",23,55840,48,STUD_BOLT,300.0,1500,ASTM A193 B7 / A194 2H,THRD,ASME B18.2.1
IOCL-MM-0002463,IOCL,FLG SO 12IN 900LB A105 FF,CAN-000990,DEPOT-IOCL-PRD,"Paradip Refinery, Odisha",29,169650,85,FLANGE_SLIP_ON,300.0,900,ASTM A105,FF,ASME B16.5
IOCL-MM-0002464,IOCL,FLG SO 1.5IN CL300 A105 RF,CAN-000767,DEPOT-IOCL-KYL,"Koyali Refinery, Gujarat",0,5130,0,FLANGE_SLIP_ON,40.0,300,ASTM A105,RF,ASME B16.5
IOCL-MM-0002465,IOCL,VLV BL 12IN CL1500 WCB RF,CAN-001797,DEPOT-IOCL-MTH,"Mathura Refinery, Uttar Pradesh",45,3510410,110,BALL_VALVE,300.0,1500,ASTM A216 WCB,RF,API 6D
IOCL-MM-0002466,IOCL,FLG SO 10IN 1500LB A105 FF,CAN-000966,DEPOT-IOCL-GWT,"Guwahati Refinery, Assam",14,201420,105,FLANGE_SLIP_ON,250.0,1500,ASTM A105,FF,ASME B16.5
IOCL-MM-0002467,IOCL,STUDBLT 10IN 900# B7/2H THRD ASMEB18.2.1,CAN-002187,DEPOT-IOCL-PRD,"Paradip Refinery, Odisha",62,29280,557,STUD_BOLT,250.0,900,ASTM A193 B7 / A194 2H,THRD,ASME B18.2.1
IOCL-MM-0002468,IOCL,VLV BL 4IN 300LB SS316 RF API6D,CAN-001707,DEPOT-IOCL-PNP,"Panipat Refinery, Haryana",16,743140,100,BALL_VALVE,100.0,300,ASTM A182 F316,RF,API 6D
IOCL-MM-0002469,IOCL,FLG BLD 3IN CL150 A105 RTJ ASMEB16.5,CAN-000522,DEPOT-IOCL-MTH,"Mathura Refinery, Uttar Pradesh",0,8160,0,FLANGE_BLIND,80.0,150,ASTM A105,RTJ,ASME B16.5
IOCL-MM-0002470,IOCL,VLV BL 12IN 150# SS316 BW API6D,CAN-001784,DEPOT-IOCL-PRD,"Paradip Refinery, Odisha",0,1780360,0,BALL_VALVE,300.0,150,ASTM A182 F316,BW,API 6D
IOCL-MM-0002471,IOCL,VLV GT 3IN CL1500 A105 RF API6D,CAN-001294,DEPOT-IOCL-GWT,"Guwahati Refinery, Assam",8,515190,58,GATE_VALVE,80.0,1500,ASTM A105,RF,API 6D
IOCL-MM-0002472,IOCL,FLG SO 1.5IN CL300 SS316 FF ASMEB16.5,CAN-000772,DEPOT-IOCL-PNP,"Panipat Refinery, Haryana",31,16420,43,FLANGE_SLIP_ON,40.0,300,ASTM A182 F316,FF,ASME B16.5
IOCL-MM-0002473,IOCL,VLV GT 12IN 300LB SS316 BW API6D,CAN-001564,DEPOT-IOCL-PRD,"Paradip Refinery, Odisha",6,2536190,78,GATE_VALVE,300.0,300,ASTM A182 F316,BW,API 6D
IOCL-MM-0002474,IOCL,VLV GT 6IN 600# SS316 RF,CAN-001393,DEPOT-IOCL-KYL,"Koyali Refinery, Gujarat",10,1793350,95,GATE_VALVE,150.0,600,ASTM A182 F316,RF,API 600
IOCL-MM-0002475,IOCL,FLG WN RTJ 12IN 150LB SS304 ASMEB16.5,CAN-000366,DEPOT-IOCL-GWT,"Guwahati Refinery, Assam",25,133520,43,FLANGE_WELD_NECK,300.0,150,ASTM A182 F304,RTJ,ASME B16.5
IOCL-MM-0002476,IOCL,FLG WN 8IN CL900 A350-LF2 RF,CAN-000307,DEPOT-IOCL-GWT,"Guwahati Refinery, Assam",29,220330,29,FLANGE_WELD_NECK,200.0,900,ASTM A350 LF2,RF,ASME B16.5
IOCL-MM-0002477,IOCL,FLG BLD 1IN CL1500 A105 RF,CAN-000455,DEPOT-IOCL-GWT,"Guwahati Refinery, Assam",0,11350,0,FLANGE_BLIND,25.0,1500,ASTM A105,RF,ASME B16.5
IOCL-MM-0002478,IOCL,FLG BLD 1IN 1500# A105 RTJ,CAN-000456,DEPOT-IOCL-KYL,"Koyali Refinery, Gujarat",47,11350,80,FLANGE_BLIND,25.0,1500,ASTM A105,RTJ,ASME B16.5
IOCL-MM-0002479,IOCL,FLG WN 2IN 300# A350-LF2 RF ASMEB16.5,CAN-000131,DEPOT-IOCL-PRD,"Paradip Refinery, Odisha",132,15090,303,FLANGE_WELD_NECK,50.0,300,ASTM A350 LF2,RF,ASME B16.5
IOCL-MM-0002480,IOCL,FLG SO 1.5IN CL300 SS316 FF,CAN-000772,DEPOT-IOCL-PNP,"Panipat Refinery, Haryana",18,16420,35,FLANGE_SLIP_ON,40.0,300,ASTM A182 F316,FF,ASME B16.5
IOCL-MM-0002481,IOCL,FLG BLD 8IN 300LB A350-LF2 RF,CAN-000619,DEPOT-IOCL-MTH,"Mathura Refinery, Uttar Pradesh",67,74850,209,FLANGE_BLIND,200.0,300,ASTM A350 LF2,RF,ASME B16.5
IOCL-MM-0002482,IOCL,VLV GT 2IN 150LB A105 RF API6D,CAN-001186,DEPOT-IOCL-MTH,"Mathura Refinery, Uttar Pradesh",41,44320,88,GATE_VALVE,50.0,150,ASTM A105,RF,API 6D
IOCL-MM-0002483,IOCL,FLG SO 1/2IN 600# A105 RF,CAN-000713,DEPOT-IOCL-MTH,"Mathura Refinery, Uttar Pradesh",129,2490,514,FLANGE_SLIP_ON,15.0,600,ASTM A105,RF,ASME B16.5
IOCL-MM-0002484,IOCL,VLV GT 12IN CL150 SS316 RF,CAN-001549,DEPOT-IOCL-PNP,"Panipat Refinery, Haryana",20,1456650,80,GATE_VALVE,300.0,150,ASTM A182 F316,RF,API 600
IOCL-MM-0002485,IOCL,FLG BLD 8IN CL1500 A350-LF2 RF ASMEB16.5,CAN-000637,DEPOT-IOCL-MTH,"Mathura Refinery, Uttar Pradesh",28,271270,99,FLANGE_BLIND,200.0,1500,ASTM A350 LF2,RF,ASME B16.5
IOCL-MM-0002486,IOCL,FLG BLD 6IN 300# A350-LF2 RF,CAN-000589,DEPOT-IOCL-PRD,"Paradip Refinery, Odisha",0,51500,0,FLANGE_BLIND,150.0,300,ASTM A350 LF2,RF,ASME B16.5
IOCL-MM-0002487,IOCL,VLV GLB 3IN CL300 A105 RF,CAN-001888,DEPOT-IOCL-GWT,"Guwahati Refinery, Assam",36,189550,102,GLOBE_VALVE,80.0,300,ASTM A105,RF,ASME B16.34
IOCL-MM-0002488,IOCL,STUDBLT 6IN CL1500 B7/2H THRD,CAN-002169,DEPOT-IOCL-KYL,"Koyali Refinery, Gujarat",0,22680,0,STUD_BOLT,150.0,1500,ASTM A193 B7 / A194 2H,THRD,ASME B18.2.1
IOCL-MM-0002489,IOCL,VLV GT 10IN 300LB WCB BW API600,CAN-001495,DEPOT-IOCL-PNP,"Panipat Refinery, Haryana",21,625310,120,GATE_VALVE,250.0,300,ASTM A216 WCB,BW,API 600
IOCL-MM-0002490,IOCL,FLG WN 4IN 300LB A105 RTJ,CAN-000210,DEPOT-IOCL-KYL,"Koyali Refinery, Gujarat",12,23220,33,FLANGE_WELD_NECK,100.0,300,ASTM A105,RTJ,ASME B16.5
IOCL-MM-0002491,IOCL,STUDBLT 1IN 1500LB B7/2H THRD,CAN-002119,DEPOT-IOCL-PRD,"Paradip Refinery, Odisha",16,2200,83,STUD_BOLT,25.0,1500,ASTM A193 B7 / A194 2H,THRD,ASME B18.2.1
IOCL-MM-0002492,IOCL,VLV BL 6IN 600# WCB RF,CAN-001729,DEPOT-IOCL-MTH,"Mathura Refinery, Uttar Pradesh",0,684960,0,BALL_VALVE,150.0,600,ASTM A216 WCB,RF,API 6D
IOCL-MM-0002493,IOCL,GSKT SPWD 1.5IN 150# SS304/GRAF RF,CAN-002022,DEPOT-IOCL-PRD,"Paradip Refinery, Odisha",38,2870,73,SPIRAL_WOUND_GASKET,40.0,150,SS304 / GRAPHITE,RF,ASME B16.20
IOCL-MM-0002494,IOCL,STUDBLT 10IN CL300 L7/GR7 THRD ASMEB18.2.1,CAN-002184,DEPOT-IOCL-KYL,"Koyali Refinery, Gujarat",103,19450,321,STUD_BOLT,250.0,300,ASTM A320 L7 / A194 7,THRD,ASME B18.2.1
IOCL-MM-0002495,IOCL,VLV GLB 4IN CL300 A105 RF,CAN-001908,DEPOT-IOCL-PRD,"Paradip Refinery, Odisha",0,253340,0,GLOBE_VALVE,100.0,300,ASTM A105,RF,ASME B16.34
IOCL-MM-0002496,IOCL,FLG WN RTJ 6IN 1500# SS316,CAN-000280,DEPOT-IOCL-PNP,"Panipat Refinery, Haryana",0,456210,0,FLANGE_WELD_NECK,150.0,1500,ASTM A182 F316,RTJ,ASME B16.5
IOCL-MM-0002497,IOCL,VLV GLB 4IN 300LB WCB RF ASMEB16.34,CAN-001906,DEPOT-IOCL-PNP,"Panipat Refinery, Haryana",16,253340,14,GLOBE_VALVE,100.0,300,ASTM A216 WCB,RF,ASME B16.34
IOCL-MM-0002498,IOCL,FLG BLD RTJ 3IN 1500# SS316,CAN-000550,DEPOT-IOCL-PRD,"Paradip Refinery, Odisha",139,164860,711,FLANGE_BLIND,80.0,1500,ASTM A182 F316,RTJ,ASME B16.5
IOCL-MM-0002499,IOCL,VLV GT 12IN CL600 WCB RF,CAN-001566,DEPOT-IOCL-PRD,"Paradip Refinery, Odisha",48,1379920,36,GATE_VALVE,300.0,600,ASTM A216 WCB,RF,API 6D
IOCL-MM-0002500,IOCL,VLV GLB 1IN CL150 A105 RF,CAN-001823,DEPOT-IOCL-GWT,"Guwahati Refinery, Assam",27,24000,33,GLOBE_VALVE,25.0,150,ASTM A105,RF,BS 1873
IOCL-MM-0002501,IOCL,VLV BL 2IN 900# SS316 BW,CAN-001676,DEPOT-IOCL-KYL,"Koyali Refinery, Gujarat",30,726820,386,BALL_VALVE,50.0,900,ASTM A182 F316,BW,API 6D
IOCL-MM-0002502,IOCL,VLV GT 10IN 150# A105 BW API6D,CAN-001488,DEPOT-IOCL-GWT,"Guwahati Refinery, Assam",0,359140,0,GATE_VALVE,250.0,150,ASTM A105,BW,API 6D
IOCL-MM-0002503,IOCL,VLV GT 1IN 300LB A105 RF,CAN-001077,DEPOT-IOCL-PRD,"Paradip Refinery, Odisha",102,31330,292,GATE_VALVE,25.0,300,ASTM A105,RF,API 600
IOCL-MM-0002504,IOCL,VLV GT 3IN 600LB A105 BW API600,CAN-001271,DEPOT-IOCL-MTH,"Mathura Refinery, Uttar Pradesh",43,247520,203,GATE_VALVE,80.0,600,ASTM A105,BW,API 600
IOCL-MM-0002505,IOCL,FLG BLD 6IN 300# SS316 RTJ ASMEB16.5,CAN-000592,DEPOT-IOCL-PRD,"Paradip Refinery, Odisha",26,103000,274,FLANGE_BLIND,150.0,300,ASTM A182 F316,RTJ,ASME B16.5
IOCL-MM-0002506,IOCL,FLG SO 8IN 150LB A105 FF ASMEB16.5,CAN-000912,DEPOT-IOCL-GWT,"Guwahati Refinery, Assam",37,23880,34,FLANGE_SLIP_ON,200.0,150,ASTM A105,FF,ASME B16.5
IOCL-MM-0002507,IOCL,FLG SO 12IN 1500# A105 RF,CAN-000995,DEPOT-IOCL-MTH,"Mathura Refinery, Uttar Pradesh",126,255300,661,FLANGE_SLIP_ON,300.0,1500,ASTM A105,RF,ASME B16.5
IOCL-MM-0002508,IOCL,VLV GT 6IN 600# SS316 RF API6D,CAN-001394,DEPOT-IOCL-PRD,"Paradip Refinery, Odisha",43,1793350,24,GATE_VALVE,150.0,600,ASTM A182 F316,RF,API 6D
IOCL-MM-0002509,IOCL,VLV GLB 6IN 1500# WCB RF BS1873,CAN-001937,DEPOT-IOCL-MTH,"Mathura Refinery, Uttar Pradesh",49,1555270,392,GLOBE_VALVE,150.0,1500,ASTM A216 WCB,RF,BS 1873
IOCL-MM-0002510,IOCL,FLG WNRF 4IN 150# SS304,CAN-000205,DEPOT-IOCL-KYL,"Koyali Refinery, Gujarat",47,32010,27,FLANGE_WELD_NECK,100.0,150,ASTM A182 F304,RF,ASME B16.5
IOCL-MM-0002511,IOCL,VLV GT 1.5IN 300# WCB BW API600,CAN-001135,DEPOT-IOCL-PNP,"Panipat Refinery, Haryana",0,57730,0,GATE_VALVE,40.0,300,ASTM A216 WCB,BW,API 600
IOCL-MM-0002512,IOCL,FLG BLD 8IN 150LB A350-LF2 RF,CAN-000613,DEPOT-IOCL-MTH,"Mathura Refinery, Uttar Pradesh",30,42990,303,FLANGE_BLIND,200.0,150,ASTM A350 LF2,RF,ASME B16.5
IOCL-MM-0002513,IOCL,GSKT SPWD 4IN CL1500 SS304/GRAF RF,CAN-002060,DEPOT-IOCL-KYL,"Koyali Refinery, Gujarat",0,59670,0,SPIRAL_WOUND_GASKET,100.0,1500,SS304 / GRAPHITE,RF,ASME B16.20
IOCL-MM-0002514,IOCL,FLG SO 2IN 900LB SS304 FF,CAN-000812,DEPOT-IOCL-PRD,"Paradip Refinery, Odisha",83,39640,382,FLANGE_SLIP_ON,50.0,900,ASTM A182 F304,FF,ASME B16.5
IOCL-MM-0002515,IOCL,GSKT SPWD 12IN CL150 SS316/GRAF RF,CAN-002091,DEPOT-IOCL-MTH,"Mathura Refinery, Uttar Pradesh",0,52600,0,SPIRAL_WOUND_GASKET,300.0,150,SS316 / GRAPHITE,RF,ASME B16.20
IOCL-MM-0002516,IOCL,FLG SO 1/2IN CL900 SS304 RF ASMEB16.5,CAN-000721,DEPOT-IOCL-KYL,"Koyali Refinery, Gujarat",39,8280,11,FLANGE_SLIP_ON,15.0,900,ASTM A182 F304,RF,ASME B16.5
IOCL-MM-0002517,IOCL,FLG WN RTJ 1/2IN CL150 SS304,CAN-000006,DEPOT-IOCL-GWT,"Guwahati Refinery, Assam",46,2710,333,FLANGE_WELD_NECK,15.0,150,ASTM A182 F304,RTJ,ASME B16.5
IOCL-MM-0002518,IOCL,VLV BL 4IN 150LB SS316 BW API6D,CAN-001704,DEPOT-IOCL-PNP,"Panipat Refinery, Haryana",40,426820,97,BALL_VALVE,100.0,150,ASTM A182 F316,BW,API 6D
IOCL-MM-0002519,IOCL,VLV BL 1/2IN 600LB SS316 BW,CAN-001612,DEPOT-IOCL-MTH,"Mathura Refinery, Uttar Pradesh",22,109850,514,BALL_VALVE,15.0,600,ASTM A182 F316,BW,API 6D
IOCL-MM-0002520,IOCL,VLV BL 1/2IN 600# WCB RF API6D,CAN-001609,DEPOT-IOCL-GWT,"Guwahati Refinery, Assam",6,34320,117,BALL_VALVE,15.0,600,ASTM A216 WCB,RF,API 6D
IOCL-MM-0002521,IOCL,VLV GT 1/2IN CL150 SS316 RF API600,CAN-001009,DEPOT-IOCL-GWT,"Guwahati Refinery, Assam",109,29640,569,GATE_VALVE,15.0,150,ASTM A182 F316,RF,API 600
IOCL-MM-0002522,IOCL,VLV GT 8IN 900# A105 RF,CAN-001462,DEPOT-IOCL-PNP,"Panipat Refinery, Haryana",74,1126700,533,GATE_VALVE,200.0,900,ASTM A105,RF,API 6D
IOCL-MM-0002523,IOCL,FLG SO 1.5IN 1500# SS316 RF,CAN-000789,DEPOT-IOCL-PRD,"Paradip Refinery, Odisha",6,59510,109,FLANGE_SLIP_ON,40.0,1500,ASTM A182 F316,RF,ASME B16.5
IOCL-MM-0002524,IOCL,FLG WN RTJ 2IN 600# A350-LF2,CAN-000140,DEPOT-IOCL-MTH,"Mathura Refinery, Uttar Pradesh",32,26270,55,FLANGE_WELD_NECK,50.0,600,ASTM A350 LF2,RTJ,ASME B16.5
IOCL-MM-0002525,IOCL,VLV GT 1.5IN CL1500 A105 BW API6D,CAN-001176,DEPOT-IOCL-GWT,"Guwahati Refinery, Assam",13,209230,37,GATE_VALVE,40.0,1500,ASTM A105,BW,API 6D
IOCL-MM-0002526,IOCL,FLG BLD RTJ 1.5IN 900# A105 ASMEB16.5,CAN-000480,DEPOT-IOCL-MTH,"Mathura Refinery, Uttar Pradesh",0,13900,0,FLANGE_BLIND,40.0,900,ASTM A105,RTJ,ASME B16.5
IOCL-MM-0002527,IOCL,FLG SO 10IN 150LB SS316 FF,CAN-000946,DEPOT-IOCL-KYL,"Koyali Refinery, Gujarat",0,102150,0,FLANGE_SLIP_ON,250.0,150,ASTM A182 F316,FF,ASME B16.5
IOCL-MM-0002528,IOCL,FLG BLD 1.5IN CL300 A105 RF ASMEB16.5,CAN-000467,DEPOT-IOCL-MTH,"Mathura Refinery, Uttar Pradesh",22,5770,17,FLANGE_BLIND,40.0,300,ASTM A105,RF,ASME B16.5
IOCL-MM-0002529,IOCL,FLG BLD 6IN 300# SS316 RF,CAN-000591,DEPOT-IOCL-PNP,"Panipat Refinery, Haryana",10,103000,65,FLANGE_BLIND,150.0,300,ASTM A182 F316,RF,ASME B16.5
IOCL-MM-0002530,IOCL,VLV GLB 1IN 150LB A105 RF,CAN-001823,DEPOT-IOCL-PNP,"Panipat Refinery, Haryana",13,24000,26,GLOBE_VALVE,25.0,150,ASTM A105,RF,BS 1873
IOCL-MM-0002531,IOCL,FLG SO 1IN 600LB A105 FF,CAN-000744,DEPOT-IOCL-PNP,"Panipat Refinery, Haryana",21,4850,120,FLANGE_SLIP_ON,25.0,600,ASTM A105,FF,ASME B16.5
IOCL-MM-0002532,IOCL,VLV GT 3IN 600# A105 BW,CAN-001272,DEPOT-IOCL-PNP,"Panipat Refinery, Haryana",0,247520,0,GATE_VALVE,80.0,600,ASTM A105,BW,API 6D
IOCL-MM-0002533,IOCL,VLV GT 3IN CL150 A105 RF,CAN-001246,DEPOT-IOCL-PNP,"Panipat Refinery, Haryana",0,81650,0,GATE_VALVE,80.0,150,ASTM A105,RF,API 6D
IOCL-MM-0002534,IOCL,VLV GT 1IN 150# A105 BW API6D,CAN-001068,DEPOT-IOCL-GWT,"Guwahati Refinery, Assam",123,18000,688,GATE_VALVE,25.0,150,ASTM A105,BW,API 6D
IOCL-MM-0002535,IOCL,FLG SO 1IN CL1500 SS304 RF,CAN-000757,DEPOT-IOCL-KYL,"Koyali Refinery, Gujarat",24,24220,89,FLANGE_SLIP_ON,25.0,1500,ASTM A182 F304,RF,ASME B16.5
IOCL-MM-0002536,IOCL,VLV GT 10IN 300# SS316 RF API6D,CAN-001502,DEPOT-IOCL-PRD,"Paradip Refinery, Odisha",27,2000990,57,GATE_VALVE,250.0,300,ASTM A182 F316,RF,API 6D
IOCL-MM-0002537,IOCL,FLG WNRF 1.5IN 900LB A350-LF2 ASMEB16.5,CAN-000107,DEPOT-IOCL-MTH,"Mathura Refinery, Uttar Pradesh",11,27190,27,FLANGE_WELD_NECK,40.0,900,ASTM A350 LF2,RF,ASME B16.5
IOCL-MM-0002538,IOCL,FLG WN RTJ 4IN 600LB A350-LF2 ASMEB16.5,CAN-000220,DEPOT-IOCL-PNP,"Panipat Refinery, Haryana",12,64690,112,FLANGE_WELD_NECK,100.0,600,ASTM A350 LF2,RTJ,ASME B16.5
IOCL-MM-0002539,IOCL,VLV BL 6IN CL300 WCB RF API6D,CAN-001725,DEPOT-IOCL-MTH,"Mathura Refinery, Uttar Pradesh",0,393400,0,BALL_VALVE,150.0,300,ASTM A216 WCB,RF,API 6D
IOCL-MM-0002540,IOCL,VLV GT 1/2IN CL150 SS316 BW,CAN-001012,DEPOT-IOCL-PRD,"Paradip Refinery, Odisha",0,29640,0,GATE_VALVE,15.0,150,ASTM A182 F316,BW,API 6D
IOCL-MM-0002541,IOCL,FLG WN RTJ 6IN 1500LB A105,CAN-000274,DEPOT-IOCL-PNP,"Panipat Refinery, Haryana",32,142560,76,FLANGE_WELD_NECK,150.0,1500,ASTM A105,RTJ,ASME B16.5
IOCL-MM-0002542,IOCL,VLV GLB 3IN 300# A105 RF,CAN-001887,DEPOT-IOCL-PRD,"Paradip Refinery, Odisha",0,189550,0,GLOBE_VALVE,80.0,300,ASTM A105,RF,BS 1873
IOCL-MM-0002543,IOCL,FLG SO 12IN CL150 A105 RF,CAN-000971,DEPOT-IOCL-KYL,"Koyali Refinery, Gujarat",0,40460,0,FLANGE_SLIP_ON,300.0,150,ASTM A105,RF,ASME B16.5
IOCL-MM-0002544,IOCL,FLG WN RTJ 1/2IN CL150 A105,CAN-000002,DEPOT-IOCL-GWT,"Guwahati Refinery, Assam",138,1130,266,FLANGE_WELD_NECK,15.0,150,ASTM A105,RTJ,ASME B16.5
IOCL-MM-0002545,IOCL,STUDBLT 1/2IN 900# L7/GR7 THRD,CAN-002108,DEPOT-IOCL-KYL,"Koyali Refinery, Gujarat",20,1200,16,STUD_BOLT,15.0,900,ASTM A320 L7 / A194 7,THRD,ASME B18.2.1
IOCL-MM-0002546,IOCL,FLG BLD 1IN 600LB A350-LF2 RTJ ASMEB16.5,CAN-000446,DEPOT-IOCL-PNP,"Panipat Refinery, Haryana",93,8730,549,FLANGE_BLIND,25.0,600,ASTM A350 LF2,RTJ,ASME B16.5
IOCL-MM-0002547,IOCL,VLV GT 10IN CL600 SS316 BW,CAN-001515,DEPOT-IOCL-KYL,"Koyali Refinery, Gujarat",30,3483930,32,GATE_VALVE,250.0,600,ASTM A182 F316,BW,API 600
IOCL-MM-0002548,IOCL,FLG WN 8IN 300# A350-LF2 RF ASMEB16.5,CAN-000291,DEPOT-IOCL-PRD,"Paradip Refinery, Odisha",27,91490,78,FLANGE_WELD_NECK,200.0,300,ASTM A350 LF2,RF,ASME B16.5
IOCL-MM-0002549,IOCL,VLV GT 8IN CL150 SS316 RF,CAN-001430,DEPOT-IOCL-KYL,"Koyali Refinery, Gujarat",32,859880,86,GATE_VALVE,200.0,150,ASTM A182 F316,RF,API 6D
IOCL-MM-0002550,IOCL,FLG WN RTJ 10IN 900LB SS304 ASMEB16.5,CAN-000350,DEPOT-IOCL-PRD,"Paradip Refinery, Odisha",0,441720,0,FLANGE_WELD_NECK,250.0,900,ASTM A182 F304,RTJ,ASME B16.5
IOCL-MM-0002551,IOCL,GSKT SPWD 4IN 150# SS304/GRAF RF,CAN-002052,DEPOT-IOCL-MTH,"Mathura Refinery, Uttar Pradesh",15,9450,115,SPIRAL_WOUND_GASKET,100.0,150,SS304 / GRAPHITE,RF,ASME B16.20
IOCL-MM-0002552,IOCL,FLG BLD 6IN 900LB SS316 RF,CAN-000603,DEPOT-IOCL-KYL,"Koyali Refinery, Gujarat",131,248050,332,FLANGE_BLIND,150.0,900,ASTM A182 F316,RF,ASME B16.5
IOCL-MM-0002553,IOCL,VLV GT 8IN 300# SS316 RF API600,CAN-001441,DEPOT-IOCL-PNP,"Panipat Refinery, Haryana",13,1497140,99,GATE_VALVE,200.0,300,ASTM A182 F316,RF,API 600
IOCL-MM-0002554,IOCL,FLG BLD 4IN 150LB A105 RF ASMEB16.5,CAN-000551,DEPOT-IOCL-PNP,"Panipat Refinery, Haryana",123,10910,604,FLANGE_BLIND,100.0,150,ASTM A105,RF,ASME B16.5
IOCL-MM-0002555,IOCL,FLG SO 2IN 1500LB SS316 RF ASMEB16.5,CAN-000819,DEPOT-IOCL-GWT,"Guwahati Refinery, Assam",6,79540,106,FLANGE_SLIP_ON,50.0,1500,ASTM A182 F316,RF,ASME B16.5
IOCL-MM-0002556,IOCL,VLV GLB 12IN 600# WCB RF,CAN-001989,DEPOT-IOCL-PNP,"Panipat Refinery, Haryana",36,1839900,95,GLOBE_VALVE,300.0,600,ASTM A216 WCB,RF,BS 1873
IOCL-MM-0002557,IOCL,FLG WNRF 12IN 150LB SS304 ASMEB16.5,CAN-000365,DEPOT-IOCL-PNP,"Panipat Refinery, Haryana",87,133520,421,FLANGE_WELD_NECK,300.0,150,ASTM A182 F304,RF,ASME B16.5
IOCL-MM-0002558,IOCL,FLG SO 4IN CL900 SS304 FF,CAN-000872,DEPOT-IOCL-PRD,"Paradip Refinery, Odisha",0,97610,0,FLANGE_SLIP_ON,100.0,900,ASTM A182 F304,FF,ASME B16.5
IOCL-MM-0002559,IOCL,FLG BLD 12IN CL150 A350-LF2 RF,CAN-000673,DEPOT-IOCL-GWT,"Guwahati Refinery, Assam",25,72830,41,FLANGE_BLIND,300.0,150,ASTM A350 LF2,RF,ASME B16.5
IOCL-MM-0002560,IOCL,VLV GT 10IN CL1500 SS316 BW,CAN-001539,DEPOT-IOCL-PNP,"Panipat Refinery, Haryana",16,7251410,15,GATE_VALVE,250.0,1500,ASTM A182 F316,BW,API 600
IOCL-MM-0002561,IOCL,FLG BLD 2IN 1500LB A105 RTJ,CAN-000516,DEPOT-IOCL-PRD,"Paradip Refinery, Odisha",43,27960,115,FLANGE_BLIND,50.0,1500,ASTM A105,RTJ,ASME B16.5
IOCL-MM-0002562,IOCL,VLV GT 8IN 300LB SS316 BW,CAN-001443,DEPOT-IOCL-KYL,"Koyali Refinery, Gujarat",146,1497140,409,GATE_VALVE,200.0,300,ASTM A182 F316,BW,API 600
IOCL-MM-0002563,IOCL,VLV GT 12IN CL150 SS316 RF API600,CAN-001549,DEPOT-IOCL-KYL,"Koyali Refinery, Gujarat",48,1456650,25,GATE_VALVE,300.0,150,ASTM A182 F316,RF,API 600
IOCL-MM-0002564,IOCL,FLG WNRF 1/2IN 150LB A350-LF2,CAN-000003,DEPOT-IOCL-GWT,"Guwahati Refinery, Assam",0,1810,0,FLANGE_WELD_NECK,15.0,150,ASTM A350 LF2,RF,ASME B16.5
IOCL-MM-0002565,IOCL,VLV GT 1/2IN 1500LB WCB RF,CAN-001049,DEPOT-IOCL-MTH,"Mathura Refinery, Uttar Pradesh",0,58460,0,GATE_VALVE,15.0,1500,ASTM A216 WCB,RF,API 600
IOCL-MM-0002566,IOCL,FLG WN 8IN 300LB A350-LF2 RTJ,CAN-000292,DEPOT-IOCL-PRD,"Paradip Refinery, Odisha",19,91490,116,FLANGE_WELD_NECK,200.0,300,ASTM A350 LF2,RTJ,ASME B16.5
IOCL-MM-0002567,IOCL,FLG BLD 2IN 300# A105 RTJ,CAN-000498,DEPOT-IOCL-MTH,"Mathura Refinery, Uttar Pradesh",94,7710,296,FLANGE_BLIND,50.0,300,ASTM A105,RTJ,ASME B16.5
IOCL-MM-0002568,IOCL,VLV GT 10IN CL300 WCB BW,CAN-001496,DEPOT-IOCL-PNP,"Panipat Refinery, Haryana",0,625310,0,GATE_VALVE,250.0,300,ASTM A216 WCB,BW,API 6D
IOCL-MM-0002569,IOCL,FLG WNRF 1/2IN 600LB SS304,CAN-000021,DEPOT-IOCL-MTH,"Mathura Refinery, Uttar Pradesh",0,8230,0,FLANGE_WELD_NECK,15.0,600,ASTM A182 F304,RF,ASME B16.5
IOCL-MM-0002570,IOCL,VLV GT 10IN 1500LB WCB BW API600,CAN-001531,DEPOT-IOCL-KYL,"Koyali Refinery, Gujarat",63,2266060,288,GATE_VALVE,250.0,1500,ASTM A216 WCB,BW,API 600
IOCL-MM-0002571,IOCL,VLV BL 12IN 1500# WCB BW,CAN-001798,DEPOT-IOCL-MTH,"Mathura Refinery, Uttar Pradesh",47,3510410,13,BALL_VALVE,300.0,1500,ASTM A216 WCB,BW,API 6D
IOCL-MM-0002572,IOCL,STUDBLT 8IN CL300 L7/GR7 THRD,CAN-002174,DEPOT-IOCL-GWT,"Guwahati Refinery, Assam",0,14550,0,STUD_BOLT,200.0,300,ASTM A320 L7 / A194 7,THRD,ASME B18.2.1
IOCL-MM-0002573,IOCL,FLG SO 8IN CL900 A105 FF,CAN-000930,DEPOT-IOCL-PNP,"Panipat Refinery, Haryana",0,100150,0,FLANGE_SLIP_ON,200.0,900,ASTM A105,FF,ASME B16.5
IOCL-MM-0002574,IOCL,FLG WN 8IN CL300 A350-LF2 RF,CAN-000291,DEPOT-IOCL-PRD,"Paradip Refinery, Odisha",42,91490,67,FLANGE_WELD_NECK,200.0,300,ASTM A350 LF2,RF,ASME B16.5
IOCL-MM-0002575,IOCL,FLG WN 2IN 1500# A350-LF2 RTJ ASMEB16.5,CAN-000156,DEPOT-IOCL-KYL,"Koyali Refinery, Gujarat",148,54680,476,FLANGE_WELD_NECK,50.0,1500,ASTM A350 LF2,RTJ,ASME B16.5
IOCL-MM-0002576,IOCL,FLG SO 3IN CL900 SS316 RF,CAN-000843,DEPOT-IOCL-PNP,"Panipat Refinery, Haryana",122,97380,446,FLANGE_SLIP_ON,80.0,900,ASTM A182 F316,RF,ASME B16.5
IOCL-MM-0002577,IOCL,VLV BL 1/2IN 300LB SS316 BW,CAN-001608,DEPOT-IOCL-MTH,"Mathura Refinery, Uttar Pradesh",135,63090,544,BALL_VALVE,15.0,300,ASTM A182 F316,BW,API 6D
IOCL-MM-0002578,IOCL,FLG WN 4IN CL900 A105 RTJ,CAN-000226,DEPOT-IOCL-PRD,"Paradip Refinery, Odisha",149,55920,562,FLANGE_WELD_NECK,100.0,900,ASTM A105,RTJ,ASME B16.5
IOCL-MM-0002579,IOCL,FLG BLD 12IN 900LB A105 RTJ,CAN-000690,DEPOT-IOCL-PNP,"Panipat Refinery, Haryana",86,190860,733,FLANGE_BLIND,300.0,900,ASTM A105,RTJ,ASME B16.5
IOCL-MM-0002580,IOCL,VLV GLB 6IN 1500# A105 RF,CAN-001939,DEPOT-IOCL-GWT,"Guwahati Refinery, Assam",10,1555270,116,GLOBE_VALVE,150.0,1500,ASTM A105,RF,BS 1873
IOCL-MM-0002581,IOCL,FLG WN 8IN 600# SS304 RTJ ASMEB16.5,CAN-000302,DEPOT-IOCL-PNP,"Panipat Refinery, Haryana",30,238940,21,FLANGE_WELD_NECK,200.0,600,ASTM A182 F304,RTJ,ASME B16.5
IOCL-MM-0002582,IOCL,VLV BL 4IN CL150 WCB BW,CAN-001702,DEPOT-IOCL-MTH,"Mathura Refinery, Uttar Pradesh",36,133380,96,BALL_VALVE,100.0,150,ASTM A216 WCB,BW,API 6D
IOCL-MM-0002583,IOCL,VLV BL 1.5IN CL1500 WCB RF API6D,CAN-001657,DEPOT-IOCL-MTH,"Mathura Refinery, Uttar Pradesh",32,255720,81,BALL_VALVE,40.0,1500,ASTM A216 WCB,RF,API 6D
IOCL-MM-0002584,IOCL,FLG WNRF 8IN CL300 SS304,CAN-000293,DEPOT-IOCL-KYL,"Koyali Refinery, Gujarat",47,137230,118,FLANGE_WELD_NECK,200.0,300,ASTM A182 F304,RF,ASME B16.5
IOCL-MM-0002585,IOCL,STUDBLT 10IN 600LB B7/2H THRD,CAN-002185,DEPOT-IOCL-PNP,"Panipat Refinery, Haryana",42,21160,55,STUD_BOLT,250.0,600,ASTM A193 B7 / A194 2H,THRD,ASME B18.2.1
IOCL-MM-0002586,IOCL,FLG WN 8IN 1500# A350-LF2 RF ASMEB16.5,CAN-000315,DEPOT-IOCL-PNP,"Panipat Refinery, Haryana",128,331550,295,FLANGE_WELD_NECK,200.0,1500,ASTM A350 LF2,RF,ASME B16.5
IOCL-MM-0002587,IOCL,VLV GT 1.5IN 900LB SS316 BW,CAN-001168,DEPOT-IOCL-KYL,"Koyali Refinery, Gujarat",83,444930,361,GATE_VALVE,40.0,900,ASTM A182 F316,BW,API 6D
IOCL-MM-0002588,IOCL,FLG WNRF 1/2IN 600LB A350-LF2,CAN-000019,DEPOT-IOCL-PRD,"Paradip Refinery, Odisha",26,5490,102,FLANGE_WELD_NECK,15.0,600,ASTM A350 LF2,RF,ASME B16.5
IOCL-MM-0002589,IOCL,VLV GT 8IN 150LB SS316 BW API600,CAN-001431,DEPOT-IOCL-KYL,"Koyali Refinery, Gujarat",47,859880,95,GATE_VALVE,200.0,150,ASTM A182 F316,BW,API 600
IOCL-MM-0002590,IOCL,FLG SO 10IN CL1500 SS316 RF ASMEB16.5,CAN-000969,DEPOT-IOCL-GWT,"Guwahati Refinery, Assam",43,644560,63,FLANGE_SLIP_ON,250.0,1500,ASTM A182 F316,RF,ASME B16.5
IOCL-MM-0002591,IOCL,VLV GT 12IN CL1500 WCB RF,CAN-001590,DEPOT-IOCL-PRD,"Paradip Refinery, Odisha",39,2872150,41,GATE_VALVE,300.0,1500,ASTM A216 WCB,RF,API 6D
IOCL-MM-0002592,IOCL,VLV GT 6IN CL300 SS316 RF API6D,CAN-001382,DEPOT-IOCL-PRD,"Paradip Refinery, Odisha",22,1030010,67,GATE_VALVE,150.0,300,ASTM A182 F316,RF,API 6D
IOCL-MM-0002593,IOCL,FLG WN RTJ 10IN CL300 SS304 ASMEB16.5,CAN-000334,DEPOT-IOCL-PNP,"Panipat Refinery, Haryana",0,183420,0,FLANGE_WELD_NECK,250.0,300,ASTM A182 F304,RTJ,ASME B16.5
IOCL-MM-0002594,IOCL,FLG SO 6IN 1500LB A105 FF ASMEB16.5,CAN-000906,DEPOT-IOCL-MTH,"Mathura Refinery, Uttar Pradesh",0,103680,0,FLANGE_SLIP_ON,150.0,1500,ASTM A105,FF,ASME B16.5
IOCL-MM-0002595,IOCL,VLV GT 10IN 600LB A105 BW,CAN-001511,DEPOT-IOCL-MTH,"Mathura Refinery, Uttar Pradesh",124,1088730,461,GATE_VALVE,250.0,600,ASTM A105,BW,API 600
IOCL-MM-0002596,IOCL,VLV GLB 3IN CL600 A105 RF,CAN-001892,DEPOT-IOCL-PNP,"Panipat Refinery, Haryana",41,330030,111,GLOBE_VALVE,80.0,600,ASTM A105,RF,ASME B16.34
IOCL-MM-0002597,IOCL,FLG WNRF 3IN 900# SS316,CAN-000191,DEPOT-IOCL-PRD,"Paradip Refinery, Odisha",0,133900,0,FLANGE_WELD_NECK,80.0,900,ASTM A182 F316,RF,ASME B16.5
IOCL-MM-0002598,IOCL,FLG WN 4IN 600# SS304 RTJ ASMEB16.5,CAN-000222,DEPOT-IOCL-GWT,"Guwahati Refinery, Assam",14,97040,106,FLANGE_WELD_NECK,100.0,600,ASTM A182 F304,RTJ,ASME B16.5
IOCL-MM-0002599,IOCL,VLV BL 1.5IN CL900 SS316 BW,CAN-001656,DEPOT-IOCL-PRD,"Paradip Refinery, Odisha",0,543810,0,BALL_VALVE,40.0,900,ASTM A182 F316,BW,API 6D
IOCL-MM-0002600,IOCL,VLV GT 3IN 1500# SS316 RF,CAN-001298,DEPOT-IOCL-PNP,"Panipat Refinery, Haryana",0,1648600,0,GATE_VALVE,80.0,1500,ASTM A182 F316,RF,API 6D
IOCL-MM-0002601,IOCL,FLG SO 3IN 1500# A105 RF ASMEB16.5,CAN-000845,DEPOT-IOCL-PNP,"Panipat Refinery, Haryana",20,45790,55,FLANGE_SLIP_ON,80.0,1500,ASTM A105,RF,ASME B16.5
IOCL-MM-0002602,IOCL,STUDBLT 1IN CL1500 L7/GR7 THRD,CAN-002120,DEPOT-IOCL-PRD,"Paradip Refinery, Odisha",15,3530,115,STUD_BOLT,25.0,1500,ASTM A320 L7 / A194 7,THRD,ASME B18.2.1
IOCL-MM-0002603,IOCL,FLG BLD 12IN 900# A350-LF2 RTJ ASMEB16.5,CAN-000692,DEPOT-IOCL-MTH,"Mathura Refinery, Uttar Pradesh",31,305380,10,FLANGE_BLIND,300.0,900,ASTM A350 LF2,RTJ,ASME B16.5
IOCL-MM-0002604,IOCL,FLG WN RTJ 8IN 900LB A350-LF2 ASMEB16.5,CAN-000308,DEPOT-IOCL-GWT,"Guwahati Refinery, Assam",37,220330,22,FLANGE_WELD_NECK,200.0,900,ASTM A350 LF2,RTJ,ASME B16.5
IOCL-MM-0002605,IOCL,FLG BLD RTJ 6IN 1500LB SS316,CAN-000610,DEPOT-IOCL-PNP,"Panipat Refinery, Haryana",112,373260,465,FLANGE_BLIND,150.0,1500,ASTM A182 F316,RTJ,ASME B16.5
IOCL-MM-0002606,IOCL,FLG WN RTJ 3IN 900LB A105 ASMEB16.5,CAN-000186,DEPOT-IOCL-PRD,"Paradip Refinery, Odisha",0,41840,0,FLANGE_WELD_NECK,80.0,900,ASTM A105,RTJ,ASME B16.5
IOCL-MM-0002607,IOCL,VLV GT 2IN 900LB WCB RF,CAN-001218,DEPOT-IOCL-MTH,"Mathura Refinery, Uttar Pradesh",22,185830,13,GATE_VALVE,50.0,900,ASTM A216 WCB,RF,API 6D
IOCL-MM-0002608,IOCL,VLV GT 4IN CL300 SS316 RF,CAN-001321,DEPOT-IOCL-PNP,"Panipat Refinery, Haryana",35,608020,105,GATE_VALVE,100.0,300,ASTM A182 F316,RF,API 600
IOCL-MM-0002609,IOCL,VLV GT 4IN 900# WCB RF,CAN-001337,DEPOT-IOCL-MTH,"Mathura Refinery, Uttar Pradesh",30,457580,739,GATE_VALVE,100.0,900,ASTM A216 WCB,RF,API 600
IOCL-MM-0002610,IOCL,VLV BL 4IN CL900 WCB BW,CAN-001714,DEPOT-IOCL-PNP,"Panipat Refinery, Haryana",138,559270,744,BALL_VALVE,100.0,900,ASTM A216 WCB,BW,API 6D
IOCL-MM-0002611,IOCL,VLV GT 10IN 900# WCB BW API6D,CAN-001520,DEPOT-IOCL-PNP,"Panipat Refinery, Haryana",31,1505890,76,GATE_VALVE,250.0,900,ASTM A216 WCB,BW,API 6D
IOCL-MM-0002612,IOCL,VLV GLB 2IN 300# WCB RF,CAN-001866,DEPOT-IOCL-GWT,"Guwahati Refinery, Assam",30,102890,90,GLOBE_VALVE,50.0,300,ASTM A216 WCB,RF,ASME B16.34
IOCL-MM-0002613,IOCL,VLV GT 8IN 600LB A105 RF,CAN-001449,DEPOT-IOCL-PRD,"Paradip Refinery, Odisha",47,814580,78,GATE_VALVE,200.0,600,ASTM A105,RF,API 600
IOCL-MM-0002614,IOCL,FLG BLD 10IN CL900 SS316 RTJ ASMEB16.5,CAN-000664,DEPOT-IOCL-PRD,"Paradip Refinery, Odisha",44,481880,80,FLANGE_BLIND,250.0,900,ASTM A182 F316,RTJ,ASME B16.5
IOCL-MM-0002615,IOCL,VLV GT 1.5IN 300LB A105 BW API6D,CAN-001140,DEPOT-IOCL-PRD,"Paradip Refinery, Odisha",24,57730,98,GATE_VALVE,40.0,300,ASTM A105,BW,API 6D
IOCL-MM-0002616,IOCL,VLV GT 1.5IN 150# WCB RF API600,CAN-001121,DEPOT-IOCL-PRD,"Paradip Refinery, Odisha",25,33160,112,GATE_VALVE,40.0,150,ASTM A216 WCB,RF,API 600
IOCL-MM-0002617,IOCL,VLV BL 1.5IN CL300 WCB BW API6D,CAN-001646,DEPOT-IOCL-PNP,"Panipat Refinery, Haryana",43,70560,96,BALL_VALVE,40.0,300,ASTM A216 WCB,BW,API 6D
IOCL-MM-0002618,IOCL,FLG BLD 10IN 300# SS316 RF ASMEB16.5,CAN-000651,DEPOT-IOCL-KYL,"Koyali Refinery, Gujarat",83,200090,570,FLANGE_BLIND,250.0,300,ASTM A182 F316,RF,ASME B16.5
IOCL-MM-0002619,IOCL,FLG WNRF 2IN CL150 A105 ASMEB16.5,CAN-000121,DEPOT-IOCL-KYL,"Koyali Refinery, Gujarat",0,5410,0,FLANGE_WELD_NECK,50.0,150,ASTM A105,RF,ASME B16.5
IOCL-MM-0002620,IOCL,VLV GLB 10IN CL900 A105 RF,CAN-001976,DEPOT-IOCL-MTH,"Mathura Refinery, Uttar Pradesh",121,2007850,392,GLOBE_VALVE,250.0,900,ASTM A105,RF,ASME B16.34
IOCL-MM-0002621,IOCL,STUDBLT 1/2IN 150LB B7/2H THRD ASMEB18.2.1,CAN-002101,DEPOT-IOCL-KYL,"Koyali Refinery, Gujarat",52,180,282,STUD_BOLT,15.0,150,ASTM A193 B7 / A194 2H,THRD,ASME B18.2.1
IOCL-MM-0002622,IOCL,VLV GT 1IN CL600 A105 RF,CAN-001089,DEPOT-IOCL-GWT,"Guwahati Refinery, Assam",8,54560,58,GATE_VALVE,25.0,600,ASTM A105,RF,API 600
IOCL-MM-0002623,IOCL,FLG WNRF 6IN 300LB A105 ASMEB16.5,CAN-000249,DEPOT-IOCL-PRD,"Paradip Refinery, Odisha",13,39340,48,FLANGE_WELD_NECK,150.0,300,ASTM A105,RF,ASME B16.5
IOCL-MM-0002624,IOCL,VLV GT 1IN CL900 WCB BW,CAN-001100,DEPOT-IOCL-GWT,"Guwahati Refinery, Assam",0,75470,0,GATE_VALVE,25.0,900,ASTM A216 WCB,BW,API 6D
IOCL-MM-0002625,IOCL,VLV GT 4IN 150LB A105 BW,CAN-001307,DEPOT-IOCL-KYL,"Koyali Refinery, Gujarat",22,109130,110,GATE_VALVE,100.0,150,ASTM A105,BW,API 600
IOCL-MM-0002626,IOCL,VLV GT 1.5IN CL900 A105 BW,CAN-001163,DEPOT-IOCL-PRD,"Paradip Refinery, Odisha",36,139040,62,GATE_VALVE,40.0,900,ASTM A105,BW,API 600
IOCL-MM-0002627,IOCL,STUDBLT 4IN 150# B7/2H THRD ASMEB18.2.1,CAN-002151,DEPOT-IOCL-KYL,"Koyali Refinery, Gujarat",5,2120,114,STUD_BOLT,100.0,150,ASTM A193 B7 / A194 2H,THRD,ASME B18.2.1
IOCL-MM-0002628,IOCL,STUDBLT 8IN 150LB L7/GR7 THRD ASMEB18.2.1,CAN-002172,DEPOT-IOCL-GWT,"Guwahati Refinery, Assam",33,8350,53,STUD_BOLT,200.0,150,ASTM A320 L7 / A194 7,THRD,ASME B18.2.1
IOCL-MM-0002629,IOCL,GSKT SPWD 4IN CL600 SS316/GRAF RF,CAN-002055,DEPOT-IOCL-PRD,"Paradip Refinery, Odisha",24,38220,108,SPIRAL_WOUND_GASKET,100.0,600,SS316 / GRAPHITE,RF,ASME B16.20
IOCL-MM-0002630,IOCL,FLG WN 8IN 300LB A350-LF2 RF ASMEB16.5,CAN-000291,DEPOT-IOCL-PRD,"Paradip Refinery, Odisha",27,91490,615,FLANGE_WELD_NECK,200.0,300,ASTM A350 LF2,RF,ASME B16.5
IOCL-MM-0002631,IOCL,VLV GLB 3IN 900# WCB RF ASMEB16.34,CAN-001894,DEPOT-IOCL-GWT,"Guwahati Refinery, Assam",30,456480,58,GLOBE_VALVE,80.0,900,ASTM A216 WCB,RF,ASME B16.34
IOCL-MM-0002632,IOCL,VLV GT 3IN 150# SS316 BW,CAN-001251,DEPOT-IOCL-MTH,"Mathura Refinery, Uttar Pradesh",106,261280,476,GATE_VALVE,80.0,150,ASTM A182 F316,BW,API 600
IOCL-MM-0002633,IOCL,FLG SO 2IN 600# A105 FF ASMEB16.5,CAN-000804,DEPOT-IOCL-GWT,"Guwahati Refinery, Assam",27,11940,39,FLANGE_SLIP_ON,50.0,600,ASTM A105,FF,ASME B16.5
IOCL-MM-0002634,IOCL,VLV GT 10IN 300# SS316 BW API600,CAN-001503,DEPOT-IOCL-KYL,"Koyali Refinery, Gujarat",0,2000990,0,GATE_VALVE,250.0,300,ASTM A182 F316,BW,API 600
IOCL-MM-0002635,IOCL,VLV BL 2IN 1500# WCB BW API6D,CAN-001678,DEPOT-IOCL-MTH,"Mathura Refinery, Uttar Pradesh",33,341790,64,BALL_VALVE,50.0,1500,ASTM A216 WCB,BW,API 6D
IOCL-MM-0002636,IOCL,GSKT SPWD 12IN 1500LB SS304/GRAF RF,CAN-002100,DEPOT-IOCL-KYL,"Koyali Refinery, Gujarat",13,248920,107,SPIRAL_WOUND_GASKET,300.0,1500,SS304 / GRAPHITE,RF,ASME B16.20
IOCL-MM-0002637,IOCL,VLV BL 3IN 900LB SS316 RF,CAN-001695,DEPOT-IOCL-KYL,"Koyali Refinery, Gujarat",0,1339020,0,BALL_VALVE,80.0,900,ASTM A182 F316,RF,API 6D
IOCL-MM-0002638,IOCL,FLG WNRF 1/2IN 1500# SS304,CAN-000037,DEPOT-IOCL-PNP,"Panipat Refinery, Haryana",0,17140,0,FLANGE_WELD_NECK,15.0,1500,ASTM A182 F304,RF,ASME B16.5
IOCL-MM-0002639,IOCL,FLG WN 2IN CL900 SS304 RF ASMEB16.5,CAN-000149,DEPOT-IOCL-PRD,"Paradip Refinery, Odisha",8,54510,10,FLANGE_WELD_NECK,50.0,900,ASTM A182 F304,RF,ASME B16.5
IOCL-MM-0002640,IOCL,FLG BLD 4IN CL1500 A350-LF2 RF ASMEB16.5,CAN-000577,DEPOT-IOCL-KYL,"Koyali Refinery, Gujarat",30,110170,71,FLANGE_BLIND,100.0,1500,ASTM A350 LF2,RF,ASME B16.5
IOCL-MM-0002641,IOCL,FLG WN RTJ 1.5IN CL150 SS316,CAN-000088,DEPOT-IOCL-MTH,"Mathura Refinery, Uttar Pradesh",64,12960,546,FLANGE_WELD_NECK,40.0,150,ASTM A182 F316,RTJ,ASME B16.5
IOCL-MM-0002642,IOCL,FLG WN 2IN 300LB SS304 RTJ,CAN-000134,DEPOT-IOCL-GWT,"Guwahati Refinery, Assam",50,22630,62,FLANGE_WELD_NECK,50.0,300,ASTM A182 F304,RTJ,ASME B16.5
IOCL-MM-0002643,IOCL,VLV BL 6IN 1500LB WCB RF,CAN-001737,DEPOT-IOCL-KYL,"Koyali Refinery, Gujarat",0,1425670,0,BALL_VALVE,150.0,1500,ASTM A216 WCB,RF,API 6D
IOCL-MM-0002644,IOCL,VLV GT 1IN CL1500 A105 BW API600,CAN-001115,DEPOT-IOCL-MTH,"Mathura Refinery, Uttar Pradesh",0,113570,0,GATE_VALVE,25.0,1500,ASTM A105,BW,API 600
IOCL-MM-0002645,IOCL,VLV GT 6IN CL300 SS316 BW API600,CAN-001383,DEPOT-IOCL-KYL,"Koyali Refinery, Gujarat",32,1030010,54,GATE_VALVE,150.0,300,ASTM A182 F316,BW,API 600
IOCL-MM-0002646,IOCL,VLV GT 1IN CL900 A105 BW,CAN-001103,DEPOT-IOCL-KYL,"Koyali Refinery, Gujarat",32,75470,652,GATE_VALVE,25.0,900,ASTM A105,BW,API 600
IOCL-MM-0002647,IOCL,FLG SO 8IN CL150 SS304 FF ASMEB16.5,CAN-000914,DEPOT-IOCL-MTH,"Mathura Refinery, Uttar Pradesh",21,57320,75,FLANGE_SLIP_ON,200.0,150,ASTM A182 F304,FF,ASME B16.5
IOCL-MM-0002648,IOCL,VLV GT 12IN 150# WCB BW API6D,CAN-001544,DEPOT-IOCL-PNP,"Panipat Refinery, Haryana",49,455200,106,GATE_VALVE,300.0,150,ASTM A216 WCB,BW,API 6D
IOCL-MM-0002649,IOCL,FLG WN 3IN 600# SS304 RTJ,CAN-000182,DEPOT-IOCL-GWT,"Guwahati Refinery, Assam",88,72600,228,FLANGE_WELD_NECK,80.0,600,ASTM A182 F304,RTJ,ASME B16.5
IOCL-MM-0002650,IOCL,VLV GT 2IN 150# WCB RF,CAN-001181,DEPOT-IOCL-KYL,"Koyali Refinery, Gujarat",46,44320,57,GATE_VALVE,50.0,150,ASTM A216 WCB,RF,API 600
IOCL-MM-0002651,IOCL,VLV GT 4IN 1500LB A105 BW,CAN-001356,DEPOT-IOCL-GWT,"Guwahati Refinery, Assam",70,688570,258,GATE_VALVE,100.0,1500,ASTM A105,BW,API 6D
IOCL-MM-0002652,IOCL,FLG BLD 8IN 150# A105 RF ASMEB16.5,CAN-000611,DEPOT-IOCL-MTH,"Mathura Refinery, Uttar Pradesh",0,26870,0,FLANGE_BLIND,200.0,150,ASTM A105,RF,ASME B16.5
IOCL-MM-0002653,IOCL,FLG BLD 12IN CL300 SS316 RTJ ASMEB16.5,CAN-000682,DEPOT-IOCL-PRD,"Paradip Refinery, Odisha",36,253610,97,FLANGE_BLIND,300.0,300,ASTM A182 F316,RTJ,ASME B16.5
IOCL-MM-0002654,IOCL,VLV GT 1.5IN CL150 A105 RF,CAN-001125,DEPOT-IOCL-PNP,"Panipat Refinery, Haryana",30,33160,107,GATE_VALVE,40.0,150,ASTM A105,RF,API 600
IOCL-MM-0002655,IOCL,FLG BLD RTJ 1IN 600# SS316 ASMEB16.5,CAN-000448,DEPOT-IOCL-MTH,"Mathura Refinery, Uttar Pradesh",6,17460,34,FLANGE_BLIND,25.0,600,ASTM A182 F316,RTJ,ASME B16.5
IOCL-MM-0002656,IOCL,VLV BL 10IN CL1500 WCB BW,CAN-001778,DEPOT-IOCL-MTH,"Mathura Refinery, Uttar Pradesh",141,2769630,542,BALL_VALVE,250.0,1500,ASTM A216 WCB,BW,API 6D
IOCL-MM-0002657,IOCL,VLV GT 2IN CL150 WCB RF API600,CAN-001181,DEPOT-IOCL-PRD,"Paradip Refinery, Odisha",0,44320,0,GATE_VALVE,50.0,150,ASTM A216 WCB,RF,API 600
IOCL-MM-0002658,IOCL,FLG SO 4IN 300# SS304 FF,CAN-000860,DEPOT-IOCL-KYL,"Koyali Refinery, Gujarat",30,40530,441,FLANGE_SLIP_ON,100.0,300,ASTM A182 F304,FF,ASME B16.5
IOCL-MM-0002659,IOCL,VLV GT 6IN 600LB SS316 BW,CAN-001396,DEPOT-IOCL-MTH,"Mathura Refinery, Uttar Pradesh",0,1793350,0,GATE_VALVE,150.0,600,ASTM A182 F316,BW,API 6D
IOCL-MM-0002660,IOCL,VLV GLB 1IN CL900 A105 RF,CAN-001836,DEPOT-IOCL-MTH,"Mathura Refinery, Uttar Pradesh",39,100630,74,GLOBE_VALVE,25.0,900,ASTM A105,RF,ASME B16.34
IOCL-MM-0002661,IOCL,VLV GT 10IN 300# A105 BW API600,CAN-001499,DEPOT-IOCL-MTH,"Mathura Refinery, Uttar Pradesh",19,625310,49,GATE_VALVE,250.0,300,ASTM A105,BW,API 600
IOCL-MM-0002662,IOCL,FLG WN RTJ 2IN 900# A105,CAN-000146,DEPOT-IOCL-PNP,"Panipat Refinery, Haryana",50,22710,60,FLANGE_WELD_NECK,50.0,900,ASTM A105,RTJ,ASME B16.5
IOCL-MM-0002663,IOCL,VLV GT 10IN 1500LB SS316 RF,CAN-001538,DEPOT-IOCL-GWT,"Guwahati Refinery, Assam",9,7251410,117,GATE_VALVE,250.0,1500,ASTM A182 F316,RF,API 6D
IOCL-MM-0002664,IOCL,VLV BL 1/2IN 300LB WCB BW API6D,CAN-001606,DEPOT-IOCL-MTH,"Mathura Refinery, Uttar Pradesh",21,19710,95,BALL_VALVE,15.0,300,ASTM A216 WCB,BW,API 6D
IOCL-MM-0002665,IOCL,VLV GLB 2IN 150LB A105 RF BS1873,CAN-001863,DEPOT-IOCL-KYL,"Koyali Refinery, Gujarat",0,59090,0,GLOBE_VALVE,50.0,150,ASTM A105,RF,BS 1873
IOCL-MM-0002666,IOCL,FLG WN RTJ 2IN CL150 SS316,CAN-000128,DEPOT-IOCL-GWT,"Guwahati Refinery, Assam",35,17330,87,FLANGE_WELD_NECK,50.0,150,ASTM A182 F316,RTJ,ASME B16.5
IOCL-MM-0002667,IOCL,FLG WN RTJ 3IN CL900 SS304,CAN-000190,DEPOT-IOCL-PRD,"Paradip Refinery, Odisha",0,100420,0,FLANGE_WELD_NECK,80.0,900,ASTM A182 F304,RTJ,ASME B16.5
IOCL-MM-0002668,IOCL,FLG SO 10IN CL600 SS304 FF,CAN-000956,DEPOT-IOCL-GWT,"Guwahati Refinery, Assam",0,232260,0,FLANGE_SLIP_ON,250.0,600,ASTM A182 F304,FF,ASME B16.5
IOCL-MM-0002669,IOCL,FLG SO 12IN CL1500 SS304 FF ASMEB16.5,CAN-000998,DEPOT-IOCL-PRD,"Paradip Refinery, Odisha",37,612720,75,FLANGE_SLIP_ON,300.0,1500,ASTM A182 F304,FF,ASME B16.5
IOCL-MM-0002670,IOCL,VLV GT 4IN CL900 WCB BW API6D,CAN-001340,DEPOT-IOCL-PRD,"Paradip Refinery, Odisha",128,457580,720,GATE_VALVE,100.0,900,ASTM A216 WCB,BW,API 6D
IOCL-MM-0002671,IOCL,FLG BLD 12IN CL300 SS316 RF,CAN-000681,DEPOT-IOCL-PRD,"Paradip Refinery, Odisha",0,253610,0,FLANGE_BLIND,300.0,300,ASTM A182 F316,RF,ASME B16.5
IOCL-MM-0002672,IOCL,VLV BL 1IN 600LB SS316 BW,CAN-001632,DEPOT-IOCL-MTH,"Mathura Refinery, Uttar Pradesh",46,213410,460,BALL_VALVE,25.0,600,ASTM A182 F316,BW,API 6D
IOCL-MM-0002673,IOCL,VLV BL 1IN 600LB WCB BW,CAN-001630,DEPOT-IOCL-GWT,"Guwahati Refinery, Assam",7,66690,113,BALL_VALVE,25.0,600,ASTM A216 WCB,BW,API 6D
IOCL-MM-0002674,IOCL,FLG WN 6IN 600# SS316 RF,CAN-000263,DEPOT-IOCL-PRD,"Paradip Refinery, Odisha",117,219180,438,FLANGE_WELD_NECK,150.0,600,ASTM A182 F316,RF,ASME B16.5
IOCL-MM-0002675,IOCL,VLV GT 12IN 300# A105 RF API6D,CAN-001558,DEPOT-IOCL-MTH,"Mathura Refinery, Uttar Pradesh",77,792550,640,GATE_VALVE,300.0,300,ASTM A105,RF,API 6D
IOCL-MM-0002676,IOCL,VLV GT 12IN 150# WCB BW,CAN-001544,DEPOT-IOCL-MTH,"Mathura Refinery, Uttar Pradesh",11,455200,29,GATE_VALVE,300.0,150,ASTM A216 WCB,BW,API 6D
IOCL-MM-0002677,IOCL,FLG WN 12IN 150# A105 RF,CAN-000361,DEPOT-IOCL-KYL,"Koyali Refinery, Gujarat",0,55630,0,FLANGE_WELD_NECK,300.0,150,ASTM A105,RF,ASME B16.5
IOCL-MM-0002678,IOCL,GSKT SPWD 12IN 900# SS316/GRAF RF,CAN-002097,DEPOT-IOCL-PRD,"Paradip Refinery, Odisha",0,220550,0,SPIRAL_WOUND_GASKET,300.0,900,SS316 / GRAPHITE,RF,ASME B16.20
IOCL-MM-0002679,IOCL,VLV GT 1.5IN 600# A105 BW,CAN-001151,DEPOT-IOCL-PRD,"Paradip Refinery, Odisha",74,100520,351,GATE_VALVE,40.0,600,ASTM A105,BW,API 600
IOCL-MM-0002680,IOCL,VLV BL 6IN 150# SS316 RF API6D,CAN-001723,DEPOT-IOCL-PNP,"Panipat Refinery, Haryana",0,723050,0,BALL_VALVE,150.0,150,ASTM A182 F316,RF,API 6D
IOCL-MM-0002681,IOCL,VLV GT 12IN 900# SS316 RF API6D,CAN-001586,DEPOT-IOCL-PNP,"Panipat Refinery, Haryana",0,6107710,0,GATE_VALVE,300.0,900,ASTM A182 F316,RF,API 6D
IOCL-MM-0002682,IOCL,FLG WN 12IN CL150 SS316 RTJ,CAN-000368,DEPOT-IOCL-KYL,"Koyali Refinery, Gujarat",0,178030,0,FLANGE_WELD_NECK,300.0,150,ASTM A182 F316,RTJ,ASME B16.5
IOCL-MM-0002683,IOCL,FLG WN 6IN 1500# SS316 RTJ,CAN-000280,DEPOT-IOCL-PRD,"Paradip Refinery, Odisha",143,456210,575,FLANGE_WELD_NECK,150.0,1500,ASTM A182 F316,RTJ,ASME B16.5
IOCL-MM-0002684,IOCL,VLV BL 4IN 1500# SS316 RF API6D,CAN-001719,DEPOT-IOCL-PNP,"Panipat Refinery, Haryana",68,2693080,561,BALL_VALVE,100.0,1500,ASTM A182 F316,RF,API 6D
IOCL-MM-0002685,IOCL,FLG BLD 6IN 300LB SS316 RTJ ASMEB16.5,CAN-000592,DEPOT-IOCL-MTH,"Mathura Refinery, Uttar Pradesh",94,103000,506,FLANGE_BLIND,150.0,300,ASTM A182 F316,RTJ,ASME B16.5
IOCL-MM-0002686,IOCL,VLV GLB 8IN CL600 A105 RF BS1873,CAN-001951,DEPOT-IOCL-PNP,"Panipat Refinery, Haryana",8,1086110,110,GLOBE_VALVE,200.0,600,ASTM A105,RF,BS 1873
IOCL-MM-0002687,IOCL,VLV BL 3IN 1500LB WCB BW API6D,CAN-001698,DEPOT-IOCL-PRD,"Paradip Refinery, Odisha",17,629670,50,BALL_VALVE,80.0,1500,ASTM A216 WCB,BW,API 6D
IOCL-MM-0002688,IOCL,FLG WNRF 1IN 900LB A105,CAN-000065,DEPOT-IOCL-GWT,"Guwahati Refinery, Assam",45,9220,215,FLANGE_WELD_NECK,25.0,900,ASTM A105,RF,ASME B16.5
IOCL-MM-0002689,IOCL,VLV BL 10IN 900# SS316 BW API6D,CAN-001776,DEPOT-IOCL-PNP,"Panipat Refinery, Haryana",30,5889700,33,BALL_VALVE,250.0,900,ASTM A182 F316,BW,API 6D
IOCL-MM-0002690,IOCL,FLG BLD 6IN 900# A105 RF ASMEB16.5,CAN-000599,DEPOT-IOCL-GWT,"Guwahati Refinery, Assam",117,77510,628,FLANGE_BLIND,150.0,900,ASTM A105,RF,ASME B16.5
IOCL-MM-0002691,IOCL,FLG WNRF 2IN 600# SS304,CAN-000141,DEPOT-IOCL-PNP,"Panipat Refinery, Haryana",47,39410,59,FLANGE_WELD_NECK,50.0,600,ASTM A182 F304,RF,ASME B16.5
IOCL-MM-0002692,IOCL,VLV GT 12IN 600LB WCB BW API6D,CAN-001568,DEPOT-IOCL-PNP,"Panipat Refinery, Haryana",0,1379920,0,GATE_VALVE,300.0,600,ASTM A216 WCB,BW,API 6D
IOCL-MM-0002693,IOCL,VLV GT 3IN CL600 A105 RF API600,CAN-001269,DEPOT-IOCL-GWT,"Guwahati Refinery, Assam",10,247520,100,GATE_VALVE,80.0,600,ASTM A105,RF,API 600
IOCL-MM-0002694,IOCL,FLG WN 3IN 300# A105 RTJ,CAN-000170,DEPOT-IOCL-MTH,"Mathura Refinery, Uttar Pradesh",20,17370,637,FLANGE_WELD_NECK,80.0,300,ASTM A105,RTJ,ASME B16.5
IOCL-MM-0002695,IOCL,VLV GT 1/2IN CL150 WCB RF API6D,CAN-001002,DEPOT-IOCL-KYL,"Koyali Refinery, Gujarat",42,9260,44,GATE_VALVE,15.0,150,ASTM A216 WCB,RF,API 6D
IOCL-MM-0002696,IOCL,FLG SO 2IN CL150 SS304 RF,CAN-000793,DEPOT-IOCL-PRD,"Paradip Refinery, Odisha",28,9450,108,FLANGE_SLIP_ON,50.0,150,ASTM A182 F304,RF,ASME B16.5
IOCL-MM-0002697,IOCL,VLV GT 1IN CL900 WCB BW,CAN-001100,DEPOT-IOCL-KYL,"Koyali Refinery, Gujarat",17,75470,47,GATE_VALVE,25.0,900,ASTM A216 WCB,BW,API 6D
IOCL-MM-0002698,IOCL,VLV GT 3IN CL150 A105 BW API6D,CAN-001248,DEPOT-IOCL-PRD,"Paradip Refinery, Odisha",123,81650,343,GATE_VALVE,80.0,150,ASTM A105,BW,API 6D
IOCL-MM-0002699,IOCL,FLG SO 2IN 900LB A105 RF,CAN-000809,DEPOT-IOCL-PNP,"Panipat Refinery, Haryana",39,16510,65,FLANGE_SLIP_ON,50.0,900,ASTM A105,RF,ASME B16.5
IOCL-MM-0002700,IOCL,FLG BLD 4IN CL300 SS316 RTJ,CAN-000562,DEPOT-IOCL-PRD,"Paradip Refinery, Odisha",0,60800,0,FLANGE_BLIND,100.0,300,ASTM A182 F316,RTJ,ASME B16.5
IOCL-MM-0002701,IOCL,FLG WN 4IN CL900 A350-LF2 RF,CAN-000227,DEPOT-IOCL-KYL,"Koyali Refinery, Gujarat",38,89480,552,FLANGE_WELD_NECK,100.0,900,ASTM A350 LF2,RF,ASME B16.5
IOCL-MM-0002702,IOCL,VLV GT 3IN 300# SS316 BW API600,CAN-001263,DEPOT-IOCL-PRD,"Paradip Refinery, Odisha",28,454920,68,GATE_VALVE,80.0,300,ASTM A182 F316,BW,API 600
IOCL-MM-0002703,IOCL,VLV GT 12IN 1500# WCB BW,CAN-001591,DEPOT-IOCL-KYL,"Koyali Refinery, Gujarat",0,2872150,0,GATE_VALVE,300.0,1500,ASTM A216 WCB,BW,API 600
IOCL-MM-0002704,IOCL,FLG BLD 2IN CL600 A105 RF ASMEB16.5,CAN-000503,DEPOT-IOCL-PNP,"Panipat Refinery, Haryana",53,13430,621,FLANGE_BLIND,50.0,600,ASTM A105,RF,ASME B16.5
IOCL-MM-0002705,IOCL,VLV GT 1IN CL1500 SS316 BW,CAN-001120,DEPOT-IOCL-GWT,"Guwahati Refinery, Assam",45,363430,76,GATE_VALVE,25.0,1500,ASTM A182 F316,BW,API 6D
IOCL-MM-0002706,IOCL,FLG WNRF 1.5IN CL600 A105,CAN-000097,DEPOT-IOCL-KYL,"Koyali Refinery, Gujarat",0,12280,0,FLANGE_WELD_NECK,40.0,600,ASTM A105,RF,ASME B16.5
IOCL-MM-0002707,IOCL,VLV GLB 3IN 1500# A105 RF,CAN-001899,DEPOT-IOCL-PNP,"Panipat Refinery, Haryana",114,686920,322,GLOBE_VALVE,80.0,1500,ASTM A105,RF,BS 1873
IOCL-MM-0002708,IOCL,FLG BLD 3IN 900# A105 RF,CAN-000539,DEPOT-IOCL-GWT,"Guwahati Refinery, Assam",25,34230,25,FLANGE_BLIND,80.0,900,ASTM A105,RF,ASME B16.5
IOCL-MM-0002709,IOCL,VLV GT 1/2IN 900LB WCB RF,CAN-001038,DEPOT-IOCL-GWT,"Guwahati Refinery, Assam",55,38840,679,GATE_VALVE,15.0,900,ASTM A216 WCB,RF,API 6D
IOCL-MM-0002710,IOCL,FLG SO 3IN 900LB SS316 RF ASMEB16.5,CAN-000843,DEPOT-IOCL-MTH,"Mathura Refinery, Uttar Pradesh",44,97380,734,FLANGE_SLIP_ON,80.0,900,ASTM A182 F316,RF,ASME B16.5
IOCL-MM-0002711,IOCL,FLG WN 10IN CL300 A350-LF2 RF,CAN-000331,DEPOT-IOCL-MTH,"Mathura Refinery, Uttar Pradesh",43,122280,101,FLANGE_WELD_NECK,250.0,300,ASTM A350 LF2,RF,ASME B16.5
IOCL-MM-0002712,IOCL,GSKT SPWD 3IN CL1500 SS316/GRAF RF,CAN-002049,DEPOT-IOCL-MTH,"Mathura Refinery, Uttar Pradesh",16,59530,30,SPIRAL_WOUND_GASKET,80.0,1500,SS316 / GRAPHITE,RF,ASME B16.20
IOCL-MM-0002713,IOCL,VLV GLB 3IN 300# A105 RF,CAN-001887,DEPOT-IOCL-KYL,"Koyali Refinery, Gujarat",42,189550,19,GLOBE_VALVE,80.0,300,ASTM A105,RF,BS 1873
IOCL-MM-0002714,IOCL,VLV GT 2IN 900LB WCB RF API600,CAN-001217,DEPOT-IOCL-GWT,"Guwahati Refinery, Assam",113,185830,452,GATE_VALVE,50.0,900,ASTM A216 WCB,RF,API 600
IOCL-MM-0002715,IOCL,GSKT SPWD 1IN 150# SS316/GRAF RF ASMEB16.20,CAN-002011,DEPOT-IOCL-PRD,"Paradip Refinery, Odisha",23,2080,57,SPIRAL_WOUND_GASKET,25.0,150,SS316 / GRAPHITE,RF,ASME B16.20
IOCL-MM-0002716,IOCL,VLV BL 1IN 600LB WCB BW,CAN-001630,DEPOT-IOCL-PNP,"Panipat Refinery, Haryana",37,66690,26,BALL_VALVE,25.0,600,ASTM A216 WCB,BW,API 6D
IOCL-MM-0002717,IOCL,FLG SO 8IN 600# A105 RF,CAN-000923,DEPOT-IOCL-MTH,"Mathura Refinery, Uttar Pradesh",0,72400,0,FLANGE_SLIP_ON,200.0,600,ASTM A105,RF,ASME B16.5
IOCL-MM-0002718,IOCL,FLG SO 1/2IN 300LB A105 FF,CAN-000708,DEPOT-IOCL-PNP,"Panipat Refinery, Haryana",24,1430,230,FLANGE_SLIP_ON,15.0,300,ASTM A105,FF,ASME B16.5
IOCL-MM-0002719,IOCL,FLG SO 8IN 150# SS316 FF,CAN-000916,DEPOT-IOCL-MTH,"Mathura Refinery, Uttar Pradesh",107,76430,599,FLANGE_SLIP_ON,200.0,150,ASTM A182 F316,FF,ASME B16.5
IOCL-MM-0002720,IOCL,VLV GT 12IN 900LB SS316 RF,CAN-001585,DEPOT-IOCL-KYL,"Koyali Refinery, Gujarat",0,6107710,0,GATE_VALVE,300.0,900,ASTM A182 F316,RF,API 600
IOCL-MM-0002721,IOCL,FLG BLD 6IN 600# SS316 RF ASMEB16.5,CAN-000597,DEPOT-IOCL-KYL,"Koyali Refinery, Gujarat",148,179330,346,FLANGE_BLIND,150.0,600,ASTM A182 F316,RF,ASME B16.5
IOCL-MM-0002722,IOCL,FLG WN 3IN CL300 A350-LF2 RTJ,CAN-000172,DEPOT-IOCL-GWT,"Guwahati Refinery, Assam",0,27800,0,FLANGE_WELD_NECK,80.0,300,ASTM A350 LF2,RTJ,ASME B16.5
IOCL-MM-0002723,IOCL,FLG SO 3IN 150# A105 RF,CAN-000821,DEPOT-IOCL-PRD,"Paradip Refinery, Odisha",0,7250,0,FLANGE_SLIP_ON,80.0,150,ASTM A105,RF,ASME B16.5
IOCL-MM-0002724,IOCL,VLV GT 1IN CL900 SS316 RF API600,CAN-001105,DEPOT-IOCL-KYL,"Koyali Refinery, Gujarat",0,241510,0,GATE_VALVE,25.0,900,ASTM A182 F316,RF,API 600
IOCL-MM-0002725,IOCL,VLV GLB 12IN 300# WCB RF,CAN-001985,DEPOT-IOCL-PNP,"Panipat Refinery, Haryana",39,1056740,111,GLOBE_VALVE,300.0,300,ASTM A216 WCB,RF,BS 1873
IOCL-MM-0002726,IOCL,FLG WNRF 12IN 1500LB A350-LF2 ASMEB16.5,CAN-000395,DEPOT-IOCL-GWT,"Guwahati Refinery, Assam",35,561660,273,FLANGE_WELD_NECK,300.0,1500,ASTM A350 LF2,RF,ASME B16.5
IOCL-MM-0002727,IOCL,VLV BL 10IN 600# WCB BW,CAN-001770,DEPOT-IOCL-PNP,"Panipat Refinery, Haryana",34,1330670,113,BALL_VALVE,250.0,600,ASTM A216 WCB,BW,API 6D
IOCL-MM-0002728,IOCL,STUDBLT 4IN 1500# L7/GR7 THRD,CAN-002160,DEPOT-IOCL-PNP,"Panipat Refinery, Haryana",32,21420,20,STUD_BOLT,100.0,1500,ASTM A320 L7 / A194 7,THRD,ASME B18.2.1
IOCL-MM-0002729,IOCL,GSKT SPWD 12IN CL1500 SS316/GRAF RF,CAN-002099,DEPOT-IOCL-GWT,"Guwahati Refinery, Assam",0,331890,0,SPIRAL_WOUND_GASKET,300.0,1500,SS316 / GRAPHITE,RF,ASME B16.20
IOCL-MM-0002730,IOCL,FLG WN RTJ 2IN 900LB SS316,CAN-000152,DEPOT-IOCL-MTH,"Mathura Refinery, Uttar Pradesh",0,72680,0,FLANGE_WELD_NECK,50.0,900,ASTM A182 F316,RTJ,ASME B16.5
IOCL-MM-0002731,IOCL,VLV GT 1/2IN 300LB SS316 BW API6D,CAN-001024,DEPOT-IOCL-KYL,"Koyali Refinery, Gujarat",48,51620,11,GATE_VALVE,15.0,300,ASTM A182 F316,BW,API 6D
IOCL-MM-0002732,IOCL,FLG BLD 8IN 300# SS316 RTJ ASMEB16.5,CAN-000622,DEPOT-IOCL-PNP,"Panipat Refinery, Haryana",99,149710,515,FLANGE_BLIND,200.0,300,ASTM A182 F316,RTJ,ASME B16.5
IOCL-MM-0002733,IOCL,VLV GLB 1.5IN CL1500 A105 RF BS1873,CAN-001859,DEPOT-IOCL-MTH,"Mathura Refinery, Uttar Pradesh",139,278970,603,GLOBE_VALVE,40.0,1500,ASTM A105,RF,BS 1873
IOCL-MM-0002734,IOCL,FLG SO 1/2IN CL900 SS304 RF,CAN-000721,DEPOT-IOCL-MTH,"Mathura Refinery, Uttar Pradesh",125,8280,532,FLANGE_SLIP_ON,15.0,900,ASTM A182 F304,RF,ASME B16.5
IOCL-MM-0002735,IOCL,VLV GT 2IN 900# WCB RF,CAN-001217,DEPOT-IOCL-GWT,"Guwahati Refinery, Assam",49,185830,603,GATE_VALVE,50.0,900,ASTM A216 WCB,RF,API 600
IOCL-MM-0002736,IOCL,FLG WN RTJ 1/2IN CL600 A105,CAN-000018,DEPOT-IOCL-PRD,"Paradip Refinery, Odisha",141,3430,387,FLANGE_WELD_NECK,15.0,600,ASTM A105,RTJ,ASME B16.5
IOCL-MM-0002737,IOCL,FLG BLD 1IN 300LB SS316 RTJ ASMEB16.5,CAN-000442,DEPOT-IOCL-PNP,"Panipat Refinery, Haryana",0,10020,0,FLANGE_BLIND,25.0,300,ASTM A182 F316,RTJ,ASME B16.5
IOCL-MM-0002738,IOCL,VLV GT 3IN 150LB WCB RF API600,CAN-001241,DEPOT-IOCL-GWT,"Guwahati Refinery, Assam",123,81650,407,GATE_VALVE,80.0,150,ASTM A216 WCB,RF,API 600
IOCL-MM-0002739,IOCL,FLG BLD 10IN CL1500 SS316 RF ASMEB16.5,CAN-000669,DEPOT-IOCL-KYL,"Koyali Refinery, Gujarat",74,725140,548,FLANGE_BLIND,250.0,1500,ASTM A182 F316,RF,ASME B16.5
IOCL-MM-0002740,IOCL,VLV GT 6IN 150LB SS316 RF API6D,CAN-001370,DEPOT-IOCL-MTH,"Mathura Refinery, Uttar Pradesh",14,591580,63,GATE_VALVE,150.0,150,ASTM A182 F316,RF,API 6D
IOCL-MM-0002741,IOCL,VLV GT 1/2IN CL300 SS316 RF API600,CAN-001021,DEPOT-IOCL-GWT,"Guwahati Refinery, Assam",131,51620,219,GATE_VALVE,15.0,300,ASTM A182 F316,RF,API 600
IOCL-MM-0002742,IOCL,VLV GT 4IN CL150 WCB RF,CAN-001302,DEPOT-IOCL-MTH,"Mathura Refinery, Uttar Pradesh",19,109130,101,GATE_VALVE,100.0,150,ASTM A216 WCB,RF,API 6D
IOCL-MM-0002743,IOCL,VLV GT 1IN 600LB WCB RF,CAN-001086,DEPOT-IOCL-PRD,"Paradip Refinery, Odisha",40,54560,48,GATE_VALVE,25.0,600,ASTM A216 WCB,RF,API 6D
IOCL-MM-0002744,IOCL,VLV BL 3IN 1500# SS316 BW API6D,CAN-001700,DEPOT-IOCL-MTH,"Mathura Refinery, Uttar Pradesh",45,2014960,118,BALL_VALVE,80.0,1500,ASTM A182 F316,BW,API 6D
IOCL-MM-0002745,IOCL,FLG BLD RTJ 1/2IN 1500LB SS316 ASMEB16.5,CAN-000430,DEPOT-IOCL-PNP,"Panipat Refinery, Haryana",8,18700,67,FLANGE_BLIND,15.0,1500,ASTM A182 F316,RTJ,ASME B16.5
IOCL-MM-0002746,IOCL,VLV GLB 12IN 150LB WCB RF,CAN-001981,DEPOT-IOCL-PNP,"Panipat Refinery, Haryana",33,606940,89,GLOBE_VALVE,300.0,150,ASTM A216 WCB,RF,BS 1873
IOCL-MM-0002747,IOCL,VLV BL 2IN 900LB WCB BW API6D,CAN-001674,DEPOT-IOCL-GWT,"Guwahati Refinery, Assam",60,227130,390,BALL_VALVE,50.0,900,ASTM A216 WCB,BW,API 6D
IOCL-MM-0002748,IOCL,FLG BLD RTJ 3IN CL900 A105,CAN-000540,DEPOT-IOCL-PRD,"Paradip Refinery, Odisha",0,34230,0,FLANGE_BLIND,80.0,900,ASTM A105,RTJ,ASME B16.5
IOCL-MM-0002749,IOCL,FLG WN 1/2IN 300LB SS316 RF ASMEB16.5,CAN-000015,DEPOT-IOCL-PNP,"Panipat Refinery, Haryana",49,6300,49,FLANGE_WELD_NECK,15.0,300,ASTM A182 F316,RF,ASME B16.5
IOCL-MM-0002750,IOCL,FLG SO 6IN CL900 SS316 RF ASMEB16.5,CAN-000903,DEPOT-IOCL-PRD,"Paradip Refinery, Odisha",0,220480,0,FLANGE_SLIP_ON,150.0,900,ASTM A182 F316,RF,ASME B16.5
IOCL-MM-0002751,IOCL,FLG BLD 2IN 900# SS316 RF ASMEB16.5,CAN-000513,DEPOT-IOCL-PNP,"Panipat Refinery, Haryana",138,59460,699,FLANGE_BLIND,50.0,900,ASTM A182 F316,RF,ASME B16.5
IOCL-MM-0002752,IOCL,FLG SO 1.5IN 150LB SS304 RF ASMEB16.5,CAN-000763,DEPOT-IOCL-PNP,"Panipat Refinery, Haryana",0,7070,0,FLANGE_SLIP_ON,40.0,150,ASTM A182 F304,RF,ASME B16.5
IOCL-MM-0002753,IOCL,VLV GLB 1.5IN 300LB A105 RF,CAN-001848,DEPOT-IOCL-KYL,"Koyali Refinery, Gujarat",8,76980,97,GLOBE_VALVE,40.0,300,ASTM A105,RF,ASME B16.34
IOCL-MM-0002754,IOCL,VLV GLB 6IN CL600 WCB RF ASMEB16.34,CAN-001930,DEPOT-IOCL-PNP,"Panipat Refinery, Haryana",44,747230,57,GLOBE_VALVE,150.0,600,ASTM A216 WCB,RF,ASME B16.34
IOCL-MM-0002755,IOCL,GSKT SPWD 12IN 300# SS316/GRAF RF ASMEB16.20,CAN-002093,DEPOT-IOCL-GWT,"Guwahati Refinery, Assam",10,91580,97,SPIRAL_WOUND_GASKET,300.0,300,SS316 / GRAPHITE,RF,ASME B16.20
IOCL-MM-0002756,IOCL,FLG WN 1/2IN 150# A350-LF2 RTJ,CAN-000004,DEPOT-IOCL-MTH,"Mathura Refinery, Uttar Pradesh",0,1810,0,FLANGE_WELD_NECK,15.0,150,ASTM A350 LF2,RTJ,ASME B16.5
IOCL-MM-0002757,IOCL,VLV GT 8IN 600LB WCB BW,CAN-001447,DEPOT-IOCL-PRD,"Paradip Refinery, Odisha",8,814580,11,GATE_VALVE,200.0,600,ASTM A216 WCB,BW,API 600
IOCL-MM-0002758,IOCL,VLV GLB 2IN 300# A105 RF,CAN-001868,DEPOT-IOCL-PNP,"Panipat Refinery, Haryana",0,102890,0,GLOBE_VALVE,50.0,300,ASTM A105,RF,ASME B16.34
IOCL-MM-0002759,IOCL,VLV GT 12IN 1500# SS316 BW API6D,CAN-001600,DEPOT-IOCL-MTH,"Mathura Refinery, Uttar Pradesh",108,9190900,445,GATE_VALVE,300.0,1500,ASTM A182 F316,BW,API 6D
IOCL-MM-0002760,IOCL,FLG WN 4IN 900LB SS304 RF,CAN-000229,DEPOT-IOCL-PNP,"Panipat Refinery, Haryana",7,134220,116,FLANGE_WELD_NECK,100.0,900,ASTM A182 F304,RF,ASME B16.5
IOCL-MM-0002761,IOCL,VLV GT 1.5IN 900LB SS316 RF API6D,CAN-001166,DEPOT-IOCL-KYL,"Koyali Refinery, Gujarat",53,444930,654,GATE_VALVE,40.0,900,ASTM A182 F316,RF,API 6D
IOCL-MM-0002762,IOCL,FLG BLD 3IN CL150 A350-LF2 RTJ,CAN-000524,DEPOT-IOCL-PRD,"Paradip Refinery, Odisha",46,13060,13,FLANGE_BLIND,80.0,150,ASTM A350 LF2,RTJ,ASME B16.5
IOCL-MM-0002763,IOCL,VLV GT 1IN 300# SS316 BW,CAN-001083,DEPOT-IOCL-PNP,"Panipat Refinery, Haryana",0,100280,0,GATE_VALVE,25.0,300,ASTM A182 F316,BW,API 600
IOCL-MM-0002764,IOCL,FLG WN RTJ 2IN 300LB A350-LF2,CAN-000132,DEPOT-IOCL-MTH,"Mathura Refinery, Uttar Pradesh",23,15090,388,FLANGE_WELD_NECK,50.0,300,ASTM A350 LF2,RTJ,ASME B16.5
IOCL-MM-0002765,IOCL,STUDBLT 12IN CL300 L7/GR7 THRD,CAN-002194,DEPOT-IOCL-PNP,"Panipat Refinery, Haryana",0,24650,0,STUD_BOLT,300.0,300,ASTM A320 L7 / A194 7,THRD,ASME B18.2.1
IOCL-MM-0002766,IOCL,VLV GT 12IN 600LB WCB RF API6D,CAN-001566,DEPOT-IOCL-PNP,"Panipat Refinery, Haryana",129,1379920,226,GATE_VALVE,300.0,600,ASTM A216 WCB,RF,API 6D
IOCL-MM-0002767,IOCL,FLG WN 4IN CL150 SS304 RF,CAN-000205,DEPOT-IOCL-GWT,"Guwahati Refinery, Assam",0,32010,0,FLANGE_WELD_NECK,100.0,150,ASTM A182 F304,RF,ASME B16.5
IOCL-MM-0002768,IOCL,GSKT SPWD 1.5IN CL900 SS316/GRAF RF ASMEB16.20,CAN-002027,DEPOT-IOCL-PRD,"Paradip Refinery, Odisha",76,16060,524,SPIRAL_WOUND_GASKET,40.0,900,SS316 / GRAPHITE,RF,ASME B16.20
IOCL-MM-0002769,IOCL,VLV GLB 10IN CL900 A105 RF,CAN-001975,DEPOT-IOCL-MTH,"Mathura Refinery, Uttar Pradesh",111,2007850,534,GLOBE_VALVE,250.0,900,ASTM A105,RF,BS 1873
IOCL-MM-0002770,IOCL,VLV GT 1.5IN 300# SS316 BW,CAN-001144,DEPOT-IOCL-PRD,"Paradip Refinery, Odisha",7,184750,56,GATE_VALVE,40.0,300,ASTM A182 F316,BW,API 6D
IOCL-MM-0002771,IOCL,VLV GT 12IN 150LB WCB RF API6D,CAN-001542,DEPOT-IOCL-PNP,"Panipat Refinery, Haryana",36,455200,82,GATE_VALVE,300.0,150,ASTM A216 WCB,RF,API 6D
IOCL-MM-0002772,IOCL,FLG SO 2IN CL1500 SS316 FF ASMEB16.5,CAN-000820,DEPOT-IOCL-PNP,"Panipat Refinery, Haryana",32,79540,115,FLANGE_SLIP_ON,50.0,1500,ASTM A182 F316,FF,ASME B16.5
IOCL-MM-0002773,IOCL,STUDBLT 3IN CL600 B7/2H THRD ASMEB18.2.1,CAN-002145,DEPOT-IOCL-PRD,"Paradip Refinery, Odisha",33,4810,71,STUD_BOLT,80.0,600,ASTM A193 B7 / A194 2H,THRD,ASME B18.2.1
IOCL-MM-0002774,IOCL,FLG WNRF 3IN 900LB A350-LF2,CAN-000187,DEPOT-IOCL-MTH,"Mathura Refinery, Uttar Pradesh",148,66950,453,FLANGE_WELD_NECK,80.0,900,ASTM A350 LF2,RF,ASME B16.5
IOCL-MM-0002775,IOCL,FLG WN 4IN CL300 A350-LF2 RF,CAN-000211,DEPOT-IOCL-MTH,"Mathura Refinery, Uttar Pradesh",41,37150,118,FLANGE_WELD_NECK,100.0,300,ASTM A350 LF2,RF,ASME B16.5
IOCL-MM-0002776,IOCL,FLG WN RTJ 8IN 300LB SS304,CAN-000294,DEPOT-IOCL-GWT,"Guwahati Refinery, Assam",25,137230,182,FLANGE_WELD_NECK,200.0,300,ASTM A182 F304,RTJ,ASME B16.5
IOCL-MM-0002777,IOCL,VLV GLB 1/2IN 150LB A105 RF,CAN-001804,DEPOT-IOCL-KYL,"Koyali Refinery, Gujarat",60,12350,522,GLOBE_VALVE,15.0,150,ASTM A105,RF,ASME B16.34
IOCL-MM-0002778,IOCL,FLG WNRF 3IN 150LB SS304 ASMEB16.5,CAN-000165,DEPOT-IOCL-GWT,"Guwahati Refinery, Assam",38,23950,685,FLANGE_WELD_NECK,80.0,150,ASTM A182 F304,RF,ASME B16.5
IOCL-MM-0002779,IOCL,VLV GT 3IN 150# SS316 RF,CAN-001250,DEPOT-IOCL-GWT,"Guwahati Refinery, Assam",30,261280,33,GATE_VALVE,80.0,150,ASTM A182 F316,RF,API 6D
IOCL-MM-0002780,IOCL,FLG SO 10IN 600LB SS316 RF ASMEB16.5,CAN-000957,DEPOT-IOCL-PRD,"Paradip Refinery, Odisha",42,309680,17,FLANGE_SLIP_ON,250.0,600,ASTM A182 F316,RF,ASME B16.5
IOCL-MM-0002781,IOCL,STUDBLT 1.5IN CL150 L7/GR7 THRD ASMEB18.2.1,CAN-002122,DEPOT-IOCL-PRD,"Paradip Refinery, Odisha",58,1030,404,STUD_BOLT,40.0,150,ASTM A320 L7 / A194 7,THRD,ASME B18.2.1
IOCL-MM-0002782,IOCL,FLG BLD 3IN 150# A105 RF ASMEB16.5,CAN-000521,DEPOT-IOCL-PNP,"Panipat Refinery, Haryana",0,8160,0,FLANGE_BLIND,80.0,150,ASTM A105,RF,ASME B16.5
IOCL-MM-0002783,IOCL,FLG BLD 4IN CL1500 A105 RF,CAN-000575,DEPOT-IOCL-PRD,"Paradip Refinery, Odisha",0,68850,0,FLANGE_BLIND,100.0,1500,ASTM A105,RF,ASME B16.5
IOCL-MM-0002784,IOCL,FLG BLD 12IN 900LB SS316 RTJ ASMEB16.5,CAN-000694,DEPOT-IOCL-MTH,"Mathura Refinery, Uttar Pradesh",0,610770,0,FLANGE_BLIND,300.0,900,ASTM A182 F316,RTJ,ASME B16.5
IOCL-MM-0002785,IOCL,VLV BL 10IN CL150 WCB BW,CAN-001762,DEPOT-IOCL-KYL,"Koyali Refinery, Gujarat",20,438950,11,BALL_VALVE,250.0,150,ASTM A216 WCB,BW,API 6D
IOCL-MM-0002786,IOCL,VLV GT 12IN 150# WCB RF,CAN-001542,DEPOT-IOCL-PNP,"Panipat Refinery, Haryana",0,455200,0,GATE_VALVE,300.0,150,ASTM A216 WCB,RF,API 6D
IOCL-MM-0002787,IOCL,VLV BL 1/2IN 1500LB WCB BW,CAN-001618,DEPOT-IOCL-MTH,"Mathura Refinery, Uttar Pradesh",5,71450,46,BALL_VALVE,15.0,1500,ASTM A216 WCB,BW,API 6D
IOCL-MM-0002788,IOCL,FLG BLD RTJ 12IN CL1500 SS316,CAN-000700,DEPOT-IOCL-KYL,"Koyali Refinery, Gujarat",41,919090,81,FLANGE_BLIND,300.0,1500,ASTM A182 F316,RTJ,ASME B16.5
IOCL-MM-0002789,IOCL,FLG BLD 6IN CL900 A105 RF,CAN-000599,DEPOT-IOCL-PRD,"Paradip Refinery, Odisha",42,77510,355,FLANGE_BLIND,150.0,900,ASTM A105,RF,ASME B16.5
IOCL-MM-0002790,IOCL,FLG WN 3IN CL150 SS304 RF,CAN-000165,DEPOT-IOCL-GWT,"Guwahati Refinery, Assam",0,23950,0,FLANGE_WELD_NECK,80.0,150,ASTM A182 F304,RF,ASME B16.5
IOCL-MM-0002791,IOCL,FLG BLD RTJ 1IN 600# A350-LF2,CAN-000446,DEPOT-IOCL-KYL,"Koyali Refinery, Gujarat",16,8730,112,FLANGE_BLIND,25.0,600,ASTM A350 LF2,RTJ,ASME B16.5
IOCL-MM-0002792,IOCL,VLV BL 4IN 900# SS316 BW,CAN-001716,DEPOT-IOCL-MTH,"Mathura Refinery, Uttar Pradesh",27,1789660,76,BALL_VALVE,100.0,900,ASTM A182 F316,BW,API 6D
IOCL-MM-0002793,IOCL,VLV GT 3IN 900# SS316 BW API600,CAN-001287,DEPOT-IOCL-KYL,"Koyali Refinery, Gujarat",26,1095560,309,GATE_VALVE,80.0,900,ASTM A182 F316,BW,API 600
IOCL-MM-0002794,IOCL,FLG WN 10IN 600# SS304 RTJ ASMEB16.5,CAN-000342,DEPOT-IOCL-GWT,"Guwahati Refinery, Assam",77,319360,743,FLANGE_WELD_NECK,250.0,600,ASTM A182 F304,RTJ,ASME B16.5
IOCL-MM-0002795,IOCL,FLG WN RTJ 12IN 150# A105,CAN-000362,DEPOT-IOCL-MTH,"Mathura Refinery, Uttar Pradesh",0,55630,0,FLANGE_WELD_NECK,300.0,150,ASTM A105,RTJ,ASME B16.5
IOCL-MM-0002796,IOCL,VLV GT 1/2IN CL600 WCB RF,CAN-001026,DEPOT-IOCL-MTH,"Mathura Refinery, Uttar Pradesh",0,28080,0,GATE_VALVE,15.0,600,ASTM A216 WCB,RF,API 6D
IOCL-MM-0002797,IOCL,FLG SO 6IN CL600 SS304 RF,CAN-000895,DEPOT-IOCL-PRD,"Paradip Refinery, Odisha",36,119550,102,FLANGE_SLIP_ON,150.0,600,ASTM A182 F304,RF,ASME B16.5
IOCL-MM-0002798,IOCL,VLV GT 1.5IN 1500# SS316 BW,CAN-001180,DEPOT-IOCL-PRD,"Paradip Refinery, Odisha",0,669540,0,GATE_VALVE,40.0,1500,ASTM A182 F316,BW,API 6D
IOCL-MM-0002799,IOCL,STUDBLT 1.5IN 300# B7/2H THRD,CAN-002123,DEPOT-IOCL-PRD,"Paradip Refinery, Odisha",39,1120,57,STUD_BOLT,40.0,300,ASTM A193 B7 / A194 2H,THRD,ASME B18.2.1
IOCL-MM-0002800,IOCL,FLG BLD 1IN 1500LB A350-LF2 RF,CAN-000457,DEPOT-IOCL-PNP,"Panipat Refinery, Haryana",100,18170,654,FLANGE_BLIND,25.0,1500,ASTM A350 LF2,RF,ASME B16.5
IOCL-MM-0002801,IOCL,FLG BLD 12IN CL300 A350-LF2 RF,CAN-000679,DEPOT-IOCL-MTH,"Mathura Refinery, Uttar Pradesh",44,126800,570,FLANGE_BLIND,300.0,300,ASTM A350 LF2,RF,ASME B16.5
IOCL-MM-0002802,IOCL,FLG BLD 6IN CL150 A350-LF2 RTJ,CAN-000584,DEPOT-IOCL-GWT,"Guwahati Refinery, Assam",142,29570,727,FLANGE_BLIND,150.0,150,ASTM A350 LF2,RTJ,ASME B16.5
IOCL-MM-0002803,IOCL,FLG WN 6IN CL600 SS316 RTJ ASMEB16.5,CAN-000264,DEPOT-IOCL-PRD,"Paradip Refinery, Odisha",59,219180,700,FLANGE_WELD_NECK,150.0,600,ASTM A182 F316,RTJ,ASME B16.5
IOCL-MM-0002804,IOCL,FLG WNRF 10IN CL900 A350-LF2 ASMEB16.5,CAN-000347,DEPOT-IOCL-PRD,"Paradip Refinery, Odisha",24,294480,120,FLANGE_WELD_NECK,250.0,900,ASTM A350 LF2,RF,ASME B16.5
IOCL-MM-0002805,IOCL,VLV GT 10IN 600# A105 RF,CAN-001510,DEPOT-IOCL-PRD,"Paradip Refinery, Odisha",0,1088730,0,GATE_VALVE,250.0,600,ASTM A105,RF,API 6D
IOCL-MM-0002806,IOCL,VLV GLB 1/2IN CL1500 A105 RF,CAN-001819,DEPOT-IOCL-MTH,"Mathura Refinery, Uttar Pradesh",0,77940,0,GLOBE_VALVE,15.0,1500,ASTM A105,RF,BS 1873
IOCL-MM-0002807,IOCL,VLV GT 10IN 1500# A105 RF,CAN-001534,DEPOT-IOCL-PRD,"Paradip Refinery, Odisha",13,2266060,90,GATE_VALVE,250.0,1500,ASTM A105,RF,API 6D
IOCL-MM-0002808,IOCL,FLG WNRF 1.5IN 300# A105,CAN-000089,DEPOT-IOCL-PNP,"Panipat Refinery, Haryana",22,7050,45,FLANGE_WELD_NECK,40.0,300,ASTM A105,RF,ASME B16.5
IOCL-MM-0002809,IOCL,VLV GLB 1IN 1500LB A105 RF,CAN-001840,DEPOT-IOCL-MTH,"Mathura Refinery, Uttar Pradesh",48,151420,247,GLOBE_VALVE,25.0,1500,ASTM A105,RF,ASME B16.34
IOCL-MM-0002810,IOCL,FLG SO 1/2IN 900LB SS304 FF,CAN-000722,DEPOT-IOCL-GWT,"Guwahati Refinery, Assam",50,8280,35,FLANGE_SLIP_ON,15.0,900,ASTM A182 F304,FF,ASME B16.5
IOCL-MM-0002811,IOCL,FLG WNRF 4IN CL150 A105 ASMEB16.5,CAN-000201,DEPOT-IOCL-PNP,"Panipat Refinery, Haryana",0,13330,0,FLANGE_WELD_NECK,100.0,150,ASTM A105,RF,ASME B16.5
IOCL-MM-0002812,IOCL,FLG BLD 3IN CL1500 A350-LF2 RF ASMEB16.5,CAN-000547,DEPOT-IOCL-PNP,"Panipat Refinery, Haryana",50,82430,99,FLANGE_BLIND,80.0,1500,ASTM A350 LF2,RF,ASME B16.5
IOCL-MM-0002813,IOCL,FLG SO 1.5IN 900# SS316 RF ASMEB16.5,CAN-000783,DEPOT-IOCL-MTH,"Mathura Refinery, Uttar Pradesh",0,39550,0,FLANGE_SLIP_ON,40.0,900,ASTM A182 F316,RF,ASME B16.5
IOCL-MM-0002814,IOCL,VLV GT 1.5IN 150LB SS316 RF,CAN-001130,DEPOT-IOCL-MTH,"Mathura Refinery, Uttar Pradesh",11,106110,41,GATE_VALVE,40.0,150,ASTM A182 F316,RF,API 6D
IOCL-MM-0002815,IOCL,VLV GT 10IN 150LB SS316 RF,CAN-001490,DEPOT-IOCL-PNP,"Panipat Refinery, Haryana",53,1149270,695,GATE_VALVE,250.0,150,ASTM A182 F316,RF,API 6D
IOCL-MM-0002816,IOCL,FLG BLD 4IN 900# SS316 RF,CAN-000573,DEPOT-IOCL-PNP,"Panipat Refinery, Haryana",30,146420,35,FLANGE_BLIND,100.0,900,ASTM A182 F316,RF,ASME B16.5
IOCL-MM-0002817,IOCL,STUDBLT 8IN 1500# L7/GR7 THRD,CAN-002180,DEPOT-IOCL-PNP,"Panipat Refinery, Haryana",43,52740,39,STUD_BOLT,200.0,1500,ASTM A320 L7 / A194 7,THRD,ASME B18.2.1
IOCL-MM-0002818,IOCL,FLG WNRF 1IN 900LB SS304 ASMEB16.5,CAN-000069,DEPOT-IOCL-PRD,"Paradip Refinery, Odisha",0,22130,0,FLANGE_WELD_NECK,25.0,900,ASTM A182 F304,RF,ASME B16.5
IOCL-MM-0002819,IOCL,FLG SO 6IN CL300 SS304 FF ASMEB16.5,CAN-000890,DEPOT-IOCL-PNP,"Panipat Refinery, Haryana",46,68660,30,FLANGE_SLIP_ON,150.0,300,ASTM A182 F304,FF,ASME B16.5
IOCL-MM-0002820,IOCL,FLG SO 12IN CL1500 A105 RF ASMEB16.5,CAN-000995,DEPOT-IOCL-PNP,"Panipat Refinery, Haryana",29,255300,120,FLANGE_SLIP_ON,300.0,1500,ASTM A105,RF,ASME B16.5
IOCL-MM-0002821,IOCL,VLV BL 1.5IN CL300 WCB BW API6D,CAN-001646,DEPOT-IOCL-MTH,"Mathura Refinery, Uttar Pradesh",38,70560,37,BALL_VALVE,40.0,300,ASTM A216 WCB,BW,API 6D
IOCL-MM-0002822,IOCL,FLG BLD 3IN 1500# SS316 RTJ ASMEB16.5,CAN-000550,DEPOT-IOCL-MTH,"Mathura Refinery, Uttar Pradesh",90,164860,248,FLANGE_BLIND,80.0,1500,ASTM A182 F316,RTJ,ASME B16.5
IOCL-MM-0002823,IOCL,VLV GT 1/2IN CL300 A105 RF API600,CAN-001017,DEPOT-IOCL-MTH,"Mathura Refinery, Uttar Pradesh",0,16130,0,GATE_VALVE,15.0,300,ASTM A105,RF,API 600
IOCL-MM-0002824,IOCL,VLV BL 10IN 600# WCB RF,CAN-001769,DEPOT-IOCL-MTH,"Mathura Refinery, Uttar Pradesh",127,1330670,678,BALL_VALVE,250.0,600,ASTM A216 WCB,RF,API 6D
IOCL-MM-0002825,IOCL,FLG WN 8IN 900# A350-LF2 RTJ ASMEB16.5,CAN-000308,DEPOT-IOCL-PRD,"Paradip Refinery, Odisha",126,220330,582,FLANGE_WELD_NECK,200.0,900,ASTM A350 LF2,RTJ,ASME B16.5
IOCL-MM-0002826,IOCL,FLG WN 1/2IN 900LB A350-LF2 RF,CAN-000027,DEPOT-IOCL-PNP,"Panipat Refinery, Haryana",49,7590,60,FLANGE_WELD_NECK,15.0,900,ASTM A350 LF2,RF,ASME B16.5
IOCL-MM-0002827,IOCL,VLV GLB 1IN 300# A105 RF BS1873,CAN-001827,DEPOT-IOCL-PRD,"Paradip Refinery, Odisha",112,41780,550,GLOBE_VALVE,25.0,300,ASTM A105,RF,BS 1873
IOCL-MM-0002828,IOCL,STUDBLT 6IN 150# L7/GR7 THRD ASMEB18.2.1,CAN-002162,DEPOT-IOCL-GWT,"Guwahati Refinery, Assam",85,5750,487,STUD_BOLT,150.0,150,ASTM A320 L7 / A194 7,THRD,ASME B18.2.1
IOCL-MM-0002829,IOCL,FLG WN RTJ 8IN CL150 SS316,CAN-000288,DEPOT-IOCL-KYL,"Koyali Refinery, Gujarat",98,105090,373,FLANGE_WELD_NECK,200.0,150,ASTM A182 F316,RTJ,ASME B16.5
IOCL-MM-0002830,IOCL,VLV GLB 1/2IN CL900 WCB RF BS1873,CAN-001813,DEPOT-IOCL-KYL,"Koyali Refinery, Gujarat",24,51790,92,GLOBE_VALVE,15.0,900,ASTM A216 WCB,RF,BS 1873
IOCL-MM-0002831,IOCL,FLG SO 2IN CL1500 SS316 RF ASMEB16.5,CAN-000819,DEPOT-IOCL-KYL,"Koyali Refinery, Gujarat",0,79540,0,FLANGE_SLIP_ON,50.0,1500,ASTM A182 F316,RF,ASME B16.5
IOCL-MM-0002832,IOCL,VLV GT 6IN 600# WCB BW API600,CAN-001387,DEPOT-IOCL-KYL,"Koyali Refinery, Gujarat",50,560420,270,GATE_VALVE,150.0,600,ASTM A216 WCB,BW,API 600
IOCL-MM-0002833,IOCL,VLV GT 6IN 1500LB SS316 BW,CAN-001419,DEPOT-IOCL-GWT,"Guwahati Refinery, Assam",0,3732660,0,GATE_VALVE,150.0,1500,ASTM A182 F316,BW,API 600
IOCL-MM-0002834,IOCL,VLV GT 3IN 900LB A105 RF,CAN-001282,DEPOT-IOCL-GWT,"Guwahati Refinery, Assam",102,342360,452,GATE_VALVE,80.0,900,ASTM A105,RF,API 6D
IOCL-MM-0002835,IOCL,FLG BLD RTJ 4IN CL900 A105,CAN-000570,DEPOT-IOCL-PRD,"Paradip Refinery, Odisha",7,45750,78,FLANGE_BLIND,100.0,900,ASTM A105,RTJ,ASME B16.5
IOCL-MM-0002836,IOCL,VLV BL 12IN CL600 WCB RF,CAN-001789,DEPOT-IOCL-PRD,"Paradip Refinery, Odisha",45,1686570,597,BALL_VALVE,300.0,600,ASTM A216 WCB,RF,API 6D
IOCL-MM-0002837,IOCL,FLG WN 1IN 150# SS316 RTJ,CAN-000048,DEPOT-IOCL-PNP,"Panipat Refinery, Haryana",41,7040,97,FLANGE_WELD_NECK,25.0,150,ASTM A182 F316,RTJ,ASME B16.5
IOCL-MM-0002838,IOCL,FLG WN RTJ 2IN 600LB SS304 ASMEB16.5,CAN-000142,DEPOT-IOCL-GWT,"Guwahati Refinery, Assam",54,39410,468,FLANGE_WELD_NECK,50.0,600,ASTM A182 F304,RTJ,ASME B16.5
IOCL-MM-0002839,IOCL,VLV GLB 12IN 300LB WCB RF,CAN-001986,DEPOT-IOCL-MTH,"Mathura Refinery, Uttar Pradesh",34,1056740,553,GLOBE_VALVE,300.0,300,ASTM A216 WCB,RF,ASME B16.34
IOCL-MM-0002840,IOCL,FLG SO 12IN CL150 SS316 FF ASMEB16.5,CAN-000976,DEPOT-IOCL-MTH,"Mathura Refinery, Uttar Pradesh",17,129480,114,FLANGE_SLIP_ON,300.0,150,ASTM A182 F316,FF,ASME B16.5
IOCL-MM-0002841,IOCL,FLG WN 8IN 150# A350-LF2 RTJ ASMEB16.5,CAN-000284,DEPOT-IOCL-PNP,"Panipat Refinery, Haryana",113,52540,721,FLANGE_WELD_NECK,200.0,150,ASTM A350 LF2,RTJ,ASME B16.5
IOCL-MM-0002842,IOCL,VLV GLB 12IN 600LB A105 RF,CAN-001992,DEPOT-IOCL-GWT,"Guwahati Refinery, Assam",88,1839900,558,GLOBE_VALVE,300.0,600,ASTM A105,RF,ASME B16.34
IOCL-MM-0002843,IOCL,VLV GLB 1IN 300LB WCB RF,CAN-001825,DEPOT-IOCL-KYL,"Koyali Refinery, Gujarat",88,41780,691,GLOBE_VALVE,25.0,300,ASTM A216 WCB,RF,BS 1873
IOCL-MM-0002844,IOCL,FLG SO 1/2IN 1500LB SS316 FF,CAN-000730,DEPOT-IOCL-KYL,"Koyali Refinery, Gujarat",22,16620,102,FLANGE_SLIP_ON,15.0,1500,ASTM A182 F316,FF,ASME B16.5
IOCL-MM-0002845,IOCL,FLG WN RTJ 1.5IN CL300 SS304 ASMEB16.5,CAN-000094,DEPOT-IOCL-MTH,"Mathura Refinery, Uttar Pradesh",41,16930,70,FLANGE_WELD_NECK,40.0,300,ASTM A182 F304,RTJ,ASME B16.5
IOCL-MM-0002846,IOCL,VLV GT 1/2IN 300LB WCB BW API600,CAN-001015,DEPOT-IOCL-PRD,"Paradip Refinery, Odisha",117,16130,245,GATE_VALVE,15.0,300,ASTM A216 WCB,BW,API 600
IOCL-MM-0002847,IOCL,FLG WN RTJ 12IN 300LB A105 ASMEB16.5,CAN-000370,DEPOT-IOCL-PNP,"Panipat Refinery, Haryana",0,96860,0,FLANGE_WELD_NECK,300.0,300,ASTM A105,RTJ,ASME B16.5
IOCL-MM-0002848,IOCL,VLV GT 3IN 300LB SS316 BW API600,CAN-001263,DEPOT-IOCL-PRD,"Paradip Refinery, Odisha",5,454920,83,GATE_VALVE,80.0,300,ASTM A182 F316,BW,API 600
IOCL-MM-0002849,IOCL,VLV GLB 1/2IN 300LB A105 RF,CAN-001808,DEPOT-IOCL-PRD,"Paradip Refinery, Odisha",98,21500,700,GLOBE_VALVE,15.0,300,ASTM A105,RF,ASME B16.34
IOCL-MM-0002850,IOCL,FLG SO 4IN 900# A105 RF,CAN-000869,DEPOT-IOCL-MTH,"Mathura Refinery, Uttar Pradesh",56,40670,510,FLANGE_SLIP_ON,100.0,900,ASTM A105,RF,ASME B16.5
IOCL-MM-0002851,IOCL,FLG WNRF 1IN 900LB A105 ASMEB16.5,CAN-000065,DEPOT-IOCL-KYL,"Koyali Refinery, Gujarat",0,9220,0,FLANGE_WELD_NECK,25.0,900,ASTM A105,RF,ASME B16.5
IOCL-MM-0002852,IOCL,VLV GT 10IN 300# SS316 BW API6D,CAN-001504,DEPOT-IOCL-GWT,"Guwahati Refinery, Assam",0,2000990,0,GATE_VALVE,250.0,300,ASTM A182 F316,BW,API 6D
IOCL-MM-0002853,IOCL,FLG WN 12IN 600LB SS304 RF,CAN-000381,DEPOT-IOCL-PNP,"Panipat Refinery, Haryana",29,404770,25,FLANGE_WELD_NECK,300.0,600,ASTM A182 F304,RF,ASME B16.5
IOCL-MM-0002854,IOCL,FLG BLD 1.5IN 600LB A105 RF ASMEB16.5,CAN-000473,DEPOT-IOCL-GWT,"Guwahati Refinery, Assam",42,10050,35,FLANGE_BLIND,40.0,600,ASTM A105,RF,ASME B16.5
IOCL-MM-0002855,IOCL,FLG BLD 1/2IN 300# SS316 RTJ ASMEB16.5,CAN-000412,DEPOT-IOCL-KYL,"Koyali Refinery, Gujarat",97,5160,504,FLANGE_BLIND,15.0,300,ASTM A182 F316,RTJ,ASME B16.5
IOCL-MM-0002856,IOCL,FLG BLD RTJ 8IN 150LB SS316,CAN-000616,DEPOT-IOCL-KYL,"Koyali Refinery, Gujarat",19,85980,94,FLANGE_BLIND,200.0,150,ASTM A182 F316,RTJ,ASME B16.5
IOCL-MM-0002857,IOCL,VLV GLB 8IN 150LB A105 RF ASMEB16.34,CAN-001944,DEPOT-IOCL-PNP,"Panipat Refinery, Haryana",0,358280,0,GLOBE_VALVE,200.0,150,ASTM A105,RF,ASME B16.34
IOCL-MM-0002858,IOCL,FLG WN 1IN CL1500 SS304 RF ASMEB16.5,CAN-000077,DEPOT-IOCL-PRD,"Paradip Refinery, Odisha",62,33310,325,FLANGE_WELD_NECK,25.0,1500,ASTM A182 F304,RF,ASME B16.5
IOCL-MM-0002859,IOCL,VLV GT 6IN 150# WCB BW API600,CAN-001363,DEPOT-IOCL-PRD,"Paradip Refinery, Odisha",40,184870,45,GATE_VALVE,150.0,150,ASTM A216 WCB,BW,API 600
IOCL-MM-0002860,IOCL,FLG BLD 3IN 900LB A350-LF2 RF ASMEB16.5,CAN-000541,DEPOT-IOCL-GWT,"Guwahati Refinery, Assam",91,54770,360,FLANGE_BLIND,80.0,900,ASTM A350 LF2,RF,ASME B16.5
IOCL-MM-0002861,IOCL,FLG BLD 10IN 300LB A350-LF2 RTJ,CAN-000650,DEPOT-IOCL-KYL,"Koyali Refinery, Gujarat",48,100040,93,FLANGE_BLIND,250.0,300,ASTM A350 LF2,RTJ,ASME B16.5
IOCL-MM-0002862,IOCL,FLG SO 6IN CL1500 SS304 RF,CAN-000907,DEPOT-IOCL-PNP,"Panipat Refinery, Haryana",46,248840,30,FLANGE_SLIP_ON,150.0,1500,ASTM A182 F304,RF,ASME B16.5
IOCL-MM-0002863,IOCL,VLV GT 2IN CL600 A105 BW,CAN-001212,DEPOT-IOCL-PNP,"Panipat Refinery, Haryana",31,134350,111,GATE_VALVE,50.0,600,ASTM A105,BW,API 6D
IOCL-MM-0002864,IOCL,FLG WN 2IN 300LB SS316 RF,CAN-000135,DEPOT-IOCL-MTH,"Mathura Refinery, Uttar Pradesh",138,30180,643,FLANGE_WELD_NECK,50.0,300,ASTM A182 F316,RF,ASME B16.5
IOCL-MM-0002865,IOCL,FLG BLD 8IN 150# SS316 RTJ,CAN-000616,DEPOT-IOCL-GWT,"Guwahati Refinery, Assam",17,85980,69,FLANGE_BLIND,200.0,150,ASTM A182 F316,RTJ,ASME B16.5
IOCL-MM-0002866,IOCL,FLG WN RTJ 8IN 600# SS304,CAN-000302,DEPOT-IOCL-PNP,"Panipat Refinery, Haryana",111,238940,336,FLANGE_WELD_NECK,200.0,600,ASTM A182 F304,RTJ,ASME B16.5
IOCL-MM-0002867,IOCL,FLG BLD 1IN 300LB A350-LF2 RF,CAN-000439,DEPOT-IOCL-PNP,"Panipat Refinery, Haryana",0,5010,0,FLANGE_BLIND,25.0,300,ASTM A350 LF2,RF,ASME B16.5
IOCL-MM-0002868,IOCL,VLV GLB 8IN 300LB A105 RF BS1873,CAN-001947,DEPOT-IOCL-PRD,"Paradip Refinery, Odisha",7,623800,14,GLOBE_VALVE,200.0,300,ASTM A105,RF,BS 1873
IOCL-MM-0002869,IOCL,VLV GT 1.5IN 900# WCB RF,CAN-001157,DEPOT-IOCL-KYL,"Koyali Refinery, Gujarat",65,139040,311,GATE_VALVE,40.0,900,ASTM A216 WCB,RF,API 600
IOCL-MM-0002870,IOCL,VLV GT 6IN 600# WCB BW API6D,CAN-001388,DEPOT-IOCL-GWT,"Guwahati Refinery, Assam",17,560420,25,GATE_VALVE,150.0,600,ASTM A216 WCB,BW,API 6D
IOCL-MM-0002871,IOCL,VLV BL 10IN 300LB WCB RF API6D,CAN-001765,DEPOT-IOCL-GWT,"Guwahati Refinery, Assam",0,764260,0,BALL_VALVE,250.0,300,ASTM A216 WCB,RF,API 6D
IOCL-MM-0002872,IOCL,VLV BL 8IN CL600 WCB RF,CAN-001749,DEPOT-IOCL-PNP,"Panipat Refinery, Haryana",75,995600,587,BALL_VALVE,200.0,600,ASTM A216 WCB,RF,API 6D
IOCL-MM-0002873,IOCL,STUDBLT 8IN CL900 B7/2H THRD,CAN-002177,DEPOT-IOCL-PNP,"Panipat Refinery, Haryana",15,21900,14,STUD_BOLT,200.0,900,ASTM A193 B7 / A194 2H,THRD,ASME B18.2.1
IOCL-MM-0002874,IOCL,VLV BL 6IN 150# WCB RF API6D,CAN-001721,DEPOT-IOCL-KYL,"Koyali Refinery, Gujarat",27,225950,100,BALL_VALVE,150.0,150,ASTM A216 WCB,RF,API 6D
IOCL-MM-0002875,IOCL,FLG SO 2IN 150# A105 RF,CAN-000791,DEPOT-IOCL-KYL,"Koyali Refinery, Gujarat",0,3930,0,FLANGE_SLIP_ON,50.0,150,ASTM A105,RF,ASME B16.5
IOCL-MM-0002876,IOCL,VLV GT 2IN CL300 A105 RF API6D,CAN-001198,DEPOT-IOCL-MTH,"Mathura Refinery, Uttar Pradesh",45,77160,119,GATE_VALVE,50.0,300,ASTM A105,RF,API 6D
IOCL-MM-0002877,IOCL,VLV GT 1IN 150LB A105 BW,CAN-001067,DEPOT-IOCL-GWT,"Guwahati Refinery, Assam",0,18000,0,GATE_VALVE,25.0,150,ASTM A105,BW,API 600
IOCL-MM-0002878,IOCL,GSKT SPWD 1/2IN 900LB SS304/GRAF RF,CAN-002008,DEPOT-IOCL-GWT,"Guwahati Refinery, Assam",74,3360,420,SPIRAL_WOUND_GASKET,15.0,900,SS304 / GRAPHITE,RF,ASME B16.20
IOCL-MM-0002879,IOCL,VLV GT 1IN 900# SS316 RF API6D,CAN-001106,DEPOT-IOCL-KYL,"Koyali Refinery, Gujarat",0,241510,0,GATE_VALVE,25.0,900,ASTM A182 F316,RF,API 6D
IOCL-MM-0002880,IOCL,FLG SO 4IN CL150 SS316 RF ASMEB16.5,CAN-000855,DEPOT-IOCL-PRD,"Paradip Refinery, Odisha",16,31040,10,FLANGE_SLIP_ON,100.0,150,ASTM A182 F316,RF,ASME B16.5
IOCL-MM-0002881,IOCL,FLG WN RTJ 12IN 1500LB A350-LF2,CAN-000396,DEPOT-IOCL-MTH,"Mathura Refinery, Uttar Pradesh",77,561660,312,FLANGE_WELD_NECK,300.0,1500,ASTM A350 LF2,RTJ,ASME B16.5
IOCL-MM-0002882,IOCL,FLG SO 1/2IN 150# A105 FF,CAN-000702,DEPOT-IOCL-PNP,"Panipat Refinery, Haryana",7,820,70,FLANGE_SLIP_ON,15.0,150,ASTM A105,FF,ASME B16.5
IOCL-MM-0002883,IOCL,FLG BLD RTJ 1.5IN 900LB A350-LF2 ASMEB16.5,CAN-000482,DEPOT-IOCL-KYL,"Koyali Refinery, Gujarat",0,22240,0,FLANGE_BLIND,40.0,900,ASTM A350 LF2,RTJ,ASME B16.5
IOCL-MM-0002884,IOCL,VLV GLB 10IN 600# A105 RF BS1873,CAN-001971,DEPOT-IOCL-KYL,"Koyali Refinery, Gujarat",50,1451640,697,GLOBE_VALVE,250.0,600,ASTM A105,RF,BS 1873
IOCL-MM-0002885,IOCL,VLV BL 4IN 900# WCB RF,CAN-001713,DEPOT-IOCL-MTH,"Mathura Refinery, Uttar Pradesh",11,559270,11,BALL_VALVE,100.0,900,ASTM A216 WCB,RF,API 6D
IOCL-MM-0002886,IOCL,FLG WNRF 2IN 300LB A105 ASMEB16.5,CAN-000129,DEPOT-IOCL-GWT,"Guwahati Refinery, Assam",40,9430,38,FLANGE_WELD_NECK,50.0,300,ASTM A105,RF,ASME B16.5
IOCL-MM-0002887,IOCL,STUDBLT 10IN CL150 L7/GR7 THRD,CAN-002182,DEPOT-IOCL-MTH,"Mathura Refinery, Uttar Pradesh",146,11170,625,STUD_BOLT,250.0,150,ASTM A320 L7 / A194 7,THRD,ASME B18.2.1
IOCL-MM-0002888,IOCL,VLV GT 1.5IN CL900 SS316 RF,CAN-001165,DEPOT-IOCL-PRD,"Paradip Refinery, Odisha",123,444930,669,GATE_VALVE,40.0,900,ASTM A182 F316,RF,API 600
IOCL-MM-0002889,IOCL,VLV BL 3IN 300# SS316 BW API6D,CAN-001688,DEPOT-IOCL-GWT,"Guwahati Refinery, Assam",0,556020,0,BALL_VALVE,80.0,300,ASTM A182 F316,BW,API 6D
IOCL-MM-0002890,IOCL,STUDBLT 12IN 1500# L7/GR7 THRD,CAN-002200,DEPOT-IOCL-MTH,"Mathura Refinery, Uttar Pradesh",59,89350,325,STUD_BOLT,300.0,1500,ASTM A320 L7 / A194 7,THRD,ASME B18.2.1
IOCL-MM-0002891,IOCL,STUDBLT 3IN 300# B7/2H THRD,CAN-002143,DEPOT-IOCL-PRD,"Paradip Refinery, Odisha",0,2760,0,STUD_BOLT,80.0,300,ASTM A193 B7 / A194 2H,THRD,ASME B18.2.1
IOCL-MM-0002892,IOCL,FLG WN 4IN 600# SS304 RF ASMEB16.5,CAN-000221,DEPOT-IOCL-MTH,"Mathura Refinery, Uttar Pradesh",47,97040,119,FLANGE_WELD_NECK,100.0,600,ASTM A182 F304,RF,ASME B16.5
IOCL-MM-0002893,IOCL,VLV GT 8IN CL600 WCB RF,CAN-001446,DEPOT-IOCL-MTH,"Mathura Refinery, Uttar Pradesh",0,814580,0,GATE_VALVE,200.0,600,ASTM A216 WCB,RF,API 6D
IOCL-MM-0002894,IOCL,FLG BLD 6IN 300LB A105 RF,CAN-000587,DEPOT-IOCL-KYL,"Koyali Refinery, Gujarat",0,32180,0,FLANGE_BLIND,150.0,300,ASTM A105,RF,ASME B16.5
IOCL-MM-0002895,IOCL,VLV BL 12IN CL900 SS316 BW,CAN-001796,DEPOT-IOCL-GWT,"Guwahati Refinery, Assam",0,7464990,0,BALL_VALVE,300.0,900,ASTM A182 F316,BW,API 6D
IOCL-MM-0002896,IOCL,GSKT SPWD 1IN CL900 SS304/GRAF RF ASMEB16.20,CAN-002018,DEPOT-IOCL-KYL,"Koyali Refinery, Gujarat",0,6540,0,SPIRAL_WOUND_GASKET,25.0,900,SS304 / GRAPHITE,RF,ASME B16.20
IOCL-MM-0002897,IOCL,FLG WN 2IN CL150 A350-LF2 RF,CAN-000123,DEPOT-IOCL-MTH,"Mathura Refinery, Uttar Pradesh",0,8660,0,FLANGE_WELD_NECK,50.0,150,ASTM A350 LF2,RF,ASME B16.5
IOCL-MM-0002898,IOCL,STUDBLT 12IN CL300 B7/2H THRD ASMEB18.2.1,CAN-002193,DEPOT-IOCL-PNP,"Panipat Refinery, Haryana",48,15410,111,STUD_BOLT,300.0,300,ASTM A193 B7 / A194 2H,THRD,ASME B18.2.1
IOCL-MM-0002899,IOCL,FLG BLD 1.5IN 900LB SS316 RF ASMEB16.5,CAN-000483,DEPOT-IOCL-MTH,"Mathura Refinery, Uttar Pradesh",0,44490,0,FLANGE_BLIND,40.0,900,ASTM A182 F316,RF,ASME B16.5
IOCL-MM-0002900,IOCL,VLV GLB 2IN CL150 A105 RF BS1873,CAN-001863,DEPOT-IOCL-PRD,"Paradip Refinery, Odisha",51,59090,511,GLOBE_VALVE,50.0,150,ASTM A105,RF,BS 1873
IOCL-MM-0002901,IOCL,VLV BL 8IN 900# SS316 RF API6D,CAN-001755,DEPOT-IOCL-PNP,"Panipat Refinery, Haryana",0,4406670,0,BALL_VALVE,200.0,900,ASTM A182 F316,RF,API 6D
IOCL-MM-0002902,IOCL,FLG SO 1.5IN 900LB SS304 RF ASMEB16.5,CAN-000781,DEPOT-IOCL-PNP,"Panipat Refinery, Haryana",23,29660,94,FLANGE_SLIP_ON,40.0,900,ASTM A182 F304,RF,ASME B16.5
IOCL-MM-0002903,IOCL,VLV GLB 1.5IN 300LB A105 RF BS1873,CAN-001847,DEPOT-IOCL-KYL,"Koyali Refinery, Gujarat",29,76980,18,GLOBE_VALVE,40.0,300,ASTM A105,RF,BS 1873
IOCL-MM-0002904,IOCL,VLV GLB 1.5IN 1500LB A105 RF,CAN-001860,DEPOT-IOCL-KYL,"Koyali Refinery, Gujarat",0,278970,0,GLOBE_VALVE,40.0,1500,ASTM A105,RF,ASME B16.34
IOCL-MM-0002905,IOCL,FLG WN RTJ 12IN 900LB A350-LF2 ASMEB16.5,CAN-000388,DEPOT-IOCL-MTH,"Mathura Refinery, Uttar Pradesh",37,373240,557,FLANGE_WELD_NECK,300.0,900,ASTM A350 LF2,RTJ,ASME B16.5
IOCL-MM-0002906,IOCL,VLV GT 4IN 150# WCB BW,CAN-001304,DEPOT-IOCL-GWT,"Guwahati Refinery, Assam",0,109130,0,GATE_VALVE,100.0,150,ASTM A216 WCB,BW,API 6D
IOCL-MM-0002907,IOCL,VLV BL 10IN CL900 WCB BW,CAN-001774,DEPOT-IOCL-GWT,"Guwahati Refinery, Assam",22,1840530,12,BALL_VALVE,250.0,900,ASTM A216 WCB,BW,API 6D
IOCL-MM-0002908,IOCL,VLV GT 10IN CL1500 A105 BW,CAN-001535,DEPOT-IOCL-PNP,"Panipat Refinery, Haryana",29,2266060,85,GATE_VALVE,250.0,1500,ASTM A105,BW,API 600
IOCL-MM-0002909,IOCL,GSKT SPWD 1IN 150# SS316/GRAF RF,CAN-002011,DEPOT-IOCL-KYL,"Koyali Refinery, Gujarat",27,2080,113,SPIRAL_WOUND_GASKET,25.0,150,SS316 / GRAPHITE,RF,ASME B16.20
IOCL-MM-0002910,IOCL,FLG WNRF 1IN 600# SS316,CAN-000063,DEPOT-IOCL-MTH,"Mathura Refinery, Uttar Pradesh",0,21340,0,FLANGE_WELD_NECK,25.0,600,ASTM A182 F316,RF,ASME B16.5
IOCL-MM-0002911,IOCL,VLV GT 12IN 150# WCB RF,CAN-001542,DEPOT-IOCL-MTH,"Mathura Refinery, Uttar Pradesh",9,455200,89,GATE_VALVE,300.0,150,ASTM A216 WCB,RF,API 6D
IOCL-MM-0002912,IOCL,GSKT SPWD 10IN CL600 SS316/GRAF RF,CAN-002085,DEPOT-IOCL-MTH,"Mathura Refinery, Uttar Pradesh",42,125800,333,SPIRAL_WOUND_GASKET,250.0,600,SS316 / GRAPHITE,RF,ASME B16.20
IOCL-MM-0002913,IOCL,VLV GT 2IN 1500LB SS316 BW API6D,CAN-001240,DEPOT-IOCL-MTH,"Mathura Refinery, Uttar Pradesh",50,894870,65,GATE_VALVE,50.0,1500,ASTM A182 F316,BW,API 6D
IOCL-MM-0002914,IOCL,VLV GT 2IN CL1500 SS316 BW,CAN-001239,DEPOT-IOCL-PRD,"Paradip Refinery, Odisha",34,894870,61,GATE_VALVE,50.0,1500,ASTM A182 F316,BW,API 600
IOCL-MM-0002915,IOCL,FLG BLD 1/2IN 600# A350-LF2 RF,CAN-000415,DEPOT-IOCL-PRD,"Paradip Refinery, Odisha",9,4490,31,FLANGE_BLIND,15.0,600,ASTM A350 LF2,RF,ASME B16.5
IOCL-MM-0002916,IOCL,STUDBLT 8IN 300LB L7/GR7 THRD,CAN-002174,DEPOT-IOCL-KYL,"Koyali Refinery, Gujarat",0,14550,0,STUD_BOLT,200.0,300,ASTM A320 L7 / A194 7,THRD,ASME B18.2.1
IOCL-MM-0002917,IOCL,VLV GLB 6IN CL1500 A105 RF,CAN-001940,DEPOT-IOCL-MTH,"Mathura Refinery, Uttar Pradesh",0,1555270,0,GLOBE_VALVE,150.0,1500,ASTM A105,RF,ASME B16.34
IOCL-MM-0002918,IOCL,VLV GT 1IN CL300 SS316 BW API600,CAN-001083,DEPOT-IOCL-PNP,"Panipat Refinery, Haryana",26,100280,99,GATE_VALVE,25.0,300,ASTM A182 F316,BW,API 600
IOCL-MM-0002919,IOCL,FLG BLD 12IN CL300 A350-LF2 RTJ,CAN-000680,DEPOT-IOCL-KYL,"Koyali Refinery, Gujarat",31,126800,55,FLANGE_BLIND,300.0,300,ASTM A350 LF2,RTJ,ASME B16.5
IOCL-MM-0002920,IOCL,VLV GT 1IN 300# A105 BW,CAN-001079,DEPOT-IOCL-MTH,"Mathura Refinery, Uttar Pradesh",99,31330,387,GATE_VALVE,25.0,300,ASTM A105,BW,API 600
IOCL-MM-0002921,IOCL,FLG WN 3IN 1500# SS316 RF,CAN-000199,DEPOT-IOCL-KYL,"Koyali Refinery, Gujarat",17,201490,13,FLANGE_WELD_NECK,80.0,1500,ASTM A182 F316,RF,ASME B16.5
IOCL-MM-0002922,IOCL,FLG BLD 2IN CL900 A350-LF2 RTJ,CAN-000512,DEPOT-IOCL-GWT,"Guwahati Refinery, Assam",0,29730,0,FLANGE_BLIND,50.0,900,ASTM A350 LF2,RTJ,ASME B16.5
IOCL-MM-0002923,IOCL,FLG BLD RTJ 1.5IN 900# A350-LF2 ASMEB16.5,CAN-000482,DEPOT-IOCL-PRD,"Paradip Refinery, Odisha",0,22240,0,FLANGE_BLIND,40.0,900,ASTM A350 LF2,RTJ,ASME B16.5
IOCL-MM-0002924,IOCL,VLV GT 1.5IN 900# WCB BW,CAN-001159,DEPOT-IOCL-KYL,"Koyali Refinery, Gujarat",89,139040,469,GATE_VALVE,40.0,900,ASTM A216 WCB,BW,API 600
IOCL-MM-0002925,IOCL,FLG WN 1/2IN CL150 A105 RTJ,CAN-000002,DEPOT-IOCL-GWT,"Guwahati Refinery, Assam",50,1130,16,FLANGE_WELD_NECK,15.0,150,ASTM A105,RTJ,ASME B16.5
IOCL-MM-0002926,IOCL,GSKT SPWD 1IN 1500# SS304/GRAF RF ASMEB16.20,CAN-002020,DEPOT-IOCL-PRD,"Paradip Refinery, Odisha",24,9840,49,SPIRAL_WOUND_GASKET,25.0,1500,SS304 / GRAPHITE,RF,ASME B16.20
IOCL-MM-0002927,IOCL,FLG BLD 1IN CL600 A105 RTJ,CAN-000444,DEPOT-IOCL-KYL,"Koyali Refinery, Gujarat",33,5450,85,FLANGE_BLIND,25.0,600,ASTM A105,RTJ,ASME B16.5
IOCL-MM-0002928,IOCL,FLG WN 8IN 150LB SS316 RTJ,CAN-000288,DEPOT-IOCL-PNP,"Panipat Refinery, Haryana",17,105090,59,FLANGE_WELD_NECK,200.0,150,ASTM A182 F316,RTJ,ASME B16.5
IOCL-MM-0002929,IOCL,VLV GT 12IN 900LB WCB RF,CAN-001578,DEPOT-IOCL-PNP,"Panipat Refinery, Haryana",26,1908660,14,GATE_VALVE,300.0,900,ASTM A216 WCB,RF,API 6D
IOCL-MM-0002930,IOCL,GSKT SPWD 1.5IN 150# SS304/GRAF RF,CAN-002022,DEPOT-IOCL-GWT,"Guwahati Refinery, Assam",19,2870,70,SPIRAL_WOUND_GASKET,40.0,150,SS304 / GRAPHITE,RF,ASME B16.20
IOCL-MM-0002931,IOCL,VLV GLB 1.5IN 1500# WCB RF ASMEB16.34,CAN-001858,DEPOT-IOCL-KYL,"Koyali Refinery, Gujarat",129,278970,370,GLOBE_VALVE,40.0,1500,ASTM A216 WCB,RF,ASME B16.34
IOCL-MM-0002932,IOCL,FLG SO 1/2IN 300LB SS316 FF,CAN-000712,DEPOT-IOCL-PNP,"Panipat Refinery, Haryana",111,4580,320,FLANGE_SLIP_ON,15.0,300,ASTM A182 F316,FF,ASME B16.5
IOCL-MM-0002933,IOCL,FLG WN 1IN CL300 A105 RF ASMEB16.5,CAN-000049,DEPOT-IOCL-MTH,"Mathura Refinery, Uttar Pradesh",0,3830,0,FLANGE_WELD_NECK,25.0,300,ASTM A105,RF,ASME B16.5
IOCL-MM-0002934,IOCL,VLV GT 3IN 1500LB WCB BW,CAN-001291,DEPOT-IOCL-PNP,"Panipat Refinery, Haryana",0,515190,0,GATE_VALVE,80.0,1500,ASTM A216 WCB,BW,API 600
IOCL-MM-0002935,IOCL,GSKT SPWD 1IN 900LB SS304/GRAF RF ASMEB16.20,CAN-002018,DEPOT-IOCL-PRD,"Paradip Refinery, Odisha",0,6540,0,SPIRAL_WOUND_GASKET,25.0,900,SS304 / GRAPHITE,RF,ASME B16.20
IOCL-MM-0002936,IOCL,VLV BL 4IN 150LB SS316 BW,CAN-001704,DEPOT-IOCL-KYL,"Koyali Refinery, Gujarat",10,426820,119,BALL_VALVE,100.0,150,ASTM A182 F316,BW,API 6D
IOCL-MM-0002937,IOCL,VLV GLB 2IN 150LB A105 RF,CAN-001863,DEPOT-IOCL-PRD,"Paradip Refinery, Odisha",40,59090,117,GLOBE_VALVE,50.0,150,ASTM A105,RF,BS 1873
IOCL-MM-0002938,IOCL,VLV GLB 3IN CL900 WCB RF,CAN-001894,DEPOT-IOCL-PRD,"Paradip Refinery, Odisha",23,456480,62,GLOBE_VALVE,80.0,900,ASTM A216 WCB,RF,ASME B16.34
IOCL-MM-0002939,IOCL,STUDBLT 1IN CL300 L7/GR7 THRD,CAN-002114,DEPOT-IOCL-GWT,"Guwahati Refinery, Assam",87,970,479,STUD_BOLT,25.0,300,ASTM A320 L7 / A194 7,THRD,ASME B18.2.1
IOCL-MM-0002940,IOCL,FLG SO 3IN CL150 A105 FF ASMEB16.5,CAN-000822,DEPOT-IOCL-GWT,"Guwahati Refinery, Assam",98,7250,304,FLANGE_SLIP_ON,80.0,150,ASTM A105,FF,ASME B16.5
IOCL-MM-0002941,IOCL,GSKT SPWD 8IN 300LB SS316/GRAF RF,CAN-002073,DEPOT-IOCL-PRD,"Paradip Refinery, Odisha",43,54060,41,SPIRAL_WOUND_GASKET,200.0,300,SS316 / GRAPHITE,RF,ASME B16.20
IOCL-MM-0002942,IOCL,FLG SO 4IN CL900 SS304 RF,CAN-000871,DEPOT-IOCL-GWT,"Guwahati Refinery, Assam",33,97610,46,FLANGE_SLIP_ON,100.0,900,ASTM A182 F304,RF,ASME B16.5
IOCL-MM-0002943,IOCL,FLG WNRF 4IN 600# SS316 ASMEB16.5,CAN-000223,DEPOT-IOCL-KYL,"Koyali Refinery, Gujarat",38,129380,107,FLANGE_WELD_NECK,100.0,600,ASTM A182 F316,RF,ASME B16.5
IOCL-MM-0002944,IOCL,FLG BLD 10IN CL900 SS316 RTJ,CAN-000664,DEPOT-IOCL-MTH,"Mathura Refinery, Uttar Pradesh",0,481880,0,FLANGE_BLIND,250.0,900,ASTM A182 F316,RTJ,ASME B16.5
IOCL-MM-0002945,IOCL,FLG WNRF 8IN 600# SS304,CAN-000301,DEPOT-IOCL-MTH,"Mathura Refinery, Uttar Pradesh",35,238940,102,FLANGE_WELD_NECK,200.0,600,ASTM A182 F304,RF,ASME B16.5
IOCL-MM-0002946,IOCL,FLG WN 10IN 900# A350-LF2 RF,CAN-000347,DEPOT-IOCL-PRD,"Paradip Refinery, Odisha",38,294480,84,FLANGE_WELD_NECK,250.0,900,ASTM A350 LF2,RF,ASME B16.5
IOCL-MM-0002947,IOCL,GSKT SPWD 10IN 900LB SS304/GRAF RF ASMEB16.20,CAN-002088,DEPOT-IOCL-MTH,"Mathura Refinery, Uttar Pradesh",0,130510,0,SPIRAL_WOUND_GASKET,250.0,900,SS304 / GRAPHITE,RF,ASME B16.20
IOCL-MM-0002948,IOCL,VLV BL 8IN 150# SS316 RF,CAN-001743,DEPOT-IOCL-PRD,"Paradip Refinery, Odisha",8,1050960,98,BALL_VALVE,200.0,150,ASTM A182 F316,RF,API 6D
IOCL-MM-0002949,IOCL,STUDBLT 1IN 300# L7/GR7 THRD ASMEB18.2.1,CAN-002114,DEPOT-IOCL-KYL,"Koyali Refinery, Gujarat",142,970,514,STUD_BOLT,25.0,300,ASTM A320 L7 / A194 7,THRD,ASME B18.2.1
IOCL-MM-0002950,IOCL,VLV GT 8IN 150LB SS316 RF,CAN-001429,DEPOT-IOCL-PRD,"Paradip Refinery, Odisha",23,859880,90,GATE_VALVE,200.0,150,ASTM A182 F316,RF,API 600
IOCL-MM-0002951,IOCL,FLG WN 12IN CL600 SS316 RTJ ASMEB16.5,CAN-000384,DEPOT-IOCL-KYL,"Koyali Refinery, Gujarat",53,539700,308,FLANGE_WELD_NECK,300.0,600,ASTM A182 F316,RTJ,ASME B16.5
IOCL-MM-0002952,IOCL,STUDBLT 2IN 150# L7/GR7 THRD ASMEB18.2.1,CAN-002132,DEPOT-IOCL-PNP,"Panipat Refinery, Haryana",41,1370,65,STUD_BOLT,50.0,150,ASTM A320 L7 / A194 7,THRD,ASME B18.2.1
IOCL-MM-0002953,IOCL,VLV GT 10IN 900LB SS316 RF API6D,CAN-001526,DEPOT-IOCL-PNP,"Panipat Refinery, Haryana",0,4818850,0,GATE_VALVE,250.0,900,ASTM A182 F316,RF,API 6D
IOCL-MM-0002954,IOCL,GSKT SPWD 3IN CL300 SS304/GRAF RF ASMEB16.20,CAN-002044,DEPOT-IOCL-PNP,"Panipat Refinery, Haryana",56,12320,544,SPIRAL_WOUND_GASKET,80.0,300,SS304 / GRAPHITE,RF,ASME B16.20
IOCL-MM-0002955,IOCL,VLV BL 6IN 600# SS316 BW API6D,CAN-001732,DEPOT-IOCL-PNP,"Panipat Refinery, Haryana",0,2191880,0,BALL_VALVE,150.0,600,ASTM A182 F316,BW,API 6D
IOCL-MM-0002956,IOCL,FLG BLD RTJ 2IN 150LB A105 ASMEB16.5,CAN-000492,DEPOT-IOCL-GWT,"Guwahati Refinery, Assam",43,4430,60,FLANGE_BLIND,50.0,150,ASTM A105,RTJ,ASME B16.5
IOCL-MM-0002957,IOCL,VLV GT 3IN 1500# A105 BW API6D,CAN-001296,DEPOT-IOCL-GWT,"Guwahati Refinery, Assam",35,515190,10,GATE_VALVE,80.0,1500,ASTM A105,BW,API 6D
IOCL-MM-0002958,IOCL,FLG WN 12IN CL900 A105 RTJ,CAN-000386,DEPOT-IOCL-PNP,"Panipat Refinery, Haryana",75,233280,250,FLANGE_WELD_NECK,300.0,900,ASTM A105,RTJ,ASME B16.5
IOCL-MM-0002959,IOCL,FLG BLD 12IN 150LB SS316 RTJ,CAN-000676,DEPOT-IOCL-MTH,"Mathura Refinery, Uttar Pradesh",25,145660,60,FLANGE_BLIND,300.0,150,ASTM A182 F316,RTJ,ASME B16.5
IOCL-MM-0002960,IOCL,VLV GT 10IN 600LB SS316 BW API600,CAN-001515,DEPOT-IOCL-PNP,"Panipat Refinery, Haryana",0,3483930,0,GATE_VALVE,250.0,600,ASTM A182 F316,BW,API 600
IOCL-MM-0002961,IOCL,FLG WNRF 8IN CL150 A105 ASMEB16.5,CAN-000281,DEPOT-IOCL-MTH,"Mathura Refinery, Uttar Pradesh",16,32840,34,FLANGE_WELD_NECK,200.0,150,ASTM A105,RF,ASME B16.5
IOCL-MM-0002962,IOCL,VLV BL 1/2IN 150LB SS316 BW API6D,CAN-001604,DEPOT-IOCL-MTH,"Mathura Refinery, Uttar Pradesh",0,36230,0,BALL_VALVE,15.0,150,ASTM A182 F316,BW,API 6D
IOCL-MM-0002963,IOCL,GSKT SPWD 10IN 900# SS304/GRAF RF ASMEB16.20,CAN-002088,DEPOT-IOCL-KYL,"Koyali Refinery, Gujarat",21,130510,62,SPIRAL_WOUND_GASKET,250.0,900,SS304 / GRAPHITE,RF,ASME B16.20
IOCL-MM-0002964,IOCL,GSKT SPWD 10IN 900# SS304/GRAF RF,CAN-002088,DEPOT-IOCL-PNP,"Panipat Refinery, Haryana",47,130510,67,SPIRAL_WOUND_GASKET,250.0,900,SS304 / GRAPHITE,RF,ASME B16.20
IOCL-MM-0002965,IOCL,FLG SO 4IN CL300 SS316 FF,CAN-000862,DEPOT-IOCL-PRD,"Paradip Refinery, Odisha",121,54040,733,FLANGE_SLIP_ON,100.0,300,ASTM A182 F316,FF,ASME B16.5
IOCL-MM-0002966,IOCL,STUDBLT 10IN 900# L7/GR7 THRD ASMEB18.2.1,CAN-002188,DEPOT-IOCL-GWT,"Guwahati Refinery, Assam",56,46840,467,STUD_BOLT,250.0,900,ASTM A320 L7 / A194 7,THRD,ASME B18.2.1
IOCL-MM-0002967,IOCL,STUDBLT 1.5IN 300LB L7/GR7 THRD,CAN-002124,DEPOT-IOCL-PNP,"Panipat Refinery, Haryana",0,1790,0,STUD_BOLT,40.0,300,ASTM A320 L7 / A194 7,THRD,ASME B18.2.1
IOCL-MM-0002968,IOCL,FLG WN RTJ 1IN CL900 SS316,CAN-000072,DEPOT-IOCL-KYL,"Koyali Refinery, Gujarat",23,29510,18,FLANGE_WELD_NECK,25.0,900,ASTM A182 F316,RTJ,ASME B16.5
IOCL-MM-0002969,IOCL,VLV GT 4IN 600LB WCB RF API6D,CAN-001326,DEPOT-IOCL-PNP,"Panipat Refinery, Haryana",25,330820,17,GATE_VALVE,100.0,600,ASTM A216 WCB,RF,API 6D
IOCL-MM-0002970,IOCL,GSKT SPWD 1.5IN 900# SS316/GRAF RF ASMEB16.20,CAN-002027,DEPOT-IOCL-GWT,"Guwahati Refinery, Assam",61,16060,345,SPIRAL_WOUND_GASKET,40.0,900,SS316 / GRAPHITE,RF,ASME B16.20
IOCL-MM-0002971,IOCL,STUDBLT 1.5IN CL1500 B7/2H THRD,CAN-002129,DEPOT-IOCL-GWT,"Guwahati Refinery, Assam",26,4060,33,STUD_BOLT,40.0,1500,ASTM A193 B7 / A194 2H,THRD,ASME B18.2.1
IOCL-MM-0002972,IOCL,FLG BLD 1.5IN 1500LB A105 RTJ,CAN-000486,DEPOT-IOCL-MTH,"Mathura Refinery, Uttar Pradesh",0,20920,0,FLANGE_BLIND,40.0,1500,ASTM A105,RTJ,ASME B16.5
IOCL-MM-0002973,IOCL,VLV GT 3IN 150# A105 RF,CAN-001245,DEPOT-IOCL-MTH,"Mathura Refinery, Uttar Pradesh",19,81650,11,GATE_VALVE,80.0,150,ASTM A105,RF,API 600
IOCL-MM-0002974,IOCL,GSKT SPWD 6IN 150# SS316/GRAF RF ASMEB16.20,CAN-002061,DEPOT-IOCL-GWT,"Guwahati Refinery, Assam",11,21360,37,SPIRAL_WOUND_GASKET,150.0,150,SS316 / GRAPHITE,RF,ASME B16.20
IOCL-MM-0002975,IOCL,FLG WN 8IN 900# SS304 RTJ ASMEB16.5,CAN-000310,DEPOT-IOCL-MTH,"Mathura Refinery, Uttar Pradesh",0,330500,0,FLANGE_WELD_NECK,200.0,900,ASTM A182 F304,RTJ,ASME B16.5
IOCL-MM-0002976,IOCL,VLV BL 1IN 1500LB SS316 BW,CAN-001640,DEPOT-IOCL-PNP,"Panipat Refinery, Haryana",51,444190,618,BALL_VALVE,25.0,1500,ASTM A182 F316,BW,API 6D
IOCL-MM-0002977,IOCL,FLG BLD RTJ 3IN 150LB A350-LF2,CAN-000524,DEPOT-IOCL-KYL,"Koyali Refinery, Gujarat",56,13060,669,FLANGE_BLIND,80.0,150,ASTM A350 LF2,RTJ,ASME B16.5
IOCL-MM-0002978,IOCL,STUDBLT 6IN CL150 L7/GR7 THRD,CAN-002162,DEPOT-IOCL-GWT,"Guwahati Refinery, Assam",0,5750,0,STUD_BOLT,150.0,150,ASTM A320 L7 / A194 7,THRD,ASME B18.2.1
IOCL-MM-0002979,IOCL,FLG WN RTJ 12IN CL300 A105 ASMEB16.5,CAN-000370,DEPOT-IOCL-GWT,"Guwahati Refinery, Assam",0,96860,0,FLANGE_WELD_NECK,300.0,300,ASTM A105,RTJ,ASME B16.5
IOCL-MM-0002980,IOCL,VLV GLB 8IN 300# A105 RF,CAN-001948,DEPOT-IOCL-MTH,"Mathura Refinery, Uttar Pradesh",86,623800,679,GLOBE_VALVE,200.0,300,ASTM A105,RF,ASME B16.34
IOCL-MM-0002981,IOCL,FLG WN RTJ 3IN 1500# A350-LF2 ASMEB16.5,CAN-000196,DEPOT-IOCL-MTH,"Mathura Refinery, Uttar Pradesh",0,100740,0,FLANGE_WELD_NECK,80.0,1500,ASTM A350 LF2,RTJ,ASME B16.5
IOCL-MM-0002982,IOCL,VLV GT 12IN CL300 A105 BW API6D,CAN-001560,DEPOT-IOCL-PNP,"Panipat Refinery, Haryana",24,792550,273,GATE_VALVE,300.0,300,ASTM A105,BW,API 6D
IOCL-MM-0002983,IOCL,VLV GT 6IN 900LB SS316 BW,CAN-001407,DEPOT-IOCL-MTH,"Mathura Refinery, Uttar Pradesh",13,2480500,47,GATE_VALVE,150.0,900,ASTM A182 F316,BW,API 600
IOCL-MM-0002984,IOCL,VLV GLB 8IN 600# A105 RF,CAN-001951,DEPOT-IOCL-PNP,"Panipat Refinery, Haryana",31,1086110,116,GLOBE_VALVE,200.0,600,ASTM A105,RF,BS 1873
IOCL-MM-0002985,IOCL,FLG SO 12IN 600LB A105 RF,CAN-000983,DEPOT-IOCL-PRD,"Paradip Refinery, Odisha",11,122660,116,FLANGE_SLIP_ON,300.0,600,ASTM A105,RF,ASME B16.5
IOCL-MM-0002986,IOCL,FLG BLD 6IN 150LB A350-LF2 RTJ,CAN-000584,DEPOT-IOCL-GWT,"Guwahati Refinery, Assam",125,29570,288,FLANGE_BLIND,150.0,150,ASTM A350 LF2,RTJ,ASME B16.5
IOCL-MM-0002987,IOCL,FLG BLD 3IN CL1500 SS316 RF,CAN-000549,DEPOT-IOCL-PRD,"Paradip Refinery, Odisha",66,164860,450,FLANGE_BLIND,80.0,1500,ASTM A182 F316,RF,ASME B16.5
IOCL-MM-0002988,IOCL,FLG WN RTJ 2IN 900# SS304,CAN-000150,DEPOT-IOCL-MTH,"Mathura Refinery, Uttar Pradesh",33,54510,29,FLANGE_WELD_NECK,50.0,900,ASTM A182 F304,RTJ,ASME B16.5
IOCL-MM-0002989,IOCL,FLG BLD 4IN CL600 A350-LF2 RF,CAN-000565,DEPOT-IOCL-MTH,"Mathura Refinery, Uttar Pradesh",9,52930,33,FLANGE_BLIND,100.0,600,ASTM A350 LF2,RF,ASME B16.5
IOCL-MM-0002990,IOCL,FLG WN RTJ 4IN 1500# SS304 ASMEB16.5,CAN-000238,DEPOT-IOCL-PRD,"Paradip Refinery, Odisha",107,201980,574,FLANGE_WELD_NECK,100.0,1500,ASTM A182 F304,RTJ,ASME B16.5
IOCL-MM-0002991,IOCL,FLG WN 1/2IN 150LB A350-LF2 RF ASMEB16.5,CAN-000003,DEPOT-IOCL-GWT,"Guwahati Refinery, Assam",57,1810,433,FLANGE_WELD_NECK,15.0,150,ASTM A350 LF2,RF,ASME B16.5
IOCL-MM-0002992,IOCL,FLG SO 3IN 1500LB SS316 FF ASMEB16.5,CAN-000850,DEPOT-IOCL-MTH,"Mathura Refinery, Uttar Pradesh",9,146540,111,FLANGE_SLIP_ON,80.0,1500,ASTM A182 F316,FF,ASME B16.5
IOCL-MM-0002993,IOCL,VLV BL 1/2IN 600# SS316 BW API6D,CAN-001612,DEPOT-IOCL-PNP,"Panipat Refinery, Haryana",0,109850,0,BALL_VALVE,15.0,600,ASTM A182 F316,BW,API 6D
IOCL-MM-0002994,IOCL,STUDBLT 2IN 300# B7/2H THRD ASMEB18.2.1,CAN-002133,DEPOT-IOCL-KYL,"Koyali Refinery, Gujarat",30,1500,421,STUD_BOLT,50.0,300,ASTM A193 B7 / A194 2H,THRD,ASME B18.2.1
IOCL-MM-0002995,IOCL,VLV GLB 8IN CL300 A105 RF BS1873,CAN-001947,DEPOT-IOCL-PRD,"Paradip Refinery, Odisha",44,623800,16,GLOBE_VALVE,200.0,300,ASTM A105,RF,BS 1873
IOCL-MM-0002996,IOCL,VLV GT 1IN CL600 WCB RF,CAN-001085,DEPOT-IOCL-PNP,"Panipat Refinery, Haryana",8,54560,120,GATE_VALVE,25.0,600,ASTM A216 WCB,RF,API 600
IOCL-MM-0002997,IOCL,FLG SO 3IN 600LB A105 FF ASMEB16.5,CAN-000834,DEPOT-IOCL-PNP,"Panipat Refinery, Haryana",77,22000,334,FLANGE_SLIP_ON,80.0,600,ASTM A105,FF,ASME B16.5
IOCL-MM-0002998,IOCL,VLV GT 2IN 300LB SS316 RF API6D,CAN-001202,DEPOT-IOCL-PRD,"Paradip Refinery, Odisha",49,246930,55,GATE_VALVE,50.0,300,ASTM A182 F316,RF,API 6D
IOCL-MM-0002999,IOCL,FLG WN 4IN 600# SS316 RTJ,CAN-000224,DEPOT-IOCL-PNP,"Panipat Refinery, Haryana",16,129380,32,FLANGE_WELD_NECK,100.0,600,ASTM A182 F316,RTJ,ASME B16.5
IOCL-MM-0003000,IOCL,VLV GT 1/2IN 1500# A105 BW,CAN-001055,DEPOT-IOCL-KYL,"Koyali Refinery, Gujarat",83,58460,405,GATE_VALVE,15.0,1500,ASTM A105,BW,API 600
IOCL-MM-0003001,IOCL,VLV GLB 4IN CL150 WCB RF,CAN-001901,DEPOT-IOCL-MTH,"Mathura Refinery, Uttar Pradesh",0,145500,0,GLOBE_VALVE,100.0,150,ASTM A216 WCB,RF,BS 1873
IOCL-MM-0003002,IOCL,VLV GT 8IN 300LB WCB RF API600,CAN-001433,DEPOT-IOCL-PNP,"Panipat Refinery, Haryana",29,467850,96,GATE_VALVE,200.0,300,ASTM A216 WCB,RF,API 600
IOCL-MM-0003003,IOCL,VLV GT 10IN 600LB A105 BW,CAN-001512,DEPOT-IOCL-GWT,"Guwahati Refinery, Assam",46,1088730,58,GATE_VALVE,250.0,600,ASTM A105,BW,API 6D
IOCL-MM-0003004,IOCL,FLG WN 10IN 1500# SS304 RTJ,CAN-000358,DEPOT-IOCL-PNP,"Panipat Refinery, Haryana",17,664710,35,FLANGE_WELD_NECK,250.0,1500,ASTM A182 F304,RTJ,ASME B16.5
IOCL-MM-0003005,IOCL,FLG WNRF 3IN 150LB A350-LF2,CAN-000163,DEPOT-IOCL-PNP,"Panipat Refinery, Haryana",38,15960,73,FLANGE_WELD_NECK,80.0,150,ASTM A350 LF2,RF,ASME B16.5
IOCL-MM-0003006,IOCL,VLV GLB 2IN CL150 WCB RF,CAN-001861,DEPOT-IOCL-GWT,"Guwahati Refinery, Assam",0,59090,0,GLOBE_VALVE,50.0,150,ASTM A216 WCB,RF,BS 1873
IOCL-MM-0003007,IOCL,FLG BLD 10IN 300LB A350-LF2 RF ASMEB16.5,CAN-000649,DEPOT-IOCL-MTH,"Mathura Refinery, Uttar Pradesh",0,100040,0,FLANGE_BLIND,250.0,300,ASTM A350 LF2,RF,ASME B16.5
IOCL-MM-0003008,IOCL,FLG SO 1/2IN 150LB A105 FF,CAN-000702,DEPOT-IOCL-KYL,"Koyali Refinery, Gujarat",109,820,253,FLANGE_SLIP_ON,15.0,150,ASTM A105,FF,ASME B16.5
IOCL-MM-0003009,IOCL,GSKT SPWD 12IN CL300 SS304/GRAF RF,CAN-002094,DEPOT-IOCL-GWT,"Guwahati Refinery, Assam",0,68680,0,SPIRAL_WOUND_GASKET,300.0,300,SS304 / GRAPHITE,RF,ASME B16.20
IOCL-MM-0003010,IOCL,FLG WN RTJ 3IN CL150 A350-LF2 ASMEB16.5,CAN-000164,DEPOT-IOCL-MTH,"Mathura Refinery, Uttar Pradesh",45,15960,94,FLANGE_WELD_NECK,80.0,150,ASTM A350 LF2,RTJ,ASME B16.5
IOCL-MM-0003011,IOCL,FLG WNRF 12IN 300# SS316,CAN-000375,DEPOT-IOCL-GWT,"Guwahati Refinery, Assam",22,309970,33,FLANGE_WELD_NECK,300.0,300,ASTM A182 F316,RF,ASME B16.5
IOCL-MM-0003012,IOCL,FLG SO 3IN 300LB A105 RF,CAN-000827,DEPOT-IOCL-KYL,"Koyali Refinery, Gujarat",15,12630,30,FLANGE_SLIP_ON,80.0,300,ASTM A105,RF,ASME B16.5
IOCL-MM-0003013,IOCL,VLV BL 1/2IN 600LB SS316 RF,CAN-001611,DEPOT-IOCL-PNP,"Panipat Refinery, Haryana",30,109850,54,BALL_VALVE,15.0,600,ASTM A182 F316,RF,API 6D
IOCL-MM-0003014,IOCL,VLV GT 2IN CL300 SS316 BW API6D,CAN-001204,DEPOT-IOCL-PRD,"Paradip Refinery, Odisha",0,246930,0,GATE_VALVE,50.0,300,ASTM A182 F316,BW,API 6D
IOCL-MM-0003015,IOCL,VLV GLB 10IN CL900 A105 RF ASMEB16.34,CAN-001976,DEPOT-IOCL-MTH,"Mathura Refinery, Uttar Pradesh",0,2007850,0,GLOBE_VALVE,250.0,900,ASTM A105,RF,ASME B16.34
IOCL-MM-0003016,IOCL,FLG WNRF 4IN 150LB SS304 ASMEB16.5,CAN-000205,DEPOT-IOCL-KYL,"Koyali Refinery, Gujarat",0,32010,0,FLANGE_WELD_NECK,100.0,150,ASTM A182 F304,RF,ASME B16.5
IOCL-MM-0003017,IOCL,VLV GT 4IN 150# A105 BW,CAN-001307,DEPOT-IOCL-GWT,"Guwahati Refinery, Assam",122,109130,418,GATE_VALVE,100.0,150,ASTM A105,BW,API 600
IOCL-MM-0003018,IOCL,VLV GT 4IN 1500LB WCB BW API600,CAN-001351,DEPOT-IOCL-MTH,"Mathura Refinery, Uttar Pradesh",16,688570,115,GATE_VALVE,100.0,1500,ASTM A216 WCB,BW,API 600
IOCL-MM-0003019,IOCL,VLV GT 1IN CL150 WCB BW,CAN-001063,DEPOT-IOCL-MTH,"Mathura Refinery, Uttar Pradesh",0,18000,0,GATE_VALVE,25.0,150,ASTM A216 WCB,BW,API 600
IOCL-MM-0003020,IOCL,FLG WNRF 1IN 900LB SS304,CAN-000069,DEPOT-IOCL-PRD,"Paradip Refinery, Odisha",46,22130,95,FLANGE_WELD_NECK,25.0,900,ASTM A182 F304,RF,ASME B16.5
IOCL-MM-0003021,IOCL,GSKT SPWD 8IN CL300 SS304/GRAF RF ASMEB16.20,CAN-002074,DEPOT-IOCL-MTH,"Mathura Refinery, Uttar Pradesh",0,40540,0,SPIRAL_WOUND_GASKET,200.0,300,SS304 / GRAPHITE,RF,ASME B16.20
IOCL-MM-0003022,IOCL,FLG WNRF 12IN 150# A350-LF2,CAN-000363,DEPOT-IOCL-PNP,"Panipat Refinery, Haryana",0,89010,0,FLANGE_WELD_NECK,300.0,150,ASTM A350 LF2,RF,ASME B16.5
IOCL-MM-0003023,IOCL,VLV GLB 8IN CL1500 WCB RF,CAN-001958,DEPOT-IOCL-MTH,"Mathura Refinery, Uttar Pradesh",60,2260620,245,GLOBE_VALVE,200.0,1500,ASTM A216 WCB,RF,ASME B16.34
IOCL-MM-0003024,IOCL,FLG WN RTJ 10IN CL900 A105,CAN-000346,DEPOT-IOCL-PNP,"Panipat Refinery, Haryana",64,184050,258,FLANGE_WELD_NECK,250.0,900,ASTM A105,RTJ,ASME B16.5
IOCL-MM-0003025,IOCL,FLG WN 4IN 600LB SS316 RF,CAN-000223,DEPOT-IOCL-PNP,"Panipat Refinery, Haryana",59,129380,625,FLANGE_WELD_NECK,100.0,600,ASTM A182 F316,RF,ASME B16.5
IOCL-MM-0003026,IOCL,FLG BLD 1IN CL900 SS316 RF,CAN-000453,DEPOT-IOCL-KYL,"Koyali Refinery, Gujarat",96,24150,188,FLANGE_BLIND,25.0,900,ASTM A182 F316,RF,ASME B16.5
IOCL-MM-0003027,IOCL,FLG BLD 1/2IN 600# SS316 RTJ ASMEB16.5,CAN-000418,DEPOT-IOCL-GWT,"Guwahati Refinery, Assam",39,8980,17,FLANGE_BLIND,15.0,600,ASTM A182 F316,RTJ,ASME B16.5
IOCL-MM-0003028,IOCL,VLV GT 10IN 1500LB A105 RF API6D,CAN-001534,DEPOT-IOCL-GWT,"Guwahati Refinery, Assam",20,2266060,223,GATE_VALVE,250.0,1500,ASTM A105,RF,API 6D
IOCL-MM-0003029,IOCL,VLV GT 12IN 1500LB WCB RF API600,CAN-001589,DEPOT-IOCL-PRD,"Paradip Refinery, Odisha",147,2872150,632,GATE_VALVE,300.0,1500,ASTM A216 WCB,RF,API 600
IOCL-MM-0003030,IOCL,VLV BL 1/2IN CL300 WCB BW,CAN-001606,DEPOT-IOCL-MTH,"Mathura Refinery, Uttar Pradesh",103,19710,577,BALL_VALVE,15.0,300,ASTM A216 WCB,BW,API 6D
IOCL-MM-0003031,IOCL,FLG BLD RTJ 6IN CL150 A350-LF2,CAN-000584,DEPOT-IOCL-KYL,"Koyali Refinery, Gujarat",50,29570,625,FLANGE_BLIND,150.0,150,ASTM A350 LF2,RTJ,ASME B16.5
IOCL-MM-0003032,IOCL,FLG BLD RTJ 8IN CL300 A350-LF2 ASMEB16.5,CAN-000620,DEPOT-IOCL-MTH,"Mathura Refinery, Uttar Pradesh",0,74850,0,FLANGE_BLIND,200.0,300,ASTM A350 LF2,RTJ,ASME B16.5
IOCL-MM-0003033,IOCL,FLG BLD 3IN 150# A350-LF2 RF,CAN-000523,DEPOT-IOCL-KYL,"Koyali Refinery, Gujarat",65,13060,256,FLANGE_BLIND,80.0,150,ASTM A350 LF2,RF,ASME B16.5
IOCL-MM-0003034,IOCL,FLG WN RTJ 1.5IN 900# SS304 ASMEB16.5,CAN-000110,DEPOT-IOCL-PNP,"Panipat Refinery, Haryana",0,40780,0,FLANGE_WELD_NECK,40.0,900,ASTM A182 F304,RTJ,ASME B16.5
IOCL-MM-0003035,IOCL,VLV GT 3IN 300# A105 RF,CAN-001258,DEPOT-IOCL-PRD,"Paradip Refinery, Odisha",0,142160,0,GATE_VALVE,80.0,300,ASTM A105,RF,API 6D
IOCL-MM-0003036,IOCL,VLV GLB 1.5IN 300# A105 RF ASMEB16.34,CAN-001848,DEPOT-IOCL-KYL,"Koyali Refinery, Gujarat",48,76980,272,GLOBE_VALVE,40.0,300,ASTM A105,RF,ASME B16.34
IOCL-MM-0003037,IOCL,FLG WN 10IN 600LB A105 RTJ,CAN-000338,DEPOT-IOCL-KYL,"Koyali Refinery, Gujarat",43,133060,88,FLANGE_WELD_NECK,250.0,600,ASTM A105,RTJ,ASME B16.5
IOCL-MM-0003038,IOCL,FLG SO 2IN 150LB SS304 FF,CAN-000794,DEPOT-IOCL-PRD,"Paradip Refinery, Odisha",0,9450,0,FLANGE_SLIP_ON,50.0,150,ASTM A182 F304,FF,ASME B16.5
IOCL-MM-0003039,IOCL,FLG SO 10IN 150# A105 RF,CAN-000941,DEPOT-IOCL-MTH,"Mathura Refinery, Uttar Pradesh",0,31920,0,FLANGE_SLIP_ON,250.0,150,ASTM A105,RF,ASME B16.5
IOCL-MM-0003040,IOCL,FLG BLD 10IN CL300 A350-LF2 RF ASMEB16.5,CAN-000649,DEPOT-IOCL-MTH,"Mathura Refinery, Uttar Pradesh",128,100040,599,FLANGE_BLIND,250.0,300,ASTM A350 LF2,RF,ASME B16.5
IOCL-MM-0003041,IOCL,VLV GT 8IN 900# WCB RF,CAN-001457,DEPOT-IOCL-MTH,"Mathura Refinery, Uttar Pradesh",35,1126700,185,GATE_VALVE,200.0,900,ASTM A216 WCB,RF,API 600
IOCL-MM-0003042,IOCL,VLV GT 4IN 300LB SS316 RF,CAN-001321,DEPOT-IOCL-MTH,"Mathura Refinery, Uttar Pradesh",17,608020,79,GATE_VALVE,100.0,300,ASTM A182 F316,RF,API 600
IOCL-MM-0003043,IOCL,FLG BLD RTJ 1IN 300LB A350-LF2 ASMEB16.5,CAN-000440,DEPOT-IOCL-GWT,"Guwahati Refinery, Assam",25,5010,113,FLANGE_BLIND,25.0,300,ASTM A350 LF2,RTJ,ASME B16.5
IOCL-MM-0003044,IOCL,FLG WNRF 1IN 600# A105,CAN-000057,DEPOT-IOCL-MTH,"Mathura Refinery, Uttar Pradesh",5,6660,55,FLANGE_WELD_NECK,25.0,600,ASTM A105,RF,ASME B16.5
IOCL-MM-0003045,IOCL,FLG WN 12IN CL300 SS316 RTJ,CAN-000376,DEPOT-IOCL-PRD,"Paradip Refinery, Odisha",0,309970,0,FLANGE_WELD_NECK,300.0,300,ASTM A182 F316,RTJ,ASME B16.5
IOCL-MM-0003046,IOCL,FLG BLD 10IN CL150 A105 RTJ ASMEB16.5,CAN-000642,DEPOT-IOCL-KYL,"Koyali Refinery, Gujarat",49,35910,65,FLANGE_BLIND,250.0,150,ASTM A105,RTJ,ASME B16.5
IOCL-MM-0003047,IOCL,FLG WN 3IN 600# SS304 RF,CAN-000181,DEPOT-IOCL-MTH,"Mathura Refinery, Uttar Pradesh",65,72600,749,FLANGE_WELD_NECK,80.0,600,ASTM A182 F304,RF,ASME B16.5
IOCL-MM-0003048,IOCL,VLV GLB 1.5IN 1500# WCB RF,CAN-001857,DEPOT-IOCL-PRD,"Paradip Refinery, Odisha",29,278970,96,GLOBE_VALVE,40.0,1500,ASTM A216 WCB,RF,BS 1873
IOCL-MM-0003049,IOCL,FLG BLD 12IN 300# A350-LF2 RF ASMEB16.5,CAN-000679,DEPOT-IOCL-KYL,"Koyali Refinery, Gujarat",10,126800,74,FLANGE_BLIND,300.0,300,ASTM A350 LF2,RF,ASME B16.5
IOCL-MM-0003050,IOCL,FLG SO 4IN 1500LB A105 RF,CAN-000875,DEPOT-IOCL-PRD,"Paradip Refinery, Odisha",123,61200,361,FLANGE_SLIP_ON,100.0,1500,ASTM A105,RF,ASME B16.5
IOCL-MM-0003051,IOCL,VLV GT 1IN 300LB A105 RF,CAN-001077,DEPOT-IOCL-MTH,"Mathura Refinery, Uttar Pradesh",24,31330,109,GATE_VALVE,25.0,300,ASTM A105,RF,API 600
IOCL-MM-0003052,IOCL,VLV GT 8IN 600# SS316 BW API600,CAN-001455,DEPOT-IOCL-PNP,"Panipat Refinery, Haryana",0,2606670,0,GATE_VALVE,200.0,600,ASTM A182 F316,BW,API 600
IOCL-MM-0003053,IOCL,FLG WNRF 4IN CL150 A105 ASMEB16.5,CAN-000201,DEPOT-IOCL-MTH,"Mathura Refinery, Uttar Pradesh",59,13330,281,FLANGE_WELD_NECK,100.0,150,ASTM A105,RF,ASME B16.5
IOCL-MM-0003054,IOCL,VLV GT 2IN CL300 A105 RF,CAN-001198,DEPOT-IOCL-PRD,"Paradip Refinery, Odisha",77,77160,537,GATE_VALVE,50.0,300,ASTM A105,RF,API 6D
IOCL-MM-0003055,IOCL,FLG BLD 1/2IN 300# A105 RF,CAN-000407,DEPOT-IOCL-PRD,"Paradip Refinery, Odisha",36,1610,721,FLANGE_BLIND,15.0,300,ASTM A105,RF,ASME B16.5
IOCL-MM-0003056,IOCL,VLV GLB 8IN 600LB WCB RF BS1873,CAN-001949,DEPOT-IOCL-PNP,"Panipat Refinery, Haryana",35,1086110,73,GLOBE_VALVE,200.0,600,ASTM A216 WCB,RF,BS 1873
IOCL-MM-0003057,IOCL,FLG SO 2IN 900LB SS316 RF ASMEB16.5,CAN-000813,DEPOT-IOCL-PNP,"Panipat Refinery, Haryana",45,52860,102,FLANGE_SLIP_ON,50.0,900,ASTM A182 F316,RF,ASME B16.5
IOCL-MM-0003058,IOCL,FLG SO 12IN 300LB SS316 RF,CAN-000981,DEPOT-IOCL-MTH,"Mathura Refinery, Uttar Pradesh",0,225430,0,FLANGE_SLIP_ON,300.0,300,ASTM A182 F316,RF,ASME B16.5
IOCL-MM-0003059,IOCL,FLG BLD 4IN CL1500 SS316 RTJ,CAN-000580,DEPOT-IOCL-GWT,"Guwahati Refinery, Assam",0,220340,0,FLANGE_BLIND,100.0,1500,ASTM A182 F316,RTJ,ASME B16.5
IOCL-MM-0003060,IOCL,VLV GT 1/2IN 300# SS316 BW,CAN-001024,DEPOT-IOCL-KYL,"Koyali Refinery, Gujarat",31,51620,24,GATE_VALVE,15.0,300,ASTM A182 F316,BW,API 6D
IOCL-MM-0003061,IOCL,FLG BLD 2IN 300LB A105 RTJ,CAN-000498,DEPOT-IOCL-GWT,"Guwahati Refinery, Assam",127,7710,726,FLANGE_BLIND,50.0,300,ASTM A105,RTJ,ASME B16.5
IOCL-MM-0003062,IOCL,FLG BLD 6IN CL300 SS316 RF ASMEB16.5,CAN-000591,DEPOT-IOCL-GWT,"Guwahati Refinery, Assam",36,103000,32,FLANGE_BLIND,150.0,300,ASTM A182 F316,RF,ASME B16.5
IOCL-MM-0003063,IOCL,FLG WN 2IN CL300 SS316 RTJ,CAN-000136,DEPOT-IOCL-MTH,"Mathura Refinery, Uttar Pradesh",116,30180,557,FLANGE_WELD_NECK,50.0,300,ASTM A182 F316,RTJ,ASME B16.5
IOCL-MM-0003064,IOCL,VLV BL 1.5IN CL900 SS316 RF,CAN-001655,DEPOT-IOCL-KYL,"Koyali Refinery, Gujarat",15,543810,88,BALL_VALVE,40.0,900,ASTM A182 F316,RF,API 6D
IOCL-MM-0003065,IOCL,VLV GT 8IN 1500LB WCB RF,CAN-001469,DEPOT-IOCL-PNP,"Panipat Refinery, Haryana",0,1695460,0,GATE_VALVE,200.0,1500,ASTM A216 WCB,RF,API 600
IOCL-MM-0003066,IOCL,FLG WNRF 3IN 900LB SS304,CAN-000189,DEPOT-IOCL-PRD,"Paradip Refinery, Odisha",15,100420,53,FLANGE_WELD_NECK,80.0,900,ASTM A182 F304,RF,ASME B16.5
IOCL-MM-0003067,IOCL,FLG SO 1IN 1500LB SS304 RF ASMEB16.5,CAN-000757,DEPOT-IOCL-GWT,"Guwahati Refinery, Assam",45,24220,91,FLANGE_SLIP_ON,25.0,1500,ASTM A182 F304,RF,ASME B16.5
IOCL-MM-0003068,IOCL,VLV GT 2IN 150# SS316 BW,CAN-001192,DEPOT-IOCL-GWT,"Guwahati Refinery, Assam",25,141820,635,GATE_VALVE,50.0,150,ASTM A182 F316,BW,API 6D
IOCL-MM-0003069,IOCL,STUDBLT 2IN 600LB L7/GR7 THRD,CAN-002136,DEPOT-IOCL-MTH,"Mathura Refinery, Uttar Pradesh",125,4170,613,STUD_BOLT,50.0,600,ASTM A320 L7 / A194 7,THRD,ASME B18.2.1
IOCL-MM-0003070,IOCL,VLV GT 3IN CL1500 SS316 RF,CAN-001298,DEPOT-IOCL-GWT,"Guwahati Refinery, Assam",0,1648600,0,GATE_VALVE,80.0,1500,ASTM A182 F316,RF,API 6D
IOCL-MM-0003071,IOCL,VLV GT 2IN 900LB WCB RF,CAN-001218,DEPOT-IOCL-KYL,"Koyali Refinery, Gujarat",40,185830,10,GATE_VALVE,50.0,900,ASTM A216 WCB,RF,API 6D
IOCL-MM-0003072,IOCL,VLV GLB 1.5IN CL600 WCB RF,CAN-001850,DEPOT-IOCL-KYL,"Koyali Refinery, Gujarat",48,134030,73,GLOBE_VALVE,40.0,600,ASTM A216 WCB,RF,ASME B16.34
IOCL-MM-0003073,IOCL,VLV GLB 1/2IN 150LB WCB RF,CAN-001801,DEPOT-IOCL-PRD,"Paradip Refinery, Odisha",92,12350,595,GLOBE_VALVE,15.0,150,ASTM A216 WCB,RF,BS 1873
IOCL-MM-0003074,IOCL,FLG SO 8IN 300LB SS316 RF ASMEB16.5,CAN-000921,DEPOT-IOCL-PRD,"Paradip Refinery, Odisha",0,133070,0,FLANGE_SLIP_ON,200.0,300,ASTM A182 F316,RF,ASME B16.5
IOCL-MM-0003075,IOCL,VLV GT 1.5IN CL1500 SS316 BW,CAN-001179,DEPOT-IOCL-GWT,"Guwahati Refinery, Assam",0,669540,0,GATE_VALVE,40.0,1500,ASTM A182 F316,BW,API 600
IOCL-MM-0003076,IOCL,VLV GLB 4IN 300LB A105 RF ASMEB16.34,CAN-001908,DEPOT-IOCL-KYL,"Koyali Refinery, Gujarat",45,253340,53,GLOBE_VALVE,100.0,300,ASTM A105,RF,ASME B16.34
IOCL-MM-0003077,IOCL,VLV GT 1/2IN 900# SS316 RF API600,CAN-001045,DEPOT-IOCL-PRD,"Paradip Refinery, Odisha",39,124310,23,GATE_VALVE,15.0,900,ASTM A182 F316,RF,API 600
IOCL-MM-0003078,IOCL,VLV GLB 6IN 1500LB A105 RF ASMEB16.34,CAN-001940,DEPOT-IOCL-PRD,"Paradip Refinery, Odisha",21,1555270,47,GLOBE_VALVE,150.0,1500,ASTM A105,RF,ASME B16.34
IOCL-MM-0003079,IOCL,VLV GT 1/2IN 900LB SS316 BW API6D,CAN-001048,DEPOT-IOCL-PRD,"Paradip Refinery, Odisha",0,124310,0,GATE_VALVE,15.0,900,ASTM A182 F316,BW,API 6D
IOCL-MM-0003080,IOCL,FLG WN 3IN CL300 SS304 RTJ ASMEB16.5,CAN-000174,DEPOT-IOCL-PNP,"Panipat Refinery, Haryana",15,41700,25,FLANGE_WELD_NECK,80.0,300,ASTM A182 F304,RTJ,ASME B16.5
IOCL-MM-0003081,IOCL,VLV GLB 12IN 300# A105 RF BS1873,CAN-001987,DEPOT-IOCL-MTH,"Mathura Refinery, Uttar Pradesh",30,1056740,586,GLOBE_VALVE,300.0,300,ASTM A105,RF,BS 1873
IOCL-MM-0003082,IOCL,VLV GT 12IN 600LB A105 BW API6D,CAN-001572,DEPOT-IOCL-PRD,"Paradip Refinery, Odisha",24,1379920,737,GATE_VALVE,300.0,600,ASTM A105,BW,API 6D
IOCL-MM-0003083,IOCL,VLV GT 1IN 900# SS316 RF API600,CAN-001105,DEPOT-IOCL-GWT,"Guwahati Refinery, Assam",11,241510,108,GATE_VALVE,25.0,900,ASTM A182 F316,RF,API 600
IOCL-MM-0003084,IOCL,VLV GLB 12IN 150# WCB RF ASMEB16.34,CAN-001982,DEPOT-IOCL-PRD,"Paradip Refinery, Odisha",17,606940,95,GLOBE_VALVE,300.0,150,ASTM A216 WCB,RF,ASME B16.34
IOCL-MM-0003085,IOCL,VLV BL 10IN 150# WCB RF API6D,CAN-001761,DEPOT-IOCL-GWT,"Guwahati Refinery, Assam",39,438950,80,BALL_VALVE,250.0,150,ASTM A216 WCB,RF,API 6D
IOCL-MM-0003086,IOCL,VLV GT 10IN 150# SS316 BW,CAN-001491,DEPOT-IOCL-KYL,"Koyali Refinery, Gujarat",11,1149270,80,GATE_VALVE,250.0,150,ASTM A182 F316,BW,API 600
IOCL-MM-0003087,IOCL,VLV GT 6IN 150LB A105 RF,CAN-001365,DEPOT-IOCL-MTH,"Mathura Refinery, Uttar Pradesh",0,184870,0,GATE_VALVE,150.0,150,ASTM A105,RF,API 600
IOCL-MM-0003088,IOCL,FLG WN 6IN 900LB A105 RF,CAN-000265,DEPOT-IOCL-PNP,"Panipat Refinery, Haryana",0,94740,0,FLANGE_WELD_NECK,150.0,900,ASTM A105,RF,ASME B16.5
IOCL-MM-0003089,IOCL,VLV BL 2IN 300# WCB BW,CAN-001666,DEPOT-IOCL-KYL,"Koyali Refinery, Gujarat",123,94310,284,BALL_VALVE,50.0,300,ASTM A216 WCB,BW,API 6D
IOCL-MM-0003090,IOCL,FLG WN 12IN CL600 SS304 RF,CAN-000381,DEPOT-IOCL-GWT,"Guwahati Refinery, Assam",6,404770,55,FLANGE_WELD_NECK,300.0,600,ASTM A182 F304,RF,ASME B16.5
IOCL-MM-0003091,IOCL,STUDBLT 6IN 600LB L7/GR7 THRD ASMEB18.2.1,CAN-002166,DEPOT-IOCL-PRD,"Paradip Refinery, Odisha",41,17430,34,STUD_BOLT,150.0,600,ASTM A320 L7 / A194 7,THRD,ASME B18.2.1
IOCL-MM-0003092,IOCL,STUDBLT 2IN 1500LB B7/2H THRD,CAN-002139,DEPOT-IOCL-GWT,"Guwahati Refinery, Assam",41,5430,16,STUD_BOLT,50.0,1500,ASTM A193 B7 / A194 2H,THRD,ASME B18.2.1
IOCL-MM-0003093,IOCL,VLV BL 10IN CL1500 SS316 RF,CAN-001779,DEPOT-IOCL-PNP,"Panipat Refinery, Haryana",38,8862830,70,BALL_VALVE,250.0,1500,ASTM A182 F316,RF,API 6D
IOCL-MM-0003094,IOCL,FLG WN RTJ 6IN 1500# SS304,CAN-000278,DEPOT-IOCL-PNP,"Panipat Refinery, Haryana",0,342160,0,FLANGE_WELD_NECK,150.0,1500,ASTM A182 F304,RTJ,ASME B16.5
IOCL-MM-0003095,IOCL,FLG SO 8IN CL900 SS304 FF,CAN-000932,DEPOT-IOCL-KYL,"Koyali Refinery, Gujarat",49,240360,25,FLANGE_SLIP_ON,200.0,900,ASTM A182 F304,FF,ASME B16.5
IOCL-MM-0003096,IOCL,STUDBLT 8IN 600# B7/2H THRD ASMEB18.2.1,CAN-002175,DEPOT-IOCL-GWT,"Guwahati Refinery, Assam",21,15830,26,STUD_BOLT,200.0,600,ASTM A193 B7 / A194 2H,THRD,ASME B18.2.1
IOCL-MM-0003097,IOCL,FLG SO 10IN CL600 SS316 FF,CAN-000958,DEPOT-IOCL-PNP,"Panipat Refinery, Haryana",22,309680,95,FLANGE_SLIP_ON,250.0,600,ASTM A182 F316,FF,ASME B16.5
IOCL-MM-0003098,IOCL,STUDBLT 12IN 300LB L7/GR7 THRD,CAN-002194,DEPOT-IOCL-PRD,"Paradip Refinery, Odisha",122,24650,563,STUD_BOLT,300.0,300,ASTM A320 L7 / A194 7,THRD,ASME B18.2.1
IOCL-MM-0003099,IOCL,VLV GT 6IN 300# A105 BW API6D,CAN-001380,DEPOT-IOCL-PNP,"Panipat Refinery, Haryana",13,321870,24,GATE_VALVE,150.0,300,ASTM A105,BW,API 6D
IOCL-MM-0003100,IOCL,VLV GLB 1IN 900LB A105 RF,CAN-001836,DEPOT-IOCL-PRD,"Paradip Refinery, Odisha",35,100630,27,GLOBE_VALVE,25.0,900,ASTM A105,RF,ASME B16.34
IOCL-MM-0003101,IOCL,FLG BLD 4IN 600LB SS316 RTJ,CAN-000568,DEPOT-IOCL-MTH,"Mathura Refinery, Uttar Pradesh",66,105860,307,FLANGE_BLIND,100.0,600,ASTM A182 F316,RTJ,ASME B16.5
IOCL-MM-0003102,IOCL,GSKT SPWD 1/2IN CL300 SS304/GRAF RF ASMEB16.20,CAN-002004,DEPOT-IOCL-MTH,"Mathura Refinery, Uttar Pradesh",0,1390,0,SPIRAL_WOUND_GASKET,15.0,300,SS304 / GRAPHITE,RF,ASME B16.20
IOCL-MM-0003103,IOCL,GSKT SPWD 1IN CL150 SS304/GRAF RF,CAN-002012,DEPOT-IOCL-GWT,"Guwahati Refinery, Assam",6,1560,43,SPIRAL_WOUND_GASKET,25.0,150,SS304 / GRAPHITE,RF,ASME B16.20
IOCL-MM-0003104,IOCL,FLG WN RTJ 2IN 900LB A350-LF2,CAN-000148,DEPOT-IOCL-GWT,"Guwahati Refinery, Assam",48,36340,110,FLANGE_WELD_NECK,50.0,900,ASTM A350 LF2,RTJ,ASME B16.5
IOCL-MM-0003105,IOCL,FLG SO 4IN 150LB SS304 FF ASMEB16.5,CAN-000854,DEPOT-IOCL-MTH,"Mathura Refinery, Uttar Pradesh",25,23280,31,FLANGE_SLIP_ON,100.0,150,ASTM A182 F304,FF,ASME B16.5
IOCL-MM-0003106,IOCL,FLG SO 4IN 1500# A105 RF,CAN-000875,DEPOT-IOCL-MTH,"Mathura Refinery, Uttar Pradesh",25,61200,10,FLANGE_SLIP_ON,100.0,1500,ASTM A105,RF,ASME B16.5
IOCL-MM-0003107,IOCL,FLG SO 1/2IN 600LB SS316 FF,CAN-000718,DEPOT-IOCL-MTH,"Mathura Refinery, Uttar Pradesh",27,7980,37,FLANGE_SLIP_ON,15.0,600,ASTM A182 F316,FF,ASME B16.5
IOCL-MM-0003108,IOCL,FLG BLD RTJ 6IN 1500# A350-LF2,CAN-000608,DEPOT-IOCL-PRD,"Paradip Refinery, Odisha",0,186630,0,FLANGE_BLIND,150.0,1500,ASTM A350 LF2,RTJ,ASME B16.5
IOCL-MM-0003109,IOCL,VLV GT 1/2IN CL150 A105 BW API6D,CAN-001008,DEPOT-IOCL-MTH,"Mathura Refinery, Uttar Pradesh",10,9260,18,GATE_VALVE,15.0,150,ASTM A105,BW,API 6D
IOCL-MM-0003110,IOCL,VLV GLB 6IN CL150 WCB RF,CAN-001922,DEPOT-IOCL-MTH,"Mathura Refinery, Uttar Pradesh",56,246490,654,GLOBE_VALVE,150.0,150,ASTM A216 WCB,RF,ASME B16.34
IOCL-MM-0003111,IOCL,VLV BL 6IN 600LB SS316 RF API6D,CAN-001731,DEPOT-IOCL-GWT,"Guwahati Refinery, Assam",39,2191880,103,BALL_VALVE,150.0,600,ASTM A182 F316,RF,API 6D
IOCL-MM-0003112,IOCL,VLV GT 6IN 150# SS316 BW,CAN-001371,DEPOT-IOCL-PRD,"Paradip Refinery, Odisha",48,591580,51,GATE_VALVE,150.0,150,ASTM A182 F316,BW,API 600
IOCL-MM-0003113,IOCL,VLV GT 1.5IN CL600 A105 RF API6D,CAN-001150,DEPOT-IOCL-MTH,"Mathura Refinery, Uttar Pradesh",24,100520,31,GATE_VALVE,40.0,600,ASTM A105,RF,API 6D
IOCL-MM-0003114,IOCL,FLG SO 8IN CL600 A105 FF,CAN-000924,DEPOT-IOCL-MTH,"Mathura Refinery, Uttar Pradesh",100,72400,283,FLANGE_SLIP_ON,200.0,600,ASTM A105,FF,ASME B16.5
IOCL-MM-0003115,IOCL,FLG SO 8IN 150LB A105 FF ASMEB16.5,CAN-000912,DEPOT-IOCL-PRD,"Paradip Refinery, Odisha",28,23880,88,FLANGE_SLIP_ON,200.0,150,ASTM A105,FF,ASME B16.5
IOCL-MM-0003116,IOCL,FLG WNRF 10IN 150# SS316 ASMEB16.5,CAN-000327,DEPOT-IOCL-PNP,"Panipat Refinery, Haryana",45,140460,16,FLANGE_WELD_NECK,250.0,150,ASTM A182 F316,RF,ASME B16.5
IOCL-MM-0003117,IOCL,VLV GT 3IN 1500LB A105 RF API6D,CAN-001294,DEPOT-IOCL-PNP,"Panipat Refinery, Haryana",34,515190,49,GATE_VALVE,80.0,1500,ASTM A105,RF,API 6D
IOCL-MM-0003118,IOCL,VLV BL 2IN 600LB WCB RF,CAN-001669,DEPOT-IOCL-GWT,"Guwahati Refinery, Assam",27,164210,108,BALL_VALVE,50.0,600,ASTM A216 WCB,RF,API 6D
IOCL-MM-0003119,IOCL,GSKT SPWD 6IN 900# SS304/GRAF RF ASMEB16.20,CAN-002068,DEPOT-IOCL-PRD,"Paradip Refinery, Odisha",95,67180,294,SPIRAL_WOUND_GASKET,150.0,900,SS304 / GRAPHITE,RF,ASME B16.20
IOCL-MM-0003120,IOCL,GSKT SPWD 2IN 600LB SS316/GRAF RF ASMEB16.20,CAN-002035,DEPOT-IOCL-PRD,"Paradip Refinery, Odisha",41,15520,68,SPIRAL_WOUND_GASKET,50.0,600,SS316 / GRAPHITE,RF,ASME B16.20
IOCL-MM-0003121,IOCL,VLV GT 2IN 1500# SS316 RF API6D,CAN-001238,DEPOT-IOCL-PRD,"Paradip Refinery, Odisha",0,894870,0,GATE_VALVE,50.0,1500,ASTM A182 F316,RF,API 6D
IOCL-MM-0003122,IOCL,FLG WNRF 4IN 600LB SS316,CAN-000223,DEPOT-IOCL-PNP,"Panipat Refinery, Haryana",0,129380,0,FLANGE_WELD_NECK,100.0,600,ASTM A182 F316,RF,ASME B16.5
IOCL-MM-0003123,IOCL,FLG BLD 8IN 900# A105 RTJ,CAN-000630,DEPOT-IOCL-PNP,"Panipat Refinery, Haryana",20,112670,115,FLANGE_BLIND,200.0,900,ASTM A105,RTJ,ASME B16.5
IOCL-MM-0003124,IOCL,VLV GT 1.5IN CL1500 SS316 BW,CAN-001179,DEPOT-IOCL-PRD,"Paradip Refinery, Odisha",129,669540,218,GATE_VALVE,40.0,1500,ASTM A182 F316,BW,API 600
IOCL-MM-0003125,IOCL,FLG SO 1IN CL1500 SS304 RF,CAN-000757,DEPOT-IOCL-PRD,"Paradip Refinery, Odisha",37,24220,541,FLANGE_SLIP_ON,25.0,1500,ASTM A182 F304,RF,ASME B16.5
IOCL-MM-0003126,IOCL,FLG SO 6IN 900# SS316 FF,CAN-000904,DEPOT-IOCL-KYL,"Koyali Refinery, Gujarat",0,220480,0,FLANGE_SLIP_ON,150.0,900,ASTM A182 F316,FF,ASME B16.5
IOCL-MM-0003127,IOCL,FLG SO 3IN 900LB SS316 RF,CAN-000843,DEPOT-IOCL-KYL,"Koyali Refinery, Gujarat",0,97380,0,FLANGE_SLIP_ON,80.0,900,ASTM A182 F316,RF,ASME B16.5
IOCL-MM-0003128,IOCL,VLV GT 1IN CL150 SS316 RF API600,CAN-001069,DEPOT-IOCL-MTH,"Mathura Refinery, Uttar Pradesh",0,57600,0,GATE_VALVE,25.0,150,ASTM A182 F316,RF,API 600
IOCL-MM-0003129,IOCL,VLV GT 4IN CL900 WCB BW API6D,CAN-001340,DEPOT-IOCL-GWT,"Guwahati Refinery, Assam",74,457580,515,GATE_VALVE,100.0,900,ASTM A216 WCB,BW,API 6D
IOCL-MM-0003130,IOCL,FLG WNRF 1.5IN CL150 A350-LF2,CAN-000083,DEPOT-IOCL-PRD,"Paradip Refinery, Odisha",0,6480,0,FLANGE_WELD_NECK,40.0,150,ASTM A350 LF2,RF,ASME B16.5
IOCL-MM-0003131,IOCL,FLG BLD 6IN CL1500 A105 RTJ ASMEB16.5,CAN-000606,DEPOT-IOCL-KYL,"Koyali Refinery, Gujarat",17,116640,47,FLANGE_BLIND,150.0,1500,ASTM A105,RTJ,ASME B16.5
IOCL-MM-0003132,IOCL,FLG WN 8IN 1500LB SS304 RF,CAN-000317,DEPOT-IOCL-KYL,"Koyali Refinery, Gujarat",29,497330,30,FLANGE_WELD_NECK,200.0,1500,ASTM A182 F304,RF,ASME B16.5
IOCL-MM-0003133,IOCL,VLV GT 4IN CL900 WCB BW,CAN-001340,DEPOT-IOCL-PRD,"Paradip Refinery, Odisha",99,457580,409,GATE_VALVE,100.0,900,ASTM A216 WCB,BW,API 6D
IOCL-MM-0003134,IOCL,VLV GT 10IN 900# SS316 BW,CAN-001527,DEPOT-IOCL-MTH,"Mathura Refinery, Uttar Pradesh",41,4818850,42,GATE_VALVE,250.0,900,ASTM A182 F316,BW,API 600
IOCL-MM-0003135,IOCL,FLG WN 1.5IN 150LB SS304 RTJ,CAN-000086,DEPOT-IOCL-GWT,"Guwahati Refinery, Assam",0,9720,0,FLANGE_WELD_NECK,40.0,150,ASTM A182 F304,RTJ,ASME B16.5
IOCL-MM-0003136,IOCL,VLV GLB 8IN CL1500 WCB RF,CAN-001958,DEPOT-IOCL-PNP,"Panipat Refinery, Haryana",12,2260620,16,GLOBE_VALVE,200.0,1500,ASTM A216 WCB,RF,ASME B16.34
IOCL-MM-0003137,IOCL,FLG SO 1/2IN CL1500 SS316 FF,CAN-000730,DEPOT-IOCL-GWT,"Guwahati Refinery, Assam",41,16620,12,FLANGE_SLIP_ON,15.0,1500,ASTM A182 F316,FF,ASME B16.5
IOCL-MM-0003138,IOCL,FLG BLD 3IN CL150 A350-LF2 RF,CAN-000523,DEPOT-IOCL-GWT,"Guwahati Refinery, Assam",0,13060,0,FLANGE_BLIND,80.0,150,ASTM A350 LF2,RF,ASME B16.5
IOCL-MM-0003139,IOCL,VLV BL 1.5IN CL150 WCB RF API6D,CAN-001641,DEPOT-IOCL-PRD,"Paradip Refinery, Odisha",38,40530,47,BALL_VALVE,40.0,150,ASTM A216 WCB,RF,API 6D
IOCL-MM-0003140,IOCL,GSKT SPWD 1.5IN 600LB SS304/GRAF RF ASMEB16.20,CAN-002026,DEPOT-IOCL-GWT,"Guwahati Refinery, Assam",37,8710,109,SPIRAL_WOUND_GASKET,40.0,600,SS304 / GRAPHITE,RF,ASME B16.20
IOCL-MM-0003141,IOCL,VLV GLB 10IN CL900 WCB RF ASMEB16.34,CAN-001974,DEPOT-IOCL-PRD,"Paradip Refinery, Odisha",114,2007850,628,GLOBE_VALVE,250.0,900,ASTM A216 WCB,RF,ASME B16.34
IOCL-MM-0003142,IOCL,FLG WNRF 1IN 150# SS304,CAN-000045,DEPOT-IOCL-KYL,"Koyali Refinery, Gujarat",50,5280,83,FLANGE_WELD_NECK,25.0,150,ASTM A182 F304,RF,ASME B16.5
IOCL-MM-0003143,IOCL,VLV BL 12IN 1500LB SS316 RF,CAN-001799,DEPOT-IOCL-MTH,"Mathura Refinery, Uttar Pradesh",48,11233320,232,BALL_VALVE,300.0,1500,ASTM A182 F316,RF,API 6D
IOCL-MM-0003144,IOCL,FLG BLD 10IN 1500# A350-LF2 RF ASMEB16.5,CAN-000667,DEPOT-IOCL-KYL,"Koyali Refinery, Gujarat",138,362570,731,FLANGE_BLIND,250.0,1500,ASTM A350 LF2,RF,ASME B16.5
IOCL-MM-0003145,IOCL,FLG BLD 8IN CL300 A105 RF,CAN-000617,DEPOT-IOCL-PNP,"Panipat Refinery, Haryana",96,46780,721,FLANGE_BLIND,200.0,300,ASTM A105,RF,ASME B16.5
IOCL-MM-0003146,IOCL,VLV GT 1IN CL300 SS316 RF API6D,CAN-001082,DEPOT-IOCL-PRD,"Paradip Refinery, Odisha",135,100280,263,GATE_VALVE,25.0,300,ASTM A182 F316,RF,API 6D
IOCL-MM-0003147,IOCL,VLV GT 10IN 1500LB WCB BW API6D,CAN-001532,DEPOT-IOCL-GWT,"Guwahati Refinery, Assam",96,2266060,448,GATE_VALVE,250.0,1500,ASTM A216 WCB,BW,API 6D
IOCL-MM-0003148,IOCL,FLG WN 4IN 600LB A105 RF,CAN-000217,DEPOT-IOCL-MTH,"Mathura Refinery, Uttar Pradesh",15,40430,76,FLANGE_WELD_NECK,100.0,600,ASTM A105,RF,ASME B16.5
IOCL-MM-0003149,IOCL,VLV GLB 4IN 600LB A105 RF,CAN-001912,DEPOT-IOCL-PNP,"Panipat Refinery, Haryana",0,441100,0,GLOBE_VALVE,100.0,600,ASTM A105,RF,ASME B16.34
IOCL-MM-0003150,IOCL,FLG WN RTJ 8IN CL300 SS316 ASMEB16.5,CAN-000296,DEPOT-IOCL-PRD,"Paradip Refinery, Odisha",32,182980,118,FLANGE_WELD_NECK,200.0,300,ASTM A182 F316,RTJ,ASME B16.5
IOCL-MM-0003151,IOCL,STUDBLT 3IN CL300 L7/GR7 THRD ASMEB18.2.1,CAN-002144,DEPOT-IOCL-PNP,"Panipat Refinery, Haryana",44,4420,72,STUD_BOLT,80.0,300,ASTM A320 L7 / A194 7,THRD,ASME B18.2.1
IOCL-MM-0003152,IOCL,FLG SO 12IN CL150 SS316 RF ASMEB16.5,CAN-000975,DEPOT-IOCL-GWT,"Guwahati Refinery, Assam",6,129480,104,FLANGE_SLIP_ON,300.0,150,ASTM A182 F316,RF,ASME B16.5
IOCL-MM-0003153,IOCL,VLV GLB 1/2IN CL1500 WCB RF,CAN-001817,DEPOT-IOCL-PRD,"Paradip Refinery, Odisha",15,77940,116,GLOBE_VALVE,15.0,1500,ASTM A216 WCB,RF,BS 1873
IOCL-MM-0003154,IOCL,FLG BLD 6IN 600# A105 RF,CAN-000593,DEPOT-IOCL-PRD,"Paradip Refinery, Odisha",0,56040,0,FLANGE_BLIND,150.0,600,ASTM A105,RF,ASME B16.5
IOCL-MM-0003155,IOCL,FLG SO 8IN 300LB A105 RF ASMEB16.5,CAN-000917,DEPOT-IOCL-KYL,"Koyali Refinery, Gujarat",73,41580,406,FLANGE_SLIP_ON,200.0,300,ASTM A105,RF,ASME B16.5
IOCL-MM-0003156,IOCL,VLV GT 8IN 150LB WCB RF API600,CAN-001421,DEPOT-IOCL-GWT,"Guwahati Refinery, Assam",25,268710,655,GATE_VALVE,200.0,150,ASTM A216 WCB,RF,API 600
IOCL-MM-0003157,IOCL,FLG BLD RTJ 1/2IN CL600 A105,CAN-000414,DEPOT-IOCL-GWT,"Guwahati Refinery, Assam",0,2800,0,FLANGE_BLIND,15.0,600,ASTM A105,RTJ,ASME B16.5
IOCL-MM-0003158,IOCL,FLG BLD RTJ 1.5IN CL150 SS316,CAN-000466,DEPOT-IOCL-PNP,"Panipat Refinery, Haryana",0,10610,0,FLANGE_BLIND,40.0,150,ASTM A182 F316,RTJ,ASME B16.5
IOCL-MM-0003159,IOCL,VLV GLB 1/2IN 900# WCB RF,CAN-001813,DEPOT-IOCL-PNP,"Panipat Refinery, Haryana",0,51790,0,GLOBE_VALVE,15.0,900,ASTM A216 WCB,RF,BS 1873
IOCL-MM-0003160,IOCL,VLV BL 1IN CL600 SS316 RF API6D,CAN-001631,DEPOT-IOCL-PRD,"Paradip Refinery, Odisha",98,213410,317,BALL_VALVE,25.0,600,ASTM A182 F316,RF,API 6D
IOCL-MM-0003161,IOCL,VLV BL 2IN CL600 SS316 RF,CAN-001671,DEPOT-IOCL-GWT,"Guwahati Refinery, Assam",0,525480,0,BALL_VALVE,50.0,600,ASTM A182 F316,RF,API 6D
IOCL-MM-0003162,IOCL,VLV GLB 4IN CL300 A105 RF,CAN-001908,DEPOT-IOCL-PRD,"Paradip Refinery, Odisha",0,253340,0,GLOBE_VALVE,100.0,300,ASTM A105,RF,ASME B16.34
IOCL-MM-0003163,IOCL,VLV GLB 1/2IN CL300 A105 RF BS1873,CAN-001807,DEPOT-IOCL-PRD,"Paradip Refinery, Odisha",148,21500,305,GLOBE_VALVE,15.0,300,ASTM A105,RF,BS 1873
IOCL-MM-0003164,IOCL,VLV GT 1.5IN 300# WCB RF API6D,CAN-001134,DEPOT-IOCL-PNP,"Panipat Refinery, Haryana",96,57730,397,GATE_VALVE,40.0,300,ASTM A216 WCB,RF,API 6D
IOCL-MM-0003165,IOCL,FLG WN RTJ 10IN CL900 SS304,CAN-000350,DEPOT-IOCL-GWT,"Guwahati Refinery, Assam",147,441720,390,FLANGE_WELD_NECK,250.0,900,ASTM A182 F304,RTJ,ASME B16.5
IOCL-MM-0003166,IOCL,FLG BLD 12IN 600LB A350-LF2 RF,CAN-000685,DEPOT-IOCL-MTH,"Mathura Refinery, Uttar Pradesh",40,220780,402,FLANGE_BLIND,300.0,600,ASTM A350 LF2,RF,ASME B16.5
IOCL-MM-0003167,IOCL,VLV GT 1IN CL1500 A105 BW API600,CAN-001115,DEPOT-IOCL-PRD,"Paradip Refinery, Odisha",20,113570,36,GATE_VALVE,25.0,1500,ASTM A105,BW,API 600
IOCL-MM-0003168,IOCL,FLG WNRF 8IN 600LB A350-LF2,CAN-000299,DEPOT-IOCL-PNP,"Panipat Refinery, Haryana",39,159290,51,FLANGE_WELD_NECK,200.0,600,ASTM A350 LF2,RF,ASME B16.5
IOCL-MM-0003169,IOCL,VLV GLB 2IN 900LB WCB RF BS1873,CAN-001873,DEPOT-IOCL-GWT,"Guwahati Refinery, Assam",20,247780,21,GLOBE_VALVE,50.0,900,ASTM A216 WCB,RF,BS 1873
IOCL-MM-0003170,IOCL,VLV GLB 6IN CL900 A105 RF BS1873,CAN-001935,DEPOT-IOCL-KYL,"Koyali Refinery, Gujarat",81,1033540,679,GLOBE_VALVE,150.0,900,ASTM A105,RF,BS 1873
IOCL-MM-0003171,IOCL,FLG WN RTJ 1IN CL600 SS316 ASMEB16.5,CAN-000064,DEPOT-IOCL-PNP,"Panipat Refinery, Haryana",0,21340,0,FLANGE_WELD_NECK,25.0,600,ASTM A182 F316,RTJ,ASME B16.5
IOCL-MM-0003172,IOCL,FLG BLD 1/2IN 1500LB A105 RF ASMEB16.5,CAN-000425,DEPOT-IOCL-PRD,"Paradip Refinery, Odisha",0,5840,0,FLANGE_BLIND,15.0,1500,ASTM A105,RF,ASME B16.5
IOCL-MM-0003173,IOCL,VLV GLB 1IN 900# WCB RF,CAN-001833,DEPOT-IOCL-MTH,"Mathura Refinery, Uttar Pradesh",16,100630,68,GLOBE_VALVE,25.0,900,ASTM A216 WCB,RF,BS 1873
IOCL-MM-0003174,IOCL,VLV GLB 1.5IN 150# WCB RF,CAN-001842,DEPOT-IOCL-PRD,"Paradip Refinery, Odisha",46,44210,58,GLOBE_VALVE,40.0,150,ASTM A216 WCB,RF,ASME B16.34
IOCL-MM-0003175,IOCL,FLG BLD 3IN 1500LB SS316 RF ASMEB16.5,CAN-000549,DEPOT-IOCL-MTH,"Mathura Refinery, Uttar Pradesh",38,164860,20,FLANGE_BLIND,80.0,1500,ASTM A182 F316,RF,ASME B16.5
IOCL-MM-0003176,IOCL,VLV GT 1/2IN 150LB A105 RF,CAN-001005,DEPOT-IOCL-GWT,"Guwahati Refinery, Assam",0,9260,0,GATE_VALVE,15.0,150,ASTM A105,RF,API 600
IOCL-MM-0003177,IOCL,GSKT SPWD 1IN CL1500 SS304/GRAF RF,CAN-002020,DEPOT-IOCL-PNP,"Panipat Refinery, Haryana",0,9840,0,SPIRAL_WOUND_GASKET,25.0,1500,SS304 / GRAPHITE,RF,ASME B16.20
IOCL-MM-0003178,IOCL,VLV GT 12IN 150# SS316 BW,CAN-001551,DEPOT-IOCL-KYL,"Koyali Refinery, Gujarat",102,1456650,389,GATE_VALVE,300.0,150,ASTM A182 F316,BW,API 600
IOCL-MM-0003179,IOCL,FLG BLD 6IN 900LB SS316 RF,CAN-000603,DEPOT-IOCL-GWT,"Guwahati Refinery, Assam",21,248050,15,FLANGE_BLIND,150.0,900,ASTM A182 F316,RF,ASME B16.5
IOCL-MM-0003180,IOCL,VLV GLB 1/2IN 600LB A105 RF,CAN-001812,DEPOT-IOCL-PNP,"Panipat Refinery, Haryana",0,37450,0,GLOBE_VALVE,15.0,600,ASTM A105,RF,ASME B16.34
IOCL-MM-0003181,IOCL,VLV GT 1IN CL1500 WCB BW,CAN-001112,DEPOT-IOCL-MTH,"Mathura Refinery, Uttar Pradesh",18,113570,11,GATE_VALVE,25.0,1500,ASTM A216 WCB,BW,API 6D
IOCL-MM-0003182,IOCL,VLV GT 6IN 900LB WCB RF API6D,CAN-001398,DEPOT-IOCL-KYL,"Koyali Refinery, Gujarat",0,775150,0,GATE_VALVE,150.0,900,ASTM A216 WCB,RF,API 6D
IOCL-MM-0003183,IOCL,FLG WN 6IN 1500# A105 RF,CAN-000273,DEPOT-IOCL-PNP,"Panipat Refinery, Haryana",21,142560,96,FLANGE_WELD_NECK,150.0,1500,ASTM A105,RF,ASME B16.5
IOCL-MM-0003184,IOCL,FLG WN RTJ 1IN 900LB A350-LF2,CAN-000068,DEPOT-IOCL-PRD,"Paradip Refinery, Odisha",0,14750,0,FLANGE_WELD_NECK,25.0,900,ASTM A350 LF2,RTJ,ASME B16.5
IOCL-MM-0003185,IOCL,FLG SO 2IN 1500LB SS316 FF,CAN-000820,DEPOT-IOCL-PNP,"Panipat Refinery, Haryana",41,79540,112,FLANGE_SLIP_ON,50.0,1500,ASTM A182 F316,FF,ASME B16.5
IOCL-MM-0003186,IOCL,VLV GT 4IN 150# A105 BW,CAN-001307,DEPOT-IOCL-KYL,"Koyali Refinery, Gujarat",47,109130,120,GATE_VALVE,100.0,150,ASTM A105,BW,API 600
IOCL-MM-0003187,IOCL,FLG WN 12IN CL900 SS316 RF,CAN-000391,DEPOT-IOCL-PNP,"Panipat Refinery, Haryana",16,746490,74,FLANGE_WELD_NECK,300.0,900,ASTM A182 F316,RF,ASME B16.5
IOCL-MM-0003188,IOCL,VLV GLB 4IN CL900 A105 RF,CAN-001916,DEPOT-IOCL-GWT,"Guwahati Refinery, Assam",150,610110,645,GLOBE_VALVE,100.0,900,ASTM A105,RF,ASME B16.34
IOCL-MM-0003189,IOCL,VLV GT 3IN 1500LB WCB BW,CAN-001292,DEPOT-IOCL-GWT,"Guwahati Refinery, Assam",0,515190,0,GATE_VALVE,80.0,1500,ASTM A216 WCB,BW,API 6D
IOCL-MM-0003190,IOCL,FLG SO 1.5IN CL300 SS304 FF ASMEB16.5,CAN-000770,DEPOT-IOCL-GWT,"Guwahati Refinery, Assam",34,12310,27,FLANGE_SLIP_ON,40.0,300,ASTM A182 F304,FF,ASME B16.5
IOCL-MM-0003191,IOCL,FLG WN RTJ 10IN 1500LB SS316 ASMEB16.5,CAN-000360,DEPOT-IOCL-MTH,"Mathura Refinery, Uttar Pradesh",0,886280,0,FLANGE_WELD_NECK,250.0,1500,ASTM A182 F316,RTJ,ASME B16.5
IOCL-MM-0003192,IOCL,VLV GLB 10IN 300LB A105 RF,CAN-001968,DEPOT-IOCL-PRD,"Paradip Refinery, Odisha",47,833740,572,GLOBE_VALVE,250.0,300,ASTM A105,RF,ASME B16.34
IOCL-MM-0003193,IOCL,VLV BL 1.5IN 300LB SS316 BW,CAN-001648,DEPOT-IOCL-PNP,"Panipat Refinery, Haryana",0,225810,0,BALL_VALVE,40.0,300,ASTM A182 F316,BW,API 6D
IOCL-MM-0003194,IOCL,VLV GT 10IN 600# SS316 BW,CAN-001516,DEPOT-IOCL-PRD,"Paradip Refinery, Odisha",149,3483930,685,GATE_VALVE,250.0,600,ASTM A182 F316,BW,API 6D
IOCL-MM-0003195,IOCL,FLG BLD 8IN 600# SS316 RTJ,CAN-000628,DEPOT-IOCL-GWT,"Guwahati Refinery, Assam",76,260660,419,FLANGE_BLIND,200.0,600,ASTM A182 F316,RTJ,ASME B16.5
IOCL-MM-0003196,IOCL,FLG SO 4IN 150# A105 RF,CAN-000851,DEPOT-IOCL-KYL,"Koyali Refinery, Gujarat",21,9700,22,FLANGE_SLIP_ON,100.0,150,ASTM A105,RF,ASME B16.5
IOCL-MM-0003197,IOCL,FLG WN 10IN 1500# SS316 RF,CAN-000359,DEPOT-IOCL-PRD,"Paradip Refinery, Odisha",109,886280,377,FLANGE_WELD_NECK,250.0,1500,ASTM A182 F316,RF,ASME B16.5
IOCL-MM-0003198,IOCL,VLV GT 3IN CL300 A105 BW,CAN-001259,DEPOT-IOCL-KYL,"Koyali Refinery, Gujarat",67,142160,738,GATE_VALVE,80.0,300,ASTM A105,BW,API 600
IOCL-MM-0003199,IOCL,STUDBLT 1.5IN 300# B7/2H THRD ASMEB18.2.1,CAN-002123,DEPOT-IOCL-GWT,"Guwahati Refinery, Assam",15,1120,15,STUD_BOLT,40.0,300,ASTM A193 B7 / A194 2H,THRD,ASME B18.2.1
IOCL-MM-0003200,IOCL,VLV GLB 3IN 300LB WCB RF ASMEB16.34,CAN-001886,DEPOT-IOCL-MTH,"Mathura Refinery, Uttar Pradesh",79,189550,267,GLOBE_VALVE,80.0,300,ASTM A216 WCB,RF,ASME B16.34
IOCL-MM-0003201,IOCL,VLV GT 8IN CL150 A105 RF API600,CAN-001425,DEPOT-IOCL-GWT,"Guwahati Refinery, Assam",13,268710,10,GATE_VALVE,200.0,150,ASTM A105,RF,API 600
IOCL-MM-0003202,IOCL,VLV GT 10IN 150LB SS316 BW,CAN-001491,DEPOT-IOCL-PNP,"Panipat Refinery, Haryana",0,1149270,0,GATE_VALVE,250.0,150,ASTM A182 F316,BW,API 600
IOCL-MM-0003203,IOCL,FLG BLD 6IN CL300 SS316 RTJ,CAN-000592,DEPOT-IOCL-GWT,"Guwahati Refinery, Assam",0,103000,0,FLANGE_BLIND,150.0,300,ASTM A182 F316,RTJ,ASME B16.5
IOCL-MM-0003204,IOCL,FLG SO 6IN 900# SS304 RF ASMEB16.5,CAN-000901,DEPOT-IOCL-GWT,"Guwahati Refinery, Assam",81,165360,744,FLANGE_SLIP_ON,150.0,900,ASTM A182 F304,RF,ASME B16.5
IOCL-MM-0003205,IOCL,FLG WNRF 1IN CL150 SS304,CAN-000045,DEPOT-IOCL-PRD,"Paradip Refinery, Odisha",45,5280,28,FLANGE_WELD_NECK,25.0,150,ASTM A182 F304,RF,ASME B16.5
IOCL-MM-0003206,IOCL,VLV BL 4IN 1500# WCB RF,CAN-001717,DEPOT-IOCL-PRD,"Paradip Refinery, Odisha",27,841590,666,BALL_VALVE,100.0,1500,ASTM A216 WCB,RF,API 6D
IOCL-MM-0003207,IOCL,VLV BL 3IN 600# WCB RF,CAN-001689,DEPOT-IOCL-GWT,"Guwahati Refinery, Assam",124,302520,389,BALL_VALVE,80.0,600,ASTM A216 WCB,RF,API 6D
IOCL-MM-0003208,IOCL,FLG WN RTJ 1/2IN 600# A350-LF2 ASMEB16.5,CAN-000020,DEPOT-IOCL-KYL,"Koyali Refinery, Gujarat",56,5490,369,FLANGE_WELD_NECK,15.0,600,ASTM A350 LF2,RTJ,ASME B16.5
IOCL-MM-0003209,IOCL,GSKT SPWD 1/2IN 600LB SS304/GRAF RF ASMEB16.20,CAN-002006,DEPOT-IOCL-MTH,"Mathura Refinery, Uttar Pradesh",0,2430,0,SPIRAL_WOUND_GASKET,15.0,600,SS304 / GRAPHITE,RF,ASME B16.20
IOCL-MM-0003210,IOCL,VLV GT 8IN 150# A105 RF API600,CAN-001425,DEPOT-IOCL-PRD,"Paradip Refinery, Odisha",0,268710,0,GATE_VALVE,200.0,150,ASTM A105,RF,API 600
IOCL-MM-0003211,IOCL,VLV GT 4IN 300# SS316 BW API600,CAN-001323,DEPOT-IOCL-PRD,"Paradip Refinery, Odisha",49,608020,58,GATE_VALVE,100.0,300,ASTM A182 F316,BW,API 600
IOCL-MM-0003212,IOCL,FLG WNRF 1/2IN 600# A350-LF2 ASMEB16.5,CAN-000019,DEPOT-IOCL-PRD,"Paradip Refinery, Odisha",49,5490,93,FLANGE_WELD_NECK,15.0,600,ASTM A350 LF2,RF,ASME B16.5
IOCL-MM-0003213,IOCL,FLG BLD RTJ 4IN 150# SS316,CAN-000556,DEPOT-IOCL-PNP,"Panipat Refinery, Haryana",0,34920,0,FLANGE_BLIND,100.0,150,ASTM A182 F316,RTJ,ASME B16.5
IOCL-MM-0003214,IOCL,VLV BL 10IN 600LB SS316 BW,CAN-001772,DEPOT-IOCL-MTH,"Mathura Refinery, Uttar Pradesh",31,4258140,102,BALL_VALVE,250.0,600,ASTM A182 F316,BW,API 6D
IOCL-MM-0003215,IOCL,FLG BLD 12IN 150# A350-LF2 RF ASMEB16.5,CAN-000673,DEPOT-IOCL-GWT,"Guwahati Refinery, Assam",0,72830,0,FLANGE_BLIND,300.0,150,ASTM A350 LF2,RF,ASME B16.5
IOCL-MM-0003216,IOCL,STUDBLT 1.5IN CL900 L7/GR7 THRD,CAN-002128,DEPOT-IOCL-PNP,"Panipat Refinery, Haryana",35,4320,87,STUD_BOLT,40.0,900,ASTM A320 L7 / A194 7,THRD,ASME B18.2.1
IOCL-MM-0003217,IOCL,VLV GT 6IN 1500LB A105 BW API600,CAN-001415,DEPOT-IOCL-PNP,"Panipat Refinery, Haryana",13,1166450,52,GATE_VALVE,150.0,1500,ASTM A105,BW,API 600
IOCL-MM-0003218,IOCL,FLG SO 8IN CL900 SS316 RF,CAN-000933,DEPOT-IOCL-PNP,"Panipat Refinery, Haryana",75,320480,652,FLANGE_SLIP_ON,200.0,900,ASTM A182 F316,RF,ASME B16.5
IOCL-MM-0003219,IOCL,FLG SO 3IN 300# SS304 RF ASMEB16.5,CAN-000829,DEPOT-IOCL-PNP,"Panipat Refinery, Haryana",15,30320,30,FLANGE_SLIP_ON,80.0,300,ASTM A182 F304,RF,ASME B16.5
IOCL-MM-0003220,IOCL,FLG SO 1.5IN 300# A105 FF ASMEB16.5,CAN-000768,DEPOT-IOCL-PRD,"Paradip Refinery, Odisha",30,5130,701,FLANGE_SLIP_ON,40.0,300,ASTM A105,FF,ASME B16.5
IOCL-MM-0003221,IOCL,FLG BLD 4IN 150LB SS316 RF,CAN-000555,DEPOT-IOCL-KYL,"Koyali Refinery, Gujarat",16,34920,25,FLANGE_BLIND,100.0,150,ASTM A182 F316,RF,ASME B16.5
IOCL-MM-0003222,IOCL,VLV GT 1/2IN 600# WCB BW,CAN-001027,DEPOT-IOCL-GWT,"Guwahati Refinery, Assam",50,28080,109,GATE_VALVE,15.0,600,ASTM A216 WCB,BW,API 600
IOCL-MM-0003223,IOCL,VLV GT 10IN 150LB SS316 RF,CAN-001490,DEPOT-IOCL-PNP,"Panipat Refinery, Haryana",48,1149270,351,GATE_VALVE,250.0,150,ASTM A182 F316,RF,API 6D
IOCL-MM-0003224,IOCL,VLV GLB 1/2IN CL900 WCB RF,CAN-001814,DEPOT-IOCL-PNP,"Panipat Refinery, Haryana",5,51790,68,GLOBE_VALVE,15.0,900,ASTM A216 WCB,RF,ASME B16.34
IOCL-MM-0003225,IOCL,FLG SO 4IN 900LB SS316 FF ASMEB16.5,CAN-000874,DEPOT-IOCL-KYL,"Koyali Refinery, Gujarat",0,130150,0,FLANGE_SLIP_ON,100.0,900,ASTM A182 F316,FF,ASME B16.5
IOCL-MM-0003226,IOCL,FLG WN 4IN 900# A105 RTJ,CAN-000226,DEPOT-IOCL-GWT,"Guwahati Refinery, Assam",53,55920,368,FLANGE_WELD_NECK,100.0,900,ASTM A105,RTJ,ASME B16.5
IOCL-MM-0003227,IOCL,VLV GT 1.5IN 150LB A105 RF API6D,CAN-001126,DEPOT-IOCL-KYL,"Koyali Refinery, Gujarat",0,33160,0,GATE_VALVE,40.0,150,ASTM A105,RF,API 6D
IOCL-MM-0003228,IOCL,VLV GT 8IN 900LB WCB RF API6D,CAN-001458,DEPOT-IOCL-PRD,"Paradip Refinery, Odisha",10,1126700,28,GATE_VALVE,200.0,900,ASTM A216 WCB,RF,API 6D
IOCL-MM-0003229,IOCL,VLV GLB 1.5IN CL900 A105 RF,CAN-001856,DEPOT-IOCL-PNP,"Panipat Refinery, Haryana",24,185390,104,GLOBE_VALVE,40.0,900,ASTM A105,RF,ASME B16.34
IOCL-MM-0003230,IOCL,FLG SO 3IN 150LB SS304 FF,CAN-000824,DEPOT-IOCL-KYL,"Koyali Refinery, Gujarat",116,17410,203,FLANGE_SLIP_ON,80.0,150,ASTM A182 F304,FF,ASME B16.5
IOCL-MM-0003231,IOCL,VLV GT 8IN 150# A105 RF,CAN-001425,DEPOT-IOCL-KYL,"Koyali Refinery, Gujarat",27,268710,50,GATE_VALVE,200.0,150,ASTM A105,RF,API 600
IOCL-MM-0003232,IOCL,VLV GT 4IN 900# WCB BW API6D,CAN-001340,DEPOT-IOCL-MTH,"Mathura Refinery, Uttar Pradesh",10,457580,93,GATE_VALVE,100.0,900,ASTM A216 WCB,BW,API 6D
IOCL-MM-0003233,IOCL,FLG BLD 10IN 600LB SS316 RF,CAN-000657,DEPOT-IOCL-GWT,"Guwahati Refinery, Assam",26,348390,317,FLANGE_BLIND,250.0,600,ASTM A182 F316,RF,ASME B16.5
IOCL-MM-0003234,IOCL,FLG WN 4IN 1500LB SS304 RTJ,CAN-000238,DEPOT-IOCL-GWT,"Guwahati Refinery, Assam",27,201980,24,FLANGE_WELD_NECK,100.0,1500,ASTM A182 F304,RTJ,ASME B16.5
IOCL-MM-0003235,IOCL,FLG WNRF 2IN 600LB SS304 ASMEB16.5,CAN-000141,DEPOT-IOCL-PRD,"Paradip Refinery, Odisha",25,39410,78,FLANGE_WELD_NECK,50.0,600,ASTM A182 F304,RF,ASME B16.5
IOCL-MM-0003236,IOCL,STUDBLT 8IN CL600 B7/2H THRD,CAN-002175,DEPOT-IOCL-PNP,"Panipat Refinery, Haryana",0,15830,0,STUD_BOLT,200.0,600,ASTM A193 B7 / A194 2H,THRD,ASME B18.2.1
IOCL-MM-0003237,IOCL,VLV GT 6IN 1500LB WCB RF,CAN-001410,DEPOT-IOCL-KYL,"Koyali Refinery, Gujarat",93,1166450,728,GATE_VALVE,150.0,1500,ASTM A216 WCB,RF,API 6D
IOCL-MM-0003238,IOCL,VLV GLB 3IN 900LB A105 RF ASMEB16.34,CAN-001896,DEPOT-IOCL-PRD,"Paradip Refinery, Odisha",37,456480,96,GLOBE_VALVE,80.0,900,ASTM A105,RF,ASME B16.34
IOCL-MM-0003239,IOCL,FLG BLD 4IN 1500LB A105 RF ASMEB16.5,CAN-000575,DEPOT-IOCL-KYL,"Koyali Refinery, Gujarat",8,68850,11,FLANGE_BLIND,100.0,1500,ASTM A105,RF,ASME B16.5
IOCL-MM-0003240,IOCL,VLV GT 12IN CL600 WCB RF,CAN-001565,DEPOT-IOCL-GWT,"Guwahati Refinery, Assam",6,1379920,75,GATE_VALVE,300.0,600,ASTM A216 WCB,RF,API 600
IOCL-MM-0003241,IOCL,VLV GLB 10IN CL150 A105 RF ASMEB16.34,CAN-001964,DEPOT-IOCL-PRD,"Paradip Refinery, Odisha",48,478860,213,GLOBE_VALVE,250.0,150,ASTM A105,RF,ASME B16.34
IOCL-MM-0003242,IOCL,FLG BLD RTJ 10IN 600LB SS316,CAN-000658,DEPOT-IOCL-MTH,"Mathura Refinery, Uttar Pradesh",0,348390,0,FLANGE_BLIND,250.0,600,ASTM A182 F316,RTJ,ASME B16.5
IOCL-MM-0003243,IOCL,FLG WN RTJ 10IN 300LB A105,CAN-000330,DEPOT-IOCL-PRD,"Paradip Refinery, Odisha",71,76420,582,FLANGE_WELD_NECK,250.0,300,ASTM A105,RTJ,ASME B16.5
IOCL-MM-0003244,IOCL,VLV BL 3IN CL300 WCB RF,CAN-001685,DEPOT-IOCL-MTH,"Mathura Refinery, Uttar Pradesh",103,173750,415,BALL_VALVE,80.0,300,ASTM A216 WCB,RF,API 6D
IOCL-MM-0003245,IOCL,VLV GLB 10IN 1500LB A105 RF,CAN-001980,DEPOT-IOCL-PRD,"Paradip Refinery, Odisha",33,3021420,15,GLOBE_VALVE,250.0,1500,ASTM A105,RF,ASME B16.34
IOCL-MM-0003246,IOCL,VLV BL 10IN CL600 SS316 BW API6D,CAN-001772,DEPOT-IOCL-MTH,"Mathura Refinery, Uttar Pradesh",38,4258140,62,BALL_VALVE,250.0,600,ASTM A182 F316,BW,API 6D
IOCL-MM-0003247,IOCL,VLV BL 10IN 300LB WCB BW API6D,CAN-001766,DEPOT-IOCL-MTH,"Mathura Refinery, Uttar Pradesh",0,764260,0,BALL_VALVE,250.0,300,ASTM A216 WCB,BW,API 6D
IOCL-MM-0003248,IOCL,VLV GT 4IN 300# SS316 RF API600,CAN-001321,DEPOT-IOCL-MTH,"Mathura Refinery, Uttar Pradesh",0,608020,0,GATE_VALVE,100.0,300,ASTM A182 F316,RF,API 600
IOCL-MM-0003249,IOCL,VLV GT 8IN CL600 SS316 RF,CAN-001454,DEPOT-IOCL-MTH,"Mathura Refinery, Uttar Pradesh",111,2606670,516,GATE_VALVE,200.0,600,ASTM A182 F316,RF,API 6D
IOCL-MM-0003250,IOCL,VLV GT 10IN 300# A105 RF,CAN-001498,DEPOT-IOCL-MTH,"Mathura Refinery, Uttar Pradesh",0,625310,0,GATE_VALVE,250.0,300,ASTM A105,RF,API 6D
IOCL-MM-0003251,IOCL,VLV GT 12IN 900# SS316 BW API600,CAN-001587,DEPOT-IOCL-PRD,"Paradip Refinery, Odisha",23,6107710,105,GATE_VALVE,300.0,900,ASTM A182 F316,BW,API 600
IOCL-MM-0003252,IOCL,VLV GT 8IN CL300 SS316 RF,CAN-001442,DEPOT-IOCL-KYL,"Koyali Refinery, Gujarat",0,1497140,0,GATE_VALVE,200.0,300,ASTM A182 F316,RF,API 6D
IOCL-MM-0003253,IOCL,STUDBLT 12IN 600# B7/2H THRD,CAN-002195,DEPOT-IOCL-PNP,"Panipat Refinery, Haryana",41,26830,108,STUD_BOLT,300.0,600,ASTM A193 B7 / A194 2H,THRD,ASME B18.2.1
IOCL-MM-0003254,IOCL,FLG BLD 4IN CL900 A350-LF2 RF,CAN-000571,DEPOT-IOCL-PNP,"Panipat Refinery, Haryana",30,73210,112,FLANGE_BLIND,100.0,900,ASTM A350 LF2,RF,ASME B16.5
IOCL-MM-0003255,IOCL,FLG SO 8IN 300# SS316 RF ASMEB16.5,CAN-000921,DEPOT-IOCL-PNP,"Panipat Refinery, Haryana",45,133070,29,FLANGE_SLIP_ON,200.0,300,ASTM A182 F316,RF,ASME B16.5
IOCL-MM-0003256,IOCL,FLG SO 4IN 150# SS316 RF ASMEB16.5,CAN-000855,DEPOT-IOCL-KYL,"Koyali Refinery, Gujarat",0,31040,0,FLANGE_SLIP_ON,100.0,150,ASTM A182 F316,RF,ASME B16.5
IOCL-MM-0003257,IOCL,FLG WN 1IN 1500LB SS304 RTJ,CAN-000078,DEPOT-IOCL-PRD,"Paradip Refinery, Odisha",137,33310,225,FLANGE_WELD_NECK,25.0,1500,ASTM A182 F304,RTJ,ASME B16.5
IOCL-MM-0003258,IOCL,VLV GT 12IN 300LB A105 RF API6D,CAN-001558,DEPOT-IOCL-GWT,"Guwahati Refinery, Assam",10,792550,119,GATE_VALVE,300.0,300,ASTM A105,RF,API 6D
IOCL-MM-0003259,IOCL,VLV GT 3IN CL300 A105 BW,CAN-001259,DEPOT-IOCL-GWT,"Guwahati Refinery, Assam",7,142160,16,GATE_VALVE,80.0,300,ASTM A105,BW,API 600
IOCL-MM-0003260,IOCL,FLG BLD 1/2IN 600# SS316 RTJ,CAN-000418,DEPOT-IOCL-PRD,"Paradip Refinery, Odisha",48,8980,38,FLANGE_BLIND,15.0,600,ASTM A182 F316,RTJ,ASME B16.5
IOCL-MM-0003261,IOCL,VLV GT 12IN 1500# SS316 BW,CAN-001599,DEPOT-IOCL-PNP,"Panipat Refinery, Haryana",82,9190900,636,GATE_VALVE,300.0,1500,ASTM A182 F316,BW,API 600
IOCL-MM-0003262,IOCL,FLG BLD 1.5IN 1500# SS316 RTJ,CAN-000490,DEPOT-IOCL-PNP,"Panipat Refinery, Haryana",47,66950,87,FLANGE_BLIND,40.0,1500,ASTM A182 F316,RTJ,ASME B16.5
IOCL-MM-0003263,IOCL,VLV GT 1.5IN CL1500 SS316 RF,CAN-001177,DEPOT-IOCL-GWT,"Guwahati Refinery, Assam",14,669540,107,GATE_VALVE,40.0,1500,ASTM A182 F316,RF,API 600
IOCL-MM-0003264,IOCL,VLV BL 6IN CL300 SS316 RF,CAN-001727,DEPOT-IOCL-GWT,"Guwahati Refinery, Assam",0,1258900,0,BALL_VALVE,150.0,300,ASTM A182 F316,RF,API 6D
IOCL-MM-0003265,IOCL,VLV GLB 12IN 900# A105 RF BS1873,CAN-001995,DEPOT-IOCL-GWT,"Guwahati Refinery, Assam",23,2544880,250,GLOBE_VALVE,300.0,900,ASTM A105,RF,BS 1873
IOCL-MM-0003266,IOCL,VLV GT 8IN 1500LB SS316 BW API600,CAN-001479,DEPOT-IOCL-MTH,"Mathura Refinery, Uttar Pradesh",31,5425490,13,GATE_VALVE,200.0,1500,ASTM A182 F316,BW,API 600
IOCL-MM-0003267,IOCL,VLV GT 1IN 1500LB SS316 RF API600,CAN-001117,DEPOT-IOCL-PRD,"Paradip Refinery, Odisha",21,363430,46,GATE_VALVE,25.0,1500,ASTM A182 F316,RF,API 600
IOCL-MM-0003268,IOCL,VLV GLB 1.5IN CL1500 A105 RF,CAN-001860,DEPOT-IOCL-GWT,"Guwahati Refinery, Assam",130,278970,632,GLOBE_VALVE,40.0,1500,ASTM A105,RF,ASME B16.34
IOCL-MM-0003269,IOCL,VLV GLB 1.5IN 600# WCB RF,CAN-001850,DEPOT-IOCL-PNP,"Panipat Refinery, Haryana",0,134030,0,GLOBE_VALVE,40.0,600,ASTM A216 WCB,RF,ASME B16.34
IOCL-MM-0003270,IOCL,VLV GLB 6IN 600# WCB RF BS1873,CAN-001929,DEPOT-IOCL-PNP,"Panipat Refinery, Haryana",43,747230,699,GLOBE_VALVE,150.0,600,ASTM A216 WCB,RF,BS 1873
IOCL-MM-0003271,IOCL,FLG WN 12IN 1500# SS316 RF,CAN-000399,DEPOT-IOCL-PRD,"Paradip Refinery, Odisha",23,1123330,10,FLANGE_WELD_NECK,300.0,1500,ASTM A182 F316,RF,ASME B16.5
IOCL-MM-0003272,IOCL,FLG WN 4IN 300# SS316 RF ASMEB16.5,CAN-000215,DEPOT-IOCL-PNP,"Panipat Refinery, Haryana",37,74310,18,FLANGE_WELD_NECK,100.0,300,ASTM A182 F316,RF,ASME B16.5
IOCL-MM-0003273,IOCL,FLG WN RTJ 8IN 150LB A105 ASMEB16.5,CAN-000282,DEPOT-IOCL-MTH,"Mathura Refinery, Uttar Pradesh",27,32840,91,FLANGE_WELD_NECK,200.0,150,ASTM A105,RTJ,ASME B16.5
IOCL-MM-0003274,IOCL,FLG BLD RTJ 4IN 900# A105 ASMEB16.5,CAN-000570,DEPOT-IOCL-MTH,"Mathura Refinery, Uttar Pradesh",34,45750,12,FLANGE_BLIND,100.0,900,ASTM A105,RTJ,ASME B16.5
IOCL-MM-0003275,IOCL,VLV BL 10IN 1500# SS316 RF API6D,CAN-001779,DEPOT-IOCL-MTH,"Mathura Refinery, Uttar Pradesh",40,8862830,27,BALL_VALVE,250.0,1500,ASTM A182 F316,RF,API 6D
IOCL-MM-0003276,IOCL,VLV BL 2IN CL1500 SS316 RF,CAN-001679,DEPOT-IOCL-PNP,"Panipat Refinery, Haryana",48,1093730,63,BALL_VALVE,50.0,1500,ASTM A182 F316,RF,API 6D
IOCL-MM-0003277,IOCL,FLG BLD 1/2IN 150# A350-LF2 RF,CAN-000403,DEPOT-IOCL-GWT,"Guwahati Refinery, Assam",6,1480,46,FLANGE_BLIND,15.0,150,ASTM A350 LF2,RF,ASME B16.5
IOCL-MM-0003278,IOCL,VLV GT 10IN CL300 WCB BW,CAN-001496,DEPOT-IOCL-KYL,"Koyali Refinery, Gujarat",0,625310,0,GATE_VALVE,250.0,300,ASTM A216 WCB,BW,API 6D
IOCL-MM-0003279,IOCL,FLG SO 1IN 300# SS304 RF ASMEB16.5,CAN-000739,DEPOT-IOCL-PRD,"Paradip Refinery, Odisha",0,6680,0,FLANGE_SLIP_ON,25.0,300,ASTM A182 F304,RF,ASME B16.5
IOCL-MM-0003280,IOCL,FLG WNRF 3IN 1500# SS304,CAN-000197,DEPOT-IOCL-PNP,"Panipat Refinery, Haryana",0,151120,0,FLANGE_WELD_NECK,80.0,1500,ASTM A182 F304,RF,ASME B16.5
IOCL-MM-0003281,IOCL,FLG SO 1.5IN CL900 SS304 FF ASMEB16.5,CAN-000782,DEPOT-IOCL-MTH,"Mathura Refinery, Uttar Pradesh",6,29660,21,FLANGE_SLIP_ON,40.0,900,ASTM A182 F304,FF,ASME B16.5
IOCL-MM-0003282,IOCL,VLV BL 1IN CL1500 WCB BW,CAN-001638,DEPOT-IOCL-MTH,"Mathura Refinery, Uttar Pradesh",0,138810,0,BALL_VALVE,25.0,1500,ASTM A216 WCB,BW,API 6D
IOCL-MM-0003283,IOCL,FLG BLD 12IN 150# SS316 RTJ,CAN-000676,DEPOT-IOCL-KYL,"Koyali Refinery, Gujarat",0,145660,0,FLANGE_BLIND,300.0,150,ASTM A182 F316,RTJ,ASME B16.5
IOCL-MM-0003284,IOCL,VLV BL 6IN 900# WCB BW API6D,CAN-001734,DEPOT-IOCL-GWT,"Guwahati Refinery, Assam",115,947410,191,BALL_VALVE,150.0,900,ASTM A216 WCB,BW,API 6D
IOCL-MM-0003285,IOCL,FLG SO 1/2IN 1500LB SS316 RF,CAN-000729,DEPOT-IOCL-KYL,"Koyali Refinery, Gujarat",77,16620,444,FLANGE_SLIP_ON,15.0,1500,ASTM A182 F316,RF,ASME B16.5
IOCL-MM-0003286,IOCL,FLG BLD RTJ 4IN 900LB SS316 ASMEB16.5,CAN-000574,DEPOT-IOCL-GWT,"Guwahati Refinery, Assam",14,146420,66,FLANGE_BLIND,100.0,900,ASTM A182 F316,RTJ,ASME B16.5
IOCL-MM-0003287,IOCL,FLG BLD 10IN 300LB A105 RF,CAN-000647,DEPOT-IOCL-GWT,"Guwahati Refinery, Assam",6,62530,23,FLANGE_BLIND,250.0,300,ASTM A105,RF,ASME B16.5
IOCL-MM-0003288,IOCL,VLV GLB 2IN CL900 WCB RF BS1873,CAN-001873,DEPOT-IOCL-MTH,"Mathura Refinery, Uttar Pradesh",0,247780,0,GLOBE_VALVE,50.0,900,ASTM A216 WCB,RF,BS 1873
IOCL-MM-0003289,IOCL,VLV GT 1/2IN 600LB SS316 BW,CAN-001036,DEPOT-IOCL-MTH,"Mathura Refinery, Uttar Pradesh",99,89880,683,GATE_VALVE,15.0,600,ASTM A182 F316,BW,API 6D
IOCL-MM-0003290,IOCL,VLV GLB 4IN 300# A105 RF BS1873,CAN-001907,DEPOT-IOCL-GWT,"Guwahati Refinery, Assam",31,253340,20,GLOBE_VALVE,100.0,300,ASTM A105,RF,BS 1873
IOCL-MM-0003291,IOCL,VLV GT 3IN 900LB A105 BW,CAN-001284,DEPOT-IOCL-PRD,"Paradip Refinery, Odisha",0,342360,0,GATE_VALVE,80.0,900,ASTM A105,BW,API 6D
IOCL-MM-0003292,IOCL,GSKT SPWD 8IN 900LB SS304/GRAF RF,CAN-002078,DEPOT-IOCL-MTH,"Mathura Refinery, Uttar Pradesh",66,97640,583,SPIRAL_WOUND_GASKET,200.0,900,SS304 / GRAPHITE,RF,ASME B16.20
IOCL-MM-0003293,IOCL,FLG WN 2IN 1500LB SS304 RF,CAN-000157,DEPOT-IOCL-KYL,"Koyali Refinery, Gujarat",119,82030,539,FLANGE_WELD_NECK,50.0,1500,ASTM A182 F304,RF,ASME B16.5
IOCL-MM-0003294,IOCL,VLV GLB 8IN CL1500 WCB RF,CAN-001957,DEPOT-IOCL-MTH,"Mathura Refinery, Uttar Pradesh",90,2260620,258,GLOBE_VALVE,200.0,1500,ASTM A216 WCB,RF,BS 1873
IOCL-MM-0003295,IOCL,VLV GT 1IN CL900 A105 RF,CAN-001102,DEPOT-IOCL-KYL,"Koyali Refinery, Gujarat",133,75470,702,GATE_VALVE,25.0,900,ASTM A105,RF,API 6D
IOCL-MM-0003296,IOCL,VLV GLB 4IN 600LB WCB RF,CAN-001909,DEPOT-IOCL-GWT,"Guwahati Refinery, Assam",10,441100,94,GLOBE_VALVE,100.0,600,ASTM A216 WCB,RF,BS 1873
IOCL-MM-0003297,IOCL,FLG SO 3IN 900# A105 FF,CAN-000840,DEPOT-IOCL-MTH,"Mathura Refinery, Uttar Pradesh",7,30430,62,FLANGE_SLIP_ON,80.0,900,ASTM A105,FF,ASME B16.5
IOCL-MM-0003298,IOCL,FLG BLD 10IN 600# SS316 RF,CAN-000657,DEPOT-IOCL-GWT,"Guwahati Refinery, Assam",35,348390,48,FLANGE_BLIND,250.0,600,ASTM A182 F316,RF,ASME B16.5
IOCL-MM-0003299,IOCL,FLG WNRF 1.5IN 1500# SS316 ASMEB16.5,CAN-000119,DEPOT-IOCL-GWT,"Guwahati Refinery, Assam",98,81830,234,FLANGE_WELD_NECK,40.0,1500,ASTM A182 F316,RF,ASME B16.5
IOCL-MM-0003300,IOCL,VLV GLB 2IN 1500LB A105 RF,CAN-001880,DEPOT-IOCL-KYL,"Koyali Refinery, Gujarat",12,372860,29,GLOBE_VALVE,50.0,1500,ASTM A105,RF,ASME B16.34
IOCL-MM-0003301,IOCL,FLG WNRF 8IN 600# SS316,CAN-000303,DEPOT-IOCL-GWT,"Guwahati Refinery, Assam",27,318590,30,FLANGE_WELD_NECK,200.0,600,ASTM A182 F316,RF,ASME B16.5
IOCL-MM-0003302,IOCL,FLG BLD 1IN 300LB SS316 RF ASMEB16.5,CAN-000441,DEPOT-IOCL-MTH,"Mathura Refinery, Uttar Pradesh",0,10020,0,FLANGE_BLIND,25.0,300,ASTM A182 F316,RF,ASME B16.5
IOCL-MM-0003303,IOCL,FLG SO 6IN 900LB SS304 RF,CAN-000901,DEPOT-IOCL-GWT,"Guwahati Refinery, Assam",42,165360,306,FLANGE_SLIP_ON,150.0,900,ASTM A182 F304,RF,ASME B16.5
IOCL-MM-0003304,IOCL,VLV GT 3IN 300# WCB RF,CAN-001253,DEPOT-IOCL-PRD,"Paradip Refinery, Odisha",17,142160,79,GATE_VALVE,80.0,300,ASTM A216 WCB,RF,API 600
IOCL-MM-0003305,IOCL,VLV GLB 12IN CL900 A105 RF BS1873,CAN-001995,DEPOT-IOCL-MTH,"Mathura Refinery, Uttar Pradesh",5,2544880,119,GLOBE_VALVE,300.0,900,ASTM A105,RF,BS 1873
IOCL-MM-0003306,IOCL,VLV GT 1/2IN CL150 A105 BW,CAN-001007,DEPOT-IOCL-GWT,"Guwahati Refinery, Assam",0,9260,0,GATE_VALVE,15.0,150,ASTM A105,BW,API 600
IOCL-MM-0003307,IOCL,FLG BLD 12IN CL1500 A350-LF2 RF,CAN-000697,DEPOT-IOCL-GWT,"Guwahati Refinery, Assam",37,459540,113,FLANGE_BLIND,300.0,1500,ASTM A350 LF2,RF,ASME B16.5
IOCL-MM-0003308,IOCL,VLV GT 12IN 600# SS316 BW,CAN-001575,DEPOT-IOCL-PRD,"Paradip Refinery, Odisha",42,4415760,112,GATE_VALVE,300.0,600,ASTM A182 F316,BW,API 600
IOCL-MM-0003309,IOCL,VLV BL 4IN 900LB WCB BW,CAN-001714,DEPOT-IOCL-KYL,"Koyali Refinery, Gujarat",6,559270,54,BALL_VALVE,100.0,900,ASTM A216 WCB,BW,API 6D
IOCL-MM-0003310,IOCL,VLV GT 1IN 300# WCB RF,CAN-001073,DEPOT-IOCL-PNP,"Panipat Refinery, Haryana",0,31330,0,GATE_VALVE,25.0,300,ASTM A216 WCB,RF,API 600
IOCL-MM-0003311,IOCL,VLV GT 6IN 600# A105 RF,CAN-001389,DEPOT-IOCL-GWT,"Guwahati Refinery, Assam",47,560420,105,GATE_VALVE,150.0,600,ASTM A105,RF,API 600
IOCL-MM-0003312,IOCL,FLG WN RTJ 12IN 900LB SS304,CAN-000390,DEPOT-IOCL-MTH,"Mathura Refinery, Uttar Pradesh",50,559870,591,FLANGE_WELD_NECK,300.0,900,ASTM A182 F304,RTJ,ASME B16.5
IOCL-MM-0003313,IOCL,VLV GT 6IN 600# SS316 BW API6D,CAN-001396,DEPOT-IOCL-PRD,"Paradip Refinery, Odisha",20,1793350,73,GATE_VALVE,150.0,600,ASTM A182 F316,BW,API 6D
IOCL-MM-0003314,IOCL,FLG WNRF 1/2IN 300# A350-LF2,CAN-000011,DEPOT-IOCL-PRD,"Paradip Refinery, Odisha",8,3150,35,FLANGE_WELD_NECK,15.0,300,ASTM A350 LF2,RF,ASME B16.5
IOCL-MM-0003315,IOCL,FLG BLD RTJ 6IN 900# A350-LF2,CAN-000602,DEPOT-IOCL-PNP,"Panipat Refinery, Haryana",40,124020,115,FLANGE_BLIND,150.0,900,ASTM A350 LF2,RTJ,ASME B16.5
IOCL-MM-0003316,IOCL,VLV BL 2IN CL900 SS316 RF,CAN-001675,DEPOT-IOCL-PNP,"Panipat Refinery, Haryana",0,726820,0,BALL_VALVE,50.0,900,ASTM A182 F316,RF,API 6D
IOCL-MM-0003317,IOCL,FLG WNRF 12IN 300LB A350-LF2 ASMEB16.5,CAN-000371,DEPOT-IOCL-GWT,"Guwahati Refinery, Assam",141,154980,299,FLANGE_WELD_NECK,300.0,300,ASTM A350 LF2,RF,ASME B16.5
IOCL-MM-0003318,IOCL,VLV BL 3IN 150# WCB BW API6D,CAN-001682,DEPOT-IOCL-KYL,"Koyali Refinery, Gujarat",139,99790,748,BALL_VALVE,80.0,150,ASTM A216 WCB,BW,API 6D
IOCL-MM-0003319,IOCL,VLV GT 1IN 300LB A105 RF API6D,CAN-001078,DEPOT-IOCL-PNP,"Panipat Refinery, Haryana",119,31330,339,GATE_VALVE,25.0,300,ASTM A105,RF,API 6D
IOCL-MM-0003320,IOCL,VLV BL 2IN 1500LB SS316 BW,CAN-001680,DEPOT-IOCL-PRD,"Paradip Refinery, Odisha",33,1093730,699,BALL_VALVE,50.0,1500,ASTM A182 F316,BW,API 6D
IOCL-MM-0003321,IOCL,FLG WN RTJ 3IN 1500LB A105,CAN-000194,DEPOT-IOCL-KYL,"Koyali Refinery, Gujarat",104,62960,553,FLANGE_WELD_NECK,80.0,1500,ASTM A105,RTJ,ASME B16.5
IOCL-MM-0003322,IOCL,VLV GT 4IN 1500# WCB BW,CAN-001352,DEPOT-IOCL-PNP,"Panipat Refinery, Haryana",0,688570,0,GATE_VALVE,100.0,1500,ASTM A216 WCB,BW,API 6D
IOCL-MM-0003323,IOCL,VLV GT 6IN 600LB SS316 RF API6D,CAN-001394,DEPOT-IOCL-GWT,"Guwahati Refinery, Assam",50,1793350,25,GATE_VALVE,150.0,600,ASTM A182 F316,RF,API 6D
IOCL-MM-0003324,IOCL,FLG SO 6IN 300# A105 FF,CAN-000888,DEPOT-IOCL-MTH,"Mathura Refinery, Uttar Pradesh",48,28610,117,FLANGE_SLIP_ON,150.0,300,ASTM A105,FF,ASME B16.5
IOCL-MM-0003325,IOCL,STUDBLT 1.5IN 300LB L7/GR7 THRD,CAN-002124,DEPOT-IOCL-PNP,"Panipat Refinery, Haryana",34,1790,86,STUD_BOLT,40.0,300,ASTM A320 L7 / A194 7,THRD,ASME B18.2.1
IOCL-MM-0003326,IOCL,FLG SO 3IN 900# SS316 FF,CAN-000844,DEPOT-IOCL-KYL,"Koyali Refinery, Gujarat",0,97380,0,FLANGE_SLIP_ON,80.0,900,ASTM A182 F316,FF,ASME B16.5
IOCL-MM-0003327,IOCL,FLG WNRF 1.5IN 150LB A350-LF2 ASMEB16.5,CAN-000083,DEPOT-IOCL-PRD,"Paradip Refinery, Odisha",0,6480,0,FLANGE_WELD_NECK,40.0,150,ASTM A350 LF2,RF,ASME B16.5
IOCL-MM-0003328,IOCL,FLG BLD 1IN CL300 A350-LF2 RF,CAN-000439,DEPOT-IOCL-MTH,"Mathura Refinery, Uttar Pradesh",0,5010,0,FLANGE_BLIND,25.0,300,ASTM A350 LF2,RF,ASME B16.5
IOCL-MM-0003329,IOCL,FLG SO 3IN 150# A105 RF,CAN-000821,DEPOT-IOCL-PRD,"Paradip Refinery, Odisha",29,7250,42,FLANGE_SLIP_ON,80.0,150,ASTM A105,RF,ASME B16.5
IOCL-MM-0003330,IOCL,FLG WNRF 1/2IN 900LB SS316 ASMEB16.5,CAN-000031,DEPOT-IOCL-MTH,"Mathura Refinery, Uttar Pradesh",19,15190,15,FLANGE_WELD_NECK,15.0,900,ASTM A182 F316,RF,ASME B16.5
IOCL-MM-0003331,IOCL,FLG SO 1/2IN 300LB SS304 RF,CAN-000709,DEPOT-IOCL-PRD,"Paradip Refinery, Odisha",21,3440,366,FLANGE_SLIP_ON,15.0,300,ASTM A182 F304,RF,ASME B16.5
IOCL-MM-0003332,IOCL,VLV GLB 1IN 900LB WCB RF,CAN-001834,DEPOT-IOCL-PRD,"Paradip Refinery, Odisha",27,100630,69,GLOBE_VALVE,25.0,900,ASTM A216 WCB,RF,ASME B16.34
IOCL-MM-0003333,IOCL,FLG BLD RTJ 1/2IN CL900 A105 ASMEB16.5,CAN-000420,DEPOT-IOCL-GWT,"Guwahati Refinery, Assam",23,3880,34,FLANGE_BLIND,15.0,900,ASTM A105,RTJ,ASME B16.5
IOCL-MM-0003334,IOCL,VLV GT 10IN 150# SS316 RF API600,CAN-001489,DEPOT-IOCL-KYL,"Koyali Refinery, Gujarat",61,1149270,304,GATE_VALVE,250.0,150,ASTM A182 F316,RF,API 600
IOCL-MM-0003335,IOCL,VLV GT 6IN 300LB A105 BW,CAN-001379,DEPOT-IOCL-KYL,"Koyali Refinery, Gujarat",29,321870,80,GATE_VALVE,150.0,300,ASTM A105,BW,API 600
IOCL-MM-0003336,IOCL,FLG BLD 3IN 1500LB A350-LF2 RTJ ASMEB16.5,CAN-000548,DEPOT-IOCL-KYL,"Koyali Refinery, Gujarat",0,82430,0,FLANGE_BLIND,80.0,1500,ASTM A350 LF2,RTJ,ASME B16.5
IOCL-MM-0003337,IOCL,VLV GT 10IN 900LB SS316 RF,CAN-001526,DEPOT-IOCL-GWT,"Guwahati Refinery, Assam",0,4818850,0,GATE_VALVE,250.0,900,ASTM A182 F316,RF,API 6D
IOCL-MM-0003338,IOCL,FLG SO 1IN CL1500 SS304 FF,CAN-000758,DEPOT-IOCL-MTH,"Mathura Refinery, Uttar Pradesh",28,24220,99,FLANGE_SLIP_ON,25.0,1500,ASTM A182 F304,FF,ASME B16.5
IOCL-MM-0003339,IOCL,FLG WN 8IN CL150 A350-LF2 RTJ,CAN-000284,DEPOT-IOCL-PNP,"Panipat Refinery, Haryana",12,52540,117,FLANGE_WELD_NECK,200.0,150,ASTM A350 LF2,RTJ,ASME B16.5
IOCL-MM-0003340,IOCL,FLG SO 3IN 900LB SS316 FF,CAN-000844,DEPOT-IOCL-MTH,"Mathura Refinery, Uttar Pradesh",5,97380,71,FLANGE_SLIP_ON,80.0,900,ASTM A182 F316,FF,ASME B16.5
IOCL-MM-0003341,IOCL,VLV GT 3IN 1500# A105 BW API6D,CAN-001296,DEPOT-IOCL-GWT,"Guwahati Refinery, Assam",0,515190,0,GATE_VALVE,80.0,1500,ASTM A105,BW,API 6D
IOCL-MM-0003342,IOCL,FLG WN 12IN CL150 SS316 RTJ ASMEB16.5,CAN-000368,DEPOT-IOCL-MTH,"Mathura Refinery, Uttar Pradesh",18,178030,99,FLANGE_WELD_NECK,300.0,150,ASTM A182 F316,RTJ,ASME B16.5
IOCL-MM-0003343,IOCL,VLV GLB 1/2IN CL900 WCB RF,CAN-001813,DEPOT-IOCL-PRD,"Paradip Refinery, Odisha",19,51790,83,GLOBE_VALVE,15.0,900,ASTM A216 WCB,RF,BS 1873
IOCL-MM-0003344,IOCL,FLG BLD 10IN 600# SS316 RF ASMEB16.5,CAN-000657,DEPOT-IOCL-GWT,"Guwahati Refinery, Assam",19,348390,13,FLANGE_BLIND,250.0,600,ASTM A182 F316,RF,ASME B16.5
IOCL-MM-0003345,IOCL,FLG BLD RTJ 8IN 1500# SS316 ASMEB16.5,CAN-000640,DEPOT-IOCL-KYL,"Koyali Refinery, Gujarat",9,542540,114,FLANGE_BLIND,200.0,1500,ASTM A182 F316,RTJ,ASME B16.5
IOCL-MM-0003346,IOCL,VLV BL 1/2IN 150# WCB BW API6D,CAN-001602,DEPOT-IOCL-MTH,"Mathura Refinery, Uttar Pradesh",0,11320,0,BALL_VALVE,15.0,150,ASTM A216 WCB,BW,API 6D
IOCL-MM-0003347,IOCL,VLV GT 4IN 300# WCB RF API600,CAN-001313,DEPOT-IOCL-PNP,"Panipat Refinery, Haryana",28,190000,107,GATE_VALVE,100.0,300,ASTM A216 WCB,RF,API 600
IOCL-MM-0003348,IOCL,FLG SO 1IN CL600 A105 FF,CAN-000744,DEPOT-IOCL-KYL,"Koyali Refinery, Gujarat",30,4850,101,FLANGE_SLIP_ON,25.0,600,ASTM A105,FF,ASME B16.5
IOCL-MM-0003349,IOCL,VLV GLB 8IN 900# WCB RF ASMEB16.34,CAN-001954,DEPOT-IOCL-PRD,"Paradip Refinery, Odisha",79,1502270,497,GLOBE_VALVE,200.0,900,ASTM A216 WCB,RF,ASME B16.34
IOCL-MM-0003350,IOCL,STUDBLT 12IN CL150 B7/2H THRD ASMEB18.2.1,CAN-002191,DEPOT-IOCL-PNP,"Panipat Refinery, Haryana",12,8850,107,STUD_BOLT,300.0,150,ASTM A193 B7 / A194 2H,THRD,ASME B18.2.1
IOCL-MM-0003351,IOCL,FLG SO 1IN 1500LB A105 RF,CAN-000755,DEPOT-IOCL-KYL,"Koyali Refinery, Gujarat",14,10090,72,FLANGE_SLIP_ON,25.0,1500,ASTM A105,RF,ASME B16.5
IOCL-MM-0003352,IOCL,VLV GLB 12IN CL150 A105 RF,CAN-001984,DEPOT-IOCL-PRD,"Paradip Refinery, Odisha",51,606940,507,GLOBE_VALVE,300.0,150,ASTM A105,RF,ASME B16.34
IOCL-MM-0003353,IOCL,FLG SO 2IN 150LB A105 RF ASMEB16.5,CAN-000791,DEPOT-IOCL-GWT,"Guwahati Refinery, Assam",12,3930,27,FLANGE_SLIP_ON,50.0,150,ASTM A105,RF,ASME B16.5
IOCL-MM-0003354,IOCL,FLG BLD 1/2IN CL600 A350-LF2 RF,CAN-000415,DEPOT-IOCL-KYL,"Koyali Refinery, Gujarat",104,4490,280,FLANGE_BLIND,15.0,600,ASTM A350 LF2,RF,ASME B16.5
IOCL-MM-0003355,IOCL,GSKT SPWD 10IN 600# SS304/GRAF RF ASMEB16.20,CAN-002086,DEPOT-IOCL-GWT,"Guwahati Refinery, Assam",147,94350,698,SPIRAL_WOUND_GASKET,250.0,600,SS304 / GRAPHITE,RF,ASME B16.20
IOCL-MM-0003356,IOCL,GSKT SPWD 1.5IN 150# SS316/GRAF RF ASMEB16.20,CAN-002021,DEPOT-IOCL-GWT,"Guwahati Refinery, Assam",0,3830,0,SPIRAL_WOUND_GASKET,40.0,150,SS316 / GRAPHITE,RF,ASME B16.20
IOCL-MM-0003357,IOCL,FLG SO 6IN CL300 A105 FF ASMEB16.5,CAN-000888,DEPOT-IOCL-PRD,"Paradip Refinery, Odisha",19,28610,103,FLANGE_SLIP_ON,150.0,300,ASTM A105,FF,ASME B16.5
IOCL-MM-0003358,IOCL,FLG BLD 2IN 600LB A105 RF ASMEB16.5,CAN-000503,DEPOT-IOCL-GWT,"Guwahati Refinery, Assam",131,13430,558,FLANGE_BLIND,50.0,600,ASTM A105,RF,ASME B16.5
IOCL-MM-0003359,IOCL,VLV GT 12IN 1500LB SS316 BW,CAN-001600,DEPOT-IOCL-KYL,"Koyali Refinery, Gujarat",7,9190900,55,GATE_VALVE,300.0,1500,ASTM A182 F316,BW,API 6D
IOCL-MM-0003360,IOCL,FLG WNRF 8IN 300# A105 ASMEB16.5,CAN-000289,DEPOT-IOCL-MTH,"Mathura Refinery, Uttar Pradesh",0,57180,0,FLANGE_WELD_NECK,200.0,300,ASTM A105,RF,ASME B16.5
IOCL-MM-0003361,IOCL,VLV BL 1/2IN CL900 SS316 RF,CAN-001615,DEPOT-IOCL-GWT,"Guwahati Refinery, Assam",21,151940,106,BALL_VALVE,15.0,900,ASTM A182 F316,RF,API 6D
IOCL-MM-0003362,IOCL,VLV GT 3IN CL1500 SS316 RF,CAN-001298,DEPOT-IOCL-MTH,"Mathura Refinery, Uttar Pradesh",8,1648600,37,GATE_VALVE,80.0,1500,ASTM A182 F316,RF,API 6D
IOCL-MM-0003363,IOCL,FLG WN RTJ 12IN 300# A350-LF2 ASMEB16.5,CAN-000372,DEPOT-IOCL-MTH,"Mathura Refinery, Uttar Pradesh",16,154980,66,FLANGE_WELD_NECK,300.0,300,ASTM A350 LF2,RTJ,ASME B16.5
IOCL-MM-0003364,IOCL,FLG SO 2IN 600LB SS316 RF,CAN-000807,DEPOT-IOCL-GWT,"Guwahati Refinery, Assam",25,38210,100,FLANGE_SLIP_ON,50.0,600,ASTM A182 F316,RF,ASME B16.5
IOCL-MM-0003365,IOCL,VLV GT 8IN 150LB SS316 BW,CAN-001432,DEPOT-IOCL-KYL,"Koyali Refinery, Gujarat",0,859880,0,GATE_VALVE,200.0,150,ASTM A182 F316,BW,API 6D
IOCL-MM-0003366,IOCL,FLG WNRF 1.5IN CL150 A350-LF2 ASMEB16.5,CAN-000083,DEPOT-IOCL-KYL,"Koyali Refinery, Gujarat",30,6480,28,FLANGE_WELD_NECK,40.0,150,ASTM A350 LF2,RF,ASME B16.5
IOCL-MM-0003367,IOCL,VLV GLB 6IN 600LB WCB RF BS1873,CAN-001929,DEPOT-IOCL-PRD,"Paradip Refinery, Odisha",31,747230,639,GLOBE_VALVE,150.0,600,ASTM A216 WCB,RF,BS 1873
IOCL-MM-0003368,IOCL,FLG BLD 4IN 600LB A105 RF,CAN-000563,DEPOT-IOCL-MTH,"Mathura Refinery, Uttar Pradesh",0,33080,0,FLANGE_BLIND,100.0,600,ASTM A105,RF,ASME B16.5
IOCL-MM-0003369,IOCL,VLV GT 1.5IN CL1500 SS316 RF,CAN-001177,DEPOT-IOCL-MTH,"Mathura Refinery, Uttar Pradesh",0,669540,0,GATE_VALVE,40.0,1500,ASTM A182 F316,RF,API 600
IOCL-MM-0003370,IOCL,FLG WN 1.5IN 900# A350-LF2 RF,CAN-000107,DEPOT-IOCL-GWT,"Guwahati Refinery, Assam",0,27190,0,FLANGE_WELD_NECK,40.0,900,ASTM A350 LF2,RF,ASME B16.5
IOCL-MM-0003371,IOCL,STUDBLT 10IN CL1500 B7/2H THRD,CAN-002189,DEPOT-IOCL-KYL,"Koyali Refinery, Gujarat",49,44060,27,STUD_BOLT,250.0,1500,ASTM A193 B7 / A194 2H,THRD,ASME B18.2.1
IOCL-MM-0003372,IOCL,VLV GT 8IN 900LB WCB RF,CAN-001457,DEPOT-IOCL-MTH,"Mathura Refinery, Uttar Pradesh",130,1126700,696,GATE_VALVE,200.0,900,ASTM A216 WCB,RF,API 600
IOCL-MM-0003373,IOCL,VLV GT 8IN 300LB A105 RF,CAN-001438,DEPOT-IOCL-KYL,"Koyali Refinery, Gujarat",27,467850,449,GATE_VALVE,200.0,300,ASTM A105,RF,API 6D
IOCL-MM-0003374,IOCL,FLG WN 1IN CL150 A350-LF2 RTJ,CAN-000044,DEPOT-IOCL-KYL,"Koyali Refinery, Gujarat",19,3520,32,FLANGE_WELD_NECK,25.0,150,ASTM A350 LF2,RTJ,ASME B16.5
IOCL-MM-0003375,IOCL,VLV GT 10IN 900# WCB RF,CAN-001518,DEPOT-IOCL-GWT,"Guwahati Refinery, Assam",86,1505890,186,GATE_VALVE,250.0,900,ASTM A216 WCB,RF,API 6D
IOCL-MM-0003376,IOCL,FLG SO 8IN 300LB A105 RF,CAN-000917,DEPOT-IOCL-PRD,"Paradip Refinery, Odisha",57,41580,665,FLANGE_SLIP_ON,200.0,300,ASTM A105,RF,ASME B16.5
IOCL-MM-0003377,IOCL,FLG SO 3IN 600# SS316 RF,CAN-000837,DEPOT-IOCL-PNP,"Panipat Refinery, Haryana",103,70400,640,FLANGE_SLIP_ON,80.0,600,ASTM A182 F316,RF,ASME B16.5
IOCL-MM-0003378,IOCL,VLV GT 2IN 600LB WCB RF,CAN-001205,DEPOT-IOCL-PNP,"Panipat Refinery, Haryana",48,134350,93,GATE_VALVE,50.0,600,ASTM A216 WCB,RF,API 600
IOCL-MM-0003379,IOCL,VLV GT 1/2IN CL900 A105 BW API6D,CAN-001044,DEPOT-IOCL-KYL,"Koyali Refinery, Gujarat",0,38840,0,GATE_VALVE,15.0,900,ASTM A105,BW,API 6D
IOCL-MM-0003380,IOCL,FLG WNRF 10IN 600LB A105,CAN-000337,DEPOT-IOCL-KYL,"Koyali Refinery, Gujarat",108,133060,440,FLANGE_WELD_NECK,250.0,600,ASTM A105,RF,ASME B16.5
IOCL-MM-0003381,IOCL,VLV GT 10IN 1500# WCB RF,CAN-001530,DEPOT-IOCL-PNP,"Panipat Refinery, Haryana",6,2266060,40,GATE_VALVE,250.0,1500,ASTM A216 WCB,RF,API 6D
IOCL-MM-0003382,IOCL,VLV GT 6IN CL600 WCB BW API600,CAN-001387,DEPOT-IOCL-MTH,"Mathura Refinery, Uttar Pradesh",30,560420,105,GATE_VALVE,150.0,600,ASTM A216 WCB,BW,API 600
IOCL-MM-0003383,IOCL,FLG BLD 10IN 900# SS316 RF,CAN-000663,DEPOT-IOCL-MTH,"Mathura Refinery, Uttar Pradesh",0,481880,0,FLANGE_BLIND,250.0,900,ASTM A182 F316,RF,ASME B16.5
IOCL-MM-0003384,IOCL,VLV GT 8IN CL600 SS316 BW API6D,CAN-001456,DEPOT-IOCL-MTH,"Mathura Refinery, Uttar Pradesh",11,2606670,107,GATE_VALVE,200.0,600,ASTM A182 F316,BW,API 6D
IOCL-MM-0003385,IOCL,VLV GT 8IN 900# WCB RF,CAN-001458,DEPOT-IOCL-GWT,"Guwahati Refinery, Assam",36,1126700,64,GATE_VALVE,200.0,900,ASTM A216 WCB,RF,API 6D
IOCL-MM-0003386,IOCL,FLG BLD RTJ 6IN CL600 A105,CAN-000594,DEPOT-IOCL-KYL,"Koyali Refinery, Gujarat",0,56040,0,FLANGE_BLIND,150.0,600,ASTM A105,RTJ,ASME B16.5
IOCL-MM-0003387,IOCL,VLV GT 4IN 600LB SS316 RF API600,CAN-001333,DEPOT-IOCL-PRD,"Paradip Refinery, Odisha",23,1058640,44,GATE_VALVE,100.0,600,ASTM A182 F316,RF,API 600
IOCL-MM-0003388,IOCL,FLG WN RTJ 8IN CL600 SS304,CAN-000302,DEPOT-IOCL-PNP,"Panipat Refinery, Haryana",11,238940,116,FLANGE_WELD_NECK,200.0,600,ASTM A182 F304,RTJ,ASME B16.5
IOCL-MM-0003389,IOCL,VLV GLB 1IN 300LB A105 RF,CAN-001828,DEPOT-IOCL-PNP,"Panipat Refinery, Haryana",0,41780,0,GLOBE_VALVE,25.0,300,ASTM A105,RF,ASME B16.34
IOCL-MM-0003390,IOCL,FLG WNRF 4IN 900# SS316,CAN-000231,DEPOT-IOCL-KYL,"Koyali Refinery, Gujarat",23,178960,277,FLANGE_WELD_NECK,100.0,900,ASTM A182 F316,RF,ASME B16.5
IOCL-MM-0003391,IOCL,VLV GT 12IN 900LB A105 RF API6D,CAN-001582,DEPOT-IOCL-KYL,"Koyali Refinery, Gujarat",9,1908660,17,GATE_VALVE,300.0,900,ASTM A105,RF,API 6D
IOCL-MM-0003392,IOCL,FLG WN 6IN 600LB A350-LF2 RTJ,CAN-000260,DEPOT-IOCL-KYL,"Koyali Refinery, Gujarat",6,109590,37,FLANGE_WELD_NECK,150.0,600,ASTM A350 LF2,RTJ,ASME B16.5
IOCL-MM-0003393,IOCL,FLG WNRF 6IN 300# A350-LF2 ASMEB16.5,CAN-000251,DEPOT-IOCL-PNP,"Panipat Refinery, Haryana",22,62940,213,FLANGE_WELD_NECK,150.0,300,ASTM A350 LF2,RF,ASME B16.5
IOCL-MM-0003394,IOCL,FLG WN 4IN 1500LB A105 RTJ ASMEB16.5,CAN-000234,DEPOT-IOCL-KYL,"Koyali Refinery, Gujarat",66,84150,439,FLANGE_WELD_NECK,100.0,1500,ASTM A105,RTJ,ASME B16.5
IOCL-MM-0003395,IOCL,FLG BLD RTJ 1IN 300LB A105 ASMEB16.5,CAN-000438,DEPOT-IOCL-PNP,"Panipat Refinery, Haryana",132,3130,343,FLANGE_BLIND,25.0,300,ASTM A105,RTJ,ASME B16.5
IOCL-MM-0003396,IOCL,FLG BLD RTJ 1IN CL300 A350-LF2,CAN-000440,DEPOT-IOCL-MTH,"Mathura Refinery, Uttar Pradesh",21,5010,732,FLANGE_BLIND,25.0,300,ASTM A350 LF2,RTJ,ASME B16.5
IOCL-MM-0003397,IOCL,FLG BLD 4IN 1500# SS316 RF,CAN-000579,DEPOT-IOCL-PNP,"Panipat Refinery, Haryana",103,220340,446,FLANGE_BLIND,100.0,1500,ASTM A182 F316,RF,ASME B16.5
IOCL-MM-0003398,IOCL,VLV GT 1.5IN 600# A105 BW API600,CAN-001151,DEPOT-IOCL-GWT,"Guwahati Refinery, Assam",44,100520,114,GATE_VALVE,40.0,600,ASTM A105,BW,API 600
IOCL-MM-0003399,IOCL,FLG BLD RTJ 1IN CL600 A105,CAN-000444,DEPOT-IOCL-MTH,"Mathura Refinery, Uttar Pradesh",77,5450,310,FLANGE_BLIND,25.0,600,ASTM A105,RTJ,ASME B16.5
IOCL-MM-0003400,IOCL,VLV GT 12IN 150LB A105 BW,CAN-001548,DEPOT-IOCL-KYL,"Koyali Refinery, Gujarat",0,455200,0,GATE_VALVE,300.0,150,ASTM A105,BW,API 6D
IOCL-MM-0003401,IOCL,FLG BLD RTJ 10IN 300# A350-LF2,CAN-000650,DEPOT-IOCL-KYL,"Koyali Refinery, Gujarat",0,100040,0,FLANGE_BLIND,250.0,300,ASTM A350 LF2,RTJ,ASME B16.5
IOCL-MM-0003402,IOCL,FLG WNRF 1.5IN CL150 SS316,CAN-000087,DEPOT-IOCL-PRD,"Paradip Refinery, Odisha",35,12960,308,FLANGE_WELD_NECK,40.0,150,ASTM A182 F316,RF,ASME B16.5
IOCL-MM-0003403,IOCL,VLV GT 1IN 600LB A105 BW,CAN-001092,DEPOT-IOCL-KYL,"Koyali Refinery, Gujarat",26,54560,115,GATE_VALVE,25.0,600,ASTM A105,BW,API 6D
IOCL-MM-0003404,IOCL,FLG BLD 1IN 1500# A350-LF2 RF,CAN-000457,DEPOT-IOCL-MTH,"Mathura Refinery, Uttar Pradesh",24,18170,55,FLANGE_BLIND,25.0,1500,ASTM A350 LF2,RF,ASME B16.5
IOCL-MM-0003405,IOCL,GSKT SPWD 4IN 300# SS316/GRAF RF,CAN-002053,DEPOT-IOCL-GWT,"Guwahati Refinery, Assam",45,21950,85,SPIRAL_WOUND_GASKET,100.0,300,SS316 / GRAPHITE,RF,ASME B16.20
IOCL-MM-0003406,IOCL,FLG SO 1/2IN 1500LB SS304 FF ASMEB16.5,CAN-000728,DEPOT-IOCL-PNP,"Panipat Refinery, Haryana",39,12470,65,FLANGE_SLIP_ON,15.0,1500,ASTM A182 F304,FF,ASME B16.5
IOCL-MM-0003407,IOCL,FLG WN 1/2IN 150LB SS316 RF,CAN-000007,DEPOT-IOCL-KYL,"Koyali Refinery, Gujarat",125,3620,202,FLANGE_WELD_NECK,15.0,150,ASTM A182 F316,RF,ASME B16.5
IOCL-MM-0003408,IOCL,VLV GT 8IN 1500# SS316 RF API6D,CAN-001478,DEPOT-IOCL-PNP,"Panipat Refinery, Haryana",11,5425490,82,GATE_VALVE,200.0,1500,ASTM A182 F316,RF,API 6D
IOCL-MM-0003409,IOCL,VLV GLB 12IN 900# A105 RF,CAN-001996,DEPOT-IOCL-MTH,"Mathura Refinery, Uttar Pradesh",0,2544880,0,GLOBE_VALVE,300.0,900,ASTM A105,RF,ASME B16.34
IOCL-MM-0003410,IOCL,VLV GLB 1IN 1500# WCB RF,CAN-001838,DEPOT-IOCL-GWT,"Guwahati Refinery, Assam",80,151420,213,GLOBE_VALVE,25.0,1500,ASTM A216 WCB,RF,ASME B16.34
IOCL-MM-0003411,IOCL,VLV GT 8IN 1500LB WCB BW API6D,CAN-001472,DEPOT-IOCL-PRD,"Paradip Refinery, Odisha",77,1695460,357,GATE_VALVE,200.0,1500,ASTM A216 WCB,BW,API 6D
IOCL-MM-0003412,IOCL,FLG WNRF 10IN 300# A105 ASMEB16.5,CAN-000329,DEPOT-IOCL-MTH,"Mathura Refinery, Uttar Pradesh",0,76420,0,FLANGE_WELD_NECK,250.0,300,ASTM A105,RF,ASME B16.5
IOCL-MM-0003413,IOCL,FLG WNRF 3IN 1500# SS316 ASMEB16.5,CAN-000199,DEPOT-IOCL-MTH,"Mathura Refinery, Uttar Pradesh",104,201490,532,FLANGE_WELD_NECK,80.0,1500,ASTM A182 F316,RF,ASME B16.5
IOCL-MM-0003414,IOCL,VLV GT 1.5IN 150# A105 RF API6D,CAN-001126,DEPOT-IOCL-MTH,"Mathura Refinery, Uttar Pradesh",92,33160,516,GATE_VALVE,40.0,150,ASTM A105,RF,API 6D
IOCL-MM-0003415,IOCL,VLV GT 12IN CL1500 WCB BW,CAN-001592,DEPOT-IOCL-PNP,"Panipat Refinery, Haryana",0,2872150,0,GATE_VALVE,300.0,1500,ASTM A216 WCB,BW,API 6D
IOCL-MM-0003416,IOCL,FLG WNRF 4IN 600LB SS316,CAN-000223,DEPOT-IOCL-PRD,"Paradip Refinery, Odisha",18,129380,89,FLANGE_WELD_NECK,100.0,600,ASTM A182 F316,RF,ASME B16.5
IOCL-MM-0003417,IOCL,FLG BLD 4IN 600# A105 RF,CAN-000563,DEPOT-IOCL-MTH,"Mathura Refinery, Uttar Pradesh",0,33080,0,FLANGE_BLIND,100.0,600,ASTM A105,RF,ASME B16.5
IOCL-MM-0003418,IOCL,FLG BLD 2IN 900# A105 RF ASMEB16.5,CAN-000509,DEPOT-IOCL-MTH,"Mathura Refinery, Uttar Pradesh",15,18580,85,FLANGE_BLIND,50.0,900,ASTM A105,RF,ASME B16.5
IOCL-MM-0003419,IOCL,STUDBLT 8IN 600LB L7/GR7 THRD ASMEB18.2.1,CAN-002176,DEPOT-IOCL-PRD,"Paradip Refinery, Odisha",0,25340,0,STUD_BOLT,200.0,600,ASTM A320 L7 / A194 7,THRD,ASME B18.2.1
IOCL-MM-0003420,IOCL,FLG BLD 10IN CL300 SS316 RTJ,CAN-000652,DEPOT-IOCL-MTH,"Mathura Refinery, Uttar Pradesh",0,200090,0,FLANGE_BLIND,250.0,300,ASTM A182 F316,RTJ,ASME B16.5
IOCL-MM-0003421,IOCL,VLV GT 1/2IN 300LB SS316 RF,CAN-001022,DEPOT-IOCL-PNP,"Panipat Refinery, Haryana",0,51620,0,GATE_VALVE,15.0,300,ASTM A182 F316,RF,API 6D
IOCL-MM-0003422,IOCL,FLG WN RTJ 4IN CL600 A350-LF2,CAN-000220,DEPOT-IOCL-PRD,"Paradip Refinery, Odisha",44,64690,86,FLANGE_WELD_NECK,100.0,600,ASTM A350 LF2,RTJ,ASME B16.5
IOCL-MM-0003423,IOCL,FLG WNRF 12IN CL900 A105 ASMEB16.5,CAN-000385,DEPOT-IOCL-MTH,"Mathura Refinery, Uttar Pradesh",0,233280,0,FLANGE_WELD_NECK,300.0,900,ASTM A105,RF,ASME B16.5
IOCL-MM-0003424,IOCL,FLG WNRF 1.5IN 150LB SS316 ASMEB16.5,CAN-000087,DEPOT-IOCL-KYL,"Koyali Refinery, Gujarat",28,12960,45,FLANGE_WELD_NECK,40.0,150,ASTM A182 F316,RF,ASME B16.5
IOCL-MM-0003425,IOCL,FLG BLD RTJ 8IN 1500# SS316 ASMEB16.5,CAN-000640,DEPOT-IOCL-MTH,"Mathura Refinery, Uttar Pradesh",22,542540,92,FLANGE_BLIND,200.0,1500,ASTM A182 F316,RTJ,ASME B16.5
IOCL-MM-0003426,IOCL,VLV BL 10IN 150# SS316 BW,CAN-001764,DEPOT-IOCL-KYL,"Koyali Refinery, Gujarat",11,1404660,85,BALL_VALVE,250.0,150,ASTM A182 F316,BW,API 6D
IOCL-MM-0003427,IOCL,FLG BLD RTJ 12IN 600# SS316,CAN-000688,DEPOT-IOCL-MTH,"Mathura Refinery, Uttar Pradesh",0,441570,0,FLANGE_BLIND,300.0,600,ASTM A182 F316,RTJ,ASME B16.5
IOCL-MM-0003428,IOCL,VLV BL 1IN 300LB WCB RF API6D,CAN-001625,DEPOT-IOCL-KYL,"Koyali Refinery, Gujarat",0,38300,0,BALL_VALVE,25.0,300,ASTM A216 WCB,RF,API 6D
IOCL-MM-0003429,IOCL,FLG WN 4IN 300LB A105 RF ASMEB16.5,CAN-000209,DEPOT-IOCL-GWT,"Guwahati Refinery, Assam",0,23220,0,FLANGE_WELD_NECK,100.0,300,ASTM A105,RF,ASME B16.5
IOCL-MM-0003430,IOCL,VLV BL 2IN CL600 WCB RF,CAN-001669,DEPOT-IOCL-KYL,"Koyali Refinery, Gujarat",11,164210,28,BALL_VALVE,50.0,600,ASTM A216 WCB,RF,API 6D
IOCL-MM-0003431,IOCL,FLG WNRF 1.5IN CL600 SS304,CAN-000101,DEPOT-IOCL-PNP,"Panipat Refinery, Haryana",19,29480,13,FLANGE_WELD_NECK,40.0,600,ASTM A182 F304,RF,ASME B16.5
IOCL-MM-0003432,IOCL,VLV GLB 2IN 900# A105 RF,CAN-001875,DEPOT-IOCL-MTH,"Mathura Refinery, Uttar Pradesh",39,247780,44,GLOBE_VALVE,50.0,900,ASTM A105,RF,BS 1873
IOCL-MM-0003433,IOCL,VLV GT 8IN 900LB WCB BW,CAN-001460,DEPOT-IOCL-GWT,"Guwahati Refinery, Assam",0,1126700,0,GATE_VALVE,200.0,900,ASTM A216 WCB,BW,API 6D
IOCL-MM-0003434,IOCL,FLG WN 12IN 300# SS316 RTJ ASMEB16.5,CAN-000376,DEPOT-IOCL-MTH,"Mathura Refinery, Uttar Pradesh",110,309970,190,FLANGE_WELD_NECK,300.0,300,ASTM A182 F316,RTJ,ASME B16.5
IOCL-MM-0003435,IOCL,FLG SO 1.5IN 1500LB SS304 RF ASMEB16.5,CAN-000787,DEPOT-IOCL-MTH,"Mathura Refinery, Uttar Pradesh",55,44630,282,FLANGE_SLIP_ON,40.0,1500,ASTM A182 F304,RF,ASME B16.5
IOCL-MM-0003436,IOCL,FLG SO 10IN CL900 SS316 RF,CAN-000963,DEPOT-IOCL-GWT,"Guwahati Refinery, Assam",0,428340,0,FLANGE_SLIP_ON,250.0,900,ASTM A182 F316,RF,ASME B16.5
IOCL-MM-0003437,IOCL,VLV GT 6IN 150# A105 BW,CAN-001368,DEPOT-IOCL-KYL,"Koyali Refinery, Gujarat",42,184870,69,GATE_VALVE,150.0,150,ASTM A105,BW,API 6D
IOCL-MM-0003438,IOCL,VLV GLB 6IN CL900 WCB RF BS1873,CAN-001933,DEPOT-IOCL-KYL,"Koyali Refinery, Gujarat",13,1033540,57,GLOBE_VALVE,150.0,900,ASTM A216 WCB,RF,BS 1873
IOCL-MM-0003439,IOCL,FLG WN 4IN CL150 SS304 RF,CAN-000205,DEPOT-IOCL-MTH,"Mathura Refinery, Uttar Pradesh",148,32010,738,FLANGE_WELD_NECK,100.0,150,ASTM A182 F304,RF,ASME B16.5
IOCL-MM-0003440,IOCL,VLV BL 12IN 900# WCB RF,CAN-001793,DEPOT-IOCL-GWT,"Guwahati Refinery, Assam",48,2332800,51,BALL_VALVE,300.0,900,ASTM A216 WCB,RF,API 6D
IOCL-MM-0003441,IOCL,FLG BLD 1/2IN CL150 A350-LF2 RF,CAN-000403,DEPOT-IOCL-PNP,"Panipat Refinery, Haryana",5,1480,48,FLANGE_BLIND,15.0,150,ASTM A350 LF2,RF,ASME B16.5
IOCL-MM-0003442,IOCL,FLG SO 6IN CL150 A105 FF,CAN-000882,DEPOT-IOCL-PNP,"Panipat Refinery, Haryana",45,16430,58,FLANGE_SLIP_ON,150.0,150,ASTM A105,FF,ASME B16.5
IOCL-MM-0003443,IOCL,STUDBLT 1IN CL900 L7/GR7 THRD ASMEB18.2.1,CAN-002118,DEPOT-IOCL-MTH,"Mathura Refinery, Uttar Pradesh",63,2340,620,STUD_BOLT,25.0,900,ASTM A320 L7 / A194 7,THRD,ASME B18.2.1
IOCL-MM-0003444,IOCL,FLG BLD 6IN 900LB A105 RF ASMEB16.5,CAN-000599,DEPOT-IOCL-PRD,"Paradip Refinery, Odisha",62,77510,528,FLANGE_BLIND,150.0,900,ASTM A105,RF,ASME B16.5
IOCL-MM-0003445,IOCL,FLG SO 3IN 1500LB SS316 RF,CAN-000849,DEPOT-IOCL-GWT,"Guwahati Refinery, Assam",90,146540,238,FLANGE_SLIP_ON,80.0,1500,ASTM A182 F316,RF,ASME B16.5
IOCL-MM-0003446,IOCL,VLV GLB 2IN CL600 A105 RF ASMEB16.34,CAN-001872,DEPOT-IOCL-PRD,"Paradip Refinery, Odisha",111,179140,719,GLOBE_VALVE,50.0,600,ASTM A105,RF,ASME B16.34
IOCL-MM-0003447,IOCL,VLV BL 8IN CL1500 SS316 BW API6D,CAN-001760,DEPOT-IOCL-PRD,"Paradip Refinery, Odisha",0,6631160,0,BALL_VALVE,200.0,1500,ASTM A182 F316,BW,API 6D
IOCL-MM-0003448,IOCL,VLV GT 8IN 150LB A105 BW,CAN-001428,DEPOT-IOCL-KYL,"Koyali Refinery, Gujarat",0,268710,0,GATE_VALVE,200.0,150,ASTM A105,BW,API 6D
IOCL-MM-0003449,IOCL,VLV BL 8IN 900# WCB BW API6D,CAN-001754,DEPOT-IOCL-PRD,"Paradip Refinery, Odisha",35,1377080,26,BALL_VALVE,200.0,900,ASTM A216 WCB,BW,API 6D
IOCL-MM-0003450,IOCL,FLG WNRF 6IN CL300 A105 ASMEB16.5,CAN-000249,DEPOT-IOCL-GWT,"Guwahati Refinery, Assam",101,39340,562,FLANGE_WELD_NECK,150.0,300,ASTM A105,RF,ASME B16.5
IOCL-MM-0003451,IOCL,VLV GT 10IN 1500# WCB BW,CAN-001532,DEPOT-IOCL-KYL,"Koyali Refinery, Gujarat",0,2266060,0,GATE_VALVE,250.0,1500,ASTM A216 WCB,BW,API 6D
IOCL-MM-0003452,IOCL,FLG WN RTJ 2IN 300# A105,CAN-000130,DEPOT-IOCL-PNP,"Panipat Refinery, Haryana",66,9430,541,FLANGE_WELD_NECK,50.0,300,ASTM A105,RTJ,ASME B16.5
IOCL-MM-0003453,IOCL,GSKT SPWD 8IN CL300 SS304/GRAF RF,CAN-002074,DEPOT-IOCL-KYL,"Koyali Refinery, Gujarat",0,40540,0,SPIRAL_WOUND_GASKET,200.0,300,SS304 / GRAPHITE,RF,ASME B16.20
IOCL-MM-0003454,IOCL,FLG WNRF 10IN 900LB SS316,CAN-000351,DEPOT-IOCL-MTH,"Mathura Refinery, Uttar Pradesh",21,588970,33,FLANGE_WELD_NECK,250.0,900,ASTM A182 F316,RF,ASME B16.5
IOCL-MM-0003455,IOCL,FLG SO 8IN CL150 SS316 FF ASMEB16.5,CAN-000916,DEPOT-IOCL-MTH,"Mathura Refinery, Uttar Pradesh",82,76430,460,FLANGE_SLIP_ON,200.0,150,ASTM A182 F316,FF,ASME B16.5
IOCL-MM-0003456,IOCL,VLV GT 3IN 1500# SS316 BW API6D,CAN-001300,DEPOT-IOCL-PRD,"Paradip Refinery, Odisha",0,1648600,0,GATE_VALVE,80.0,1500,ASTM A182 F316,BW,API 6D
IOCL-MM-0003457,IOCL,VLV BL 10IN 300# WCB RF,CAN-001765,DEPOT-IOCL-PRD,"Paradip Refinery, Odisha",126,764260,583,BALL_VALVE,250.0,300,ASTM A216 WCB,RF,API 6D
IOCL-MM-0003458,IOCL,VLV GT 10IN 300# WCB RF,CAN-001493,DEPOT-IOCL-KYL,"Koyali Refinery, Gujarat",0,625310,0,GATE_VALVE,250.0,300,ASTM A216 WCB,RF,API 600
IOCL-MM-0003459,IOCL,FLG WNRF 12IN 1500LB SS316 ASMEB16.5,CAN-000399,DEPOT-IOCL-GWT,"Guwahati Refinery, Assam",33,1123330,549,FLANGE_WELD_NECK,300.0,1500,ASTM A182 F316,RF,ASME B16.5
IOCL-MM-0003460,IOCL,FLG SO 3IN 600LB SS304 FF ASMEB16.5,CAN-000836,DEPOT-IOCL-PNP,"Panipat Refinery, Haryana",23,52800,92,FLANGE_SLIP_ON,80.0,600,ASTM A182 F304,FF,ASME B16.5
IOCL-MM-0003461,IOCL,FLG SO 1.5IN 1500# SS316 RF ASMEB16.5,CAN-000789,DEPOT-IOCL-MTH,"Mathura Refinery, Uttar Pradesh",8,59510,104,FLANGE_SLIP_ON,40.0,1500,ASTM A182 F316,RF,ASME B16.5
IOCL-MM-0003462,IOCL,FLG WN 1IN 600# SS316 RTJ ASMEB16.5,CAN-000064,DEPOT-IOCL-MTH,"Mathura Refinery, Uttar Pradesh",16,21340,27,FLANGE_WELD_NECK,25.0,600,ASTM A182 F316,RTJ,ASME B16.5
IOCL-MM-0003463,IOCL,VLV GT 10IN 600# WCB RF API6D,CAN-001506,DEPOT-IOCL-KYL,"Koyali Refinery, Gujarat",0,1088730,0,GATE_VALVE,250.0,600,ASTM A216 WCB,RF,API 6D
IOCL-MM-0003464,IOCL,VLV GLB 1.5IN CL300 WCB RF BS1873,CAN-001845,DEPOT-IOCL-PNP,"Panipat Refinery, Haryana",31,76980,12,GLOBE_VALVE,40.0,300,ASTM A216 WCB,RF,BS 1873
IOCL-MM-0003465,IOCL,STUDBLT 3IN CL150 L7/GR7 THRD ASMEB18.2.1,CAN-002142,DEPOT-IOCL-KYL,"Koyali Refinery, Gujarat",25,2540,61,STUD_BOLT,80.0,150,ASTM A320 L7 / A194 7,THRD,ASME B18.2.1
IOCL-MM-0003466,IOCL,FLG WN RTJ 8IN 150LB SS316,CAN-000288,DEPOT-IOCL-KYL,"Koyali Refinery, Gujarat",34,105090,665,FLANGE_WELD_NECK,200.0,150,ASTM A182 F316,RTJ,ASME B16.5
IOCL-MM-0003467,IOCL,GSKT SPWD 1.5IN 600LB SS316/GRAF RF,CAN-002025,DEPOT-IOCL-KYL,"Koyali Refinery, Gujarat",50,11610,77,SPIRAL_WOUND_GASKET,40.0,600,SS316 / GRAPHITE,RF,ASME B16.20
IOCL-MM-0003468,IOCL,FLG WN 6IN CL300 A105 RF ASMEB16.5,CAN-000249,DEPOT-IOCL-PRD,"Paradip Refinery, Odisha",34,39340,32,FLANGE_WELD_NECK,150.0,300,ASTM A105,RF,ASME B16.5
IOCL-MM-0003469,IOCL,FLG SO 6IN 1500# A105 RF ASMEB16.5,CAN-000905,DEPOT-IOCL-PNP,"Panipat Refinery, Haryana",32,103680,94,FLANGE_SLIP_ON,150.0,1500,ASTM A105,RF,ASME B16.5
IOCL-MM-0003470,IOCL,FLG WN 1.5IN 600# SS304 RTJ,CAN-000102,DEPOT-IOCL-MTH,"Mathura Refinery, Uttar Pradesh",70,29480,600,FLANGE_WELD_NECK,40.0,600,ASTM A182 F304,RTJ,ASME B16.5
IOCL-MM-0003471,IOCL,FLG BLD RTJ 4IN 1500# A105,CAN-000576,DEPOT-IOCL-PRD,"Paradip Refinery, Odisha",50,68850,21,FLANGE_BLIND,100.0,1500,ASTM A105,RTJ,ASME B16.5
IOCL-MM-0003472,IOCL,FLG BLD RTJ 12IN 900LB A350-LF2,CAN-000692,DEPOT-IOCL-PNP,"Panipat Refinery, Haryana",22,305380,114,FLANGE_BLIND,300.0,900,ASTM A350 LF2,RTJ,ASME B16.5
IOCL-MM-0003473,IOCL,VLV GT 12IN 150LB SS316 BW API600,CAN-001551,DEPOT-IOCL-MTH,"Mathura Refinery, Uttar Pradesh",34,1456650,70,GATE_VALVE,300.0,150,ASTM A182 F316,BW,API 600
IOCL-MM-0003474,IOCL,VLV GT 10IN CL150 SS316 BW,CAN-001492,DEPOT-IOCL-PRD,"Paradip Refinery, Odisha",31,1149270,106,GATE_VALVE,250.0,150,ASTM A182 F316,BW,API 6D
IOCL-MM-0003475,IOCL,VLV BL 3IN 600# WCB RF,CAN-001689,DEPOT-IOCL-MTH,"Mathura Refinery, Uttar Pradesh",94,302520,364,BALL_VALVE,80.0,600,ASTM A216 WCB,RF,API 6D
IOCL-MM-0003476,IOCL,VLV GT 3IN CL600 A105 RF,CAN-001269,DEPOT-IOCL-GWT,"Guwahati Refinery, Assam",37,247520,664,GATE_VALVE,80.0,600,ASTM A105,RF,API 600
IOCL-MM-0003477,IOCL,VLV GT 3IN 150LB WCB BW,CAN-001244,DEPOT-IOCL-PNP,"Panipat Refinery, Haryana",33,81650,12,GATE_VALVE,80.0,150,ASTM A216 WCB,BW,API 6D
IOCL-MM-0003478,IOCL,STUDBLT 4IN 150# L7/GR7 THRD,CAN-002152,DEPOT-IOCL-KYL,"Koyali Refinery, Gujarat",41,3390,34,STUD_BOLT,100.0,150,ASTM A320 L7 / A194 7,THRD,ASME B18.2.1
IOCL-MM-0003479,IOCL,VLV GT 8IN 1500# A105 RF API6D,CAN-001474,DEPOT-IOCL-MTH,"Mathura Refinery, Uttar Pradesh",0,1695460,0,GATE_VALVE,200.0,1500,ASTM A105,RF,API 6D
IOCL-MM-0003480,IOCL,FLG SO 1IN 600# SS304 RF ASMEB16.5,CAN-000745,DEPOT-IOCL-MTH,"Mathura Refinery, Uttar Pradesh",22,11640,108,FLANGE_SLIP_ON,25.0,600,ASTM A182 F304,RF,ASME B16.5
IOCL-MM-0003481,IOCL,VLV GT 1.5IN 600LB A105 BW API600,CAN-001151,DEPOT-IOCL-KYL,"Koyali Refinery, Gujarat",0,100520,0,GATE_VALVE,40.0,600,ASTM A105,BW,API 600
IOCL-MM-0003482,IOCL,VLV GT 12IN 150LB WCB RF API6D,CAN-001542,DEPOT-IOCL-GWT,"Guwahati Refinery, Assam",148,455200,578,GATE_VALVE,300.0,150,ASTM A216 WCB,RF,API 6D
IOCL-MM-0003483,IOCL,FLG WN RTJ 4IN CL300 A105,CAN-000210,DEPOT-IOCL-PNP,"Panipat Refinery, Haryana",0,23220,0,FLANGE_WELD_NECK,100.0,300,ASTM A105,RTJ,ASME B16.5
IOCL-MM-0003484,IOCL,VLV GT 8IN 600LB SS316 BW,CAN-001456,DEPOT-IOCL-GWT,"Guwahati Refinery, Assam",116,2606670,320,GATE_VALVE,200.0,600,ASTM A182 F316,BW,API 6D
IOCL-MM-0003485,IOCL,FLG BLD 3IN 1500LB A350-LF2 RF,CAN-000547,DEPOT-IOCL-PNP,"Panipat Refinery, Haryana",34,82430,32,FLANGE_BLIND,80.0,1500,ASTM A350 LF2,RF,ASME B16.5
IOCL-MM-0003486,IOCL,FLG SO 1.5IN 150# A105 RF,CAN-000761,DEPOT-IOCL-GWT,"Guwahati Refinery, Assam",0,2940,0,FLANGE_SLIP_ON,40.0,150,ASTM A105,RF,ASME B16.5
IOCL-MM-0003487,IOCL,VLV GT 10IN 150# A105 BW,CAN-001488,DEPOT-IOCL-PNP,"Panipat Refinery, Haryana",19,359140,74,GATE_VALVE,250.0,150,ASTM A105,BW,API 6D
IOCL-MM-0003488,IOCL,FLG SO 3IN 1500LB SS304 RF,CAN-000847,DEPOT-IOCL-GWT,"Guwahati Refinery, Assam",22,109900,32,FLANGE_SLIP_ON,80.0,1500,ASTM A182 F304,RF,ASME B16.5
IOCL-MM-0003489,IOCL,VLV GLB 1.5IN 300# WCB RF ASMEB16.34,CAN-001846,DEPOT-IOCL-GWT,"Guwahati Refinery, Assam",0,76980,0,GLOBE_VALVE,40.0,300,ASTM A216 WCB,RF,ASME B16.34
IOCL-MM-0003490,IOCL,VLV GT 2IN CL1500 WCB RF,CAN-001229,DEPOT-IOCL-PNP,"Panipat Refinery, Haryana",19,279640,71,GATE_VALVE,50.0,1500,ASTM A216 WCB,RF,API 600
IOCL-MM-0003491,IOCL,STUDBLT 8IN CL300 L7/GR7 THRD ASMEB18.2.1,CAN-002174,DEPOT-IOCL-KYL,"Koyali Refinery, Gujarat",0,14550,0,STUD_BOLT,200.0,300,ASTM A320 L7 / A194 7,THRD,ASME B18.2.1
IOCL-MM-0003492,IOCL,FLG WN 2IN 150LB A105 RF,CAN-000121,DEPOT-IOCL-PNP,"Panipat Refinery, Haryana",34,5410,74,FLANGE_WELD_NECK,50.0,150,ASTM A105,RF,ASME B16.5
IOCL-MM-0003493,IOCL,VLV GT 6IN CL1500 A105 BW API6D,CAN-001416,DEPOT-IOCL-MTH,"Mathura Refinery, Uttar Pradesh",30,1166450,103,GATE_VALVE,150.0,1500,ASTM A105,BW,API 6D
IOCL-MM-0003494,IOCL,FLG WN RTJ 10IN 900LB A105,CAN-000346,DEPOT-IOCL-GWT,"Guwahati Refinery, Assam",85,184050,604,FLANGE_WELD_NECK,250.0,900,ASTM A105,RTJ,ASME B16.5
IOCL-MM-0003495,IOCL,VLV GLB 2IN 300LB A105 RF ASMEB16.34,CAN-001868,DEPOT-IOCL-KYL,"Koyali Refinery, Gujarat",123,102890,746,GLOBE_VALVE,50.0,300,ASTM A105,RF,ASME B16.34
IOCL-MM-0003496,IOCL,VLV GLB 2IN 900# A105 RF BS1873,CAN-001875,DEPOT-IOCL-GWT,"Guwahati Refinery, Assam",42,247780,711,GLOBE_VALVE,50.0,900,ASTM A105,RF,BS 1873
IOCL-MM-0003497,IOCL,VLV GLB 4IN 900LB WCB RF,CAN-001913,DEPOT-IOCL-PRD,"Paradip Refinery, Odisha",8,610110,29,GLOBE_VALVE,100.0,900,ASTM A216 WCB,RF,BS 1873
IOCL-MM-0003498,IOCL,FLG WNRF 3IN 150LB SS304,CAN-000165,DEPOT-IOCL-PRD,"Paradip Refinery, Odisha",22,23950,709,FLANGE_WELD_NECK,80.0,150,ASTM A182 F304,RF,ASME B16.5
IOCL-MM-0003499,IOCL,VLV GT 1IN 300LB SS316 RF API6D,CAN-001082,DEPOT-IOCL-KYL,"Koyali Refinery, Gujarat",40,100280,59,GATE_VALVE,25.0,300,ASTM A182 F316,RF,API 6D
IOCL-MM-0003500,IOCL,FLG BLD RTJ 3IN 300# A350-LF2 ASMEB16.5,CAN-000530,DEPOT-IOCL-KYL,"Koyali Refinery, Gujarat",129,22740,214,FLANGE_BLIND,80.0,300,ASTM A350 LF2,RTJ,ASME B16.5
IOCL-MM-0003501,IOCL,STUDBLT 2IN 600LB B7/2H THRD,CAN-002135,DEPOT-IOCL-MTH,"Mathura Refinery, Uttar Pradesh",133,2610,453,STUD_BOLT,50.0,600,ASTM A193 B7 / A194 2H,THRD,ASME B18.2.1
IOCL-MM-0003502,IOCL,FLG WNRF 1.5IN 900LB SS316 ASMEB16.5,CAN-000111,DEPOT-IOCL-PNP,"Panipat Refinery, Haryana",46,54380,66,FLANGE_WELD_NECK,40.0,900,ASTM A182 F316,RF,ASME B16.5
IOCL-MM-0003503,IOCL,FLG BLD RTJ 1.5IN CL1500 SS316,CAN-000490,DEPOT-IOCL-KYL,"Koyali Refinery, Gujarat",50,66950,741,FLANGE_BLIND,40.0,1500,ASTM A182 F316,RTJ,ASME B16.5
IOCL-MM-0003504,IOCL,VLV GT 6IN 1500# A105 BW API6D,CAN-001416,DEPOT-IOCL-MTH,"Mathura Refinery, Uttar Pradesh",35,1166450,83,GATE_VALVE,150.0,1500,ASTM A105,BW,API 6D
IOCL-MM-0003505,IOCL,FLG SO 6IN CL300 A105 FF ASMEB16.5,CAN-000888,DEPOT-IOCL-PNP,"Panipat Refinery, Haryana",37,28610,67,FLANGE_SLIP_ON,150.0,300,ASTM A105,FF,ASME B16.5
IOCL-MM-0003506,IOCL,FLG BLD 2IN CL1500 A350-LF2 RF,CAN-000517,DEPOT-IOCL-KYL,"Koyali Refinery, Gujarat",37,44740,107,FLANGE_BLIND,50.0,1500,ASTM A350 LF2,RF,ASME B16.5
IOCL-MM-0003507,IOCL,VLV GT 1/2IN 150LB SS316 BW,CAN-001011,DEPOT-IOCL-PNP,"Panipat Refinery, Haryana",18,29640,83,GATE_VALVE,15.0,150,ASTM A182 F316,BW,API 600
IOCL-MM-0003508,IOCL,VLV BL 10IN 150LB SS316 RF API6D,CAN-001763,DEPOT-IOCL-MTH,"Mathura Refinery, Uttar Pradesh",49,1404660,89,BALL_VALVE,250.0,150,ASTM A182 F316,RF,API 6D
IOCL-MM-0003509,IOCL,FLG SO 12IN CL600 SS304 FF,CAN-000986,DEPOT-IOCL-KYL,"Koyali Refinery, Gujarat",0,294380,0,FLANGE_SLIP_ON,300.0,600,ASTM A182 F304,FF,ASME B16.5
IOCL-MM-0003510,IOCL,VLV GLB 3IN 300LB WCB RF,CAN-001885,DEPOT-IOCL-GWT,"Guwahati Refinery, Assam",97,189550,321,GLOBE_VALVE,80.0,300,ASTM A216 WCB,RF,BS 1873
IOCL-MM-0003511,IOCL,FLG SO 12IN 600# A105 FF,CAN-000984,DEPOT-IOCL-KYL,"Koyali Refinery, Gujarat",0,122660,0,FLANGE_SLIP_ON,300.0,600,ASTM A105,FF,ASME B16.5
IOCL-MM-0003512,IOCL,FLG WN 6IN CL600 SS304 RTJ,CAN-000262,DEPOT-IOCL-PNP,"Panipat Refinery, Haryana",30,164390,97,FLANGE_WELD_NECK,150.0,600,ASTM A182 F304,RTJ,ASME B16.5
IOCL-MM-0003513,IOCL,VLV GT 1IN CL600 SS316 BW,CAN-001095,DEPOT-IOCL-KYL,"Koyali Refinery, Gujarat",16,174610,117,GATE_VALVE,25.0,600,ASTM A182 F316,BW,API 600
IOCL-MM-0003514,IOCL,VLV GT 8IN 300# A105 RF,CAN-001438,DEPOT-IOCL-KYL,"Koyali Refinery, Gujarat",23,467850,665,GATE_VALVE,200.0,300,ASTM A105,RF,API 6D
IOCL-MM-0003515,IOCL,FLG WN 4IN 900# A105 RTJ,CAN-000226,DEPOT-IOCL-MTH,"Mathura Refinery, Uttar Pradesh",150,55920,262,FLANGE_WELD_NECK,100.0,900,ASTM A105,RTJ,ASME B16.5
IOCL-MM-0003516,IOCL,FLG SO 6IN CL1500 SS304 FF,CAN-000908,DEPOT-IOCL-PRD,"Paradip Refinery, Odisha",145,248840,302,FLANGE_SLIP_ON,150.0,1500,ASTM A182 F304,FF,ASME B16.5
IOCL-MM-0003517,IOCL,VLV GT 2IN CL900 SS316 RF API6D,CAN-001226,DEPOT-IOCL-GWT,"Guwahati Refinery, Assam",72,594670,418,GATE_VALVE,50.0,900,ASTM A182 F316,RF,API 6D
IOCL-MM-0003518,IOCL,FLG WNRF 1/2IN 150LB A105,CAN-000001,DEPOT-IOCL-PNP,"Panipat Refinery, Haryana",24,1130,88,FLANGE_WELD_NECK,15.0,150,ASTM A105,RF,ASME B16.5
IOCL-MM-0003519,IOCL,FLG WN RTJ 3IN 1500LB SS316,CAN-000200,DEPOT-IOCL-MTH,"Mathura Refinery, Uttar Pradesh",0,201490,0,FLANGE_WELD_NECK,80.0,1500,ASTM A182 F316,RTJ,ASME B16.5
IOCL-MM-0003520,IOCL,VLV GT 4IN CL600 A105 RF,CAN-001330,DEPOT-IOCL-PRD,"Paradip Refinery, Odisha",47,330820,40,GATE_VALVE,100.0,600,ASTM A105,RF,API 6D
IOCL-MM-0003521,IOCL,VLV GT 6IN 150# WCB RF,CAN-001362,DEPOT-IOCL-MTH,"Mathura Refinery, Uttar Pradesh",97,184870,199,GATE_VALVE,150.0,150,ASTM A216 WCB,RF,API 6D
IOCL-MM-0003522,IOCL,FLG BLD 12IN 150# A105 RF ASMEB16.5,CAN-000671,DEPOT-IOCL-PRD,"Paradip Refinery, Odisha",31,45520,67,FLANGE_BLIND,300.0,150,ASTM A105,RF,ASME B16.5
IOCL-MM-0003523,IOCL,VLV GT 1IN 1500# SS316 BW,CAN-001119,DEPOT-IOCL-PRD,"Paradip Refinery, Odisha",0,363430,0,GATE_VALVE,25.0,1500,ASTM A182 F316,BW,API 600
IOCL-MM-0003524,IOCL,FLG BLD RTJ 1IN CL1500 A105,CAN-000456,DEPOT-IOCL-MTH,"Mathura Refinery, Uttar Pradesh",0,11350,0,FLANGE_BLIND,25.0,1500,ASTM A105,RTJ,ASME B16.5
IOCL-MM-0003525,IOCL,VLV GT 8IN 1500LB SS316 RF,CAN-001478,DEPOT-IOCL-PRD,"Paradip Refinery, Odisha",0,5425490,0,GATE_VALVE,200.0,1500,ASTM A182 F316,RF,API 6D
IOCL-MM-0003526,IOCL,GSKT SPWD 12IN 150LB SS316/GRAF RF ASMEB16.20,CAN-002091,DEPOT-IOCL-PRD,"Paradip Refinery, Odisha",91,52600,431,SPIRAL_WOUND_GASKET,300.0,150,SS316 / GRAPHITE,RF,ASME B16.20
IOCL-MM-0003527,IOCL,FLG SO 2IN 300# SS304 FF,CAN-000800,DEPOT-IOCL-PNP,"Panipat Refinery, Haryana",39,16460,24,FLANGE_SLIP_ON,50.0,300,ASTM A182 F304,FF,ASME B16.5
IOCL-MM-0003528,IOCL,FLG WN RTJ 1.5IN 1500LB SS316,CAN-000120,DEPOT-IOCL-PNP,"Panipat Refinery, Haryana",29,81830,92,FLANGE_WELD_NECK,40.0,1500,ASTM A182 F316,RTJ,ASME B16.5
IOCL-MM-0003529,IOCL,FLG BLD 2IN 150LB A105 RF,CAN-000491,DEPOT-IOCL-PNP,"Panipat Refinery, Haryana",46,4430,77,FLANGE_BLIND,50.0,150,ASTM A105,RF,ASME B16.5
IOCL-MM-0003530,IOCL,FLG SO 12IN CL1500 SS316 FF,CAN-001000,DEPOT-IOCL-PNP,"Panipat Refinery, Haryana",0,816960,0,FLANGE_SLIP_ON,300.0,1500,ASTM A182 F316,FF,ASME B16.5
IOCL-MM-0003531,IOCL,VLV GT 2IN CL1500 A105 RF,CAN-001233,DEPOT-IOCL-PRD,"Paradip Refinery, Odisha",56,279640,703,GATE_VALVE,50.0,1500,ASTM A105,RF,API 600
IOCL-MM-0003532,IOCL,VLV GT 6IN 150# WCB BW API6D,CAN-001364,DEPOT-IOCL-MTH,"Mathura Refinery, Uttar Pradesh",31,184870,297,GATE_VALVE,150.0,150,ASTM A216 WCB,BW,API 6D
IOCL-MM-0003533,IOCL,VLV GT 1/2IN 900LB A105 RF API600,CAN-001041,DEPOT-IOCL-PRD,"Paradip Refinery, Odisha",125,38840,485,GATE_VALVE,15.0,900,ASTM A105,RF,API 600
IOCL-MM-0003534,IOCL,VLV GT 8IN 600# WCB RF,CAN-001446,DEPOT-IOCL-PNP,"Panipat Refinery, Haryana",0,814580,0,GATE_VALVE,200.0,600,ASTM A216 WCB,RF,API 6D
IOCL-MM-0003535,IOCL,VLV GT 12IN CL600 SS316 BW,CAN-001576,DEPOT-IOCL-PNP,"Panipat Refinery, Haryana",9,4415760,68,GATE_VALVE,300.0,600,ASTM A182 F316,BW,API 6D
IOCL-MM-0003536,IOCL,FLG WNRF 6IN 300# A350-LF2,CAN-000251,DEPOT-IOCL-PRD,"Paradip Refinery, Odisha",64,62940,483,FLANGE_WELD_NECK,150.0,300,ASTM A350 LF2,RF,ASME B16.5
IOCL-MM-0003537,IOCL,VLV BL 2IN 600LB SS316 RF,CAN-001671,DEPOT-IOCL-GWT,"Guwahati Refinery, Assam",27,525480,199,BALL_VALVE,50.0,600,ASTM A182 F316,RF,API 6D
IOCL-MM-0003538,IOCL,FLG BLD RTJ 1.5IN 1500LB A350-LF2,CAN-000488,DEPOT-IOCL-PRD,"Paradip Refinery, Odisha",67,33470,658,FLANGE_BLIND,40.0,1500,ASTM A350 LF2,RTJ,ASME B16.5
IOCL-MM-0003539,IOCL,FLG SO 1IN CL900 SS304 RF ASMEB16.5,CAN-000751,DEPOT-IOCL-PNP,"Panipat Refinery, Haryana",5,16100,64,FLANGE_SLIP_ON,25.0,900,ASTM A182 F304,RF,ASME B16.5
IOCL-MM-0003540,IOCL,VLV GLB 1IN CL300 WCB RF,CAN-001826,DEPOT-IOCL-PRD,"Paradip Refinery, Odisha",118,41780,292,GLOBE_VALVE,25.0,300,ASTM A216 WCB,RF,ASME B16.34
IOCL-MM-0003541,IOCL,STUDBLT 1.5IN 150# L7/GR7 THRD,CAN-002122,DEPOT-IOCL-KYL,"Koyali Refinery, Gujarat",5,1030,81,STUD_BOLT,40.0,150,ASTM A320 L7 / A194 7,THRD,ASME B18.2.1
IOCL-MM-0003542,IOCL,FLG BLD 10IN 150# A350-LF2 RF,CAN-000643,DEPOT-IOCL-PNP,"Panipat Refinery, Haryana",0,57460,0,FLANGE_BLIND,250.0,150,ASTM A350 LF2,RF,ASME B16.5
IOCL-MM-0003543,IOCL,VLV GT 1.5IN 600# A105 RF,CAN-001149,DEPOT-IOCL-MTH,"Mathura Refinery, Uttar Pradesh",127,100520,379,GATE_VALVE,40.0,600,ASTM A105,RF,API 600
IOCL-MM-0003544,IOCL,VLV GT 12IN CL150 A105 RF,CAN-001545,DEPOT-IOCL-GWT,"Guwahati Refinery, Assam",18,455200,51,GATE_VALVE,300.0,150,ASTM A105,RF,API 600
IOCL-MM-0003545,IOCL,FLG WNRF 1.5IN CL600 SS304,CAN-000101,DEPOT-IOCL-GWT,"Guwahati Refinery, Assam",38,29480,97,FLANGE_WELD_NECK,40.0,600,ASTM A182 F304,RF,ASME B16.5
IOCL-MM-0003546,IOCL,FLG WN 12IN 150LB A105 RTJ ASMEB16.5,CAN-000362,DEPOT-IOCL-PNP,"Panipat Refinery, Haryana",95,55630,326,FLANGE_WELD_NECK,300.0,150,ASTM A105,RTJ,ASME B16.5
IOCL-MM-0003547,IOCL,FLG WNRF 8IN 900LB SS304,CAN-000309,DEPOT-IOCL-MTH,"Mathura Refinery, Uttar Pradesh",6,330500,84,FLANGE_WELD_NECK,200.0,900,ASTM A182 F304,RF,ASME B16.5
IOCL-MM-0003548,IOCL,VLV GT 12IN 900# WCB RF,CAN-001578,DEPOT-IOCL-MTH,"Mathura Refinery, Uttar Pradesh",137,1908660,552,GATE_VALVE,300.0,900,ASTM A216 WCB,RF,API 6D
IOCL-MM-0003549,IOCL,VLV GT 12IN 900# SS316 BW API6D,CAN-001588,DEPOT-IOCL-PRD,"Paradip Refinery, Odisha",135,6107710,594,GATE_VALVE,300.0,900,ASTM A182 F316,BW,API 6D
IOCL-MM-0003550,IOCL,FLG WN RTJ 4IN CL1500 A350-LF2,CAN-000236,DEPOT-IOCL-KYL,"Koyali Refinery, Gujarat",0,134650,0,FLANGE_WELD_NECK,100.0,1500,ASTM A350 LF2,RTJ,ASME B16.5
IOCL-MM-0003551,IOCL,VLV GT 4IN 900LB A105 BW API6D,CAN-001344,DEPOT-IOCL-GWT,"Guwahati Refinery, Assam",0,457580,0,GATE_VALVE,100.0,900,ASTM A105,BW,API 6D
IOCL-MM-0003552,IOCL,FLG BLD 1/2IN CL600 A105 RF ASMEB16.5,CAN-000413,DEPOT-IOCL-GWT,"Guwahati Refinery, Assam",49,2800,107,FLANGE_BLIND,15.0,600,ASTM A105,RF,ASME B16.5
IOCL-MM-0003553,IOCL,GSKT SPWD 3IN 900LB SS316/GRAF RF ASMEB16.20,CAN-002047,DEPOT-IOCL-PNP,"Panipat Refinery, Haryana",33,39560,111,SPIRAL_WOUND_GASKET,80.0,900,SS316 / GRAPHITE,RF,ASME B16.20
IOCL-MM-0003554,IOCL,FLG SO 4IN 600LB SS304 RF,CAN-000865,DEPOT-IOCL-GWT,"Guwahati Refinery, Assam",20,70570,61,FLANGE_SLIP_ON,100.0,600,ASTM A182 F304,RF,ASME B16.5
IOCL-MM-0003555,IOCL,VLV GT 1/2IN CL150 A105 RF API6D,CAN-001006,DEPOT-IOCL-PRD,"Paradip Refinery, Odisha",12,9260,55,GATE_VALVE,15.0,150,ASTM A105,RF,API 6D
IOCL-MM-0003556,IOCL,VLV BL 4IN CL1500 SS316 BW,CAN-001720,DEPOT-IOCL-KYL,"Koyali Refinery, Gujarat",0,2693080,0,BALL_VALVE,100.0,1500,ASTM A182 F316,BW,API 6D
IOCL-MM-0003557,IOCL,VLV GT 12IN 900LB WCB RF API600,CAN-001577,DEPOT-IOCL-KYL,"Koyali Refinery, Gujarat",17,1908660,26,GATE_VALVE,300.0,900,ASTM A216 WCB,RF,API 600
IOCL-MM-0003558,IOCL,FLG WN RTJ 4IN 1500# SS304 ASMEB16.5,CAN-000238,DEPOT-IOCL-KYL,"Koyali Refinery, Gujarat",44,201980,77,FLANGE_WELD_NECK,100.0,1500,ASTM A182 F304,RTJ,ASME B16.5
IOCL-MM-0003559,IOCL,FLG SO 8IN 150LB A105 FF ASMEB16.5,CAN-000912,DEPOT-IOCL-PNP,"Panipat Refinery, Haryana",0,23880,0,FLANGE_SLIP_ON,200.0,150,ASTM A105,FF,ASME B16.5
IOCL-MM-0003560,IOCL,GSKT SPWD 2IN CL1500 SS316/GRAF RF ASMEB16.20,CAN-002039,DEPOT-IOCL-KYL,"Koyali Refinery, Gujarat",64,32310,318,SPIRAL_WOUND_GASKET,50.0,1500,SS316 / GRAPHITE,RF,ASME B16.20
IOCL-MM-0003561,IOCL,VLV GLB 1.5IN CL150 A105 RF BS1873,CAN-001843,DEPOT-IOCL-GWT,"Guwahati Refinery, Assam",0,44210,0,GLOBE_VALVE,40.0,150,ASTM A105,RF,BS 1873
IOCL-MM-0003562,IOCL,VLV GT 3IN CL1500 A105 BW API6D,CAN-001296,DEPOT-IOCL-MTH,"Mathura Refinery, Uttar Pradesh",52,515190,191,GATE_VALVE,80.0,1500,ASTM A105,BW,API 6D
IOCL-MM-0003563,IOCL,VLV BL 3IN 1500LB SS316 RF,CAN-001699,DEPOT-IOCL-PNP,"Panipat Refinery, Haryana",124,2014960,361,BALL_VALVE,80.0,1500,ASTM A182 F316,RF,API 6D
IOCL-MM-0003564,IOCL,FLG SO 12IN 900# SS304 FF,CAN-000992,DEPOT-IOCL-KYL,"Koyali Refinery, Gujarat",42,407180,86,FLANGE_SLIP_ON,300.0,900,ASTM A182 F304,FF,ASME B16.5
IOCL-MM-0003565,IOCL,VLV GT 8IN CL600 A105 RF,CAN-001449,DEPOT-IOCL-PRD,"Paradip Refinery, Odisha",83,814580,400,GATE_VALVE,200.0,600,ASTM A105,RF,API 600
IOCL-MM-0003566,IOCL,STUDBLT 1/2IN 300LB L7/GR7 THRD,CAN-002104,DEPOT-IOCL-KYL,"Koyali Refinery, Gujarat",122,500,749,STUD_BOLT,15.0,300,ASTM A320 L7 / A194 7,THRD,ASME B18.2.1
IOCL-MM-0003567,IOCL,FLG WNRF 8IN CL600 A105,CAN-000297,DEPOT-IOCL-PRD,"Paradip Refinery, Odisha",0,99560,0,FLANGE_WELD_NECK,200.0,600,ASTM A105,RF,ASME B16.5
IOCL-MM-0003568,IOCL,VLV GT 1IN 900LB WCB RF API6D,CAN-001098,DEPOT-IOCL-PNP,"Panipat Refinery, Haryana",0,75470,0,GATE_VALVE,25.0,900,ASTM A216 WCB,RF,API 6D
IOCL-MM-0003569,IOCL,VLV GT 1.5IN CL900 SS316 BW API600,CAN-001167,DEPOT-IOCL-PRD,"Paradip Refinery, Odisha",84,444930,432,GATE_VALVE,40.0,900,ASTM A182 F316,BW,API 600
IOCL-MM-0003570,IOCL,FLG WNRF 1.5IN 900# A350-LF2,CAN-000107,DEPOT-IOCL-MTH,"Mathura Refinery, Uttar Pradesh",41,27190,338,FLANGE_WELD_NECK,40.0,900,ASTM A350 LF2,RF,ASME B16.5
IOCL-MM-0003571,IOCL,GSKT SPWD 4IN 900# SS304/GRAF RF,CAN-002058,DEPOT-IOCL-PNP,"Panipat Refinery, Haryana",0,39650,0,SPIRAL_WOUND_GASKET,100.0,900,SS304 / GRAPHITE,RF,ASME B16.20
IOCL-MM-0003572,IOCL,VLV GLB 1.5IN 300# WCB RF ASMEB16.34,CAN-001846,DEPOT-IOCL-PNP,"Panipat Refinery, Haryana",47,76980,99,GLOBE_VALVE,40.0,300,ASTM A216 WCB,RF,ASME B16.34
IOCL-MM-0003573,IOCL,VLV GT 1IN 150LB WCB BW,CAN-001063,DEPOT-IOCL-MTH,"Mathura Refinery, Uttar Pradesh",37,18000,492,GATE_VALVE,25.0,150,ASTM A216 WCB,BW,API 600
IOCL-MM-0003574,IOCL,VLV GT 1IN CL1500 SS316 BW,CAN-001119,DEPOT-IOCL-MTH,"Mathura Refinery, Uttar Pradesh",92,363430,252,GATE_VALVE,25.0,1500,ASTM A182 F316,BW,API 600
IOCL-MM-0003575,IOCL,GSKT SPWD 1.5IN 900# SS316/GRAF RF ASMEB16.20,CAN-002027,DEPOT-IOCL-PNP,"Panipat Refinery, Haryana",0,16060,0,SPIRAL_WOUND_GASKET,40.0,900,SS316 / GRAPHITE,RF,ASME B16.20
IOCL-MM-0003576,IOCL,FLG WN RTJ 12IN CL900 SS304 ASMEB16.5,CAN-000390,DEPOT-IOCL-PRD,"Paradip Refinery, Odisha",7,559870,85,FLANGE_WELD_NECK,300.0,900,ASTM A182 F304,RTJ,ASME B16.5
IOCL-MM-0003577,IOCL,VLV GT 3IN CL600 SS316 RF,CAN-001273,DEPOT-IOCL-GWT,"Guwahati Refinery, Assam",118,792070,484,GATE_VALVE,80.0,600,ASTM A182 F316,RF,API 600
IOCL-MM-0003578,IOCL,VLV BL 1/2IN 300# SS316 BW,CAN-001608,DEPOT-IOCL-MTH,"Mathura Refinery, Uttar Pradesh",5,63090,52,BALL_VALVE,15.0,300,ASTM A182 F316,BW,API 6D
IOCL-MM-0003579,IOCL,FLG WN 8IN CL150 A350-LF2 RF,CAN-000283,DEPOT-IOCL-PNP,"Panipat Refinery, Haryana",19,52540,53,FLANGE_WELD_NECK,200.0,150,ASTM A350 LF2,RF,ASME B16.5
IOCL-MM-0003580,IOCL,FLG SO 4IN 150# SS304 RF ASMEB16.5,CAN-000853,DEPOT-IOCL-KYL,"Koyali Refinery, Gujarat",129,23280,284,FLANGE_SLIP_ON,100.0,150,ASTM A182 F304,RF,ASME B16.5
IOCL-MM-0003581,IOCL,VLV GT 4IN CL300 SS316 RF,CAN-001322,DEPOT-IOCL-PRD,"Paradip Refinery, Odisha",122,608020,308,GATE_VALVE,100.0,300,ASTM A182 F316,RF,API 6D
IOCL-MM-0003582,IOCL,VLV GLB 8IN CL150 WCB RF,CAN-001942,DEPOT-IOCL-PRD,"Paradip Refinery, Odisha",28,358280,558,GLOBE_VALVE,200.0,150,ASTM A216 WCB,RF,ASME B16.34
IOCL-MM-0003583,IOCL,VLV GT 1IN 1500LB WCB RF,CAN-001110,DEPOT-IOCL-PNP,"Panipat Refinery, Haryana",0,113570,0,GATE_VALVE,25.0,1500,ASTM A216 WCB,RF,API 6D
IOCL-MM-0003584,IOCL,FLG SO 3IN CL1500 SS304 RF ASMEB16.5,CAN-000847,DEPOT-IOCL-PNP,"Panipat Refinery, Haryana",31,109900,62,FLANGE_SLIP_ON,80.0,1500,ASTM A182 F304,RF,ASME B16.5
IOCL-MM-0003585,IOCL,STUDBLT 4IN 600# B7/2H THRD,CAN-002155,DEPOT-IOCL-KYL,"Koyali Refinery, Gujarat",35,6430,29,STUD_BOLT,100.0,600,ASTM A193 B7 / A194 2H,THRD,ASME B18.2.1
IOCL-MM-0003586,IOCL,GSKT SPWD 1IN CL600 SS304/GRAF RF,CAN-002016,DEPOT-IOCL-GWT,"Guwahati Refinery, Assam",21,4720,497,SPIRAL_WOUND_GASKET,25.0,600,SS304 / GRAPHITE,RF,ASME B16.20
IOCL-MM-0003587,IOCL,VLV BL 2IN 1500# WCB BW,CAN-001678,DEPOT-IOCL-GWT,"Guwahati Refinery, Assam",12,341790,100,BALL_VALVE,50.0,1500,ASTM A216 WCB,BW,API 6D
IOCL-MM-0003588,IOCL,FLG BLD RTJ 6IN 900# A350-LF2,CAN-000602,DEPOT-IOCL-MTH,"Mathura Refinery, Uttar Pradesh",44,124020,50,FLANGE_BLIND,150.0,900,ASTM A350 LF2,RTJ,ASME B16.5
IOCL-MM-0003589,IOCL,STUDBLT 1IN 1500LB L7/GR7 THRD ASMEB18.2.1,CAN-002120,DEPOT-IOCL-PNP,"Panipat Refinery, Haryana",36,3530,35,STUD_BOLT,25.0,1500,ASTM A320 L7 / A194 7,THRD,ASME B18.2.1
IOCL-MM-0003590,IOCL,STUDBLT 2IN CL600 L7/GR7 THRD ASMEB18.2.1,CAN-002136,DEPOT-IOCL-KYL,"Koyali Refinery, Gujarat",109,4170,243,STUD_BOLT,50.0,600,ASTM A320 L7 / A194 7,THRD,ASME B18.2.1
IOCL-MM-0003591,IOCL,FLG SO 12IN 1500# SS304 RF,CAN-000997,DEPOT-IOCL-PRD,"Paradip Refinery, Odisha",65,612720,226,FLANGE_SLIP_ON,300.0,1500,ASTM A182 F304,RF,ASME B16.5
IOCL-MM-0003592,IOCL,FLG WN 8IN 300# SS304 RTJ,CAN-000294,DEPOT-IOCL-PRD,"Paradip Refinery, Odisha",9,137230,85,FLANGE_WELD_NECK,200.0,300,ASTM A182 F304,RTJ,ASME B16.5
IOCL-MM-0003593,IOCL,FLG SO 6IN 1500# SS316 RF,CAN-000909,DEPOT-IOCL-MTH,"Mathura Refinery, Uttar Pradesh",0,331790,0,FLANGE_SLIP_ON,150.0,1500,ASTM A182 F316,RF,ASME B16.5
IOCL-MM-0003594,IOCL,VLV GT 12IN 150# WCB RF API600,CAN-001541,DEPOT-IOCL-MTH,"Mathura Refinery, Uttar Pradesh",99,455200,461,GATE_VALVE,300.0,150,ASTM A216 WCB,RF,API 600
IOCL-MM-0003595,IOCL,VLV BL 1.5IN 300LB SS316 RF API6D,CAN-001647,DEPOT-IOCL-PRD,"Paradip Refinery, Odisha",0,225810,0,BALL_VALVE,40.0,300,ASTM A182 F316,RF,API 6D
IOCL-MM-0003596,IOCL,FLG BLD RTJ 10IN 600LB SS316 ASMEB16.5,CAN-000658,DEPOT-IOCL-PRD,"Paradip Refinery, Odisha",13,348390,109,FLANGE_BLIND,250.0,600,ASTM A182 F316,RTJ,ASME B16.5
IOCL-MM-0003597,IOCL,VLV GT 12IN 150# WCB BW API6D,CAN-001544,DEPOT-IOCL-PNP,"Panipat Refinery, Haryana",21,455200,661,GATE_VALVE,300.0,150,ASTM A216 WCB,BW,API 6D
IOCL-MM-0003598,IOCL,VLV GLB 3IN 900LB WCB RF ASMEB16.34,CAN-001894,DEPOT-IOCL-PRD,"Paradip Refinery, Odisha",0,456480,0,GLOBE_VALVE,80.0,900,ASTM A216 WCB,RF,ASME B16.34
IOCL-MM-0003599,IOCL,VLV GT 12IN 600LB WCB BW,CAN-001567,DEPOT-IOCL-PRD,"Paradip Refinery, Odisha",111,1379920,271,GATE_VALVE,300.0,600,ASTM A216 WCB,BW,API 600
IOCL-MM-0003600,IOCL,GSKT SPWD 4IN 1500LB SS316/GRAF RF,CAN-002059,DEPOT-IOCL-MTH,"Mathura Refinery, Uttar Pradesh",108,79560,260,SPIRAL_WOUND_GASKET,100.0,1500,SS316 / GRAPHITE,RF,ASME B16.20
