local_code,cpse,raw_description,canonical_id,depot_id,depot_location,quantity,unit_cost_inr,idle_days,extracted_item_type,extracted_size_nb_mm,extracted_pressure_class,extracted_metallurgy,extracted_facing,extracted_standard
ONGC-MAT-0000001,ONGC,"FLANGE, BLIND, 6 INCH, CLASS 300, ASTM A350 LF2, ASME B16.5, RTJ FACING",CAN-000590,DEPOT-ONGC-URN,"Uran Plant, Maharashtra",0,51500,0,FLANGE_BLIND,150.0,300,ASTM A350 LF2,RTJ,ASME B16.5
ONGC-MAT-0000002,ONGC,"FLANGE, SLIP-ON, 3 INCH, CLASS 900, ASTM A182 F316, ASME B16.5, FF FACING",CAN-000844,DEPOT-ONGC-URN,"Uran Plant, Maharashtra",0,97380,0,FLANGE_SLIP_ON,80.0,900,ASTM A182 F316,FF,ASME B16.5
ONGC-MAT-0000003,ONGC,"STUD BOLT WITH NUTS, 2 INCH, CLASS 900, ASTM A320 L7 / A194 7, ASME B18.2.1, THRD FACING",CAN-002138,DEPOT-ONGC-MBO,"Mumbai Offshore Logistics Base, Maharashtra",130,5780,613,STUD_BOLT,50.0,900,ASTM A320 L7 / A194 7,THRD,ASME B18.2.1
ONGC-MAT-0000004,ONGC,"FLANGE, WELDING NECK, 1.5 INCH, CLASS 150, ASTM A105, ASME B16.5, RTJ FACING",CAN-000082,DEPOT-ONGC-RJM,"Rajahmundry Asset, Andhra Pradesh",0,4050,0,FLANGE_WELD_NECK,40.0,150,ASTM A105,RTJ,ASME B16.5
ONGC-MAT-0000005,ONGC,"VALVE, BALL, 12 INCH, CLASS 600, ASTM A182 F316, API 6D, RF FACING",CAN-001791,DEPOT-ONGC-URN,"Uran Plant, Maharashtra",19,5397040,39,BALL_VALVE,300.0,600,ASTM A182 F316,RF,API 6D
ONGC-MAT-0000006,ONGC,"VALVE, GATE, 2 INCH, CLASS 1500, ASTM A216 WCB, API 600, RF FACING",CAN-001229,DEPOT-ONGC-RJM,"Rajahmundry Asset, Andhra Pradesh",41,279640,42,GATE_VALVE,50.0,1500,ASTM A216 WCB,RF,API 600
ONGC-MAT-0000007,ONGC,"FLANGE, SLIP-ON, 1.5 INCH, CLASS 900, ASTM A105, ASME B16.5, RF FACING",CAN-000779,DEPOT-ONGC-HZR,"Hazira Gas Processing Plant, Gujarat",69,12350,196,FLANGE_SLIP_ON,40.0,900,ASTM A105,RF,ASME B16.5
ONGC-MAT-0000008,ONGC,"FLANGE, WELDING NECK, 1/2 INCH, CLASS 150, ASTM A350 LF2, ASME B16.5, RTJ FACING",CAN-000004,DEPOT-ONGC-RJM,"Rajahmundry Asset, Andhra Pradesh",98,1810,309,FLANGE_WELD_NECK,15.0,150,ASTM A350 LF2,RTJ,ASME B16.5
ONGC-MAT-0000009,ONGC,"FLANGE, SLIP-ON, 1.5 INCH, CLASS 150, ASTM A105, ASME B16.5, FF FACING",CAN-000762,DEPOT-ONGC-ANK,"Ankleshwar Asset, Gujarat",14,2940,47,FLANGE_SLIP_ON,40.0,150,ASTM A105,FF,ASME B16.5
ONGC-MAT-0000010,ONGC,"VALVE, BALL, 1 INCH, CLASS 900, ASTM A216 WCB, API 6D, RF FACING",CAN-001633,DEPOT-ONGC-HZR,"Hazira Gas Processing Plant, Gujarat",48,92240,32,BALL_VALVE,25.0,900,ASTM A216 WCB,RF,API 6D
ONGC-MAT-0000011,ONGC,"VALVE, BALL, 1/2 INCH, CLASS 150, ASTM A182 F316, API 6D, BW FACING",CAN-001604,DEPOT-ONGC-RJM,"Rajahmundry Asset, Andhra Pradesh",89,36230,599,BALL_VALVE,15.0,150,ASTM A182 F316,BW,API 6D
ONGC-MAT-0000012,ONGC,"VALVE, BALL, 10 INCH, CLASS 1500, ASTM A216 WCB, API 6D, BW FACING",CAN-001778,DEPOT-ONGC-URN,"Uran Plant, Maharashtra",0,2769630,0,BALL_VALVE,250.0,1500,ASTM A216 WCB,BW,API 6D
ONGC-MAT-0000013,ONGC,"FLANGE, SLIP-ON, 1/2 INCH, CLASS 300, ASTM A105, ASME B16.5, RF FACING",CAN-000707,DEPOT-ONGC-ANK,"Ankleshwar Asset, Gujarat",39,1430,87,FLANGE_SLIP_ON,15.0,300,ASTM A105,RF,ASME B16.5
ONGC-MAT-0000014,ONGC,"VALVE, GLOBE, 1 INCH, CLASS 1500, ASTM A216 WCB, ASME B16.34, RF FACING",CAN-001838,DEPOT-ONGC-URN,"Uran Plant, Maharashtra",85,151420,393,GLOBE_VALVE,25.0,1500,ASTM A216 WCB,RF,ASME B16.34
ONGC-MAT-0000015,ONGC,"FLANGE, BLIND, 4 INCH, CLASS 900, ASTM A182 F316, ASME B16.5, RTJ FACING",CAN-000574,DEPOT-ONGC-MBO,"Mumbai Offshore Logistics Base, Maharashtra",38,146420,58,FLANGE_BLIND,100.0,900,ASTM A182 F316,RTJ,ASME B16.5
ONGC-MAT-0000016,ONGC,"VALVE, GATE, 12 INCH, CLASS 900, ASTM A105, API 600, RF FACING",CAN-001581,DEPOT-ONGC-MBO,"Mumbai Offshore Logistics Base, Maharashtra",85,1908660,218,GATE_VALVE,300.0,900,ASTM A105,RF,API 600
ONGC-MAT-0000017,ONGC,"VALVE, GATE, 6 INCH, CLASS 150, ASTM A216 WCB, API 600, BW FACING",CAN-001363,DEPOT-ONGC-RJM,"Rajahmundry Asset, Andhra Pradesh",28,184870,113,GATE_VALVE,150.0,150,ASTM A216 WCB,BW,API 600
ONGC-MAT-0000018,ONGC,"VALVE, GATE, 8 INCH, CLASS 1500, ASTM A216 WCB, API 6D, BW FACING",CAN-001472,DEPOT-ONGC-ANK,"Ankleshwar Asset, Gujarat",0,1695460,0,GATE_VALVE,200.0,1500,ASTM A216 WCB,BW,API 6D
ONGC-MAT-0000019,ONGC,"FLANGE, BLIND, 3 INCH, CLASS 1500, ASTM A350 LF2, ASME B16.5, RTJ FACING",CAN-000548,DEPOT-ONGC-URN,"Uran Plant, Maharashtra",65,82430,572,FLANGE_BLIND,80.0,1500,ASTM A350 LF2,RTJ,ASME B16.5
ONGC-MAT-0000020,ONGC,"VALVE, GATE, 8 INCH, CLASS 900, ASTM A182 F316, API 600, BW FACING",CAN-001467,DEPOT-ONGC-RJM,"Rajahmundry Asset, Andhra Pradesh",104,3605450,531,GATE_VALVE,200.0,900,ASTM A182 F316,BW,API 600
ONGC-MAT-0000021,ONGC,"GASKET, SPIRAL WOUND, 1.5 INCH, CLASS 1500, SS316 / GRAPHITE, ASME B16.20, RF FACING",CAN-002029,DEPOT-ONGC-HZR,"Hazira Gas Processing Plant, Gujarat",18,24170,53,SPIRAL_WOUND_GASKET,40.0,1500,SS316 / GRAPHITE,RF,ASME B16.20
ONGC-MAT-0000022,ONGC,"FLANGE, WELDING NECK, 1.5 INCH, CLASS 600, ASTM A182 F316, ASME B16.5, RTJ FACING",CAN-000104,DEPOT-ONGC-HZR,"Hazira Gas Processing Plant, Gujarat",27,39310,30,FLANGE_WELD_NECK,40.0,600,ASTM A182 F316,RTJ,ASME B16.5
ONGC-MAT-0000023,ONGC,"VALVE, GATE, 1 INCH, CLASS 300, ASTM A182 F316, API 600, BW FACING",CAN-001083,DEPOT-ONGC-RJM,"Rajahmundry Asset, Andhra Pradesh",38,100280,113,GATE_VALVE,25.0,300,ASTM A182 F316,BW,API 600
ONGC-MAT-0000024,ONGC,"VALVE, GATE, 1/2 INCH, CLASS 900, ASTM A105, API 600, RF FACING",CAN-001041,DEPOT-ONGC-RJM,"Rajahmundry Asset, Andhra Pradesh",89,38840,671,GATE_VALVE,15.0,900,ASTM A105,RF,API 600
ONGC-MAT-0000025,ONGC,"FLANGE, WELDING NECK, 1.5 INCH, CLASS 900, ASTM A182 F316, ASME B16.5, RTJ FACING",CAN-000112,DEPOT-ONGC-HZR,"Hazira Gas Processing Plant, Gujarat",0,54380,0,FLANGE_WELD_NECK,40.0,900,ASTM A182 F316,RTJ,ASME B16.5
ONGC-MAT-0000026,ONGC,"FLANGE, WELDING NECK, 1/2 INCH, CLASS 900, ASTM A105, ASME B16.5, RF FACING",CAN-000025,DEPOT-ONGC-MBO,"Mumbai Offshore Logistics Base, Maharashtra",128,4740,470,FLANGE_WELD_NECK,15.0,900,ASTM A105,RF,ASME B16.5
ONGC-MAT-0000027,ONGC,"FLANGE, BLIND, 3 INCH, CLASS 900, ASTM A350 LF2, ASME B16.5, RF FACING",CAN-000541,DEPOT-ONGC-ANK,"Ankleshwar Asset, Gujarat",0,54770,0,FLANGE_BLIND,80.0,900,ASTM A350 LF2,RF,ASME B16.5
ONGC-MAT-0000028,ONGC,"VALVE, GLOBE, 1 INCH, CLASS 150, ASTM A105, ASME B16.34, RF FACING",CAN-001824,DEPOT-ONGC-RJM,"Rajahmundry Asset, Andhra Pradesh",0,24000,0,GLOBE_VALVE,25.0,150,ASTM A105,RF,ASME B16.34
ONGC-MAT-0000029,ONGC,"FLANGE, WELDING NECK, 1/2 INCH, CLASS 900, ASTM A350 LF2, ASME B16.5, RTJ FACING",CAN-000028,DEPOT-ONGC-MBO,"Mumbai Offshore Logistics Base, Maharashtra",7,7590,43,FLANGE_WELD_NECK,15.0,900,ASTM A350 LF2,RTJ,ASME B16.5
ONGC-MAT-0000030,ONGC,"FLANGE, BLIND, 12 INCH, CLASS 600, ASTM A350 LF2, ASME B16.5, RTJ FACING",CAN-000686,DEPOT-ONGC-MBO,"Mumbai Offshore Logistics Base, Maharashtra",0,220780,0,FLANGE_BLIND,300.0,600,ASTM A350 LF2,RTJ,ASME B16.5
ONGC-MAT-0000031,ONGC,"VALVE, GLOBE, 10 INCH, CLASS 300, ASTM A216 WCB, BS 1873, RF FACING",CAN-001965,DEPOT-ONGC-RJM,"Rajahmundry Asset, Andhra Pradesh",5,833740,14,GLOBE_VALVE,250.0,300,ASTM A216 WCB,RF,BS 1873
ONGC-MAT-0000032,ONGC,"FLANGE, WELDING NECK, 6 INCH, CLASS 600, ASTM A105, ASME B16.5, RTJ FACING",CAN-000258,DEPOT-ONGC-RJM,"Rajahmundry Asset, Andhra Pradesh",107,68490,460,FLANGE_WELD_NECK,150.0,600,ASTM A105,RTJ,ASME B16.5
ONGC-MAT-0000033,ONGC,"FLANGE, BLIND, 6 INCH, CLASS 1500, ASTM A350 LF2, ASME B16.5, RTJ FACING",CAN-000608,DEPOT-ONGC-URN,"Uran Plant, Maharashtra",34,186630,37,FLANGE_BLIND,150.0,1500,ASTM A350 LF2,RTJ,ASME B16.5
ONGC-MAT-0000034,ONGC,"FLANGE, WELDING NECK, 1 INCH, CLASS 150, ASTM A105, ASME B16.5, RF FACING",CAN-000041,DEPOT-ONGC-ANK,"Ankleshwar Asset, Gujarat",122,2200,566,FLANGE_WELD_NECK,25.0,150,ASTM A105,RF,ASME B16.5
ONGC-MAT-0000035,ONGC,"VALVE, BALL, 2 INCH, CLASS 900, ASTM A182 F316, API 6D, RF FACING",CAN-001675,DEPOT-ONGC-RJM,"Rajahmundry Asset, Andhra Pradesh",130,726820,640,BALL_VALVE,50.0,900,ASTM A182 F316,RF,API 6D
ONGC-MAT-0000036,ONGC,"VALVE, GATE, 4 INCH, CLASS 600, ASTM A105, API 6D, RF FACING",CAN-001330,DEPOT-ONGC-RJM,"Rajahmundry Asset, Andhra Pradesh",42,330820,43,GATE_VALVE,100.0,600,ASTM A105,RF,API 6D
ONGC-MAT-0000037,ONGC,"VALVE, BALL, 6 INCH, CLASS 900, ASTM A182 F316, API 6D, RF FACING",CAN-001735,DEPOT-ONGC-MBO,"Mumbai Offshore Logistics Base, Maharashtra",0,3031720,0,BALL_VALVE,150.0,900,ASTM A182 F316,RF,API 6D
ONGC-MAT-0000038,ONGC,"VALVE, GATE, 2 INCH, CLASS 300, ASTM A182 F316, API 6D, RF FACING",CAN-001202,DEPOT-ONGC-HZR,"Hazira Gas Processing Plant, Gujarat",46,246930,12,GATE_VALVE,50.0,300,ASTM A182 F316,RF,API 6D
ONGC-MAT-0000039,ONGC,"FLANGE, WELDING NECK, 12 INCH, CLASS 1500, ASTM A105, ASME B16.5, RF FACING",CAN-000393,DEPOT-ONGC-MBO,"Mumbai Offshore Logistics Base, Maharashtra",10,351040,118,FLANGE_WELD_NECK,300.0,1500,ASTM A105,RF,ASME B16.5
ONGC-MAT-0000040,ONGC,"VALVE, BALL, 10 INCH, CLASS 600, ASTM A216 WCB, API 6D, BW FACING",CAN-001770,DEPOT-ONGC-ANK,"Ankleshwar Asset, Gujarat",10,1330670,20,BALL_VALVE,250.0,600,ASTM A216 WCB,BW,API 6D
ONGC-MAT-0000041,ONGC,"FLANGE, WELDING NECK, 1 INCH, CLASS 300, ASTM A182 F304, ASME B16.5, RTJ FACING",CAN-000054,DEPOT-ONGC-HZR,"Hazira Gas Processing Plant, Gujarat",75,9190,716,FLANGE_WELD_NECK,25.0,300,ASTM A182 F304,RTJ,ASME B16.5
ONGC-MAT-0000042,ONGC,"FLANGE, BLIND, 1 INCH, CLASS 1500, ASTM A182 F316, ASME B16.5, RTJ FACING",CAN-000460,DEPOT-ONGC-ANK,"Ankleshwar Asset, Gujarat",134,36340,285,FLANGE_BLIND,25.0,1500,ASTM A182 F316,RTJ,ASME B16.5
ONGC-MAT-0000043,ONGC,"FLANGE, SLIP-ON, 3 INCH, CLASS 900, ASTM A182 F304, ASME B16.5, FF FACING",CAN-000842,DEPOT-ONGC-ANK,"Ankleshwar Asset, Gujarat",27,73030,63,FLANGE_SLIP_ON,80.0,900,ASTM A182 F304,FF,ASME B16.5
ONGC-MAT-0000044,ONGC,"VALVE, BALL, 3 INCH, CLASS 600, ASTM A182 F316, API 6D, BW FACING",CAN-001692,DEPOT-ONGC-MBO,"Mumbai Offshore Logistics Base, Maharashtra",20,968080,526,BALL_VALVE,80.0,600,ASTM A182 F316,BW,API 6D
ONGC-MAT-0000045,ONGC,"VALVE, BALL, 3 INCH, CLASS 300, ASTM A182 F316, API 6D, BW FACING",CAN-001688,DEPOT-ONGC-HZR,"Hazira Gas Processing Plant, Gujarat",37,556020,64,BALL_VALVE,80.0,300,ASTM A182 F316,BW,API 6D
ONGC-MAT-0000046,ONGC,"VALVE, BALL, 1 INCH, CLASS 300, ASTM A216 WCB, API 6D, RF FACING",CAN-001625,DEPOT-ONGC-HZR,"Hazira Gas Processing Plant, Gujarat",29,38300,72,BALL_VALVE,25.0,300,ASTM A216 WCB,RF,API 6D
ONGC-MAT-0000047,ONGC,"FLANGE, WELDING NECK, 1.5 INCH, CLASS 150, ASTM A182 F316, ASME B16.5, RTJ FACING",CAN-000088,DEPOT-ONGC-ANK,"Ankleshwar Asset, Gujarat",48,12960,33,FLANGE_WELD_NECK,40.0,150,ASTM A182 F316,RTJ,ASME B16.5
ONGC-MAT-0000048,ONGC,"VALVE, GATE, 1.5 INCH, CLASS 150, ASTM A182 F316, API 600, BW FACING",CAN-001131,DEPOT-ONGC-URN,"Uran Plant, Maharashtra",18,106110,57,GATE_VALVE,40.0,150,ASTM A182 F316,BW,API 600
ONGC-MAT-0000049,ONGC,"GASKET, SPIRAL WOUND, 1 INCH, CLASS 300, SS304 / GRAPHITE, ASME B16.20, RF FACING",CAN-002014,DEPOT-ONGC-RJM,"Rajahmundry Asset, Andhra Pradesh",131,2710,709,SPIRAL_WOUND_GASKET,25.0,300,SS304 / GRAPHITE,RF,ASME B16.20
ONGC-MAT-0000050,ONGC,"VALVE, GATE, 2 INCH, CLASS 300, ASTM A105, API 600, RF FACING",CAN-001197,DEPOT-ONGC-ANK,"Ankleshwar Asset, Gujarat",0,77160,0,GATE_VALVE,50.0,300,ASTM A105,RF,API 600
ONGC-MAT-0000051,ONGC,"FLANGE, SLIP-ON, 4 INCH, CLASS 1500, ASTM A182 F316, ASME B16.5, RF FACING",CAN-000879,DEPOT-ONGC-ANK,"Ankleshwar Asset, Gujarat",6,195860,92,FLANGE_SLIP_ON,100.0,1500,ASTM A182 F316,RF,ASME B16.5
ONGC-MAT-0000052,ONGC,"GASKET, SPIRAL WOUND, 10 INCH, CLASS 900, SS316 / GRAPHITE, ASME B16.20, RF FACING",CAN-002087,DEPOT-ONGC-ANK,"Ankleshwar Asset, Gujarat",124,174010,414,SPIRAL_WOUND_GASKET,250.0,900,SS316 / GRAPHITE,RF,ASME B16.20
ONGC-MAT-0000053,ONGC,"VALVE, GATE, 6 INCH, CLASS 300, ASTM A182 F316, API 600, BW FACING",CAN-001383,DEPOT-ONGC-MBO,"Mumbai Offshore Logistics Base, Maharashtra",7,1030010,27,GATE_VALVE,150.0,300,ASTM A182 F316,BW,API 600
ONGC-MAT-0000054,ONGC,"VALVE, GATE, 10 INCH, CLASS 900, ASTM A182 F316, API 6D, RF FACING",CAN-001526,DEPOT-ONGC-ANK,"Ankleshwar Asset, Gujarat",131,4818850,253,GATE_VALVE,250.0,900,ASTM A182 F316,RF,API 6D
ONGC-MAT-0000055,ONGC,"FLANGE, WELDING NECK, 1 INCH, CLASS 150, ASTM A182 F316, ASME B16.5, RF FACING",CAN-000047,DEPOT-ONGC-MBO,"Mumbai Offshore Logistics Base, Maharashtra",62,7040,519,FLANGE_WELD_NECK,25.0,150,ASTM A182 F316,RF,ASME B16.5
ONGC-MAT-0000056,ONGC,"FLANGE, SLIP-ON, 12 INCH, CLASS 300, ASTM A182 F304, ASME B16.5, RF FACING",CAN-000979,DEPOT-ONGC-MBO,"Mumbai Offshore Logistics Base, Maharashtra",0,169070,0,FLANGE_SLIP_ON,300.0,300,ASTM A182 F304,RF,ASME B16.5
ONGC-MAT-0000057,ONGC,"VALVE, GATE, 2 INCH, CLASS 150, ASTM A182 F316, API 6D, RF FACING",CAN-001190,DEPOT-ONGC-HZR,"Hazira Gas Processing Plant, Gujarat",104,141820,237,GATE_VALVE,50.0,150,ASTM A182 F316,RF,API 6D
ONGC-MAT-0000058,ONGC,"FLANGE, WELDING NECK, 10 INCH, CLASS 300, ASTM A182 F304, ASME B16.5, RTJ FACING",CAN-000334,DEPOT-ONGC-URN,"Uran Plant, Maharashtra",50,183420,72,FLANGE_WELD_NECK,250.0,300,ASTM A182 F304,RTJ,ASME B16.5
ONGC-MAT-0000059,ONGC,"FLANGE, SLIP-ON, 1/2 INCH, CLASS 300, ASTM A105, ASME B16.5, FF FACING",CAN-000708,DEPOT-ONGC-MBO,"Mumbai Offshore Logistics Base, Maharashtra",116,1430,488,FLANGE_SLIP_ON,15.0,300,ASTM A105,FF,ASME B16.5
ONGC-MAT-0000060,ONGC,"VALVE, GATE, 4 INCH, CLASS 900, ASTM A216 WCB, API 6D, RF FACING",CAN-001338,DEPOT-ONGC-RJM,"Rajahmundry Asset, Andhra Pradesh",38,457580,601,GATE_VALVE,100.0,900,ASTM A216 WCB,RF,API 6D
ONGC-MAT-0000061,ONGC,"FLANGE, SLIP-ON, 1 INCH, CLASS 600, ASTM A105, ASME B16.5, FF FACING",CAN-000744,DEPOT-ONGC-URN,"Uran Plant, Maharashtra",23,4850,83,FLANGE_SLIP_ON,25.0,600,ASTM A105,FF,ASME B16.5
ONGC-MAT-0000062,ONGC,"STUD BOLT WITH NUTS, 2 INCH, CLASS 600, ASTM A320 L7 / A194 7, ASME B18.2.1, THRD FACING",CAN-002136,DEPOT-ONGC-URN,"Uran Plant, Maharashtra",124,4170,233,STUD_BOLT,50.0,600,ASTM A320 L7 / A194 7,THRD,ASME B18.2.1
ONGC-MAT-0000063,ONGC,"FLANGE, SLIP-ON, 3 INCH, CLASS 900, ASTM A182 F304, ASME B16.5, RF FACING",CAN-000841,DEPOT-ONGC-MBO,"Mumbai Offshore Logistics Base, Maharashtra",0,73030,0,FLANGE_SLIP_ON,80.0,900,ASTM A182 F304,RF,ASME B16.5
ONGC-MAT-0000064,ONGC,"VALVE, GATE, 10 INCH, CLASS 900, ASTM A105, API 600, BW FACING",CAN-001523,DEPOT-ONGC-RJM,"Rajahmundry Asset, Andhra Pradesh",6,1505890,102,GATE_VALVE,250.0,900,ASTM A105,BW,API 600
ONGC-MAT-0000065,ONGC,"VALVE, GATE, 12 INCH, CLASS 300, ASTM A182 F316, API 600, RF FACING",CAN-001561,DEPOT-ONGC-HZR,"Hazira Gas Processing Plant, Gujarat",0,2536190,0,GATE_VALVE,300.0,300,ASTM A182 F316,RF,API 600
ONGC-MAT-0000066,ONGC,"FLANGE, BLIND, 1 INCH, CLASS 1500, ASTM A105, ASME B16.5, RF FACING",CAN-000455,DEPOT-ONGC-HZR,"Hazira Gas Processing Plant, Gujarat",56,11350,629,FLANGE_BLIND,25.0,1500,ASTM A105,RF,ASME B16.5
ONGC-MAT-0000067,ONGC,"FLANGE, BLIND, 1 INCH, CLASS 900, ASTM A105, ASME B16.5, RF FACING",CAN-000449,DEPOT-ONGC-RJM,"Rajahmundry Asset, Andhra Pradesh",43,7540,52,FLANGE_BLIND,25.0,900,ASTM A105,RF,ASME B16.5
ONGC-MAT-0000068,ONGC,"FLANGE, BLIND, 3 INCH, CLASS 150, ASTM A105, ASME B16.5, RF FACING",CAN-000521,DEPOT-ONGC-HZR,"Hazira Gas Processing Plant, Gujarat",73,8160,181,FLANGE_BLIND,80.0,150,ASTM A105,RF,ASME B16.5
ONGC-MAT-0000069,ONGC,"VALVE, GATE, 12 INCH, CLASS 900, ASTM A182 F316, API 6D, RF FACING",CAN-001586,DEPOT-ONGC-ANK,"Ankleshwar Asset, Gujarat",37,6107710,120,GATE_VALVE,300.0,900,ASTM A182 F316,RF,API 6D
ONGC-MAT-0000070,ONGC,"FLANGE, WELDING NECK, 8 INCH, CLASS 300, ASTM A350 LF2, ASME B16.5, RF FACING",CAN-000291,DEPOT-ONGC-ANK,"Ankleshwar Asset, Gujarat",0,91490,0,FLANGE_WELD_NECK,200.0,300,ASTM A350 LF2,RF,ASME B16.5
ONGC-MAT-0000071,ONGC,"FLANGE, WELDING NECK, 2 INCH, CLASS 150, ASTM A350 LF2, ASME B16.5, RF FACING",CAN-000123,DEPOT-ONGC-MBO,"Mumbai Offshore Logistics Base, Maharashtra",38,8660,58,FLANGE_WELD_NECK,50.0,150,ASTM A350 LF2,RF,ASME B16.5
ONGC-MAT-0000072,ONGC,"FLANGE, BLIND, 1/2 INCH, CLASS 600, ASTM A182 F316, ASME B16.5, RTJ FACING",CAN-000418,DEPOT-ONGC-MBO,"Mumbai Offshore Logistics Base, Maharashtra",0,8980,0,FLANGE_BLIND,15.0,600,ASTM A182 F316,RTJ,ASME B16.5
ONGC-MAT-0000073,ONGC,"STUD BOLT WITH NUTS, 6 INCH, CLASS 900, ASTM A320 L7 / A194 7, ASME B18.2.1, THRD FACING",CAN-002168,DEPOT-ONGC-URN,"Uran Plant, Maharashtra",31,24110,28,STUD_BOLT,150.0,900,ASTM A320 L7 / A194 7,THRD,ASME B18.2.1
ONGC-MAT-0000074,ONGC,"FLANGE, BLIND, 10 INCH, CLASS 900, ASTM A105, ASME B16.5, RTJ FACING",CAN-000660,DEPOT-ONGC-HZR,"Hazira Gas Processing Plant, Gujarat",128,150580,400,FLANGE_BLIND,250.0,900,ASTM A105,RTJ,ASME B16.5
ONGC-MAT-0000075,ONGC,"VALVE, GLOBE, 2 INCH, CLASS 600, ASTM A105, BS 1873, RF FACING",CAN-001871,DEPOT-ONGC-ANK,"Ankleshwar Asset, Gujarat",23,179140,37,GLOBE_VALVE,50.0,600,ASTM A105,RF,BS 1873
ONGC-MAT-0000076,ONGC,"VALVE, GATE, 1 INCH, CLASS 900, ASTM A182 F316, API 600, BW FACING",CAN-001107,DEPOT-ONGC-RJM,"Rajahmundry Asset, Andhra Pradesh",37,241510,109,GATE_VALVE,25.0,900,ASTM A182 F316,BW,API 600
ONGC-MAT-0000077,ONGC,"VALVE, GATE, 1 INCH, CLASS 1500, ASTM A105, API 6D, BW FACING",CAN-001116,DEPOT-ONGC-RJM,"Rajahmundry Asset, Andhra Pradesh",50,113570,41,GATE_VALVE,25.0,1500,ASTM A105,BW,API 6D
ONGC-MAT-0000078,ONGC,"FLANGE, WELDING NECK, 1.5 INCH, CLASS 1500, ASTM A182 F304, ASME B16.5, RTJ FACING",CAN-000118,DEPOT-ONGC-URN,"Uran Plant, Maharashtra",0,61370,0,FLANGE_WELD_NECK,40.0,1500,ASTM A182 F304,RTJ,ASME B16.5
ONGC-MAT-0000079,ONGC,"VALVE, BALL, 3 INCH, CLASS 600, ASTM A182 F316, API 6D, RF FACING",CAN-001691,DEPOT-ONGC-HZR,"Hazira Gas Processing Plant, Gujarat",14,968080,35,BALL_VALVE,80.0,600,ASTM A182 F316,RF,API 6D
ONGC-MAT-0000080,ONGC,"FLANGE, SLIP-ON, 10 INCH, CLASS 300, ASTM A182 F316, ASME B16.5, RF FACING",CAN-000951,DEPOT-ONGC-URN,"Uran Plant, Maharashtra",48,177860,63,FLANGE_SLIP_ON,250.0,300,ASTM A182 F316,RF,ASME B16.5
ONGC-MAT-0000081,ONGC,"FLANGE, WELDING NECK, 1.5 INCH, CLASS 300, ASTM A182 F304, ASME B16.5, RTJ FACING",CAN-000094,DEPOT-ONGC-HZR,"Hazira Gas Processing Plant, Gujarat",8,16930,67,FLANGE_WELD_NECK,40.0,300,ASTM A182 F304,RTJ,ASME B16.5
ONGC-MAT-0000082,ONGC,"VALVE, GATE, 12 INCH, CLASS 900, ASTM A105, API 6D, BW FACING",CAN-001584,DEPOT-ONGC-URN,"Uran Plant, Maharashtra",134,1908660,488,GATE_VALVE,300.0,900,ASTM A105,BW,API 6D
ONGC-MAT-0000083,ONGC,"VALVE, GATE, 4 INCH, CLASS 600, ASTM A105, API 6D, BW FACING",CAN-001332,DEPOT-ONGC-ANK,"Ankleshwar Asset, Gujarat",138,330820,652,GATE_VALVE,100.0,600,ASTM A105,BW,API 6D
ONGC-MAT-0000084,ONGC,"VALVE, GATE, 1 INCH, CLASS 150, ASTM A216 WCB, API 600, BW FACING",CAN-001063,DEPOT-ONGC-MBO,"Mumbai Offshore Logistics Base, Maharashtra",0,18000,0,GATE_VALVE,25.0,150,ASTM A216 WCB,BW,API 600
ONGC-MAT-0000085,ONGC,"STUD BOLT WITH NUTS, 2 INCH, CLASS 150, ASTM A320 L7 / A194 7, ASME B18.2.1, THRD FACING",CAN-002132,DEPOT-ONGC-MBO,"Mumbai Offshore Logistics Base, Maharashtra",119,1370,430,STUD_BOLT,50.0,150,ASTM A320 L7 / A194 7,THRD,ASME B18.2.1
ONGC-MAT-0000086,ONGC,"VALVE, GATE, 4 INCH, CLASS 300, ASTM A216 WCB, API 600, RF FACING",CAN-001313,DEPOT-ONGC-MBO,"Mumbai Offshore Logistics Base, Maharashtra",25,190000,99,GATE_VALVE,100.0,300,ASTM A216 WCB,RF,API 600
ONGC-MAT-0000087,ONGC,"FLANGE, WELDING NECK, 1.5 INCH, CLASS 300, ASTM A350 LF2, ASME B16.5, RF FACING",CAN-000091,DEPOT-ONGC-HZR,"Hazira Gas Processing Plant, Gujarat",40,11290,87,FLANGE_WELD_NECK,40.0,300,ASTM A350 LF2,RF,ASME B16.5
ONGC-MAT-0000088,ONGC,"VALVE, GATE, 10 INCH, CLASS 300, ASTM A216 WCB, API 600, BW FACING",CAN-001495,DEPOT-ONGC-MBO,"Mumbai Offshore Logistics Base, Maharashtra",87,625310,687,GATE_VALVE,250.0,300,ASTM A216 WCB,BW,API 600
ONGC-MAT-0000089,ONGC,"FLANGE, WELDING NECK, 6 INCH, CLASS 600, ASTM A350 LF2, ASME B16.5, RF FACING",CAN-000259,DEPOT-ONGC-ANK,"Ankleshwar Asset, Gujarat",48,109590,46,FLANGE_WELD_NECK,150.0,600,ASTM A350 LF2,RF,ASME B16.5
ONGC-MAT-0000090,ONGC,"VALVE, GATE, 10 INCH, CLASS 1500, ASTM A182 F316, API 600, BW FACING",CAN-001539,DEPOT-ONGC-URN,"Uran Plant, Maharashtra",148,7251410,522,GATE_VALVE,250.0,1500,ASTM A182 F316,BW,API 600
ONGC-MAT-0000091,ONGC,"FLANGE, WELDING NECK, 4 INCH, CLASS 150, ASTM A350 LF2, ASME B16.5, RTJ FACING",CAN-000204,DEPOT-ONGC-URN,"Uran Plant, Maharashtra",17,21340,67,FLANGE_WELD_NECK,100.0,150,ASTM A350 LF2,RTJ,ASME B16.5
ONGC-MAT-0000092,ONGC,"VALVE, GLOBE, 1.5 INCH, CLASS 300, ASTM A105, BS 1873, RF FACING",CAN-001847,DEPOT-ONGC-MBO,"Mumbai Offshore Logistics Base, Maharashtra",27,76980,425,GLOBE_VALVE,40.0,300,ASTM A105,RF,BS 1873
ONGC-MAT-0000093,ONGC,"VALVE, GLOBE, 1/2 INCH, CLASS 600, ASTM A216 WCB, ASME B16.34, RF FACING",CAN-001810,DEPOT-ONGC-MBO,"Mumbai Offshore Logistics Base, Maharashtra",31,37450,81,GLOBE_VALVE,15.0,600,ASTM A216 WCB,RF,ASME B16.34
ONGC-MAT-0000094,ONGC,"VALVE, GATE, 6 INCH, CLASS 600, ASTM A216 WCB, API 600, RF FACING",CAN-001385,DEPOT-ONGC-MBO,"Mumbai Offshore Logistics Base, Maharashtra",21,560420,29,GATE_VALVE,150.0,600,ASTM A216 WCB,RF,API 600
ONGC-MAT-0000095,ONGC,"STUD BOLT WITH NUTS, 4 INCH, CLASS 300, ASTM A320 L7 / A194 7, ASME B18.2.1, THRD FACING",CAN-002154,DEPOT-ONGC-HZR,"Hazira Gas Processing Plant, Gujarat",142,5910,611,STUD_BOLT,100.0,300,ASTM A320 L7 / A194 7,THRD,ASME B18.2.1
ONGC-MAT-0000096,ONGC,"VALVE, GLOBE, 4 INCH, CLASS 300, ASTM A216 WCB, BS 1873, RF FACING",CAN-001905,DEPOT-ONGC-MBO,"Mumbai Offshore Logistics Base, Maharashtra",24,253340,86,GLOBE_VALVE,100.0,300,ASTM A216 WCB,RF,BS 1873
ONGC-MAT-0000097,ONGC,"FLANGE, WELDING NECK, 3 INCH, CLASS 300, ASTM A182 F304, ASME B16.5, RTJ FACING",CAN-000174,DEPOT-ONGC-MBO,"Mumbai Offshore Logistics Base, Maharashtra",24,41700,21,FLANGE_WELD_NECK,80.0,300,ASTM A182 F304,RTJ,ASME B16.5
ONGC-MAT-0000098,ONGC,"FLANGE, BLIND, 1 INCH, CLASS 300, ASTM A350 LF2, ASME B16.5, RTJ FACING",CAN-000440,DEPOT-ONGC-HZR,"Hazira Gas Processing Plant, Gujarat",35,5010,108,FLANGE_BLIND,25.0,300,ASTM A350 LF2,RTJ,ASME B16.5
ONGC-MAT-0000099,ONGC,"VALVE, GLOBE, 3 INCH, CLASS 150, ASTM A105, ASME B16.34, RF FACING",CAN-001884,DEPOT-ONGC-URN,"Uran Plant, Maharashtra",18,108860,17,GLOBE_VALVE,80.0,150,ASTM A105,RF,ASME B16.34
ONGC-MAT-0000100,ONGC,"FLANGE, WELDING NECK, 8 INCH, CLASS 1500, ASTM A182 F316, ASME B16.5, RTJ FACING",CAN-000320,DEPOT-ONGC-RJM,"Rajahmundry Asset, Andhra Pradesh",7,663110,92,FLANGE_WELD_NECK,200.0,1500,ASTM A182 F316,RTJ,ASME B16.5
ONGC-MAT-0000101,ONGC,"FLANGE, SLIP-ON, 4 INCH, CLASS 300, ASTM A105, ASME B16.5, FF FACING",CAN-000858,DEPOT-ONGC-HZR,"Hazira Gas Processing Plant, Gujarat",22,16880,104,FLANGE_SLIP_ON,100.0,300,ASTM A105,FF,ASME B16.5
ONGC-MAT-0000102,ONGC,"FLANGE, WELDING NECK, 4 INCH, CLASS 600, ASTM A182 F304, ASME B16.5, RF FACING",CAN-000221,DEPOT-ONGC-HZR,"Hazira Gas Processing Plant, Gujarat",115,97040,587,FLANGE_WELD_NECK,100.0,600,ASTM A182 F304,RF,ASME B16.5
ONGC-MAT-0000103,ONGC,"FLANGE, SLIP-ON, 1 INCH, CLASS 300, ASTM A105, ASME B16.5, FF FACING",CAN-000738,DEPOT-ONGC-ANK,"Ankleshwar Asset, Gujarat",58,2780,427,FLANGE_SLIP_ON,25.0,300,ASTM A105,FF,ASME B16.5
ONGC-MAT-0000104,ONGC,"FLANGE, BLIND, 6 INCH, CLASS 1500, ASTM A350 LF2, ASME B16.5, RF FACING",CAN-000607,DEPOT-ONGC-ANK,"Ankleshwar Asset, Gujarat",107,186630,430,FLANGE_BLIND,150.0,1500,ASTM A350 LF2,RF,ASME B16.5
ONGC-MAT-0000105,ONGC,"FLANGE, SLIP-ON, 1 INCH, CLASS 600, ASTM A182 F304, ASME B16.5, RF FACING",CAN-000745,DEPOT-ONGC-RJM,"Rajahmundry Asset, Andhra Pradesh",105,11640,612,FLANGE_SLIP_ON,25.0,600,ASTM A182 F304,RF,ASME B16.5
ONGC-MAT-0000106,ONGC,"FLANGE, WELDING NECK, 1.5 INCH, CLASS 600, ASTM A182 F316, ASME B16.5, RTJ FACING",CAN-000104,DEPOT-ONGC-ANK,"Ankleshwar Asset, Gujarat",0,39310,0,FLANGE_WELD_NECK,40.0,600,ASTM A182 F316,RTJ,ASME B16.5
ONGC-MAT-0000107,ONGC,"FLANGE, WELDING NECK, 10 INCH, CLASS 1500, ASTM A182 F316, ASME B16.5, RF FACING",CAN-000359,DEPOT-ONGC-URN,"Uran Plant, Maharashtra",53,886280,601,FLANGE_WELD_NECK,250.0,1500,ASTM A182 F316,RF,ASME B16.5
ONGC-MAT-0000108,ONGC,"FLANGE, SLIP-ON, 4 INCH, CLASS 1500, ASTM A182 F316, ASME B16.5, RF FACING",CAN-000879,DEPOT-ONGC-MBO,"Mumbai Offshore Logistics Base, Maharashtra",23,195860,217,FLANGE_SLIP_ON,100.0,1500,ASTM A182 F316,RF,ASME B16.5
ONGC-MAT-0000109,ONGC,"FLANGE, BLIND, 1/2 INCH, CLASS 300, ASTM A182 F316, ASME B16.5, RF FACING",CAN-000411,DEPOT-ONGC-ANK,"Ankleshwar Asset, Gujarat",41,5160,104,FLANGE_BLIND,15.0,300,ASTM A182 F316,RF,ASME B16.5
ONGC-MAT-0000110,ONGC,"FLANGE, WELDING NECK, 6 INCH, CLASS 600, ASTM A182 F316, ASME B16.5, RF FACING",CAN-000263,DEPOT-ONGC-HZR,"Hazira Gas Processing Plant, Gujarat",0,219180,0,FLANGE_WELD_NECK,150.0,600,ASTM A182 F316,RF,ASME B16.5
ONGC-MAT-0000111,ONGC,"VALVE, GATE, 4 INCH, CLASS 150, ASTM A105, API 600, BW FACING",CAN-001307,DEPOT-ONGC-URN,"Uran Plant, Maharashtra",112,109130,611,GATE_VALVE,100.0,150,ASTM A105,BW,API 600
ONGC-MAT-0000112,ONGC,"FLANGE, SLIP-ON, 6 INCH, CLASS 300, ASTM A105, ASME B16.5, FF FACING",CAN-000888,DEPOT-ONGC-HZR,"Hazira Gas Processing Plant, Gujarat",0,28610,0,FLANGE_SLIP_ON,150.0,300,ASTM A105,FF,ASME B16.5
ONGC-MAT-0000113,ONGC,"FLANGE, BLIND, 10 INCH, CLASS 300, ASTM A350 LF2, ASME B16.5, RTJ FACING",CAN-000650,DEPOT-ONGC-RJM,"Rajahmundry Asset, Andhra Pradesh",42,100040,104,FLANGE_BLIND,250.0,300,ASTM A350 LF2,RTJ,ASME B16.5
ONGC-MAT-0000114,ONGC,"VALVE, GATE, 1/2 INCH, CLASS 150, ASTM A216 WCB, API 600, RF FACING",CAN-001001,DEPOT-ONGC-MBO,"Mumbai Offshore Logistics Base, Maharashtra",40,9260,268,GATE_VALVE,15.0,150,ASTM A216 WCB,RF,API 600
ONGC-MAT-0000115,ONGC,"VALVE, GATE, 10 INCH, CLASS 600, ASTM A216 WCB, API 600, RF FACING",CAN-001505,DEPOT-ONGC-RJM,"Rajahmundry Asset, Andhra Pradesh",0,1088730,0,GATE_VALVE,250.0,600,ASTM A216 WCB,RF,API 600
ONGC-MAT-0000116,ONGC,"STUD BOLT WITH NUTS, 8 INCH, CLASS 300, ASTM A320 L7 / A194 7, ASME B18.2.1, THRD FACING",CAN-002174,DEPOT-ONGC-ANK,"Ankleshwar Asset, Gujarat",33,14550,110,STUD_BOLT,200.0,300,ASTM A320 L7 / A194 7,THRD,ASME B18.2.1
ONGC-MAT-0000117,ONGC,"FLANGE, WELDING NECK, 10 INCH, CLASS 150, ASTM A350 LF2, ASME B16.5, RF FACING",CAN-000323,DEPOT-ONGC-ANK,"Ankleshwar Asset, Gujarat",9,70230,49,FLANGE_WELD_NECK,250.0,150,ASTM A350 LF2,RF,ASME B16.5
ONGC-MAT-0000118,ONGC,"FLANGE, BLIND, 12 INCH, CLASS 900, ASTM A105, ASME B16.5, RTJ FACING",CAN-000690,DEPOT-ONGC-ANK,"Ankleshwar Asset, Gujarat",32,190860,21,FLANGE_BLIND,300.0,900,ASTM A105,RTJ,ASME B16.5
ONGC-MAT-0000119,ONGC,"VALVE, GATE, 4 INCH, CLASS 300, ASTM A182 F316, API 6D, RF FACING",CAN-001322,DEPOT-ONGC-RJM,"Rajahmundry Asset, Andhra Pradesh",46,608020,62,GATE_VALVE,100.0,300,ASTM A182 F316,RF,API 6D
ONGC-MAT-0000120,ONGC,"VALVE, GATE, 1/2 INCH, CLASS 600, ASTM A182 F316, API 600, BW FACING",CAN-001035,DEPOT-ONGC-RJM,"Rajahmundry Asset, Andhra Pradesh",5,89880,45,GATE_VALVE,15.0,600,ASTM A182 F316,BW,API 600
ONGC-MAT-0000121,ONGC,"FLANGE, WELDING NECK, 1/2 INCH, CLASS 300, ASTM A182 F316, ASME B16.5, RTJ FACING",CAN-000016,DEPOT-ONGC-MBO,"Mumbai Offshore Logistics Base, Maharashtra",125,6300,589,FLANGE_WELD_NECK,15.0,300,ASTM A182 F316,RTJ,ASME B16.5
ONGC-MAT-0000122,ONGC,"VALVE, GATE, 1/2 INCH, CLASS 1500, ASTM A216 WCB, API 600, BW FACING",CAN-001051,DEPOT-ONGC-MBO,"Mumbai Offshore Logistics Base, Maharashtra",14,58460,100,GATE_VALVE,15.0,1500,ASTM A216 WCB,BW,API 600
ONGC-MAT-0000123,ONGC,"FLANGE, BLIND, 6 INCH, CLASS 900, ASTM A105, ASME B16.5, RTJ FACING",CAN-000600,DEPOT-ONGC-RJM,"Rajahmundry Asset, Andhra Pradesh",0,77510,0,FLANGE_BLIND,150.0,900,ASTM A105,RTJ,ASME B16.5
ONGC-MAT-0000124,ONGC,"VALVE, GATE, 12 INCH, CLASS 600, ASTM A216 WCB, API 600, RF FACING",CAN-001565,DEPOT-ONGC-ANK,"Ankleshwar Asset, Gujarat",114,1379920,593,GATE_VALVE,300.0,600,ASTM A216 WCB,RF,API 600
ONGC-MAT-0000125,ONGC,"FLANGE, BLIND, 10 INCH, CLASS 300, ASTM A182 F316, ASME B16.5, RTJ FACING",CAN-000652,DEPOT-ONGC-ANK,"Ankleshwar Asset, Gujarat",115,200090,197,FLANGE_BLIND,250.0,300,ASTM A182 F316,RTJ,ASME B16.5
ONGC-MAT-0000126,ONGC,"VALVE, GATE, 12 INCH, CLASS 1500, ASTM A182 F316, API 600, BW FACING",CAN-001599,DEPOT-ONGC-RJM,"Rajahmundry Asset, Andhra Pradesh",9,9190900,45,GATE_VALVE,300.0,1500,ASTM A182 F316,BW,API 600
ONGC-MAT-0000127,ONGC,"STUD BOLT WITH NUTS, 1/2 INCH, CLASS 1500, ASTM A193 B7 / A194 2H, ASME B18.2.1, THRD FACING",CAN-002109,DEPOT-ONGC-URN,"Uran Plant, Maharashtra",79,1130,183,STUD_BOLT,15.0,1500,ASTM A193 B7 / A194 2H,THRD,ASME B18.2.1
ONGC-MAT-0000128,ONGC,"FLANGE, WELDING NECK, 2 INCH, CLASS 150, ASTM A182 F304, ASME B16.5, RF FACING",CAN-000125,DEPOT-ONGC-URN,"Uran Plant, Maharashtra",16,13000,73,FLANGE_WELD_NECK,50.0,150,ASTM A182 F304,RF,ASME B16.5
ONGC-MAT-0000129,ONGC,"VALVE, GATE, 1.5 INCH, CLASS 1500, ASTM A216 WCB, API 600, BW FACING",CAN-001171,DEPOT-ONGC-MBO,"Mumbai Offshore Logistics Base, Maharashtra",24,209230,503,GATE_VALVE,40.0,1500,ASTM A216 WCB,BW,API 600
ONGC-MAT-0000130,ONGC,"VALVE, GLOBE, 10 INCH, CLASS 150, ASTM A216 WCB, ASME B16.34, RF FACING",CAN-001962,DEPOT-ONGC-ANK,"Ankleshwar Asset, Gujarat",81,478860,727,GLOBE_VALVE,250.0,150,ASTM A216 WCB,RF,ASME B16.34
ONGC-MAT-0000131,ONGC,"VALVE, BALL, 3 INCH, CLASS 1500, ASTM A182 F316, API 6D, BW FACING",CAN-001700,DEPOT-ONGC-MBO,"Mumbai Offshore Logistics Base, Maharashtra",0,2014960,0,BALL_VALVE,80.0,1500,ASTM A182 F316,BW,API 6D
ONGC-MAT-0000132,ONGC,"GASKET, SPIRAL WOUND, 1.5 INCH, CLASS 150, SS316 / GRAPHITE, ASME B16.20, RF FACING",CAN-002021,DEPOT-ONGC-URN,"Uran Plant, Maharashtra",0,3830,0,SPIRAL_WOUND_GASKET,40.0,150,SS316 / GRAPHITE,RF,ASME B16.20
ONGC-MAT-0000133,ONGC,"VALVE, GLOBE, 10 INCH, CLASS 600, ASTM A216 WCB, ASME B16.34, RF FACING",CAN-001970,DEPOT-ONGC-HZR,"Hazira Gas Processing Plant, Gujarat",18,1451640,21,GLOBE_VALVE,250.0,600,ASTM A216 WCB,RF,ASME B16.34
ONGC-MAT-0000134,ONGC,"FLANGE, WELDING NECK, 3 INCH, CLASS 300, ASTM A182 F316, ASME B16.5, RTJ FACING",CAN-000176,DEPOT-ONGC-RJM,"Rajahmundry Asset, Andhra Pradesh",7,55600,49,FLANGE_WELD_NECK,80.0,300,ASTM A182 F316,RTJ,ASME B16.5
ONGC-MAT-0000135,ONGC,"VALVE, BALL, 1.5 INCH, CLASS 600, ASTM A182 F316, API 6D, BW FACING",CAN-001652,DEPOT-ONGC-MBO,"Mumbai Offshore Logistics Base, Maharashtra",20,393160,37,BALL_VALVE,40.0,600,ASTM A182 F316,BW,API 6D
ONGC-MAT-0000136,ONGC,"FLANGE, BLIND, 8 INCH, CLASS 1500, ASTM A350 LF2, ASME B16.5, RF FACING",CAN-000637,DEPOT-ONGC-RJM,"Rajahmundry Asset, Andhra Pradesh",10,271270,42,FLANGE_BLIND,200.0,1500,ASTM A350 LF2,RF,ASME B16.5
ONGC-MAT-0000137,ONGC,"VALVE, BALL, 1.5 INCH, CLASS 150, ASTM A216 WCB, API 6D, RF FACING",CAN-001641,DEPOT-ONGC-MBO,"Mumbai Offshore Logistics Base, Maharashtra",148,40530,527,BALL_VALVE,40.0,150,ASTM A216 WCB,RF,API 6D
ONGC-MAT-0000138,ONGC,"VALVE, GLOBE, 1/2 INCH, CLASS 600, ASTM A105, BS 1873, RF FACING",CAN-001811,DEPOT-ONGC-URN,"Uran Plant, Maharashtra",24,37450,120,GLOBE_VALVE,15.0,600,ASTM A105,RF,BS 1873
ONGC-MAT-0000139,ONGC,"VALVE, GATE, 3 INCH, CLASS 300, ASTM A105, API 6D, BW FACING",CAN-001260,DEPOT-ONGC-ANK,"Ankleshwar Asset, Gujarat",20,142160,372,GATE_VALVE,80.0,300,ASTM A105,BW,API 6D
ONGC-MAT-0000140,ONGC,"VALVE, BALL, 1/2 INCH, CLASS 300, ASTM A216 WCB, API 6D, RF FACING",CAN-001605,DEPOT-ONGC-ANK,"Ankleshwar Asset, Gujarat",23,19710,23,BALL_VALVE,15.0,300,ASTM A216 WCB,RF,API 6D
ONGC-MAT-0000141,ONGC,"VALVE, GATE, 3 INCH, CLASS 600, ASTM A105, API 600, RF FACING",CAN-001269,DEPOT-ONGC-HZR,"Hazira Gas Processing Plant, Gujarat",62,247520,411,GATE_VALVE,80.0,600,ASTM A105,RF,API 600
ONGC-MAT-0000142,ONGC,"FLANGE, SLIP-ON, 8 INCH, CLASS 600, ASTM A182 F316, ASME B16.5, RF FACING",CAN-000927,DEPOT-ONGC-RJM,"Rajahmundry Asset, Andhra Pradesh",19,231700,117,FLANGE_SLIP_ON,200.0,600,ASTM A182 F316,RF,ASME B16.5
ONGC-MAT-0000143,ONGC,"VALVE, BALL, 8 INCH, CLASS 150, ASTM A182 F316, API 6D, BW FACING",CAN-001744,DEPOT-ONGC-ANK,"Ankleshwar Asset, Gujarat",124,1050960,603,BALL_VALVE,200.0,150,ASTM A182 F316,BW,API 6D
ONGC-MAT-0000144,ONGC,"VALVE, BALL, 10 INCH, CLASS 600, ASTM A216 WCB, API 6D, RF FACING",CAN-001769,DEPOT-ONGC-ANK,"Ankleshwar Asset, Gujarat",147,1330670,670,BALL_VALVE,250.0,600,ASTM A216 WCB,RF,API 6D
ONGC-MAT-0000145,ONGC,"STUD BOLT WITH NUTS, 12 INCH, CLASS 600, ASTM A320 L7 / A194 7, ASME B18.2.1, THRD FACING",CAN-002196,DEPOT-ONGC-ANK,"Ankleshwar Asset, Gujarat",0,42930,0,STUD_BOLT,300.0,600,ASTM A320 L7 / A194 7,THRD,ASME B18.2.1
ONGC-MAT-0000146,ONGC,"FLANGE, WELDING NECK, 8 INCH, CLASS 300, ASTM A350 LF2, ASME B16.5, RF FACING",CAN-000291,DEPOT-ONGC-HZR,"Hazira Gas Processing Plant, Gujarat",113,91490,258,FLANGE_WELD_NECK,200.0,300,ASTM A350 LF2,RF,ASME B16.5
ONGC-MAT-0000147,ONGC,"FLANGE, SLIP-ON, 6 INCH, CLASS 600, ASTM A182 F316, ASME B16.5, RF FACING",CAN-000897,DEPOT-ONGC-RJM,"Rajahmundry Asset, Andhra Pradesh",5,159400,28,FLANGE_SLIP_ON,150.0,600,ASTM A182 F316,RF,ASME B16.5
ONGC-MAT-0000148,ONGC,"FLANGE, BLIND, 3 INCH, CLASS 1500, ASTM A350 LF2, ASME B16.5, RF FACING",CAN-000547,DEPOT-ONGC-ANK,"Ankleshwar Asset, Gujarat",17,82430,44,FLANGE_BLIND,80.0,1500,ASTM A350 LF2,RF,ASME B16.5
ONGC-MAT-0000149,ONGC,"VALVE, GATE, 12 INCH, CLASS 150, ASTM A105, API 600, BW FACING",CAN-001547,DEPOT-ONGC-MBO,"Mumbai Offshore Logistics Base, Maharashtra",40,455200,537,GATE_VALVE,300.0,150,ASTM A105,BW,API 600
ONGC-MAT-0000150,ONGC,"VALVE, GATE, 3 INCH, CLASS 600, ASTM A216 WCB, API 6D, BW FACING",CAN-001268,DEPOT-ONGC-URN,"Uran Plant, Maharashtra",113,247520,351,GATE_VALVE,80.0,600,ASTM A216 WCB,BW,API 6D
ONGC-MAT-0000151,ONGC,"GASKET, SPIRAL WOUND, 2 INCH, CLASS 150, SS316 / GRAPHITE, ASME B16.20, RF FACING",CAN-002031,DEPOT-ONGC-HZR,"Hazira Gas Processing Plant, Gujarat",43,5120,51,SPIRAL_WOUND_GASKET,50.0,150,SS316 / GRAPHITE,RF,ASME B16.20
ONGC-MAT-0000152,ONGC,"FLANGE, SLIP-ON, 2 INCH, CLASS 300, ASTM A182 F304, ASME B16.5, FF FACING",CAN-000800,DEPOT-ONGC-ANK,"Ankleshwar Asset, Gujarat",34,16460,715,FLANGE_SLIP_ON,50.0,300,ASTM A182 F304,FF,ASME B16.5
ONGC-MAT-0000153,ONGC,"STUD BOLT WITH NUTS, 3 INCH, CLASS 900, ASTM A320 L7 / A194 7, ASME B18.2.1, THRD FACING",CAN-002148,DEPOT-ONGC-ANK,"Ankleshwar Asset, Gujarat",39,10650,354,STUD_BOLT,80.0,900,ASTM A320 L7 / A194 7,THRD,ASME B18.2.1
ONGC-MAT-0000154,ONGC,"FLANGE, WELDING NECK, 8 INCH, CLASS 600, ASTM A182 F316, ASME B16.5, RTJ FACING",CAN-000304,DEPOT-ONGC-RJM,"Rajahmundry Asset, Andhra Pradesh",104,318590,549,FLANGE_WELD_NECK,200.0,600,ASTM A182 F316,RTJ,ASME B16.5
ONGC-MAT-0000155,ONGC,"FLANGE, SLIP-ON, 3 INCH, CLASS 1500, ASTM A105, ASME B16.5, FF FACING",CAN-000846,DEPOT-ONGC-RJM,"Rajahmundry Asset, Andhra Pradesh",48,45790,565,FLANGE_SLIP_ON,80.0,1500,ASTM A105,FF,ASME B16.5
ONGC-MAT-0000156,ONGC,"VALVE, BALL, 1 INCH, CLASS 300, ASTM A182 F316, API 6D, BW FACING",CAN-001628,DEPOT-ONGC-MBO,"Mumbai Offshore Logistics Base, Maharashtra",44,122570,32,BALL_VALVE,25.0,300,ASTM A182 F316,BW,API 6D
ONGC-MAT-0000157,ONGC,"FLANGE, BLIND, 10 INCH, CLASS 900, ASTM A182 F316, ASME B16.5, RF FACING",CAN-000663,DEPOT-ONGC-URN,"Uran Plant, Maharashtra",11,481880,85,FLANGE_BLIND,250.0,900,ASTM A182 F316,RF,ASME B16.5
ONGC-MAT-0000158,ONGC,"FLANGE, WELDING NECK, 8 INCH, CLASS 150, ASTM A182 F304, ASME B16.5, RTJ FACING",CAN-000286,DEPOT-ONGC-URN,"Uran Plant, Maharashtra",41,78820,21,FLANGE_WELD_NECK,200.0,150,ASTM A182 F304,RTJ,ASME B16.5
ONGC-MAT-0000159,ONGC,"VALVE, GATE, 1 INCH, CLASS 150, ASTM A182 F316, API 6D, RF FACING",CAN-001070,DEPOT-ONGC-RJM,"Rajahmundry Asset, Andhra Pradesh",30,57600,236,GATE_VALVE,25.0,150,ASTM A182 F316,RF,API 6D
ONGC-MAT-0000160,ONGC,"VALVE, GATE, 2 INCH, CLASS 900, ASTM A105, API 600, BW FACING",CAN-001223,DEPOT-ONGC-URN,"Uran Plant, Maharashtra",36,185830,444,GATE_VALVE,50.0,900,ASTM A105,BW,API 600
ONGC-MAT-0000161,ONGC,"FLANGE, SLIP-ON, 12 INCH, CLASS 600, ASTM A182 F316, ASME B16.5, RF FACING",CAN-000987,DEPOT-ONGC-MBO,"Mumbai Offshore Logistics Base, Maharashtra",0,392510,0,FLANGE_SLIP_ON,300.0,600,ASTM A182 F316,RF,ASME B16.5
ONGC-MAT-0000162,ONGC,"FLANGE, BLIND, 1.5 INCH, CLASS 600, ASTM A350 LF2, ASME B16.5, RTJ FACING",CAN-000476,DEPOT-ONGC-URN,"Uran Plant, Maharashtra",64,16080,499,FLANGE_BLIND,40.0,600,ASTM A350 LF2,RTJ,ASME B16.5
ONGC-MAT-0000163,ONGC,"FLANGE, SLIP-ON, 4 INCH, CLASS 150, ASTM A182 F316, ASME B16.5, RF FACING",CAN-000855,DEPOT-ONGC-URN,"Uran Plant, Maharashtra",0,31040,0,FLANGE_SLIP_ON,100.0,150,ASTM A182 F316,RF,ASME B16.5
ONGC-MAT-0000164,ONGC,"FLANGE, SLIP-ON, 6 INCH, CLASS 150, ASTM A182 F304, ASME B16.5, RF FACING",CAN-000883,DEPOT-ONGC-RJM,"Rajahmundry Asset, Andhra Pradesh",138,39430,427,FLANGE_SLIP_ON,150.0,150,ASTM A182 F304,RF,ASME B16.5
ONGC-MAT-0000165,ONGC,"FLANGE, SLIP-ON, 1/2 INCH, CLASS 1500, ASTM A182 F304, ASME B16.5, FF FACING",CAN-000728,DEPOT-ONGC-HZR,"Hazira Gas Processing Plant, Gujarat",46,12470,357,FLANGE_SLIP_ON,15.0,1500,ASTM A182 F304,FF,ASME B16.5
ONGC-MAT-0000166,ONGC,"VALVE, BALL, 12 INCH, CLASS 300, ASTM A182 F316, API 6D, BW FACING",CAN-001788,DEPOT-ONGC-HZR,"Hazira Gas Processing Plant, Gujarat",14,3099790,70,BALL_VALVE,300.0,300,ASTM A182 F316,BW,API 6D
ONGC-MAT-0000167,ONGC,"FLANGE, SLIP-ON, 4 INCH, CLASS 600, ASTM A182 F304, ASME B16.5, FF FACING",CAN-000866,DEPOT-ONGC-URN,"Uran Plant, Maharashtra",10,70570,47,FLANGE_SLIP_ON,100.0,600,ASTM A182 F304,FF,ASME B16.5
ONGC-MAT-0000168,ONGC,"FLANGE, WELDING NECK, 1.5 INCH, CLASS 300, ASTM A350 LF2, ASME B16.5, RTJ FACING",CAN-000092,DEPOT-ONGC-MBO,"Mumbai Offshore Logistics Base, Maharashtra",0,11290,0,FLANGE_WELD_NECK,40.0,300,ASTM A350 LF2,RTJ,ASME B16.5
ONGC-MAT-0000169,ONGC,"FLANGE, SLIP-ON, 4 INCH, CLASS 900, ASTM A182 F304, ASME B16.5, RF FACING",CAN-000871,DEPOT-ONGC-URN,"Uran Plant, Maharashtra",0,97610,0,FLANGE_SLIP_ON,100.0,900,ASTM A182 F304,RF,ASME B16.5
ONGC-MAT-0000170,ONGC,"FLANGE, SLIP-ON, 10 INCH, CLASS 600, ASTM A182 F304, ASME B16.5, RF FACING",CAN-000955,DEPOT-ONGC-ANK,"Ankleshwar Asset, Gujarat",8,232260,18,FLANGE_SLIP_ON,250.0,600,ASTM A182 F304,RF,ASME B16.5
ONGC-MAT-0000171,ONGC,"FLANGE, WELDING NECK, 1/2 INCH, CLASS 600, ASTM A350 LF2, ASME B16.5, RF FACING",CAN-000019,DEPOT-ONGC-ANK,"Ankleshwar Asset, Gujarat",0,5490,0,FLANGE_WELD_NECK,15.0,600,ASTM A350 LF2,RF,ASME B16.5
ONGC-MAT-0000172,ONGC,"FLANGE, WELDING NECK, 1.5 INCH, CLASS 600, ASTM A105, ASME B16.5, RF FACING",CAN-000097,DEPOT-ONGC-URN,"Uran Plant, Maharashtra",0,12280,0,FLANGE_WELD_NECK,40.0,600,ASTM A105,RF,ASME B16.5
ONGC-MAT-0000173,ONGC,"VALVE, BALL, 1/2 INCH, CLASS 600, ASTM A216 WCB, API 6D, RF FACING",CAN-001609,DEPOT-ONGC-ANK,"Ankleshwar Asset, Gujarat",33,34320,66,BALL_VALVE,15.0,600,ASTM A216 WCB,RF,API 6D
ONGC-MAT-0000174,ONGC,"VALVE, GLOBE, 8 INCH, CLASS 600, ASTM A105, ASME B16.34, RF FACING",CAN-001952,DEPOT-ONGC-RJM,"Rajahmundry Asset, Andhra Pradesh",0,1086110,0,GLOBE_VALVE,200.0,600,ASTM A105,RF,ASME B16.34
ONGC-MAT-0000175,ONGC,"FLANGE, WELDING NECK, 3 INCH, CLASS 1500, ASTM A105, ASME B16.5, RTJ FACING",CAN-000194,DEPOT-ONGC-HZR,"Hazira Gas Processing Plant, Gujarat",124,62960,549,FLANGE_WELD_NECK,80.0,1500,ASTM A105,RTJ,ASME B16.5
ONGC-MAT-0000176,ONGC,"VALVE, GATE, 6 INCH, CLASS 600, ASTM A182 F316, API 6D, RF FACING",CAN-001394,DEPOT-ONGC-RJM,"Rajahmundry Asset, Andhra Pradesh",47,1793350,108,GATE_VALVE,150.0,600,ASTM A182 F316,RF,API 6D
ONGC-MAT-0000177,ONGC,"FLANGE, BLIND, 6 INCH, CLASS 150, ASTM A182 F316, ASME B16.5, RTJ FACING",CAN-000586,DEPOT-ONGC-ANK,"Ankleshwar Asset, Gujarat",31,59150,104,FLANGE_BLIND,150.0,150,ASTM A182 F316,RTJ,ASME B16.5
ONGC-MAT-0000178,ONGC,"FLANGE, WELDING NECK, 1/2 INCH, CLASS 600, ASTM A105, ASME B16.5, RTJ FACING",CAN-000018,DEPOT-ONGC-MBO,"Mumbai Offshore Logistics Base, Maharashtra",0,3430,0,FLANGE_WELD_NECK,15.0,600,ASTM A105,RTJ,ASME B16.5
ONGC-MAT-0000179,ONGC,"VALVE, GATE, 2 INCH, CLASS 300, ASTM A105, API 6D, BW FACING",CAN-001200,DEPOT-ONGC-ANK,"Ankleshwar Asset, Gujarat",24,77160,25,GATE_VALVE,50.0,300,ASTM A105,BW,API 6D
ONGC-MAT-0000180,ONGC,"FLANGE, WELDING NECK, 6 INCH, CLASS 900, ASTM A105, ASME B16.5, RTJ FACING",CAN-000266,DEPOT-ONGC-RJM,"Rajahmundry Asset, Andhra Pradesh",67,94740,280,FLANGE_WELD_NECK,150.0,900,ASTM A105,RTJ,ASME B16.5
ONGC-MAT-0000181,ONGC,"VALVE, GLOBE, 3 INCH, CLASS 600, ASTM A105, ASME B16.34, RF FACING",CAN-001892,DEPOT-ONGC-URN,"Uran Plant, Maharashtra",44,330030,119,GLOBE_VALVE,80.0,600,ASTM A105,RF,ASME B16.34
ONGC-MAT-0000182,ONGC,"VALVE, GATE, 3 INCH, CLASS 1500, ASTM A216 WCB, API 600, BW FACING",CAN-001291,DEPOT-ONGC-RJM,"Rajahmundry Asset, Andhra Pradesh",14,515190,17,GATE_VALVE,80.0,1500,ASTM A216 WCB,BW,API 600
ONGC-MAT-0000183,ONGC,"VALVE, GATE, 4 INCH, CLASS 150, ASTM A216 WCB, API 6D, BW FACING",CAN-001304,DEPOT-ONGC-MBO,"Mumbai Offshore Logistics Base, Maharashtra",10,109130,89,GATE_VALVE,100.0,150,ASTM A216 WCB,BW,API 6D
ONGC-MAT-0000184,ONGC,"STUD BOLT WITH NUTS, 8 INCH, CLASS 600, ASTM A193 B7 / A194 2H, ASME B18.2.1, THRD FACING",CAN-002175,DEPOT-ONGC-HZR,"Hazira Gas Processing Plant, Gujarat",0,15830,0,STUD_BOLT,200.0,600,ASTM A193 B7 / A194 2H,THRD,ASME B18.2.1
ONGC-MAT-0000185,ONGC,"FLANGE, WELDING NECK, 2 INCH, CLASS 300, ASTM A105, ASME B16.5, RTJ FACING",CAN-000130,DEPOT-ONGC-HZR,"Hazira Gas Processing Plant, Gujarat",117,9430,569,FLANGE_WELD_NECK,50.0,300,ASTM A105,RTJ,ASME B16.5
ONGC-MAT-0000186,ONGC,"VALVE, BALL, 1 INCH, CLASS 600, ASTM A216 WCB, API 6D, BW FACING",CAN-001630,DEPOT-ONGC-RJM,"Rajahmundry Asset, Andhra Pradesh",0,66690,0,BALL_VALVE,25.0,600,ASTM A216 WCB,BW,API 6D
ONGC-MAT-0000187,ONGC,"VALVE, GATE, 6 INCH, CLASS 900, ASTM A182 F316, API 600, BW FACING",CAN-001407,DEPOT-ONGC-HZR,"Hazira Gas Processing Plant, Gujarat",53,2480500,343,GATE_VALVE,150.0,900,ASTM A182 F316,BW,API 600
ONGC-MAT-0000188,ONGC,"FLANGE, WELDING NECK, 8 INCH, CLASS 1500, ASTM A350 LF2, ASME B16.5, RF FACING",CAN-000315,DEPOT-ONGC-ANK,"Ankleshwar Asset, Gujarat",0,331550,0,FLANGE_WELD_NECK,200.0,1500,ASTM A350 LF2,RF,ASME B16.5
ONGC-MAT-0000189,ONGC,"FLANGE, WELDING NECK, 8 INCH, CLASS 600, ASTM A105, ASME B16.5, RTJ FACING",CAN-000298,DEPOT-ONGC-HZR,"Hazira Gas Processing Plant, Gujarat",14,99560,63,FLANGE_WELD_NECK,200.0,600,ASTM A105,RTJ,ASME B16.5
ONGC-MAT-0000190,ONGC,"VALVE, GATE, 4 INCH, CLASS 900, ASTM A216 WCB, API 600, BW FACING",CAN-001339,DEPOT-ONGC-RJM,"Rajahmundry Asset, Andhra Pradesh",58,457580,265,GATE_VALVE,100.0,900,ASTM A216 WCB,BW,API 600
ONGC-MAT-0000191,ONGC,"FLANGE, SLIP-ON, 1 INCH, CLASS 600, ASTM A182 F304, ASME B16.5, FF FACING",CAN-000746,DEPOT-ONGC-MBO,"Mumbai Offshore Logistics Base, Maharashtra",45,11640,61,FLANGE_SLIP_ON,25.0,600,ASTM A182 F304,FF,ASME B16.5
ONGC-MAT-0000192,ONGC,"VALVE, GATE, 10 INCH, CLASS 600, ASTM A182 F316, API 600, BW FACING",CAN-001515,DEPOT-ONGC-URN,"Uran Plant, Maharashtra",29,3483930,116,GATE_VALVE,250.0,600,ASTM A182 F316,BW,API 600
ONGC-MAT-0000193,ONGC,"VALVE, BALL, 3 INCH, CLASS 600, ASTM A216 WCB, API 6D, RF FACING",CAN-001689,DEPOT-ONGC-RJM,"Rajahmundry Asset, Andhra Pradesh",29,302520,28,BALL_VALVE,80.0,600,ASTM A216 WCB,RF,API 6D
ONGC-MAT-0000194,ONGC,"VALVE, GATE, 1/2 INCH, CLASS 300, ASTM A216 WCB, API 600, RF FACING",CAN-001013,DEPOT-ONGC-HZR,"Hazira Gas Processing Plant, Gujarat",45,16130,44,GATE_VALVE,15.0,300,ASTM A216 WCB,RF,API 600
ONGC-MAT-0000195,ONGC,"FLANGE, SLIP-ON, 2 INCH, CLASS 1500, ASTM A182 F304, ASME B16.5, RF FACING",CAN-000817,DEPOT-ONGC-MBO,"Mumbai Offshore Logistics Base, Maharashtra",50,59650,21,FLANGE_SLIP_ON,50.0,1500,ASTM A182 F304,RF,ASME B16.5
ONGC-MAT-0000196,ONGC,"VALVE, GATE, 1/2 INCH, CLASS 600, ASTM A105, API 600, RF FACING",CAN-001029,DEPOT-ONGC-HZR,"Hazira Gas Processing Plant, Gujarat",0,28080,0,GATE_VALVE,15.0,600,ASTM A105,RF,API 600
ONGC-MAT-0000197,ONGC,"VALVE, GATE, 4 INCH, CLASS 300, ASTM A216 WCB, API 600, BW FACING",CAN-001315,DEPOT-ONGC-RJM,"Rajahmundry Asset, Andhra Pradesh",0,190000,0,GATE_VALVE,100.0,300,ASTM A216 WCB,BW,API 600
ONGC-MAT-0000198,ONGC,"FLANGE, BLIND, 2 INCH, CLASS 900, ASTM A105, ASME B16.5, RF FACING",CAN-000509,DEPOT-ONGC-ANK,"Ankleshwar Asset, Gujarat",13,18580,80,FLANGE_BLIND,50.0,900,ASTM A105,RF,ASME B16.5
ONGC-MAT-0000199,ONGC,"FLANGE, WELDING NECK, 6 INCH, CLASS 150, ASTM A182 F316, ASME B16.5, RF FACING",CAN-000247,DEPOT-ONGC-MBO,"Mumbai Offshore Logistics Base, Maharashtra",0,72300,0,FLANGE_WELD_NECK,150.0,150,ASTM A182 F316,RF,ASME B16.5
ONGC-MAT-0000200,ONGC,"VALVE, GATE, 8 INCH, CLASS 150, ASTM A182 F316, API 600, RF FACING",CAN-001429,DEPOT-ONGC-URN,"Uran Plant, Maharashtra",0,859880,0,GATE_VALVE,200.0,150,ASTM A182 F316,RF,API 600
ONGC-MAT-0000201,ONGC,"FLANGE, BLIND, 1/2 INCH, CLASS 300, ASTM A182 F316, ASME B16.5, RF FACING",CAN-000411,DEPOT-ONGC-HZR,"Hazira Gas Processing Plant, Gujarat",0,5160,0,FLANGE_BLIND,15.0,300,ASTM A182 F316,RF,ASME B16.5
ONGC-MAT-0000202,ONGC,"FLANGE, SLIP-ON, 4 INCH, CLASS 600, ASTM A105, ASME B16.5, FF FACING",CAN-000864,DEPOT-ONGC-MBO,"Mumbai Offshore Logistics Base, Maharashtra",88,29400,527,FLANGE_SLIP_ON,100.0,600,ASTM A105,FF,ASME B16.5
ONGC-MAT-0000203,ONGC,"FLANGE, WELDING NECK, 1.5 INCH, CLASS 900, ASTM A182 F304, ASME B16.5, RF FACING",CAN-000109,DEPOT-ONGC-RJM,"Rajahmundry Asset, Andhra Pradesh",13,40780,42,FLANGE_WELD_NECK,40.0,900,ASTM A182 F304,RF,ASME B16.5
ONGC-MAT-0000204,ONGC,"VALVE, GATE, 12 INCH, CLASS 900, ASTM A216 WCB, API 600, RF FACING",CAN-001577,DEPOT-ONGC-URN,"Uran Plant, Maharashtra",12,1908660,28,GATE_VALVE,300.0,900,ASTM A216 WCB,RF,API 600
ONGC-MAT-0000205,ONGC,"FLANGE, SLIP-ON, 10 INCH, CLASS 300, ASTM A105, ASME B16.5, RF FACING",CAN-000947,DEPOT-ONGC-RJM,"Rajahmundry Asset, Andhra Pradesh",23,55580,52,FLANGE_SLIP_ON,250.0,300,ASTM A105,RF,ASME B16.5
ONGC-MAT-0000206,ONGC,"FLANGE, WELDING NECK, 8 INCH, CLASS 300, ASTM A182 F304, ASME B16.5, RF FACING",CAN-000293,DEPOT-ONGC-URN,"Uran Plant, Maharashtra",31,137230,519,FLANGE_WELD_NECK,200.0,300,ASTM A182 F304,RF,ASME B16.5
ONGC-MAT-0000207,ONGC,"STUD BOLT WITH NUTS, 1.5 INCH, CLASS 900, ASTM A320 L7 / A194 7, ASME B18.2.1, THRD FACING",CAN-002128,DEPOT-ONGC-RJM,"Rajahmundry Asset, Andhra Pradesh",25,4320,330,STUD_BOLT,40.0,900,ASTM A320 L7 / A194 7,THRD,ASME B18.2.1
ONGC-MAT-0000208,ONGC,"FLANGE, SLIP-ON, 1.5 INCH, CLASS 300, ASTM A105, ASME B16.5, FF FACING",CAN-000768,DEPOT-ONGC-RJM,"Rajahmundry Asset, Andhra Pradesh",29,5130,15,FLANGE_SLIP_ON,40.0,300,ASTM A105,FF,ASME B16.5
ONGC-MAT-0000209,ONGC,"VALVE, BALL, 12 INCH, CLASS 900, ASTM A216 WCB, API 6D, RF FACING",CAN-001793,DEPOT-ONGC-ANK,"Ankleshwar Asset, Gujarat",16,2332800,111,BALL_VALVE,300.0,900,ASTM A216 WCB,RF,API 6D
ONGC-MAT-0000210,ONGC,"VALVE, GATE, 1 INCH, CLASS 600, ASTM A216 WCB, API 600, RF FACING",CAN-001085,DEPOT-ONGC-URN,"Uran Plant, Maharashtra",31,54560,110,GATE_VALVE,25.0,600,ASTM A216 WCB,RF,API 600
ONGC-MAT-0000211,ONGC,"FLANGE, BLIND, 10 INCH, CLASS 300, ASTM A350 LF2, ASME B16.5, RTJ FACING",CAN-000650,DEPOT-ONGC-ANK,"Ankleshwar Asset, Gujarat",142,100040,449,FLANGE_BLIND,250.0,300,ASTM A350 LF2,RTJ,ASME B16.5
ONGC-MAT-0000212,ONGC,"FLANGE, SLIP-ON, 1/2 INCH, CLASS 300, ASTM A105, ASME B16.5, FF FACING",CAN-000708,DEPOT-ONGC-MBO,"Mumbai Offshore Logistics Base, Maharashtra",122,1430,529,FLANGE_SLIP_ON,15.0,300,ASTM A105,FF,ASME B16.5
ONGC-MAT-0000213,ONGC,"VALVE, BALL, 12 INCH, CLASS 300, ASTM A216 WCB, API 6D, RF FACING",CAN-001785,DEPOT-ONGC-HZR,"Hazira Gas Processing Plant, Gujarat",25,968680,443,BALL_VALVE,300.0,300,ASTM A216 WCB,RF,API 6D
ONGC-MAT-0000214,ONGC,"STUD BOLT WITH NUTS, 4 INCH, CLASS 1500, ASTM A320 L7 / A194 7, ASME B18.2.1, THRD FACING",CAN-002160,DEPOT-ONGC-HZR,"Hazira Gas Processing Plant, Gujarat",42,21420,74,STUD_BOLT,100.0,1500,ASTM A320 L7 / A194 7,THRD,ASME B18.2.1
ONGC-MAT-0000215,ONGC,"VALVE, GATE, 3 INCH, CLASS 1500, ASTM A182 F316, API 6D, BW FACING",CAN-001300,DEPOT-ONGC-ANK,"Ankleshwar Asset, Gujarat",49,1648600,43,GATE_VALVE,80.0,1500,ASTM A182 F316,BW,API 6D
ONGC-MAT-0000216,ONGC,"FLANGE, WELDING NECK, 8 INCH, CLASS 600, ASTM A182 F304, ASME B16.5, RTJ FACING",CAN-000302,DEPOT-ONGC-URN,"Uran Plant, Maharashtra",0,238940,0,FLANGE_WELD_NECK,200.0,600,ASTM A182 F304,RTJ,ASME B16.5
ONGC-MAT-0000217,ONGC,"FLANGE, SLIP-ON, 1/2 INCH, CLASS 150, ASTM A105, ASME B16.5, FF FACING",CAN-000702,DEPOT-ONGC-MBO,"Mumbai Offshore Logistics Base, Maharashtra",27,820,65,FLANGE_SLIP_ON,15.0,150,ASTM A105,FF,ASME B16.5
ONGC-MAT-0000218,ONGC,"VALVE, BALL, 1.5 INCH, CLASS 150, ASTM A182 F316, API 6D, BW FACING",CAN-001644,DEPOT-ONGC-URN,"Uran Plant, Maharashtra",0,129690,0,BALL_VALVE,40.0,150,ASTM A182 F316,BW,API 6D
ONGC-MAT-0000219,ONGC,"STUD BOLT WITH NUTS, 1 INCH, CLASS 900, ASTM A320 L7 / A194 7, ASME B18.2.1, THRD FACING",CAN-002118,DEPOT-ONGC-RJM,"Rajahmundry Asset, Andhra Pradesh",37,2340,75,STUD_BOLT,25.0,900,ASTM A320 L7 / A194 7,THRD,ASME B18.2.1
ONGC-MAT-0000220,ONGC,"FLANGE, BLIND, 8 INCH, CLASS 300, ASTM A350 LF2, ASME B16.5, RTJ FACING",CAN-000620,DEPOT-ONGC-MBO,"Mumbai Offshore Logistics Base, Maharashtra",117,74850,535,FLANGE_BLIND,200.0,300,ASTM A350 LF2,RTJ,ASME B16.5
ONGC-MAT-0000221,ONGC,"FLANGE, BLIND, 8 INCH, CLASS 600, ASTM A182 F316, ASME B16.5, RTJ FACING",CAN-000628,DEPOT-ONGC-MBO,"Mumbai Offshore Logistics Base, Maharashtra",44,260660,89,FLANGE_BLIND,200.0,600,ASTM A182 F316,RTJ,ASME B16.5
ONGC-MAT-0000222,ONGC,"FLANGE, SLIP-ON, 1/2 INCH, CLASS 1500, ASTM A105, ASME B16.5, RF FACING",CAN-000725,DEPOT-ONGC-URN,"Uran Plant, Maharashtra",0,5190,0,FLANGE_SLIP_ON,15.0,1500,ASTM A105,RF,ASME B16.5
ONGC-MAT-0000223,ONGC,"VALVE, GATE, 1.5 INCH, CLASS 150, ASTM A182 F316, API 600, BW FACING",CAN-001131,DEPOT-ONGC-MBO,"Mumbai Offshore Logistics Base, Maharashtra",8,106110,63,GATE_VALVE,40.0,150,ASTM A182 F316,BW,API 600
ONGC-MAT-0000224,ONGC,"FLANGE, WELDING NECK, 6 INCH, CLASS 1500, ASTM A105, ASME B16.5, RTJ FACING",CAN-000274,DEPOT-ONGC-URN,"Uran Plant, Maharashtra",55,142560,203,FLANGE_WELD_NECK,150.0,1500,ASTM A105,RTJ,ASME B16.5
ONGC-MAT-0000225,ONGC,"FLANGE, WELDING NECK, 1/2 INCH, CLASS 1500, ASTM A350 LF2, ASME B16.5, RTJ FACING",CAN-000036,DEPOT-ONGC-HZR,"Hazira Gas Processing Plant, Gujarat",69,11430,749,FLANGE_WELD_NECK,15.0,1500,ASTM A350 LF2,RTJ,ASME B16.5
ONGC-MAT-0000226,ONGC,"VALVE, GATE, 2 INCH, CLASS 1500, ASTM A105, API 600, BW FACING",CAN-001235,DEPOT-ONGC-MBO,"Mumbai Offshore Logistics Base, Maharashtra",0,279640,0,GATE_VALVE,50.0,1500,ASTM A105,BW,API 600
ONGC-MAT-0000227,ONGC,"VALVE, GATE, 12 INCH, CLASS 900, ASTM A105, API 600, RF FACING",CAN-001581,DEPOT-ONGC-ANK,"Ankleshwar Asset, Gujarat",42,1908660,45,GATE_VALVE,300.0,900,ASTM A105,RF,API 600
ONGC-MAT-0000228,ONGC,"VALVE, GATE, 4 INCH, CLASS 150, ASTM A182 F316, API 6D, RF FACING",CAN-001310,DEPOT-ONGC-MBO,"Mumbai Offshore Logistics Base, Maharashtra",40,349220,195,GATE_VALVE,100.0,150,ASTM A182 F316,RF,API 6D
ONGC-MAT-0000229,ONGC,"FLANGE, SLIP-ON, 1.5 INCH, CLASS 150, ASTM A182 F316, ASME B16.5, FF FACING",CAN-000766,DEPOT-ONGC-URN,"Uran Plant, Maharashtra",18,9430,52,FLANGE_SLIP_ON,40.0,150,ASTM A182 F316,FF,ASME B16.5
ONGC-MAT-0000230,ONGC,"FLANGE, SLIP-ON, 1.5 INCH, CLASS 300, ASTM A182 F316, ASME B16.5, RF FACING",CAN-000771,DEPOT-ONGC-HZR,"Hazira Gas Processing Plant, Gujarat",85,16420,713,FLANGE_SLIP_ON,40.0,300,ASTM A182 F316,RF,ASME B16.5
ONGC-MAT-0000231,ONGC,"FLANGE, BLIND, 1.5 INCH, CLASS 150, ASTM A182 F316, ASME B16.5, RF FACING",CAN-000465,DEPOT-ONGC-RJM,"Rajahmundry Asset, Andhra Pradesh",102,10610,431,FLANGE_BLIND,40.0,150,ASTM A182 F316,RF,ASME B16.5
ONGC-MAT-0000232,ONGC,"VALVE, GLOBE, 8 INCH, CLASS 600, ASTM A216 WCB, ASME B16.34, RF FACING",CAN-001950,DEPOT-ONGC-RJM,"Rajahmundry Asset, Andhra Pradesh",0,1086110,0,GLOBE_VALVE,200.0,600,ASTM A216 WCB,RF,ASME B16.34
ONGC-MAT-0000233,ONGC,"VALVE, GLOBE, 1.5 INCH, CLASS 1500, ASTM A105, ASME B16.34, RF FACING",CAN-001860,DEPOT-ONGC-RJM,"Rajahmundry Asset, Andhra Pradesh",9,278970,85,GLOBE_VALVE,40.0,1500,ASTM A105,RF,ASME B16.34
ONGC-MAT-0000234,ONGC,"VALVE, BALL, 2 INCH, CLASS 1500, ASTM A216 WCB, API 6D, RF FACING",CAN-001677,DEPOT-ONGC-HZR,"Hazira Gas Processing Plant, Gujarat",41,341790,103,BALL_VALVE,50.0,1500,ASTM A216 WCB,RF,API 6D
ONGC-MAT-0000235,ONGC,"FLANGE, SLIP-ON, 4 INCH, CLASS 1500, ASTM A105, ASME B16.5, FF FACING",CAN-000876,DEPOT-ONGC-HZR,"Hazira Gas Processing Plant, Gujarat",79,61200,495,FLANGE_SLIP_ON,100.0,1500,ASTM A105,FF,ASME B16.5
ONGC-MAT-0000236,ONGC,"FLANGE, SLIP-ON, 6 INCH, CLASS 600, ASTM A105, ASME B16.5, FF FACING",CAN-000894,DEPOT-ONGC-MBO,"Mumbai Offshore Logistics Base, Maharashtra",0,49810,0,FLANGE_SLIP_ON,150.0,600,ASTM A105,FF,ASME B16.5
ONGC-MAT-0000237,ONGC,"VALVE, GLOBE, 4 INCH, CLASS 300, ASTM A105, ASME B16.34, RF FACING",CAN-001908,DEPOT-ONGC-URN,"Uran Plant, Maharashtra",10,253340,104,GLOBE_VALVE,100.0,300,ASTM A105,RF,ASME B16.34
ONGC-MAT-0000238,ONGC,"VALVE, GATE, 4 INCH, CLASS 300, ASTM A216 WCB, API 6D, RF FACING",CAN-001314,DEPOT-ONGC-MBO,"Mumbai Offshore Logistics Base, Maharashtra",45,190000,17,GATE_VALVE,100.0,300,ASTM A216 WCB,RF,API 6D
ONGC-MAT-0000239,ONGC,"VALVE, GATE, 10 INCH, CLASS 600, ASTM A105, API 600, RF FACING",CAN-001509,DEPOT-ONGC-RJM,"Rajahmundry Asset, Andhra Pradesh",19,1088730,26,GATE_VALVE,250.0,600,ASTM A105,RF,API 600
ONGC-MAT-0000240,ONGC,"FLANGE, WELDING NECK, 10 INCH, CLASS 300, ASTM A105, ASME B16.5, RF FACING",CAN-000329,DEPOT-ONGC-MBO,"Mumbai Offshore Logistics Base, Maharashtra",40,76420,42,FLANGE_WELD_NECK,250.0,300,ASTM A105,RF,ASME B16.5
ONGC-MAT-0000241,ONGC,"VALVE, GATE, 1 INCH, CLASS 600, ASTM A216 WCB, API 6D, RF FACING",CAN-001086,DEPOT-ONGC-RJM,"Rajahmundry Asset, Andhra Pradesh",123,54560,721,GATE_VALVE,25.0,600,ASTM A216 WCB,RF,API 6D
ONGC-MAT-0000242,ONGC,"VALVE, GATE, 1 INCH, CLASS 600, ASTM A105, API 6D, RF FACING",CAN-001090,DEPOT-ONGC-MBO,"Mumbai Offshore Logistics Base, Maharashtra",104,54560,569,GATE_VALVE,25.0,600,ASTM A105,RF,API 6D
ONGC-MAT-0000243,ONGC,"FLANGE, BLIND, 12 INCH, CLASS 900, ASTM A182 F316, ASME B16.5, RF FACING",CAN-000693,DEPOT-ONGC-URN,"Uran Plant, Maharashtra",15,610770,57,FLANGE_BLIND,300.0,900,ASTM A182 F316,RF,ASME B16.5
ONGC-MAT-0000244,ONGC,"FLANGE, SLIP-ON, 6 INCH, CLASS 600, ASTM A182 F316, ASME B16.5, RF FACING",CAN-000897,DEPOT-ONGC-RJM,"Rajahmundry Asset, Andhra Pradesh",15,159400,77,FLANGE_SLIP_ON,150.0,600,ASTM A182 F316,RF,ASME B16.5
ONGC-MAT-0000245,ONGC,"FLANGE, WELDING NECK, 1/2 INCH, CLASS 900, ASTM A350 LF2, ASME B16.5, RF FACING",CAN-000027,DEPOT-ONGC-URN,"Uran Plant, Maharashtra",20,7590,293,FLANGE_WELD_NECK,15.0,900,ASTM A350 LF2,RF,ASME B16.5
ONGC-MAT-0000246,ONGC,"STUD BOLT WITH NUTS, 2 INCH, CLASS 300, ASTM A193 B7 / A194 2H, ASME B18.2.1, THRD FACING",CAN-002133,DEPOT-ONGC-RJM,"Rajahmundry Asset, Andhra Pradesh",0,1500,0,STUD_BOLT,50.0,300,ASTM A193 B7 / A194 2H,THRD,ASME B18.2.1
ONGC-MAT-0000247,ONGC,"FLANGE, SLIP-ON, 6 INCH, CLASS 900, ASTM A105, ASME B16.5, RF FACING",CAN-000899,DEPOT-ONGC-URN,"Uran Plant, Maharashtra",7,68900,65,FLANGE_SLIP_ON,150.0,900,ASTM A105,RF,ASME B16.5
ONGC-MAT-0000248,ONGC,"VALVE, BALL, 12 INCH, CLASS 150, ASTM A182 F316, API 6D, BW FACING",CAN-001784,DEPOT-ONGC-RJM,"Rajahmundry Asset, Andhra Pradesh",32,1780360,78,BALL_VALVE,300.0,150,ASTM A182 F316,BW,API 6D
ONGC-MAT-0000249,ONGC,"VALVE, GLOBE, 1.5 INCH, CLASS 600, ASTM A216 WCB, BS 1873, RF FACING",CAN-001849,DEPOT-ONGC-ANK,"Ankleshwar Asset, Gujarat",32,134030,72,GLOBE_VALVE,40.0,600,ASTM A216 WCB,RF,BS 1873
ONGC-MAT-0000250,ONGC,"FLANGE, BLIND, 12 INCH, CLASS 300, ASTM A182 F316, ASME B16.5, RTJ FACING",CAN-000682,DEPOT-ONGC-MBO,"Mumbai Offshore Logistics Base, Maharashtra",37,253610,12,FLANGE_BLIND,300.0,300,ASTM A182 F316,RTJ,ASME B16.5
ONGC-MAT-0000251,ONGC,"FLANGE, SLIP-ON, 8 INCH, CLASS 900, ASTM A182 F304, ASME B16.5, RF FACING",CAN-000931,DEPOT-ONGC-RJM,"Rajahmundry Asset, Andhra Pradesh",91,240360,511,FLANGE_SLIP_ON,200.0,900,ASTM A182 F304,RF,ASME B16.5
ONGC-MAT-0000252,ONGC,"FLANGE, SLIP-ON, 12 INCH, CLASS 600, ASTM A182 F304, ASME B16.5, RF FACING",CAN-000985,DEPOT-ONGC-RJM,"Rajahmundry Asset, Andhra Pradesh",0,294380,0,FLANGE_SLIP_ON,300.0,600,ASTM A182 F304,RF,ASME B16.5
ONGC-MAT-0000253,ONGC,"FLANGE, BLIND, 10 INCH, CLASS 300, ASTM A182 F316, ASME B16.5, RTJ FACING",CAN-000652,DEPOT-ONGC-ANK,"Ankleshwar Asset, Gujarat",103,200090,666,FLANGE_BLIND,250.0,300,ASTM A182 F316,RTJ,ASME B16.5
ONGC-MAT-0000254,ONGC,"VALVE, GLOBE, 4 INCH, CLASS 150, ASTM A216 WCB, BS 1873, RF FACING",CAN-001901,DEPOT-ONGC-ANK,"Ankleshwar Asset, Gujarat",0,145500,0,GLOBE_VALVE,100.0,150,ASTM A216 WCB,RF,BS 1873
ONGC-MAT-0000255,ONGC,"FLANGE, WELDING NECK, 10 INCH, CLASS 600, ASTM A350 LF2, ASME B16.5, RTJ FACING",CAN-000340,DEPOT-ONGC-URN,"Uran Plant, Maharashtra",17,212900,20,FLANGE_WELD_NECK,250.0,600,ASTM A350 LF2,RTJ,ASME B16.5
ONGC-MAT-0000256,ONGC,"FLANGE, SLIP-ON, 8 INCH, CLASS 600, ASTM A182 F316, ASME B16.5, FF FACING",CAN-000928,DEPOT-ONGC-MBO,"Mumbai Offshore Logistics Base, Maharashtra",27,231700,97,FLANGE_SLIP_ON,200.0,600,ASTM A182 F316,FF,ASME B16.5
ONGC-MAT-0000257,ONGC,"GASKET, SPIRAL WOUND, 1.5 INCH, CLASS 900, SS304 / GRAPHITE, ASME B16.20, RF FACING",CAN-002028,DEPOT-ONGC-ANK,"Ankleshwar Asset, Gujarat",15,12050,74,SPIRAL_WOUND_GASKET,40.0,900,SS304 / GRAPHITE,RF,ASME B16.20
ONGC-MAT-0000258,ONGC,"FLANGE, WELDING NECK, 1/2 INCH, CLASS 1500, ASTM A350 LF2, ASME B16.5, RTJ FACING",CAN-000036,DEPOT-ONGC-RJM,"Rajahmundry Asset, Andhra Pradesh",39,11430,100,FLANGE_WELD_NECK,15.0,1500,ASTM A350 LF2,RTJ,ASME B16.5
ONGC-MAT-0000259,ONGC,"FLANGE, BLIND, 1 INCH, CLASS 150, ASTM A350 LF2, ASME B16.5, RF FACING",CAN-000433,DEPOT-ONGC-MBO,"Mumbai Offshore Logistics Base, Maharashtra",42,2880,245,FLANGE_BLIND,25.0,150,ASTM A350 LF2,RF,ASME B16.5
ONGC-MAT-0000260,ONGC,"VALVE, BALL, 8 INCH, CLASS 1500, ASTM A182 F316, API 6D, BW FACING",CAN-001760,DEPOT-ONGC-ANK,"Ankleshwar Asset, Gujarat",118,6631160,340,BALL_VALVE,200.0,1500,ASTM A182 F316,BW,API 6D
ONGC-MAT-0000261,ONGC,"FLANGE, WELDING NECK, 2 INCH, CLASS 600, ASTM A350 LF2, ASME B16.5, RF FACING",CAN-000139,DEPOT-ONGC-MBO,"Mumbai Offshore Logistics Base, Maharashtra",12,26270,117,FLANGE_WELD_NECK,50.0,600,ASTM A350 LF2,RF,ASME B16.5
ONGC-MAT-0000262,ONGC,"VALVE, GATE, 1 INCH, CLASS 1500, ASTM A216 WCB, API 600, RF FACING",CAN-001109,DEPOT-ONGC-HZR,"Hazira Gas Processing Plant, Gujarat",146,113570,614,GATE_VALVE,25.0,1500,ASTM A216 WCB,RF,API 600
ONGC-MAT-0000263,ONGC,"FLANGE, WELDING NECK, 1 INCH, CLASS 600, ASTM A350 LF2, ASME B16.5, RTJ FACING",CAN-000060,DEPOT-ONGC-ANK,"Ankleshwar Asset, Gujarat",22,10670,88,FLANGE_WELD_NECK,25.0,600,ASTM A350 LF2,RTJ,ASME B16.5
ONGC-MAT-0000264,ONGC,"FLANGE, SLIP-ON, 3 INCH, CLASS 150, ASTM A182 F304, ASME B16.5, FF FACING",CAN-000824,DEPOT-ONGC-MBO,"Mumbai Offshore Logistics Base, Maharashtra",25,17410,19,FLANGE_SLIP_ON,80.0,150,ASTM A182 F304,FF,ASME B16.5
ONGC-MAT-0000265,ONGC,"FLANGE, BLIND, 1 INCH, CLASS 300, ASTM A105, ASME B16.5, RTJ FACING",CAN-000438,DEPOT-ONGC-ANK,"Ankleshwar Asset, Gujarat",131,3130,498,FLANGE_BLIND,25.0,300,ASTM A105,RTJ,ASME B16.5
ONGC-MAT-0000266,ONGC,"FLANGE, WELDING NECK, 1/2 INCH, CLASS 300, ASTM A105, ASME B16.5, RTJ FACING",CAN-000010,DEPOT-ONGC-HZR,"Hazira Gas Processing Plant, Gujarat",33,1970,77,FLANGE_WELD_NECK,15.0,300,ASTM A105,RTJ,ASME B16.5
ONGC-MAT-0000267,ONGC,"FLANGE, SLIP-ON, 12 INCH, CLASS 150, ASTM A105, ASME B16.5, RF FACING",CAN-000971,DEPOT-ONGC-RJM,"Rajahmundry Asset, Andhra Pradesh",5,40460,113,FLANGE_SLIP_ON,300.0,150,ASTM A105,RF,ASME B16.5
ONGC-MAT-0000268,ONGC,"VALVE, GATE, 10 INCH, CLASS 300, ASTM A216 WCB, API 600, BW FACING",CAN-001495,DEPOT-ONGC-HZR,"Hazira Gas Processing Plant, Gujarat",18,625310,54,GATE_VALVE,250.0,300,ASTM A216 WCB,BW,API 600
ONGC-MAT-0000269,ONGC,"VALVE, GATE, 6 INCH, CLASS 900, ASTM A216 WCB, API 600, RF FACING",CAN-001397,DEPOT-ONGC-RJM,"Rajahmundry Asset, Andhra Pradesh",35,775150,292,GATE_VALVE,150.0,900,ASTM A216 WCB,RF,API 600
ONGC-MAT-0000270,ONGC,"FLANGE, WELDING NECK, 3 INCH, CLASS 1500, ASTM A182 F316, ASME B16.5, RF FACING",CAN-000199,DEPOT-ONGC-MBO,"Mumbai Offshore Logistics Base, Maharashtra",29,201490,267,FLANGE_WELD_NECK,80.0,1500,ASTM A182 F316,RF,ASME B16.5
ONGC-MAT-0000271,ONGC,"VALVE, GATE, 1 INCH, CLASS 600, ASTM A182 F316, API 6D, RF FACING",CAN-001094,DEPOT-ONGC-ANK,"Ankleshwar Asset, Gujarat",46,174610,91,GATE_VALVE,25.0,600,ASTM A182 F316,RF,API 6D
ONGC-MAT-0000272,ONGC,"FLANGE, WELDING NECK, 4 INCH, CLASS 150, ASTM A182 F316, ASME B16.5, RF FACING",CAN-000207,DEPOT-ONGC-URN,"Uran Plant, Maharashtra",0,42680,0,FLANGE_WELD_NECK,100.0,150,ASTM A182 F316,RF,ASME B16.5
ONGC-MAT-0000273,ONGC,"FLANGE, SLIP-ON, 8 INCH, CLASS 900, ASTM A182 F304, ASME B16.5, FF FACING",CAN-000932,DEPOT-ONGC-ANK,"Ankleshwar Asset, Gujarat",0,240360,0,FLANGE_SLIP_ON,200.0,900,ASTM A182 F304,FF,ASME B16.5
ONGC-MAT-0000274,ONGC,"FLANGE, SLIP-ON, 1.5 INCH, CLASS 150, ASTM A182 F304, ASME B16.5, FF FACING",CAN-000764,DEPOT-ONGC-RJM,"Rajahmundry Asset, Andhra Pradesh",39,7070,111,FLANGE_SLIP_ON,40.0,150,ASTM A182 F304,FF,ASME B16.5
ONGC-MAT-0000275,ONGC,"FLANGE, SLIP-ON, 10 INCH, CLASS 1500, ASTM A182 F316, ASME B16.5, RF FACING",CAN-000969,DEPOT-ONGC-URN,"Uran Plant, Maharashtra",47,644560,86,FLANGE_SLIP_ON,250.0,1500,ASTM A182 F316,RF,ASME B16.5
ONGC-MAT-0000276,ONGC,"FLANGE, WELDING NECK, 2 INCH, CLASS 600, ASTM A105, ASME B16.5, RF FACING",CAN-000137,DEPOT-ONGC-URN,"Uran Plant, Maharashtra",31,16420,80,FLANGE_WELD_NECK,50.0,600,ASTM A105,RF,ASME B16.5
ONGC-MAT-0000277,ONGC,"FLANGE, WELDING NECK, 8 INCH, CLASS 150, ASTM A350 LF2, ASME B16.5, RTJ FACING",CAN-000284,DEPOT-ONGC-HZR,"Hazira Gas Processing Plant, Gujarat",38,52540,108,FLANGE_WELD_NECK,200.0,150,ASTM A350 LF2,RTJ,ASME B16.5
ONGC-MAT-0000278,ONGC,"FLANGE, BLIND, 4 INCH, CLASS 600, ASTM A105, ASME B16.5, RF FACING",CAN-000563,DEPOT-ONGC-ANK,"Ankleshwar Asset, Gujarat",49,33080,16,FLANGE_BLIND,100.0,600,ASTM A105,RF,ASME B16.5
ONGC-MAT-0000279,ONGC,"FLANGE, WELDING NECK, 3 INCH, CLASS 150, ASTM A182 F304, ASME B16.5, RTJ FACING",CAN-000166,DEPOT-ONGC-HZR,"Hazira Gas Processing Plant, Gujarat",149,23950,214,FLANGE_WELD_NECK,80.0,150,ASTM A182 F304,RTJ,ASME B16.5
ONGC-MAT-0000280,ONGC,"FLANGE, BLIND, 3 INCH, CLASS 900, ASTM A105, ASME B16.5, RTJ FACING",CAN-000540,DEPOT-ONGC-ANK,"Ankleshwar Asset, Gujarat",0,34230,0,FLANGE_BLIND,80.0,900,ASTM A105,RTJ,ASME B16.5
ONGC-MAT-0000281,ONGC,"FLANGE, SLIP-ON, 1/2 INCH, CLASS 900, ASTM A105, ASME B16.5, RF FACING",CAN-000719,DEPOT-ONGC-URN,"Uran Plant, Maharashtra",0,3450,0,FLANGE_SLIP_ON,15.0,900,ASTM A105,RF,ASME B16.5
ONGC-MAT-0000282,ONGC,"FLANGE, SLIP-ON, 12 INCH, CLASS 150, ASTM A182 F304, ASME B16.5, FF FACING",CAN-000974,DEPOT-ONGC-ANK,"Ankleshwar Asset, Gujarat",9,97110,117,FLANGE_SLIP_ON,300.0,150,ASTM A182 F304,FF,ASME B16.5
ONGC-MAT-0000283,ONGC,"FLANGE, BLIND, 6 INCH, CLASS 150, ASTM A350 LF2, ASME B16.5, RTJ FACING",CAN-000584,DEPOT-ONGC-ANK,"Ankleshwar Asset, Gujarat",132,29570,427,FLANGE_BLIND,150.0,150,ASTM A350 LF2,RTJ,ASME B16.5
ONGC-MAT-0000284,ONGC,"VALVE, GATE, 12 INCH, CLASS 300, ASTM A182 F316, API 6D, RF FACING",CAN-001562,DEPOT-ONGC-ANK,"Ankleshwar Asset, Gujarat",122,2536190,589,GATE_VALVE,300.0,300,ASTM A182 F316,RF,API 6D
ONGC-MAT-0000285,ONGC,"STUD BOLT WITH NUTS, 2 INCH, CLASS 150, ASTM A193 B7 / A194 2H, ASME B18.2.1, THRD FACING",CAN-002131,DEPOT-ONGC-MBO,"Mumbai Offshore Logistics Base, Maharashtra",0,860,0,STUD_BOLT,50.0,150,ASTM A193 B7 / A194 2H,THRD,ASME B18.2.1
ONGC-MAT-0000286,ONGC,"VALVE, BALL, 1/2 INCH, CLASS 600, ASTM A182 F316, API 6D, RF FACING",CAN-001611,DEPOT-ONGC-ANK,"Ankleshwar Asset, Gujarat",22,109850,63,BALL_VALVE,15.0,600,ASTM A182 F316,RF,API 6D
ONGC-MAT-0000287,ONGC,"FLANGE, SLIP-ON, 2 INCH, CLASS 600, ASTM A105, ASME B16.5, FF FACING",CAN-000804,DEPOT-ONGC-HZR,"Hazira Gas Processing Plant, Gujarat",42,11940,29,FLANGE_SLIP_ON,50.0,600,ASTM A105,FF,ASME B16.5
ONGC-MAT-0000288,ONGC,"FLANGE, WELDING NECK, 4 INCH, CLASS 300, ASTM A182 F304, ASME B16.5, RTJ FACING",CAN-000214,DEPOT-ONGC-MBO,"Mumbai Offshore Logistics Base, Maharashtra",0,55730,0,FLANGE_WELD_NECK,100.0,300,ASTM A182 F304,RTJ,ASME B16.5
ONGC-MAT-0000289,ONGC,"VALVE, BALL, 12 INCH, CLASS 300, ASTM A216 WCB, API 6D, BW FACING",CAN-001786,DEPOT-ONGC-MBO,"Mumbai Offshore Logistics Base, Maharashtra",22,968680,105,BALL_VALVE,300.0,300,ASTM A216 WCB,BW,API 6D
ONGC-MAT-0000290,ONGC,"VALVE, GATE, 10 INCH, CLASS 900, ASTM A182 F316, API 6D, BW FACING",CAN-001528,DEPOT-ONGC-MBO,"Mumbai Offshore Logistics Base, Maharashtra",13,4818850,73,GATE_VALVE,250.0,900,ASTM A182 F316,BW,API 6D
ONGC-MAT-0000291,ONGC,"STUD BOLT WITH NUTS, 8 INCH, CLASS 300, ASTM A193 B7 / A194 2H, ASME B18.2.1, THRD FACING",CAN-002173,DEPOT-ONGC-URN,"Uran Plant, Maharashtra",0,9090,0,STUD_BOLT,200.0,300,ASTM A193 B7 / A194 2H,THRD,ASME B18.2.1
ONGC-MAT-0000292,ONGC,"VALVE, GATE, 1/2 INCH, CLASS 600, ASTM A105, API 600, RF FACING",CAN-001029,DEPOT-ONGC-ANK,"Ankleshwar Asset, Gujarat",121,28080,486,GATE_VALVE,15.0,600,ASTM A105,RF,API 600
ONGC-MAT-0000293,ONGC,"FLANGE, WELDING NECK, 1.5 INCH, CLASS 1500, ASTM A182 F316, ASME B16.5, RTJ FACING",CAN-000120,DEPOT-ONGC-RJM,"Rajahmundry Asset, Andhra Pradesh",11,81830,86,FLANGE_WELD_NECK,40.0,1500,ASTM A182 F316,RTJ,ASME B16.5
ONGC-MAT-0000294,ONGC,"VALVE, GATE, 12 INCH, CLASS 1500, ASTM A216 WCB, API 6D, RF FACING",CAN-001590,DEPOT-ONGC-URN,"Uran Plant, Maharashtra",109,2872150,598,GATE_VALVE,300.0,1500,ASTM A216 WCB,RF,API 6D
ONGC-MAT-0000295,ONGC,"FLANGE, WELDING NECK, 6 INCH, CLASS 900, ASTM A182 F316, ASME B16.5, RF FACING",CAN-000271,DEPOT-ONGC-MBO,"Mumbai Offshore Logistics Base, Maharashtra",59,303170,693,FLANGE_WELD_NECK,150.0,900,ASTM A182 F316,RF,ASME B16.5
ONGC-MAT-0000296,ONGC,"GASKET, SPIRAL WOUND, 4 INCH, CLASS 300, SS304 / GRAPHITE, ASME B16.20, RF FACING",CAN-002054,DEPOT-ONGC-ANK,"Ankleshwar Asset, Gujarat",63,16460,267,SPIRAL_WOUND_GASKET,100.0,300,SS304 / GRAPHITE,RF,ASME B16.20
ONGC-MAT-0000297,ONGC,"FLANGE, WELDING NECK, 3 INCH, CLASS 300, ASTM A182 F316, ASME B16.5, RTJ FACING",CAN-000176,DEPOT-ONGC-ANK,"Ankleshwar Asset, Gujarat",75,55600,750,FLANGE_WELD_NECK,80.0,300,ASTM A182 F316,RTJ,ASME B16.5
ONGC-MAT-0000298,ONGC,"VALVE, GATE, 6 INCH, CLASS 1500, ASTM A105, API 600, BW FACING",CAN-001415,DEPOT-ONGC-URN,"Uran Plant, Maharashtra",147,1166450,644,GATE_VALVE,150.0,1500,ASTM A105,BW,API 600
ONGC-MAT-0000299,ONGC,"VALVE, GATE, 1.5 INCH, CLASS 600, ASTM A182 F316, API 600, BW FACING",CAN-001155,DEPOT-ONGC-ANK,"Ankleshwar Asset, Gujarat",55,321680,271,GATE_VALVE,40.0,600,ASTM A182 F316,BW,API 600
ONGC-MAT-0000300,ONGC,"VALVE, GATE, 3 INCH, CLASS 600, ASTM A216 WCB, API 600, BW FACING",CAN-001267,DEPOT-ONGC-URN,"Uran Plant, Maharashtra",31,247520,43,GATE_VALVE,80.0,600,ASTM A216 WCB,BW,API 600
ONGC-MAT-0000301,ONGC,"FLANGE, SLIP-ON, 4 INCH, CLASS 1500, ASTM A105, ASME B16.5, FF FACING",CAN-000876,DEPOT-ONGC-URN,"Uran Plant, Maharashtra",114,61200,587,FLANGE_SLIP_ON,100.0,1500,ASTM A105,FF,ASME B16.5
ONGC-MAT-0000302,ONGC,"STUD BOLT WITH NUTS, 1.5 INCH, CLASS 150, ASTM A320 L7 / A194 7, ASME B18.2.1, THRD FACING",CAN-002122,DEPOT-ONGC-MBO,"Mumbai Offshore Logistics Base, Maharashtra",22,1030,46,STUD_BOLT,40.0,150,ASTM A320 L7 / A194 7,THRD,ASME B18.2.1
ONGC-MAT-0000303,ONGC,"GASKET, SPIRAL WOUND, 6 INCH, CLASS 150, SS316 / GRAPHITE, ASME B16.20, RF FACING",CAN-002061,DEPOT-ONGC-MBO,"Mumbai Offshore Logistics Base, Maharashtra",0,21360,0,SPIRAL_WOUND_GASKET,150.0,150,SS316 / GRAPHITE,RF,ASME B16.20
ONGC-MAT-0000304,ONGC,"VALVE, GLOBE, 2 INCH, CLASS 300, ASTM A216 WCB, BS 1873, RF FACING",CAN-001865,DEPOT-ONGC-RJM,"Rajahmundry Asset, Andhra Pradesh",6,102890,116,GLOBE_VALVE,50.0,300,ASTM A216 WCB,RF,BS 1873
ONGC-MAT-0000305,ONGC,"FLANGE, SLIP-ON, 6 INCH, CLASS 300, ASTM A182 F316, ASME B16.5, RF FACING",CAN-000891,DEPOT-ONGC-MBO,"Mumbai Offshore Logistics Base, Maharashtra",41,91550,282,FLANGE_SLIP_ON,150.0,300,ASTM A182 F316,RF,ASME B16.5
ONGC-MAT-0000306,ONGC,"FLANGE, BLIND, 1.5 INCH, CLASS 600, ASTM A105, ASME B16.5, RF FACING",CAN-000473,DEPOT-ONGC-RJM,"Rajahmundry Asset, Andhra Pradesh",34,10050,71,FLANGE_BLIND,40.0,600,ASTM A105,RF,ASME B16.5
ONGC-MAT-0000307,ONGC,"FLANGE, SLIP-ON, 1/2 INCH, CLASS 1500, ASTM A182 F304, ASME B16.5, RF FACING",CAN-000727,DEPOT-ONGC-ANK,"Ankleshwar Asset, Gujarat",14,12470,83,FLANGE_SLIP_ON,15.0,1500,ASTM A182 F304,RF,ASME B16.5
ONGC-MAT-0000308,ONGC,"VALVE, GLOBE, 8 INCH, CLASS 300, ASTM A105, ASME B16.34, RF FACING",CAN-001948,DEPOT-ONGC-ANK,"Ankleshwar Asset, Gujarat",24,623800,87,GLOBE_VALVE,200.0,300,ASTM A105,RF,ASME B16.34
ONGC-MAT-0000309,ONGC,"VALVE, GATE, 2 INCH, CLASS 900, ASTM A216 WCB, API 600, BW FACING",CAN-001219,DEPOT-ONGC-URN,"Uran Plant, Maharashtra",48,185830,22,GATE_VALVE,50.0,900,ASTM A216 WCB,BW,API 600
ONGC-MAT-0000310,ONGC,"FLANGE, BLIND, 1/2 INCH, CLASS 1500, ASTM A182 F316, ASME B16.5, RF FACING",CAN-000429,DEPOT-ONGC-MBO,"Mumbai Offshore Logistics Base, Maharashtra",65,18700,712,FLANGE_BLIND,15.0,1500,ASTM A182 F316,RF,ASME B16.5
ONGC-MAT-0000311,ONGC,"FLANGE, SLIP-ON, 1/2 INCH, CLASS 300, ASTM A182 F304, ASME B16.5, RF FACING",CAN-000709,DEPOT-ONGC-URN,"Uran Plant, Maharashtra",46,3440,53,FLANGE_SLIP_ON,15.0,300,ASTM A182 F304,RF,ASME B16.5
ONGC-MAT-0000312,ONGC,"VALVE, GATE, 4 INCH, CLASS 900, ASTM A216 WCB, API 600, RF FACING",CAN-001337,DEPOT-ONGC-RJM,"Rajahmundry Asset, Andhra Pradesh",33,457580,66,GATE_VALVE,100.0,900,ASTM A216 WCB,RF,API 600
ONGC-MAT-0000313,ONGC,"FLANGE, BLIND, 6 INCH, CLASS 150, ASTM A105, ASME B16.5, RF FACING",CAN-000581,DEPOT-ONGC-MBO,"Mumbai Offshore Logistics Base, Maharashtra",25,18480,84,FLANGE_BLIND,150.0,150,ASTM A105,RF,ASME B16.5
ONGC-MAT-0000314,ONGC,"VALVE, GATE, 8 INCH, CLASS 1500, ASTM A105, API 6D, BW FACING",CAN-001476,DEPOT-ONGC-HZR,"Hazira Gas Processing Plant, Gujarat",28,1695460,51,GATE_VALVE,200.0,1500,ASTM A105,BW,API 6D
ONGC-MAT-0000315,ONGC,"VALVE, GATE, 1/2 INCH, CLASS 300, ASTM A216 WCB, API 600, RF FACING",CAN-001013,DEPOT-ONGC-ANK,"Ankleshwar Asset, Gujarat",87,16130,395,GATE_VALVE,15.0,300,ASTM A216 WCB,RF,API 600
ONGC-MAT-0000316,ONGC,"VALVE, GATE, 2 INCH, CLASS 300, ASTM A182 F316, API 6D, BW FACING",CAN-001204,DEPOT-ONGC-ANK,"Ankleshwar Asset, Gujarat",0,246930,0,GATE_VALVE,50.0,300,ASTM A182 F316,BW,API 6D
ONGC-MAT-0000317,ONGC,"FLANGE, WELDING NECK, 1/2 INCH, CLASS 300, ASTM A182 F316, ASME B16.5, RTJ FACING",CAN-000016,DEPOT-ONGC-MBO,"Mumbai Offshore Logistics Base, Maharashtra",47,6300,73,FLANGE_WELD_NECK,15.0,300,ASTM A182 F316,RTJ,ASME B16.5
ONGC-MAT-0000318,ONGC,"VALVE, GATE, 10 INCH, CLASS 600, ASTM A105, API 600, BW FACING",CAN-001511,DEPOT-ONGC-HZR,"Hazira Gas Processing Plant, Gujarat",31,1088730,112,GATE_VALVE,250.0,600,ASTM A105,BW,API 600
ONGC-MAT-0000319,ONGC,"FLANGE, WELDING NECK, 1.5 INCH, CLASS 900, ASTM A182 F304, ASME B16.5, RF FACING",CAN-000109,DEPOT-ONGC-RJM,"Rajahmundry Asset, Andhra Pradesh",0,40780,0,FLANGE_WELD_NECK,40.0,900,ASTM A182 F304,RF,ASME B16.5
ONGC-MAT-0000320,ONGC,"FLANGE, BLIND, 1/2 INCH, CLASS 300, ASTM A350 LF2, ASME B16.5, RF FACING",CAN-000409,DEPOT-ONGC-URN,"Uran Plant, Maharashtra",88,2580,235,FLANGE_BLIND,15.0,300,ASTM A350 LF2,RF,ASME B16.5
ONGC-MAT-0000321,ONGC,"FLANGE, BLIND, 3 INCH, CLASS 600, ASTM A350 LF2, ASME B16.5, RF FACING",CAN-000535,DEPOT-ONGC-MBO,"Mumbai Offshore Logistics Base, Maharashtra",49,39600,40,FLANGE_BLIND,80.0,600,ASTM A350 LF2,RF,ASME B16.5
ONGC-MAT-0000322,ONGC,"VALVE, BALL, 1.5 INCH, CLASS 150, ASTM A216 WCB, API 6D, BW FACING",CAN-001642,DEPOT-ONGC-ANK,"Ankleshwar Asset, Gujarat",108,40530,395,BALL_VALVE,40.0,150,ASTM A216 WCB,BW,API 6D
ONGC-MAT-0000323,ONGC,"VALVE, GATE, 1/2 INCH, CLASS 1500, ASTM A105, API 600, RF FACING",CAN-001053,DEPOT-ONGC-ANK,"Ankleshwar Asset, Gujarat",34,58460,25,GATE_VALVE,15.0,1500,ASTM A105,RF,API 600
ONGC-MAT-0000324,ONGC,"VALVE, GATE, 1/2 INCH, CLASS 900, ASTM A105, API 600, BW FACING",CAN-001043,DEPOT-ONGC-HZR,"Hazira Gas Processing Plant, Gujarat",12,38840,25,GATE_VALVE,15.0,900,ASTM A105,BW,API 600
ONGC-MAT-0000325,ONGC,"VALVE, BALL, 1/2 INCH, CLASS 600, ASTM A216 WCB, API 6D, RF FACING",CAN-001609,DEPOT-ONGC-ANK,"Ankleshwar Asset, Gujarat",34,34320,68,BALL_VALVE,15.0,600,ASTM A216 WCB,RF,API 6D
ONGC-MAT-0000326,ONGC,"VALVE, GATE, 2 INCH, CLASS 300, ASTM A216 WCB, API 600, RF FACING",CAN-001193,DEPOT-ONGC-URN,"Uran Plant, Maharashtra",87,77160,426,GATE_VALVE,50.0,300,ASTM A216 WCB,RF,API 600
ONGC-MAT-0000327,ONGC,"FLANGE, BLIND, 3 INCH, CLASS 600, ASTM A182 F316, ASME B16.5, RTJ FACING",CAN-000538,DEPOT-ONGC-HZR,"Hazira Gas Processing Plant, Gujarat",87,79200,729,FLANGE_BLIND,80.0,600,ASTM A182 F316,RTJ,ASME B16.5
ONGC-MAT-0000328,ONGC,"FLANGE, WELDING NECK, 1/2 INCH, CLASS 300, ASTM A182 F304, ASME B16.5, RTJ FACING",CAN-000014,DEPOT-ONGC-MBO,"Mumbai Offshore Logistics Base, Maharashtra",0,4730,0,FLANGE_WELD_NECK,15.0,300,ASTM A182 F304,RTJ,ASME B16.5
ONGC-MAT-0000329,ONGC,"VALVE, GATE, 6 INCH, CLASS 1500, ASTM A105, API 6D, RF FACING",CAN-001414,DEPOT-ONGC-ANK,"Ankleshwar Asset, Gujarat",139,1166450,692,GATE_VALVE,150.0,1500,ASTM A105,RF,API 6D
ONGC-MAT-0000330,ONGC,"VALVE, GATE, 3 INCH, CLASS 150, ASTM A216 WCB, API 600, RF FACING",CAN-001241,DEPOT-ONGC-ANK,"Ankleshwar Asset, Gujarat",11,81650,38,GATE_VALVE,80.0,150,ASTM A216 WCB,RF,API 600
ONGC-MAT-0000331,ONGC,"FLANGE, WELDING NECK, 12 INCH, CLASS 150, ASTM A105, ASME B16.5, RF FACING",CAN-000361,DEPOT-ONGC-ANK,"Ankleshwar Asset, Gujarat",45,55630,72,FLANGE_WELD_NECK,300.0,150,ASTM A105,RF,ASME B16.5
ONGC-MAT-0000332,ONGC,"VALVE, GATE, 4 INCH, CLASS 600, ASTM A216 WCB, API 6D, BW FACING",CAN-001328,DEPOT-ONGC-ANK,"Ankleshwar Asset, Gujarat",0,330820,0,GATE_VALVE,100.0,600,ASTM A216 WCB,BW,API 6D
ONGC-MAT-0000333,ONGC,"FLANGE, SLIP-ON, 10 INCH, CLASS 300, ASTM A182 F316, ASME B16.5, FF FACING",CAN-000952,DEPOT-ONGC-RJM,"Rajahmundry Asset, Andhra Pradesh",46,177860,57,FLANGE_SLIP_ON,250.0,300,ASTM A182 F316,FF,ASME B16.5
ONGC-MAT-0000334,ONGC,"FLANGE, BLIND, 3 INCH, CLASS 600, ASTM A105, ASME B16.5, RF FACING",CAN-000533,DEPOT-ONGC-MBO,"Mumbai Offshore Logistics Base, Maharashtra",0,24750,0,FLANGE_BLIND,80.0,600,ASTM A105,RF,ASME B16.5
ONGC-MAT-0000335,ONGC,"FLANGE, BLIND, 1/2 INCH, CLASS 600, ASTM A182 F316, ASME B16.5, RTJ FACING",CAN-000418,DEPOT-ONGC-ANK,"Ankleshwar Asset, Gujarat",0,8980,0,FLANGE_BLIND,15.0,600,ASTM A182 F316,RTJ,ASME B16.5
ONGC-MAT-0000336,ONGC,"VALVE, BALL, 12 INCH, CLASS 1500, ASTM A182 F316, API 6D, RF FACING",CAN-001799,DEPOT-ONGC-URN,"Uran Plant, Maharashtra",28,11233320,54,BALL_VALVE,300.0,1500,ASTM A182 F316,RF,API 6D
ONGC-MAT-0000337,ONGC,"VALVE, GATE, 10 INCH, CLASS 900, ASTM A216 WCB, API 600, BW FACING",CAN-001519,DEPOT-ONGC-RJM,"Rajahmundry Asset, Andhra Pradesh",0,1505890,0,GATE_VALVE,250.0,900,ASTM A216 WCB,BW,API 600
ONGC-MAT-0000338,ONGC,"VALVE, GATE, 4 INCH, CLASS 600, ASTM A105, API 600, RF FACING",CAN-001329,DEPOT-ONGC-RJM,"Rajahmundry Asset, Andhra Pradesh",108,330820,677,GATE_VALVE,100.0,600,ASTM A105,RF,API 600
ONGC-MAT-0000339,ONGC,"VALVE, GATE, 1/2 INCH, CLASS 1500, ASTM A105, API 6D, RF FACING",CAN-001054,DEPOT-ONGC-RJM,"Rajahmundry Asset, Andhra Pradesh",36,58460,56,GATE_VALVE,15.0,1500,ASTM A105,RF,API 6D
ONGC-MAT-0000340,ONGC,"VALVE, BALL, 6 INCH, CLASS 600, ASTM A216 WCB, API 6D, BW FACING",CAN-001730,DEPOT-ONGC-RJM,"Rajahmundry Asset, Andhra Pradesh",0,684960,0,BALL_VALVE,150.0,600,ASTM A216 WCB,BW,API 6D
ONGC-MAT-0000341,ONGC,"FLANGE, WELDING NECK, 8 INCH, CLASS 300, ASTM A182 F304, ASME B16.5, RTJ FACING",CAN-000294,DEPOT-ONGC-MBO,"Mumbai Offshore Logistics Base, Maharashtra",14,137230,110,FLANGE_WELD_NECK,200.0,300,ASTM A182 F304,RTJ,ASME B16.5
ONGC-MAT-0000342,ONGC,"VALVE, GATE, 3 INCH, CLASS 150, ASTM A105, API 600, RF FACING",CAN-001245,DEPOT-ONGC-RJM,"Rajahmundry Asset, Andhra Pradesh",87,81650,300,GATE_VALVE,80.0,150,ASTM A105,RF,API 600
ONGC-MAT-0000343,ONGC,"VALVE, GLOBE, 3 INCH, CLASS 900, ASTM A216 WCB, ASME B16.34, RF FACING",CAN-001894,DEPOT-ONGC-URN,"Uran Plant, Maharashtra",20,456480,37,GLOBE_VALVE,80.0,900,ASTM A216 WCB,RF,ASME B16.34
ONGC-MAT-0000344,ONGC,"FLANGE, BLIND, 8 INCH, CLASS 1500, ASTM A350 LF2, ASME B16.5, RF FACING",CAN-000637,DEPOT-ONGC-ANK,"Ankleshwar Asset, Gujarat",24,271270,12,FLANGE_BLIND,200.0,1500,ASTM A350 LF2,RF,ASME B16.5
ONGC-MAT-0000345,ONGC,"FLANGE, WELDING NECK, 1.5 INCH, CLASS 150, ASTM A182 F316, ASME B16.5, RTJ FACING",CAN-000088,DEPOT-ONGC-MBO,"Mumbai Offshore Logistics Base, Maharashtra",0,12960,0,FLANGE_WELD_NECK,40.0,150,ASTM A182 F316,RTJ,ASME B16.5
ONGC-MAT-0000346,ONGC,"VALVE, GLOBE, 4 INCH, CLASS 600, ASTM A105, BS 1873, RF FACING",CAN-001911,DEPOT-ONGC-MBO,"Mumbai Offshore Logistics Base, Maharashtra",133,441100,278,GLOBE_VALVE,100.0,600,ASTM A105,RF,BS 1873
ONGC-MAT-0000347,ONGC,"GASKET, SPIRAL WOUND, 1.5 INCH, CLASS 900, SS304 / GRAPHITE, ASME B16.20, RF FACING",CAN-002028,DEPOT-ONGC-ANK,"Ankleshwar Asset, Gujarat",146,12050,680,SPIRAL_WOUND_GASKET,40.0,900,SS304 / GRAPHITE,RF,ASME B16.20
ONGC-MAT-0000348,ONGC,"FLANGE, SLIP-ON, 1/2 INCH, CLASS 300, ASTM A182 F304, ASME B16.5, RF FACING",CAN-000709,DEPOT-ONGC-URN,"Uran Plant, Maharashtra",51,3440,749,FLANGE_SLIP_ON,15.0,300,ASTM A182 F304,RF,ASME B16.5
ONGC-MAT-0000349,ONGC,"VALVE, BALL, 2 INCH, CLASS 1500, ASTM A182 F316, API 6D, RF FACING",CAN-001679,DEPOT-ONGC-ANK,"Ankleshwar Asset, Gujarat",107,1093730,222,BALL_VALVE,50.0,1500,ASTM A182 F316,RF,API 6D
ONGC-MAT-0000350,ONGC,"VALVE, BALL, 12 INCH, CLASS 900, ASTM A182 F316, API 6D, RF FACING",CAN-001795,DEPOT-ONGC-RJM,"Rajahmundry Asset, Andhra Pradesh",147,7464990,470,BALL_VALVE,300.0,900,ASTM A182 F316,RF,API 6D
ONGC-MAT-0000351,ONGC,"GASKET, SPIRAL WOUND, 4 INCH, CLASS 900, SS316 / GRAPHITE, ASME B16.20, RF FACING",CAN-002057,DEPOT-ONGC-ANK,"Ankleshwar Asset, Gujarat",123,52870,217,SPIRAL_WOUND_GASKET,100.0,900,SS316 / GRAPHITE,RF,ASME B16.20
ONGC-MAT-0000352,ONGC,"VALVE, GLOBE, 10 INCH, CLASS 600, ASTM A105, BS 1873, RF FACING",CAN-001971,DEPOT-ONGC-HZR,"Hazira Gas Processing Plant, Gujarat",17,1451640,87,GLOBE_VALVE,250.0,600,ASTM A105,RF,BS 1873
ONGC-MAT-0000353,ONGC,"VALVE, GATE, 1/2 INCH, CLASS 300, ASTM A216 WCB, API 600, RF FACING",CAN-001013,DEPOT-ONGC-MBO,"Mumbai Offshore Logistics Base, Maharashtra",0,16130,0,GATE_VALVE,15.0,300,ASTM A216 WCB,RF,API 600
ONGC-MAT-0000354,ONGC,"VALVE, GATE, 4 INCH, CLASS 1500, ASTM A182 F316, API 600, BW FACING",CAN-001359,DEPOT-ONGC-HZR,"Hazira Gas Processing Plant, Gujarat",44,2203430,96,GATE_VALVE,100.0,1500,ASTM A182 F316,BW,API 600
ONGC-MAT-0000355,ONGC,"VALVE, GATE, 4 INCH, CLASS 150, ASTM A105, API 600, BW FACING",CAN-001307,DEPOT-ONGC-HZR,"Hazira Gas Processing Plant, Gujarat",7,109130,107,GATE_VALVE,100.0,150,ASTM A105,BW,API 600
ONGC-MAT-0000356,ONGC,"FLANGE, BLIND, 1/2 INCH, CLASS 300, ASTM A182 F316, ASME B16.5, RTJ FACING",CAN-000412,DEPOT-ONGC-HZR,"Hazira Gas Processing Plant, Gujarat",7,5160,59,FLANGE_BLIND,15.0,300,ASTM A182 F316,RTJ,ASME B16.5
ONGC-MAT-0000357,ONGC,"FLANGE, WELDING NECK, 12 INCH, CLASS 150, ASTM A350 LF2, ASME B16.5, RTJ FACING",CAN-000364,DEPOT-ONGC-MBO,"Mumbai Offshore Logistics Base, Maharashtra",46,89010,44,FLANGE_WELD_NECK,300.0,150,ASTM A350 LF2,RTJ,ASME B16.5
ONGC-MAT-0000358,ONGC,"VALVE, GATE, 1/2 INCH, CLASS 900, ASTM A105, API 6D, RF FACING",CAN-001042,DEPOT-ONGC-RJM,"Rajahmundry Asset, Andhra Pradesh",0,38840,0,GATE_VALVE,15.0,900,ASTM A105,RF,API 6D
ONGC-MAT-0000359,ONGC,"FLANGE, BLIND, 3 INCH, CLASS 150, ASTM A105, ASME B16.5, RF FACING",CAN-000521,DEPOT-ONGC-RJM,"Rajahmundry Asset, Andhra Pradesh",43,8160,32,FLANGE_BLIND,80.0,150,ASTM A105,RF,ASME B16.5
ONGC-MAT-0000360,ONGC,"GASKET, SPIRAL WOUND, 4 INCH, CLASS 300, SS316 / GRAPHITE, ASME B16.20, RF FACING",CAN-002053,DEPOT-ONGC-RJM,"Rajahmundry Asset, Andhra Pradesh",48,21950,22,SPIRAL_WOUND_GASKET,100.0,300,SS316 / GRAPHITE,RF,ASME B16.20
ONGC-MAT-0000361,ONGC,"FLANGE, WELDING NECK, 10 INCH, CLASS 900, ASTM A182 F316, ASME B16.5, RF FACING",CAN-000351,DEPOT-ONGC-MBO,"Mumbai Offshore Logistics Base, Maharashtra",59,588970,292,FLANGE_WELD_NECK,250.0,900,ASTM A182 F316,RF,ASME B16.5
ONGC-MAT-0000362,ONGC,"VALVE, GATE, 12 INCH, CLASS 900, ASTM A182 F316, API 600, BW FACING",CAN-001587,DEPOT-ONGC-ANK,"Ankleshwar Asset, Gujarat",20,6107710,95,GATE_VALVE,300.0,900,ASTM A182 F316,BW,API 600
ONGC-MAT-0000363,ONGC,"VALVE, GLOBE, 4 INCH, CLASS 600, ASTM A216 WCB, BS 1873, RF FACING",CAN-001909,DEPOT-ONGC-RJM,"Rajahmundry Asset, Andhra Pradesh",128,441100,635,GLOBE_VALVE,100.0,600,ASTM A216 WCB,RF,BS 1873
ONGC-MAT-0000364,ONGC,"VALVE, GATE, 8 INCH, CLASS 300, ASTM A216 WCB, API 6D, RF FACING",CAN-001434,DEPOT-ONGC-MBO,"Mumbai Offshore Logistics Base, Maharashtra",27,467850,35,GATE_VALVE,200.0,300,ASTM A216 WCB,RF,API 6D
ONGC-MAT-0000365,ONGC,"FLANGE, WELDING NECK, 1.5 INCH, CLASS 600, ASTM A182 F316, ASME B16.5, RF FACING",CAN-000103,DEPOT-ONGC-MBO,"Mumbai Offshore Logistics Base, Maharashtra",20,39310,57,FLANGE_WELD_NECK,40.0,600,ASTM A182 F316,RF,ASME B16.5
ONGC-MAT-0000366,ONGC,"FLANGE, BLIND, 3 INCH, CLASS 150, ASTM A182 F316, ASME B16.5, RF FACING",CAN-000525,DEPOT-ONGC-ANK,"Ankleshwar Asset, Gujarat",124,26120,226,FLANGE_BLIND,80.0,150,ASTM A182 F316,RF,ASME B16.5
ONGC-MAT-0000367,ONGC,"FLANGE, BLIND, 1/2 INCH, CLASS 150, ASTM A105, ASME B16.5, RTJ FACING",CAN-000402,DEPOT-ONGC-MBO,"Mumbai Offshore Logistics Base, Maharashtra",0,920,0,FLANGE_BLIND,15.0,150,ASTM A105,RTJ,ASME B16.5
ONGC-MAT-0000368,ONGC,"VALVE, GATE, 3 INCH, CLASS 600, ASTM A216 WCB, API 6D, RF FACING",CAN-001266,DEPOT-ONGC-URN,"Uran Plant, Maharashtra",0,247520,0,GATE_VALVE,80.0,600,ASTM A216 WCB,RF,API 6D
ONGC-MAT-0000369,ONGC,"FLANGE, BLIND, 4 INCH, CLASS 150, ASTM A350 LF2, ASME B16.5, RF FACING",CAN-000553,DEPOT-ONGC-RJM,"Rajahmundry Asset, Andhra Pradesh",0,17460,0,FLANGE_BLIND,100.0,150,ASTM A350 LF2,RF,ASME B16.5
ONGC-MAT-0000370,ONGC,"STUD BOLT WITH NUTS, 10 INCH, CLASS 150, ASTM A320 L7 / A194 7, ASME B18.2.1, THRD FACING",CAN-002182,DEPOT-ONGC-HZR,"Hazira Gas Processing Plant, Gujarat",79,11170,533,STUD_BOLT,250.0,150,ASTM A320 L7 / A194 7,THRD,ASME B18.2.1
ONGC-MAT-0000371,ONGC,"FLANGE, WELDING NECK, 2 INCH, CLASS 600, ASTM A182 F316, ASME B16.5, RTJ FACING",CAN-000144,DEPOT-ONGC-HZR,"Hazira Gas Processing Plant, Gujarat",21,52540,256,FLANGE_WELD_NECK,50.0,600,ASTM A182 F316,RTJ,ASME B16.5
ONGC-MAT-0000372,ONGC,"VALVE, GATE, 4 INCH, CLASS 1500, ASTM A182 F316, API 6D, RF FACING",CAN-001358,DEPOT-ONGC-ANK,"Ankleshwar Asset, Gujarat",0,2203430,0,GATE_VALVE,100.0,1500,ASTM A182 F316,RF,API 6D
ONGC-MAT-0000373,ONGC,"FLANGE, BLIND, 2 INCH, CLASS 300, ASTM A182 F316, ASME B16.5, RTJ FACING",CAN-000502,DEPOT-ONGC-RJM,"Rajahmundry Asset, Andhra Pradesh",24,24690,31,FLANGE_BLIND,50.0,300,ASTM A182 F316,RTJ,ASME B16.5
ONGC-MAT-0000374,ONGC,"VALVE, BALL, 8 INCH, CLASS 1500, ASTM A216 WCB, API 6D, RF FACING",CAN-001757,DEPOT-ONGC-MBO,"Mumbai Offshore Logistics Base, Maharashtra",44,2072230,39,BALL_VALVE,200.0,1500,ASTM A216 WCB,RF,API 6D
ONGC-MAT-0000375,ONGC,"VALVE, GATE, 1.5 INCH, CLASS 300, ASTM A216 WCB, API 6D, BW FACING",CAN-001136,DEPOT-ONGC-MBO,"Mumbai Offshore Logistics Base, Maharashtra",48,57730,38,GATE_VALVE,40.0,300,ASTM A216 WCB,BW,API 6D
ONGC-MAT-0000376,ONGC,"FLANGE, BLIND, 10 INCH, CLASS 150, ASTM A182 F316, ASME B16.5, RTJ FACING",CAN-000646,DEPOT-ONGC-ANK,"Ankleshwar Asset, Gujarat",41,114920,62,FLANGE_BLIND,250.0,150,ASTM A182 F316,RTJ,ASME B16.5
ONGC-MAT-0000377,ONGC,"FLANGE, BLIND, 1.5 INCH, CLASS 300, ASTM A105, ASME B16.5, RTJ FACING",CAN-000468,DEPOT-ONGC-MBO,"Mumbai Offshore Logistics Base, Maharashtra",36,5770,454,FLANGE_BLIND,40.0,300,ASTM A105,RTJ,ASME B16.5
ONGC-MAT-0000378,ONGC,"FLANGE, BLIND, 10 INCH, CLASS 600, ASTM A105, ASME B16.5, RTJ FACING",CAN-000654,DEPOT-ONGC-RJM,"Rajahmundry Asset, Andhra Pradesh",70,108870,191,FLANGE_BLIND,250.0,600,ASTM A105,RTJ,ASME B16.5
ONGC-MAT-0000379,ONGC,"VALVE, GATE, 8 INCH, CLASS 600, ASTM A105, API 6D, BW FACING",CAN-001452,DEPOT-ONGC-HZR,"Hazira Gas Processing Plant, Gujarat",78,814580,552,GATE_VALVE,200.0,600,ASTM A105,BW,API 6D
ONGC-MAT-0000380,ONGC,"VALVE, GATE, 4 INCH, CLASS 600, ASTM A105, API 600, BW FACING",CAN-001331,DEPOT-ONGC-MBO,"Mumbai Offshore Logistics Base, Maharashtra",59,330820,579,GATE_VALVE,100.0,600,ASTM A105,BW,API 600
ONGC-MAT-0000381,ONGC,"VALVE, GATE, 1.5 INCH, CLASS 600, ASTM A182 F316, API 6D, BW FACING",CAN-001156,DEPOT-ONGC-HZR,"Hazira Gas Processing Plant, Gujarat",26,321680,33,GATE_VALVE,40.0,600,ASTM A182 F316,BW,API 6D
ONGC-MAT-0000382,ONGC,"VALVE, GLOBE, 8 INCH, CLASS 1500, ASTM A216 WCB, BS 1873, RF FACING",CAN-001957,DEPOT-ONGC-MBO,"Mumbai Offshore Logistics Base, Maharashtra",0,2260620,0,GLOBE_VALVE,200.0,1500,ASTM A216 WCB,RF,BS 1873
ONGC-MAT-0000383,ONGC,"FLANGE, WELDING NECK, 1/2 INCH, CLASS 600, ASTM A182 F304, ASME B16.5, RF FACING",CAN-000021,DEPOT-ONGC-MBO,"Mumbai Offshore Logistics Base, Maharashtra",87,8230,249,FLANGE_WELD_NECK,15.0,600,ASTM A182 F304,RF,ASME B16.5
ONGC-MAT-0000384,ONGC,"VALVE, GATE, 8 INCH, CLASS 1500, ASTM A182 F316, API 6D, BW FACING",CAN-001480,DEPOT-ONGC-URN,"Uran Plant, Maharashtra",119,5425490,619,GATE_VALVE,200.0,1500,ASTM A182 F316,BW,API 6D
ONGC-MAT-0000385,ONGC,"FLANGE, SLIP-ON, 1/2 INCH, CLASS 1500, ASTM A182 F316, ASME B16.5, FF FACING",CAN-000730,DEPOT-ONGC-RJM,"Rajahmundry Asset, Andhra Pradesh",0,16620,0,FLANGE_SLIP_ON,15.0,1500,ASTM A182 F316,FF,ASME B16.5
ONGC-MAT-0000386,ONGC,"FLANGE, SLIP-ON, 1/2 INCH, CLASS 300, ASTM A105, ASME B16.5, RF FACING",CAN-000707,DEPOT-ONGC-URN,"Uran Plant, Maharashtra",17,1430,111,FLANGE_SLIP_ON,15.0,300,ASTM A105,RF,ASME B16.5
ONGC-MAT-0000387,ONGC,"FLANGE, WELDING NECK, 3 INCH, CLASS 900, ASTM A105, ASME B16.5, RTJ FACING",CAN-000186,DEPOT-ONGC-URN,"Uran Plant, Maharashtra",0,41840,0,FLANGE_WELD_NECK,80.0,900,ASTM A105,RTJ,ASME B16.5
ONGC-MAT-0000388,ONGC,"VALVE, GLOBE, 1.5 INCH, CLASS 900, ASTM A105, BS 1873, RF FACING",CAN-001855,DEPOT-ONGC-URN,"Uran Plant, Maharashtra",15,185390,113,GLOBE_VALVE,40.0,900,ASTM A105,RF,BS 1873
ONGC-MAT-0000389,ONGC,"VALVE, GATE, 10 INCH, CLASS 900, ASTM A216 WCB, API 600, BW FACING",CAN-001519,DEPOT-ONGC-MBO,"Mumbai Offshore Logistics Base, Maharashtra",0,1505890,0,GATE_VALVE,250.0,900,ASTM A216 WCB,BW,API 600
ONGC-MAT-0000390,ONGC,"FLANGE, WELDING NECK, 6 INCH, CLASS 1500, ASTM A182 F316, ASME B16.5, RTJ FACING",CAN-000280,DEPOT-ONGC-HZR,"Hazira Gas Processing Plant, Gujarat",46,456210,79,FLANGE_WELD_NECK,150.0,1500,ASTM A182 F316,RTJ,ASME B16.5
ONGC-MAT-0000391,ONGC,"FLANGE, SLIP-ON, 4 INCH, CLASS 150, ASTM A182 F316, ASME B16.5, FF FACING",CAN-000856,DEPOT-ONGC-RJM,"Rajahmundry Asset, Andhra Pradesh",57,31040,521,FLANGE_SLIP_ON,100.0,150,ASTM A182 F316,FF,ASME B16.5
ONGC-MAT-0000392,ONGC,"GASKET, SPIRAL WOUND, 1 INCH, CLASS 300, SS316 / GRAPHITE, ASME B16.20, RF FACING",CAN-002013,DEPOT-ONGC-RJM,"Rajahmundry Asset, Andhra Pradesh",120,3620,506,SPIRAL_WOUND_GASKET,25.0,300,SS316 / GRAPHITE,RF,ASME B16.20
ONGC-MAT-0000393,ONGC,"FLANGE, SLIP-ON, 12 INCH, CLASS 150, ASTM A182 F304, ASME B16.5, FF FACING",CAN-000974,DEPOT-ONGC-MBO,"Mumbai Offshore Logistics Base, Maharashtra",89,97110,566,FLANGE_SLIP_ON,300.0,150,ASTM A182 F304,FF,ASME B16.5
ONGC-MAT-0000394,ONGC,"FLANGE, SLIP-ON, 10 INCH, CLASS 900, ASTM A182 F304, ASME B16.5, RF FACING",CAN-000961,DEPOT-ONGC-ANK,"Ankleshwar Asset, Gujarat",66,321250,563,FLANGE_SLIP_ON,250.0,900,ASTM A182 F304,RF,ASME B16.5
ONGC-MAT-0000395,ONGC,"VALVE, GATE, 10 INCH, CLASS 900, ASTM A216 WCB, API 6D, RF FACING",CAN-001518,DEPOT-ONGC-ANK,"Ankleshwar Asset, Gujarat",9,1505890,24,GATE_VALVE,250.0,900,ASTM A216 WCB,RF,API 6D
ONGC-MAT-0000396,ONGC,"VALVE, GATE, 6 INCH, CLASS 150, ASTM A182 F316, API 6D, RF FACING",CAN-001370,DEPOT-ONGC-RJM,"Rajahmundry Asset, Andhra Pradesh",0,591580,0,GATE_VALVE,150.0,150,ASTM A182 F316,RF,API 6D
ONGC-MAT-0000397,ONGC,"FLANGE, BLIND, 1 INCH, CLASS 600, ASTM A105, ASME B16.5, RTJ FACING",CAN-000444,DEPOT-ONGC-RJM,"Rajahmundry Asset, Andhra Pradesh",49,5450,53,FLANGE_BLIND,25.0,600,ASTM A105,RTJ,ASME B16.5
ONGC-MAT-0000398,ONGC,"STUD BOLT WITH NUTS, 1 INCH, CLASS 150, ASTM A193 B7 / A194 2H, ASME B18.2.1, THRD FACING",CAN-002111,DEPOT-ONGC-HZR,"Hazira Gas Processing Plant, Gujarat",0,350,0,STUD_BOLT,25.0,150,ASTM A193 B7 / A194 2H,THRD,ASME B18.2.1
ONGC-MAT-0000399,ONGC,"FLANGE, WELDING NECK, 6 INCH, CLASS 1500, ASTM A105, ASME B16.5, RTJ FACING",CAN-000274,DEPOT-ONGC-MBO,"Mumbai Offshore Logistics Base, Maharashtra",0,142560,0,FLANGE_WELD_NECK,150.0,1500,ASTM A105,RTJ,ASME B16.5
ONGC-MAT-0000400,ONGC,"FLANGE, WELDING NECK, 1/2 INCH, CLASS 300, ASTM A105, ASME B16.5, RF FACING",CAN-000009,DEPOT-ONGC-HZR,"Hazira Gas Processing Plant, Gujarat",14,1970,17,FLANGE_WELD_NECK,15.0,300,ASTM A105,RF,ASME B16.5
ONGC-MAT-0000401,ONGC,"VALVE, GLOBE, 1 INCH, CLASS 600, ASTM A105, ASME B16.34, RF FACING",CAN-001832,DEPOT-ONGC-URN,"Uran Plant, Maharashtra",46,72750,92,GLOBE_VALVE,25.0,600,ASTM A105,RF,ASME B16.34
ONGC-MAT-0000402,ONGC,"VALVE, BALL, 6 INCH, CLASS 900, ASTM A182 F316, API 6D, RF FACING",CAN-001735,DEPOT-ONGC-RJM,"Rajahmundry Asset, Andhra Pradesh",0,3031720,0,BALL_VALVE,150.0,900,ASTM A182 F316,RF,API 6D
ONGC-MAT-0000403,ONGC,"STUD BOLT WITH NUTS, 6 INCH, CLASS 900, ASTM A193 B7 / A194 2H, ASME B18.2.1, THRD FACING",CAN-002167,DEPOT-ONGC-RJM,"Rajahmundry Asset, Andhra Pradesh",0,15070,0,STUD_BOLT,150.0,900,ASTM A193 B7 / A194 2H,THRD,ASME B18.2.1
ONGC-MAT-0000404,ONGC,"FLANGE, BLIND, 1.5 INCH, CLASS 300, ASTM A350 LF2, ASME B16.5, RTJ FACING",CAN-000470,DEPOT-ONGC-MBO,"Mumbai Offshore Logistics Base, Maharashtra",11,9230,78,FLANGE_BLIND,40.0,300,ASTM A350 LF2,RTJ,ASME B16.5
ONGC-MAT-0000405,ONGC,"FLANGE, WELDING NECK, 10 INCH, CLASS 600, ASTM A182 F304, ASME B16.5, RF FACING",CAN-000341,DEPOT-ONGC-ANK,"Ankleshwar Asset, Gujarat",40,319360,446,FLANGE_WELD_NECK,250.0,600,ASTM A182 F304,RF,ASME B16.5
ONGC-MAT-0000406,ONGC,"VALVE, BALL, 4 INCH, CLASS 150, ASTM A216 WCB, API 6D, BW FACING",CAN-001702,DEPOT-ONGC-MBO,"Mumbai Offshore Logistics Base, Maharashtra",15,133380,13,BALL_VALVE,100.0,150,ASTM A216 WCB,BW,API 6D
ONGC-MAT-0000407,ONGC,"FLANGE, SLIP-ON, 10 INCH, CLASS 300, ASTM A182 F316, ASME B16.5, FF FACING",CAN-000952,DEPOT-ONGC-HZR,"Hazira Gas Processing Plant, Gujarat",38,177860,41,FLANGE_SLIP_ON,250.0,300,ASTM A182 F316,FF,ASME B16.5
ONGC-MAT-0000408,ONGC,"VALVE, GATE, 6 INCH, CLASS 300, ASTM A216 WCB, API 6D, BW FACING",CAN-001376,DEPOT-ONGC-URN,"Uran Plant, Maharashtra",0,321870,0,GATE_VALVE,150.0,300,ASTM A216 WCB,BW,API 6D
ONGC-MAT-0000409,ONGC,"VALVE, BALL, 4 INCH, CLASS 900, ASTM A216 WCB, API 6D, BW FACING",CAN-001714,DEPOT-ONGC-ANK,"Ankleshwar Asset, Gujarat",44,559270,293,BALL_VALVE,100.0,900,ASTM A216 WCB,BW,API 6D
ONGC-MAT-0000410,ONGC,"GASKET, SPIRAL WOUND, 1/2 INCH, CLASS 1500, SS304 / GRAPHITE, ASME B16.20, RF FACING",CAN-002010,DEPOT-ONGC-URN,"Uran Plant, Maharashtra",39,5060,36,SPIRAL_WOUND_GASKET,15.0,1500,SS304 / GRAPHITE,RF,ASME B16.20
ONGC-MAT-0000411,ONGC,"VALVE, GATE, 1 INCH, CLASS 600, ASTM A216 WCB, API 600, RF FACING",CAN-001085,DEPOT-ONGC-MBO,"Mumbai Offshore Logistics Base, Maharashtra",0,54560,0,GATE_VALVE,25.0,600,ASTM A216 WCB,RF,API 600
ONGC-MAT-0000412,ONGC,"VALVE, GATE, 1/2 INCH, CLASS 600, ASTM A105, API 600, RF FACING",CAN-001029,DEPOT-ONGC-HZR,"Hazira Gas Processing Plant, Gujarat",30,28080,47,GATE_VALVE,15.0,600,ASTM A105,RF,API 600
ONGC-MAT-0000413,ONGC,"FLANGE, BLIND, 1.5 INCH, CLASS 900, ASTM A350 LF2, ASME B16.5, RF FACING",CAN-000481,DEPOT-ONGC-MBO,"Mumbai Offshore Logistics Base, Maharashtra",31,22240,190,FLANGE_BLIND,40.0,900,ASTM A350 LF2,RF,ASME B16.5
ONGC-MAT-0000414,ONGC,"GASKET, SPIRAL WOUND, 6 INCH, CLASS 900, SS316 / GRAPHITE, ASME B16.20, RF FACING",CAN-002067,DEPOT-ONGC-MBO,"Mumbai Offshore Logistics Base, Maharashtra",35,89570,65,SPIRAL_WOUND_GASKET,150.0,900,SS316 / GRAPHITE,RF,ASME B16.20
ONGC-MAT-0000415,ONGC,"FLANGE, SLIP-ON, 8 INCH, CLASS 150, ASTM A105, ASME B16.5, FF FACING",CAN-000912,DEPOT-ONGC-HZR,"Hazira Gas Processing Plant, Gujarat",80,23880,656,FLANGE_SLIP_ON,200.0,150,ASTM A105,FF,ASME B16.5
ONGC-MAT-0000416,ONGC,"VALVE, GATE, 12 INCH, CLASS 1500, ASTM A182 F316, API 6D, RF FACING",CAN-001598,DEPOT-ONGC-MBO,"Mumbai Offshore Logistics Base, Maharashtra",0,9190900,0,GATE_VALVE,300.0,1500,ASTM A182 F316,RF,API 6D
ONGC-MAT-0000417,ONGC,"VALVE, GATE, 10 INCH, CLASS 1500, ASTM A182 F316, API 6D, BW FACING",CAN-001540,DEPOT-ONGC-RJM,"Rajahmundry Asset, Andhra Pradesh",35,7251410,63,GATE_VALVE,250.0,1500,ASTM A182 F316,BW,API 6D
ONGC-MAT-0000418,ONGC,"FLANGE, WELDING NECK, 1 INCH, CLASS 1500, ASTM A350 LF2, ASME B16.5, RF FACING",CAN-000075,DEPOT-ONGC-MBO,"Mumbai Offshore Logistics Base, Maharashtra",9,22200,91,FLANGE_WELD_NECK,25.0,1500,ASTM A350 LF2,RF,ASME B16.5
ONGC-MAT-0000419,ONGC,"FLANGE, SLIP-ON, 4 INCH, CLASS 1500, ASTM A182 F304, ASME B16.5, RF FACING",CAN-000877,DEPOT-ONGC-MBO,"Mumbai Offshore Logistics Base, Maharashtra",0,146890,0,FLANGE_SLIP_ON,100.0,1500,ASTM A182 F304,RF,ASME B16.5
ONGC-MAT-0000420,ONGC,"GASKET, SPIRAL WOUND, 3 INCH, CLASS 300, SS316 / GRAPHITE, ASME B16.20, RF FACING",CAN-002043,DEPOT-ONGC-HZR,"Hazira Gas Processing Plant, Gujarat",7,16420,46,SPIRAL_WOUND_GASKET,80.0,300,SS316 / GRAPHITE,RF,ASME B16.20
ONGC-MAT-0000421,ONGC,"VALVE, BALL, 1/2 INCH, CLASS 300, ASTM A182 F316, API 6D, RF FACING",CAN-001607,DEPOT-ONGC-RJM,"Rajahmundry Asset, Andhra Pradesh",38,63090,60,BALL_VALVE,15.0,300,ASTM A182 F316,RF,API 6D
ONGC-MAT-0000422,ONGC,"FLANGE, WELDING NECK, 1 INCH, CLASS 600, ASTM A182 F316, ASME B16.5, RF FACING",CAN-000063,DEPOT-ONGC-RJM,"Rajahmundry Asset, Andhra Pradesh",0,21340,0,FLANGE_WELD_NECK,25.0,600,ASTM A182 F316,RF,ASME B16.5
ONGC-MAT-0000423,ONGC,"VALVE, BALL, 10 INCH, CLASS 300, ASTM A216 WCB, API 6D, BW FACING",CAN-001766,DEPOT-ONGC-ANK,"Ankleshwar Asset, Gujarat",0,764260,0,BALL_VALVE,250.0,300,ASTM A216 WCB,BW,API 6D
ONGC-MAT-0000424,ONGC,"FLANGE, WELDING NECK, 1/2 INCH, CLASS 150, ASTM A182 F316, ASME B16.5, RTJ FACING",CAN-000008,DEPOT-ONGC-MBO,"Mumbai Offshore Logistics Base, Maharashtra",76,3620,225,FLANGE_WELD_NECK,15.0,150,ASTM A182 F316,RTJ,ASME B16.5
ONGC-MAT-0000425,ONGC,"VALVE, GATE, 2 INCH, CLASS 1500, ASTM A216 WCB, API 600, RF FACING",CAN-001229,DEPOT-ONGC-URN,"Uran Plant, Maharashtra",61,279640,576,GATE_VALVE,50.0,1500,ASTM A216 WCB,RF,API 600
ONGC-MAT-0000426,ONGC,"FLANGE, WELDING NECK, 1.5 INCH, CLASS 1500, ASTM A350 LF2, ASME B16.5, RTJ FACING",CAN-000116,DEPOT-ONGC-ANK,"Ankleshwar Asset, Gujarat",30,40910,42,FLANGE_WELD_NECK,40.0,1500,ASTM A350 LF2,RTJ,ASME B16.5
ONGC-MAT-0000427,ONGC,"FLANGE, SLIP-ON, 3 INCH, CLASS 600, ASTM A105, ASME B16.5, RF FACING",CAN-000833,DEPOT-ONGC-RJM,"Rajahmundry Asset, Andhra Pradesh",24,22000,23,FLANGE_SLIP_ON,80.0,600,ASTM A105,RF,ASME B16.5
ONGC-MAT-0000428,ONGC,"FLANGE, WELDING NECK, 1 INCH, CLASS 1500, ASTM A182 F304, ASME B16.5, RF FACING",CAN-000077,DEPOT-ONGC-RJM,"Rajahmundry Asset, Andhra Pradesh",30,33310,14,FLANGE_WELD_NECK,25.0,1500,ASTM A182 F304,RF,ASME B16.5
ONGC-MAT-0000429,ONGC,"VALVE, GATE, 4 INCH, CLASS 1500, ASTM A216 WCB, API 6D, BW FACING",CAN-001352,DEPOT-ONGC-ANK,"Ankleshwar Asset, Gujarat",79,688570,200,GATE_VALVE,100.0,1500,ASTM A216 WCB,BW,API 6D
ONGC-MAT-0000430,ONGC,"FLANGE, WELDING NECK, 12 INCH, CLASS 300, ASTM A182 F304, ASME B16.5, RF FACING",CAN-000373,DEPOT-ONGC-MBO,"Mumbai Offshore Logistics Base, Maharashtra",84,232480,213,FLANGE_WELD_NECK,300.0,300,ASTM A182 F304,RF,ASME B16.5
ONGC-MAT-0000431,ONGC,"VALVE, GATE, 1 INCH, CLASS 900, ASTM A182 F316, API 6D, BW FACING",CAN-001108,DEPOT-ONGC-RJM,"Rajahmundry Asset, Andhra Pradesh",144,241510,195,GATE_VALVE,25.0,900,ASTM A182 F316,BW,API 6D
ONGC-MAT-0000432,ONGC,"FLANGE, BLIND, 10 INCH, CLASS 1500, ASTM A182 F316, ASME B16.5, RTJ FACING",CAN-000670,DEPOT-ONGC-URN,"Uran Plant, Maharashtra",26,725140,114,FLANGE_BLIND,250.0,1500,ASTM A182 F316,RTJ,ASME B16.5
ONGC-MAT-0000433,ONGC,"VALVE, GATE, 6 INCH, CLASS 600, ASTM A216 WCB, API 600, BW FACING",CAN-001387,DEPOT-ONGC-HZR,"Hazira Gas Processing Plant, Gujarat",135,560420,234,GATE_VALVE,150.0,600,ASTM A216 WCB,BW,API 600
ONGC-MAT-0000434,ONGC,"FLANGE, WELDING NECK, 3 INCH, CLASS 900, ASTM A350 LF2, ASME B16.5, RF FACING",CAN-000187,DEPOT-ONGC-HZR,"Hazira Gas Processing Plant, Gujarat",28,66950,81,FLANGE_WELD_NECK,80.0,900,ASTM A350 LF2,RF,ASME B16.5
ONGC-MAT-0000435,ONGC,"VALVE, GLOBE, 1/2 INCH, CLASS 900, ASTM A216 WCB, ASME B16.34, RF FACING",CAN-001814,DEPOT-ONGC-RJM,"Rajahmundry Asset, Andhra Pradesh",0,51790,0,GLOBE_VALVE,15.0,900,ASTM A216 WCB,RF,ASME B16.34
ONGC-MAT-0000436,ONGC,"VALVE, GATE, 6 INCH, CLASS 1500, ASTM A216 WCB, API 600, RF FACING",CAN-001409,DEPOT-ONGC-MBO,"Mumbai Offshore Logistics Base, Maharashtra",56,1166450,580,GATE_VALVE,150.0,1500,ASTM A216 WCB,RF,API 600
ONGC-MAT-0000437,ONGC,"VALVE, BALL, 8 INCH, CLASS 150, ASTM A216 WCB, API 6D, RF FACING",CAN-001741,DEPOT-ONGC-MBO,"Mumbai Offshore Logistics Base, Maharashtra",138,328420,463,BALL_VALVE,200.0,150,ASTM A216 WCB,RF,API 6D
ONGC-MAT-0000438,ONGC,"FLANGE, BLIND, 10 INCH, CLASS 600, ASTM A350 LF2, ASME B16.5, RF FACING",CAN-000655,DEPOT-ONGC-URN,"Uran Plant, Maharashtra",0,174190,0,FLANGE_BLIND,250.0,600,ASTM A350 LF2,RF,ASME B16.5
ONGC-MAT-0000439,ONGC,"FLANGE, WELDING NECK, 1.5 INCH, CLASS 1500, ASTM A182 F316, ASME B16.5, RF FACING",CAN-000119,DEPOT-ONGC-ANK,"Ankleshwar Asset, Gujarat",37,81830,434,FLANGE_WELD_NECK,40.0,1500,ASTM A182 F316,RF,ASME B16.5
ONGC-MAT-0000440,ONGC,"VALVE, GLOBE, 10 INCH, CLASS 900, ASTM A105, ASME B16.34, RF FACING",CAN-001976,DEPOT-ONGC-MBO,"Mumbai Offshore Logistics Base, Maharashtra",107,2007850,355,GLOBE_VALVE,250.0,900,ASTM A105,RF,ASME B16.34
ONGC-MAT-0000441,ONGC,"FLANGE, BLIND, 6 INCH, CLASS 600, ASTM A350 LF2, ASME B16.5, RF FACING",CAN-000595,DEPOT-ONGC-MBO,"Mumbai Offshore Logistics Base, Maharashtra",55,89660,358,FLANGE_BLIND,150.0,600,ASTM A350 LF2,RF,ASME B16.5
ONGC-MAT-0000442,ONGC,"VALVE, GATE, 10 INCH, CLASS 150, ASTM A105, API 6D, RF FACING",CAN-001486,DEPOT-ONGC-HZR,"Hazira Gas Processing Plant, Gujarat",6,359140,80,GATE_VALVE,250.0,150,ASTM A105,RF,API 6D
ONGC-MAT-0000443,ONGC,"VALVE, GLOBE, 4 INCH, CLASS 600, ASTM A105, BS 1873, RF FACING",CAN-001911,DEPOT-ONGC-RJM,"Rajahmundry Asset, Andhra Pradesh",22,441100,75,GLOBE_VALVE,100.0,600,ASTM A105,RF,BS 1873
ONGC-MAT-0000444,ONGC,"VALVE, GATE, 1/2 INCH, CLASS 900, ASTM A105, API 6D, RF FACING",CAN-001042,DEPOT-ONGC-HZR,"Hazira Gas Processing Plant, Gujarat",0,38840,0,GATE_VALVE,15.0,900,ASTM A105,RF,API 6D
ONGC-MAT-0000445,ONGC,"VALVE, BALL, 2 INCH, CLASS 600, ASTM A216 WCB, API 6D, RF FACING",CAN-001669,DEPOT-ONGC-RJM,"Rajahmundry Asset, Andhra Pradesh",0,164210,0,BALL_VALVE,50.0,600,ASTM A216 WCB,RF,API 6D
ONGC-MAT-0000446,ONGC,"VALVE, GATE, 1 INCH, CLASS 1500, ASTM A105, API 6D, RF FACING",CAN-001114,DEPOT-ONGC-ANK,"Ankleshwar Asset, Gujarat",37,113570,115,GATE_VALVE,25.0,1500,ASTM A105,RF,API 6D
ONGC-MAT-0000447,ONGC,"FLANGE, SLIP-ON, 10 INCH, CLASS 150, ASTM A105, ASME B16.5, FF FACING",CAN-000942,DEPOT-ONGC-ANK,"Ankleshwar Asset, Gujarat",0,31920,0,FLANGE_SLIP_ON,250.0,150,ASTM A105,FF,ASME B16.5
ONGC-MAT-0000448,ONGC,"FLANGE, SLIP-ON, 8 INCH, CLASS 600, ASTM A182 F304, ASME B16.5, RF FACING",CAN-000925,DEPOT-ONGC-RJM,"Rajahmundry Asset, Andhra Pradesh",5,173770,62,FLANGE_SLIP_ON,200.0,600,ASTM A182 F304,RF,ASME B16.5
ONGC-MAT-0000449,ONGC,"FLANGE, SLIP-ON, 2 INCH, CLASS 1500, ASTM A182 F304, ASME B16.5, RF FACING",CAN-000817,DEPOT-ONGC-ANK,"Ankleshwar Asset, Gujarat",25,59650,118,FLANGE_SLIP_ON,50.0,1500,ASTM A182 F304,RF,ASME B16.5
ONGC-MAT-0000450,ONGC,"GASKET, SPIRAL WOUND, 2 INCH, CLASS 900, SS304 / GRAPHITE, ASME B16.20, RF FACING",CAN-002038,DEPOT-ONGC-HZR,"Hazira Gas Processing Plant, Gujarat",26,16100,42,SPIRAL_WOUND_GASKET,50.0,900,SS304 / GRAPHITE,RF,ASME B16.20
ONGC-MAT-0000451,ONGC,"VALVE, GLOBE, 1.5 INCH, CLASS 900, ASTM A216 WCB, BS 1873, RF FACING",CAN-001853,DEPOT-ONGC-MBO,"Mumbai Offshore Logistics Base, Maharashtra",49,185390,100,GLOBE_VALVE,40.0,900,ASTM A216 WCB,RF,BS 1873
ONGC-MAT-0000452,ONGC,"FLANGE, SLIP-ON, 10 INCH, CLASS 150, ASTM A182 F316, ASME B16.5, FF FACING",CAN-000946,DEPOT-ONGC-ANK,"Ankleshwar Asset, Gujarat",0,102150,0,FLANGE_SLIP_ON,250.0,150,ASTM A182 F316,FF,ASME B16.5
ONGC-MAT-0000453,ONGC,"FLANGE, WELDING NECK, 10 INCH, CLASS 900, ASTM A182 F316, ASME B16.5, RTJ FACING",CAN-000352,DEPOT-ONGC-URN,"Uran Plant, Maharashtra",97,588970,228,FLANGE_WELD_NECK,250.0,900,ASTM A182 F316,RTJ,ASME B16.5
ONGC-MAT-0000454,ONGC,"VALVE, GLOBE, 1.5 INCH, CLASS 900, ASTM A105, BS 1873, RF FACING",CAN-001855,DEPOT-ONGC-HZR,"Hazira Gas Processing Plant, Gujarat",0,185390,0,GLOBE_VALVE,40.0,900,ASTM A105,RF,BS 1873
ONGC-MAT-0000455,ONGC,"FLANGE, BLIND, 3 INCH, CLASS 900, ASTM A105, ASME B16.5, RTJ FACING",CAN-000540,DEPOT-ONGC-RJM,"Rajahmundry Asset, Andhra Pradesh",0,34230,0,FLANGE_BLIND,80.0,900,ASTM A105,RTJ,ASME B16.5
ONGC-MAT-0000456,ONGC,"FLANGE, SLIP-ON, 6 INCH, CLASS 300, ASTM A182 F316, ASME B16.5, RF FACING",CAN-000891,DEPOT-ONGC-HZR,"Hazira Gas Processing Plant, Gujarat",28,91550,75,FLANGE_SLIP_ON,150.0,300,ASTM A182 F316,RF,ASME B16.5
ONGC-MAT-0000457,ONGC,"VALVE, BALL, 10 INCH, CLASS 600, ASTM A182 F316, API 6D, RF FACING",CAN-001771,DEPOT-ONGC-RJM,"Rajahmundry Asset, Andhra Pradesh",23,4258140,405,BALL_VALVE,250.0,600,ASTM A182 F316,RF,API 6D
ONGC-MAT-0000458,ONGC,"VALVE, GATE, 8 INCH, CLASS 900, ASTM A216 WCB, API 6D, RF FACING",CAN-001458,DEPOT-ONGC-ANK,"Ankleshwar Asset, Gujarat",136,1126700,282,GATE_VALVE,200.0,900,ASTM A216 WCB,RF,API 6D
ONGC-MAT-0000459,ONGC,"FLANGE, SLIP-ON, 1.5 INCH, CLASS 1500, ASTM A105, ASME B16.5, FF FACING",CAN-000786,DEPOT-ONGC-MBO,"Mumbai Offshore Logistics Base, Maharashtra",40,18590,677,FLANGE_SLIP_ON,40.0,1500,ASTM A105,FF,ASME B16.5
ONGC-MAT-0000460,ONGC,"VALVE, GLOBE, 2 INCH, CLASS 150, ASTM A105, ASME B16.34, RF FACING",CAN-001864,DEPOT-ONGC-HZR,"Hazira Gas Processing Plant, Gujarat",0,59090,0,GLOBE_VALVE,50.0,150,ASTM A105,RF,ASME B16.34
ONGC-MAT-0000461,ONGC,"VALVE, BALL, 12 INCH, CLASS 150, ASTM A216 WCB, API 6D, BW FACING",CAN-001782,DEPOT-ONGC-ANK,"Ankleshwar Asset, Gujarat",33,556360,17,BALL_VALVE,300.0,150,ASTM A216 WCB,BW,API 6D
ONGC-MAT-0000462,ONGC,"FLANGE, SLIP-ON, 6 INCH, CLASS 300, ASTM A105, ASME B16.5, FF FACING",CAN-000888,DEPOT-ONGC-RJM,"Rajahmundry Asset, Andhra Pradesh",13,28610,42,FLANGE_SLIP_ON,150.0,300,ASTM A105,FF,ASME B16.5
ONGC-MAT-0000463,ONGC,"STUD BOLT WITH NUTS, 1/2 INCH, CLASS 150, ASTM A320 L7 / A194 7, ASME B18.2.1, THRD FACING",CAN-002102,DEPOT-ONGC-MBO,"Mumbai Offshore Logistics Base, Maharashtra",0,280,0,STUD_BOLT,15.0,150,ASTM A320 L7 / A194 7,THRD,ASME B18.2.1
ONGC-MAT-0000464,ONGC,"FLANGE, BLIND, 4 INCH, CLASS 1500, ASTM A350 LF2, ASME B16.5, RTJ FACING",CAN-000578,DEPOT-ONGC-HZR,"Hazira Gas Processing Plant, Gujarat",84,110170,733,FLANGE_BLIND,100.0,1500,ASTM A350 LF2,RTJ,ASME B16.5
ONGC-MAT-0000465,ONGC,"FLANGE, SLIP-ON, 6 INCH, CLASS 1500, ASTM A105, ASME B16.5, FF FACING",CAN-000906,DEPOT-ONGC-URN,"Uran Plant, Maharashtra",102,103680,393,FLANGE_SLIP_ON,150.0,1500,ASTM A105,FF,ASME B16.5
ONGC-MAT-0000466,ONGC,"FLANGE, WELDING NECK, 2 INCH, CLASS 1500, ASTM A182 F304, ASME B16.5, RF FACING",CAN-000157,DEPOT-ONGC-URN,"Uran Plant, Maharashtra",40,82030,43,FLANGE_WELD_NECK,50.0,1500,ASTM A182 F304,RF,ASME B16.5
ONGC-MAT-0000467,ONGC,"VALVE, GATE, 3 INCH, CLASS 300, ASTM A182 F316, API 600, BW FACING",CAN-001263,DEPOT-ONGC-HZR,"Hazira Gas Processing Plant, Gujarat",136,454920,593,GATE_VALVE,80.0,300,ASTM A182 F316,BW,API 600
ONGC-MAT-0000468,ONGC,"FLANGE, BLIND, 6 INCH, CLASS 300, ASTM A105, ASME B16.5, RTJ FACING",CAN-000588,DEPOT-ONGC-MBO,"Mumbai Offshore Logistics Base, Maharashtra",47,32180,65,FLANGE_BLIND,150.0,300,ASTM A105,RTJ,ASME B16.5
ONGC-MAT-0000469,ONGC,"VALVE, GATE, 4 INCH, CLASS 150, ASTM A182 F316, API 6D, RF FACING",CAN-001310,DEPOT-ONGC-HZR,"Hazira Gas Processing Plant, Gujarat",0,349220,0,GATE_VALVE,100.0,150,ASTM A182 F316,RF,API 6D
ONGC-MAT-0000470,ONGC,"VALVE, GATE, 8 INCH, CLASS 150, ASTM A216 WCB, API 600, RF FACING",CAN-001421,DEPOT-ONGC-ANK,"Ankleshwar Asset, Gujarat",0,268710,0,GATE_VALVE,200.0,150,ASTM A216 WCB,RF,API 600
ONGC-MAT-0000471,ONGC,"FLANGE, BLIND, 1 INCH, CLASS 1500, ASTM A182 F316, ASME B16.5, RTJ FACING",CAN-000460,DEPOT-ONGC-ANK,"Ankleshwar Asset, Gujarat",136,36340,418,FLANGE_BLIND,25.0,1500,ASTM A182 F316,RTJ,ASME B16.5
ONGC-MAT-0000472,ONGC,"VALVE, GATE, 1.5 INCH, CLASS 600, ASTM A105, API 6D, RF FACING",CAN-001150,DEPOT-ONGC-HZR,"Hazira Gas Processing Plant, Gujarat",35,100520,107,GATE_VALVE,40.0,600,ASTM A105,RF,API 6D
ONGC-MAT-0000473,ONGC,"FLANGE, BLIND, 1.5 INCH, CLASS 900, ASTM A105, ASME B16.5, RF FACING",CAN-000479,DEPOT-ONGC-URN,"Uran Plant, Maharashtra",0,13900,0,FLANGE_BLIND,40.0,900,ASTM A105,RF,ASME B16.5
ONGC-MAT-0000474,ONGC,"VALVE, GATE, 3 INCH, CLASS 1500, ASTM A216 WCB, API 6D, BW FACING",CAN-001292,DEPOT-ONGC-URN,"Uran Plant, Maharashtra",0,515190,0,GATE_VALVE,80.0,1500,ASTM A216 WCB,BW,API 6D
ONGC-MAT-0000475,ONGC,"VALVE, BALL, 3 INCH, CLASS 900, ASTM A182 F316, API 6D, RF FACING",CAN-001695,DEPOT-ONGC-RJM,"Rajahmundry Asset, Andhra Pradesh",135,1339020,521,BALL_VALVE,80.0,900,ASTM A182 F316,RF,API 6D
ONGC-MAT-0000476,ONGC,"VALVE, GATE, 10 INCH, CLASS 300, ASTM A216 WCB, API 600, BW FACING",CAN-001495,DEPOT-ONGC-MBO,"Mumbai Offshore Logistics Base, Maharashtra",87,625310,528,GATE_VALVE,250.0,300,ASTM A216 WCB,BW,API 600
ONGC-MAT-0000477,ONGC,"VALVE, BALL, 1.5 INCH, CLASS 300, ASTM A182 F316, API 6D, RF FACING",CAN-001647,DEPOT-ONGC-HZR,"Hazira Gas Processing Plant, Gujarat",97,225810,735,BALL_VALVE,40.0,300,ASTM A182 F316,RF,API 6D
ONGC-MAT-0000478,ONGC,"VALVE, GLOBE, 1.5 INCH, CLASS 300, ASTM A216 WCB, ASME B16.34, RF FACING",CAN-001846,DEPOT-ONGC-ANK,"Ankleshwar Asset, Gujarat",31,76980,490,GLOBE_VALVE,40.0,300,ASTM A216 WCB,RF,ASME B16.34
ONGC-MAT-0000479,ONGC,"VALVE, GATE, 12 INCH, CLASS 300, ASTM A105, API 6D, RF FACING",CAN-001558,DEPOT-ONGC-MBO,"Mumbai Offshore Logistics Base, Maharashtra",75,792550,299,GATE_VALVE,300.0,300,ASTM A105,RF,API 6D
ONGC-MAT-0000480,ONGC,"VALVE, GLOBE, 1.5 INCH, CLASS 900, ASTM A216 WCB, BS 1873, RF FACING",CAN-001853,DEPOT-ONGC-RJM,"Rajahmundry Asset, Andhra Pradesh",0,185390,0,GLOBE_VALVE,40.0,900,ASTM A216 WCB,RF,BS 1873
ONGC-MAT-0000481,ONGC,"VALVE, GATE, 4 INCH, CLASS 300, ASTM A216 WCB, API 6D, BW FACING",CAN-001316,DEPOT-ONGC-ANK,"Ankleshwar Asset, Gujarat",26,190000,118,GATE_VALVE,100.0,300,ASTM A216 WCB,BW,API 6D
ONGC-MAT-0000482,ONGC,"FLANGE, WELDING NECK, 3 INCH, CLASS 300, ASTM A350 LF2, ASME B16.5, RF FACING",CAN-000171,DEPOT-ONGC-ANK,"Ankleshwar Asset, Gujarat",0,27800,0,FLANGE_WELD_NECK,80.0,300,ASTM A350 LF2,RF,ASME B16.5
ONGC-MAT-0000483,ONGC,"VALVE, GATE, 4 INCH, CLASS 300, ASTM A105, API 6D, RF FACING",CAN-001318,DEPOT-ONGC-HZR,"Hazira Gas Processing Plant, Gujarat",42,190000,56,GATE_VALVE,100.0,300,ASTM A105,RF,API 6D
ONGC-MAT-0000484,ONGC,"VALVE, GATE, 12 INCH, CLASS 300, ASTM A216 WCB, API 6D, RF FACING",CAN-001554,DEPOT-ONGC-RJM,"Rajahmundry Asset, Andhra Pradesh",96,792550,668,GATE_VALVE,300.0,300,ASTM A216 WCB,RF,API 6D
ONGC-MAT-0000485,ONGC,"FLANGE, SLIP-ON, 8 INCH, CLASS 1500, ASTM A182 F316, ASME B16.5, FF FACING",CAN-000940,DEPOT-ONGC-MBO,"Mumbai Offshore Logistics Base, Maharashtra",46,482260,290,FLANGE_SLIP_ON,200.0,1500,ASTM A182 F316,FF,ASME B16.5
ONGC-MAT-0000486,ONGC,"VALVE, GATE, 3 INCH, CLASS 1500, ASTM A182 F316, API 600, RF FACING",CAN-001297,DEPOT-ONGC-HZR,"Hazira Gas Processing Plant, Gujarat",41,1648600,70,GATE_VALVE,80.0,1500,ASTM A182 F316,RF,API 600
ONGC-MAT-0000487,ONGC,"VALVE, GATE, 6 INCH, CLASS 150, ASTM A105, API 600, RF FACING",CAN-001365,DEPOT-ONGC-MBO,"Mumbai Offshore Logistics Base, Maharashtra",33,184870,56,GATE_VALVE,150.0,150,ASTM A105,RF,API 600
ONGC-MAT-0000488,ONGC,"FLANGE, BLIND, 12 INCH, CLASS 900, ASTM A182 F316, ASME B16.5, RF FACING",CAN-000693,DEPOT-ONGC-ANK,"Ankleshwar Asset, Gujarat",27,610770,63,FLANGE_BLIND,300.0,900,ASTM A182 F316,RF,ASME B16.5
ONGC-MAT-0000489,ONGC,"FLANGE, BLIND, 12 INCH, CLASS 900, ASTM A105, ASME B16.5, RTJ FACING",CAN-000690,DEPOT-ONGC-ANK,"Ankleshwar Asset, Gujarat",37,190860,82,FLANGE_BLIND,300.0,900,ASTM A105,RTJ,ASME B16.5
ONGC-MAT-0000490,ONGC,"VALVE, GLOBE, 4 INCH, CLASS 300, ASTM A105, BS 1873, RF FACING",CAN-001907,DEPOT-ONGC-MBO,"Mumbai Offshore Logistics Base, Maharashtra",0,253340,0,GLOBE_VALVE,100.0,300,ASTM A105,RF,BS 1873
ONGC-MAT-0000491,ONGC,"VALVE, GATE, 4 INCH, CLASS 300, ASTM A216 WCB, API 6D, RF FACING",CAN-001314,DEPOT-ONGC-MBO,"Mumbai Offshore Logistics Base, Maharashtra",18,190000,47,GATE_VALVE,100.0,300,ASTM A216 WCB,RF,API 6D
ONGC-MAT-0000492,ONGC,"VALVE, BALL, 10 INCH, CLASS 150, ASTM A216 WCB, API 6D, RF FACING",CAN-001761,DEPOT-ONGC-RJM,"Rajahmundry Asset, Andhra Pradesh",48,438950,13,BALL_VALVE,250.0,150,ASTM A216 WCB,RF,API 6D
ONGC-MAT-0000493,ONGC,"FLANGE, BLIND, 1 INCH, CLASS 1500, ASTM A350 LF2, ASME B16.5, RF FACING",CAN-000457,DEPOT-ONGC-URN,"Uran Plant, Maharashtra",43,18170,74,FLANGE_BLIND,25.0,1500,ASTM A350 LF2,RF,ASME B16.5
ONGC-MAT-0000494,ONGC,"VALVE, GLOBE, 1/2 INCH, CLASS 600, ASTM A105, ASME B16.34, RF FACING",CAN-001812,DEPOT-ONGC-ANK,"Ankleshwar Asset, Gujarat",117,37450,721,GLOBE_VALVE,15.0,600,ASTM A105,RF,ASME B16.34
ONGC-MAT-0000495,ONGC,"VALVE, BALL, 4 INCH, CLASS 300, ASTM A216 WCB, API 6D, BW FACING",CAN-001706,DEPOT-ONGC-ANK,"Ankleshwar Asset, Gujarat",22,232230,624,BALL_VALVE,100.0,300,ASTM A216 WCB,BW,API 6D
ONGC-MAT-0000496,ONGC,"FLANGE, SLIP-ON, 10 INCH, CLASS 900, ASTM A182 F304, ASME B16.5, RF FACING",CAN-000961,DEPOT-ONGC-MBO,"Mumbai Offshore Logistics Base, Maharashtra",66,321250,597,FLANGE_SLIP_ON,250.0,900,ASTM A182 F304,RF,ASME B16.5
ONGC-MAT-0000497,ONGC,"FLANGE, BLIND, 1.5 INCH, CLASS 600, ASTM A182 F316, ASME B16.5, RF FACING",CAN-000477,DEPOT-ONGC-HZR,"Hazira Gas Processing Plant, Gujarat",0,32160,0,FLANGE_BLIND,40.0,600,ASTM A182 F316,RF,ASME B16.5
ONGC-MAT-0000498,ONGC,"FLANGE, WELDING NECK, 8 INCH, CLASS 300, ASTM A105, ASME B16.5, RTJ FACING",CAN-000290,DEPOT-ONGC-URN,"Uran Plant, Maharashtra",141,57180,214,FLANGE_WELD_NECK,200.0,300,ASTM A105,RTJ,ASME B16.5
ONGC-MAT-0000499,ONGC,"FLANGE, BLIND, 1.5 INCH, CLASS 1500, ASTM A182 F316, ASME B16.5, RTJ FACING",CAN-000490,DEPOT-ONGC-RJM,"Rajahmundry Asset, Andhra Pradesh",133,66950,631,FLANGE_BLIND,40.0,1500,ASTM A182 F316,RTJ,ASME B16.5
ONGC-MAT-0000500,ONGC,"VALVE, GATE, 3 INCH, CLASS 1500, ASTM A182 F316, API 6D, BW FACING",CAN-001300,DEPOT-ONGC-MBO,"Mumbai Offshore Logistics Base, Maharashtra",28,1648600,69,GATE_VALVE,80.0,1500,ASTM A182 F316,BW,API 6D
ONGC-MAT-0000501,ONGC,"VALVE, GLOBE, 10 INCH, CLASS 300, ASTM A216 WCB, ASME B16.34, RF FACING",CAN-001966,DEPOT-ONGC-HZR,"Hazira Gas Processing Plant, Gujarat",72,833740,596,GLOBE_VALVE,250.0,300,ASTM A216 WCB,RF,ASME B16.34
ONGC-MAT-0000502,ONGC,"FLANGE, WELDING NECK, 4 INCH, CLASS 600, ASTM A182 F316, ASME B16.5, RTJ FACING",CAN-000224,DEPOT-ONGC-URN,"Uran Plant, Maharashtra",36,129380,69,FLANGE_WELD_NECK,100.0,600,ASTM A182 F316,RTJ,ASME B16.5
ONGC-MAT-0000503,ONGC,"FLANGE, WELDING NECK, 4 INCH, CLASS 600, ASTM A182 F304, ASME B16.5, RTJ FACING",CAN-000222,DEPOT-ONGC-RJM,"Rajahmundry Asset, Andhra Pradesh",0,97040,0,FLANGE_WELD_NECK,100.0,600,ASTM A182 F304,RTJ,ASME B16.5
ONGC-MAT-0000504,ONGC,"VALVE, GATE, 12 INCH, CLASS 900, ASTM A105, API 600, RF FACING",CAN-001581,DEPOT-ONGC-MBO,"Mumbai Offshore Logistics Base, Maharashtra",0,1908660,0,GATE_VALVE,300.0,900,ASTM A105,RF,API 600
ONGC-MAT-0000505,ONGC,"VALVE, GATE, 3 INCH, CLASS 1500, ASTM A216 WCB, API 600, RF FACING",CAN-001289,DEPOT-ONGC-HZR,"Hazira Gas Processing Plant, Gujarat",0,515190,0,GATE_VALVE,80.0,1500,ASTM A216 WCB,RF,API 600
ONGC-MAT-0000506,ONGC,"GASKET, SPIRAL WOUND, 4 INCH, CLASS 900, SS316 / GRAPHITE, ASME B16.20, RF FACING",CAN-002057,DEPOT-ONGC-MBO,"Mumbai Offshore Logistics Base, Maharashtra",111,52870,306,SPIRAL_WOUND_GASKET,100.0,900,SS316 / GRAPHITE,RF,ASME B16.20
ONGC-MAT-0000507,ONGC,"VALVE, GATE, 1.5 INCH, CLASS 1500, ASTM A105, API 600, BW FACING",CAN-001175,DEPOT-ONGC-URN,"Uran Plant, Maharashtra",31,209230,32,GATE_VALVE,40.0,1500,ASTM A105,BW,API 600
ONGC-MAT-0000508,ONGC,"VALVE, GATE, 8 INCH, CLASS 300, ASTM A216 WCB, API 600, RF FACING",CAN-001433,DEPOT-ONGC-URN,"Uran Plant, Maharashtra",7,467850,62,GATE_VALVE,200.0,300,ASTM A216 WCB,RF,API 600
ONGC-MAT-0000509,ONGC,"VALVE, GATE, 8 INCH, CLASS 600, ASTM A182 F316, API 6D, RF FACING",CAN-001454,DEPOT-ONGC-RJM,"Rajahmundry Asset, Andhra Pradesh",62,2606670,474,GATE_VALVE,200.0,600,ASTM A182 F316,RF,API 6D
ONGC-MAT-0000510,ONGC,"GASKET, SPIRAL WOUND, 1/2 INCH, CLASS 300, SS316 / GRAPHITE, ASME B16.20, RF FACING",CAN-002003,DEPOT-ONGC-URN,"Uran Plant, Maharashtra",0,1860,0,SPIRAL_WOUND_GASKET,15.0,300,SS316 / GRAPHITE,RF,ASME B16.20
ONGC-MAT-0000511,ONGC,"FLANGE, SLIP-ON, 1/2 INCH, CLASS 1500, ASTM A105, ASME B16.5, RF FACING",CAN-000725,DEPOT-ONGC-URN,"Uran Plant, Maharashtra",20,5190,16,FLANGE_SLIP_ON,15.0,1500,ASTM A105,RF,ASME B16.5
ONGC-MAT-0000512,ONGC,"FLANGE, BLIND, 8 INCH, CLASS 1500, ASTM A105, ASME B16.5, RF FACING",CAN-000635,DEPOT-ONGC-URN,"Uran Plant, Maharashtra",0,169540,0,FLANGE_BLIND,200.0,1500,ASTM A105,RF,ASME B16.5
ONGC-MAT-0000513,ONGC,"GASKET, SPIRAL WOUND, 4 INCH, CLASS 300, SS316 / GRAPHITE, ASME B16.20, RF FACING",CAN-002053,DEPOT-ONGC-RJM,"Rajahmundry Asset, Andhra Pradesh",84,21950,466,SPIRAL_WOUND_GASKET,100.0,300,SS316 / GRAPHITE,RF,ASME B16.20
ONGC-MAT-0000514,ONGC,"FLANGE, BLIND, 2 INCH, CLASS 300, ASTM A182 F316, ASME B16.5, RTJ FACING",CAN-000502,DEPOT-ONGC-MBO,"Mumbai Offshore Logistics Base, Maharashtra",0,24690,0,FLANGE_BLIND,50.0,300,ASTM A182 F316,RTJ,ASME B16.5
ONGC-MAT-0000515,ONGC,"FLANGE, WELDING NECK, 1/2 INCH, CLASS 1500, ASTM A350 LF2, ASME B16.5, RTJ FACING",CAN-000036,DEPOT-ONGC-MBO,"Mumbai Offshore Logistics Base, Maharashtra",27,11430,566,FLANGE_WELD_NECK,15.0,1500,ASTM A350 LF2,RTJ,ASME B16.5
ONGC-MAT-0000516,ONGC,"VALVE, GATE, 10 INCH, CLASS 1500, ASTM A182 F316, API 6D, BW FACING",CAN-001540,DEPOT-ONGC-RJM,"Rajahmundry Asset, Andhra Pradesh",86,7251410,412,GATE_VALVE,250.0,1500,ASTM A182 F316,BW,API 6D
ONGC-MAT-0000517,ONGC,"FLANGE, BLIND, 1/2 INCH, CLASS 150, ASTM A105, ASME B16.5, RTJ FACING",CAN-000402,DEPOT-ONGC-HZR,"Hazira Gas Processing Plant, Gujarat",27,920,93,FLANGE_BLIND,15.0,150,ASTM A105,RTJ,ASME B16.5
ONGC-MAT-0000518,ONGC,"FLANGE, SLIP-ON, 12 INCH, CLASS 900, ASTM A182 F304, ASME B16.5, RF FACING",CAN-000991,DEPOT-ONGC-URN,"Uran Plant, Maharashtra",0,407180,0,FLANGE_SLIP_ON,300.0,900,ASTM A182 F304,RF,ASME B16.5
ONGC-MAT-0000519,ONGC,"VALVE, BALL, 1 INCH, CLASS 600, ASTM A182 F316, API 6D, RF FACING",CAN-001631,DEPOT-ONGC-MBO,"Mumbai Offshore Logistics Base, Maharashtra",30,213410,51,BALL_VALVE,25.0,600,ASTM A182 F316,RF,API 6D
ONGC-MAT-0000520,ONGC,"STUD BOLT WITH NUTS, 8 INCH, CLASS 300, ASTM A193 B7 / A194 2H, ASME B18.2.1, THRD FACING",CAN-002173,DEPOT-ONGC-URN,"Uran Plant, Maharashtra",10,9090,27,STUD_BOLT,200.0,300,ASTM A193 B7 / A194 2H,THRD,ASME B18.2.1
ONGC-MAT-0000521,ONGC,"VALVE, GLOBE, 6 INCH, CLASS 300, ASTM A105, BS 1873, RF FACING",CAN-001927,DEPOT-ONGC-RJM,"Rajahmundry Asset, Andhra Pradesh",35,429170,101,GLOBE_VALVE,150.0,300,ASTM A105,RF,BS 1873
ONGC-MAT-0000522,ONGC,"FLANGE, WELDING NECK, 8 INCH, CLASS 600, ASTM A182 F316, ASME B16.5, RF FACING",CAN-000303,DEPOT-ONGC-HZR,"Hazira Gas Processing Plant, Gujarat",0,318590,0,FLANGE_WELD_NECK,200.0,600,ASTM A182 F316,RF,ASME B16.5
ONGC-MAT-0000523,ONGC,"FLANGE, BLIND, 1/2 INCH, CLASS 1500, ASTM A105, ASME B16.5, RF FACING",CAN-000425,DEPOT-ONGC-MBO,"Mumbai Offshore Logistics Base, Maharashtra",87,5840,439,FLANGE_BLIND,15.0,1500,ASTM A105,RF,ASME B16.5
ONGC-MAT-0000524,ONGC,"VALVE, GATE, 4 INCH, CLASS 150, ASTM A216 WCB, API 6D, RF FACING",CAN-001302,DEPOT-ONGC-RJM,"Rajahmundry Asset, Andhra Pradesh",106,109130,474,GATE_VALVE,100.0,150,ASTM A216 WCB,RF,API 6D
ONGC-MAT-0000525,ONGC,"VALVE, GATE, 1.5 INCH, CLASS 1500, ASTM A216 WCB, API 600, RF FACING",CAN-001169,DEPOT-ONGC-RJM,"Rajahmundry Asset, Andhra Pradesh",26,209230,41,GATE_VALVE,40.0,1500,ASTM A216 WCB,RF,API 600
ONGC-MAT-0000526,ONGC,"GASKET, SPIRAL WOUND, 1 INCH, CLASS 300, SS304 / GRAPHITE, ASME B16.20, RF FACING",CAN-002014,DEPOT-ONGC-HZR,"Hazira Gas Processing Plant, Gujarat",0,2710,0,SPIRAL_WOUND_GASKET,25.0,300,SS304 / GRAPHITE,RF,ASME B16.20
ONGC-MAT-0000527,ONGC,"GASKET, SPIRAL WOUND, 6 INCH, CLASS 600, SS304 / GRAPHITE, ASME B16.20, RF FACING",CAN-002066,DEPOT-ONGC-RJM,"Rajahmundry Asset, Andhra Pradesh",38,48570,110,SPIRAL_WOUND_GASKET,150.0,600,SS304 / GRAPHITE,RF,ASME B16.20
ONGC-MAT-0000528,ONGC,"FLANGE, BLIND, 10 INCH, CLASS 900, ASTM A350 LF2, ASME B16.5, RF FACING",CAN-000661,DEPOT-ONGC-HZR,"Hazira Gas Processing Plant, Gujarat",28,240940,54,FLANGE_BLIND,250.0,900,ASTM A350 LF2,RF,ASME B16.5
ONGC-MAT-0000529,ONGC,"VALVE, GLOBE, 1/2 INCH, CLASS 1500, ASTM A105, BS 1873, RF FACING",CAN-001819,DEPOT-ONGC-ANK,"Ankleshwar Asset, Gujarat",21,77940,511,GLOBE_VALVE,15.0,1500,ASTM A105,RF,BS 1873
ONGC-MAT-0000530,ONGC,"GASKET, SPIRAL WOUND, 3 INCH, CLASS 600, SS316 / GRAPHITE, ASME B16.20, RF FACING",CAN-002045,DEPOT-ONGC-URN,"Uran Plant, Maharashtra",125,28600,489,SPIRAL_WOUND_GASKET,80.0,600,SS316 / GRAPHITE,RF,ASME B16.20
ONGC-MAT-0000531,ONGC,"FLANGE, WELDING NECK, 10 INCH, CLASS 1500, ASTM A350 LF2, ASME B16.5, RTJ FACING",CAN-000356,DEPOT-ONGC-URN,"Uran Plant, Maharashtra",6,443140,71,FLANGE_WELD_NECK,250.0,1500,ASTM A350 LF2,RTJ,ASME B16.5
ONGC-MAT-0000532,ONGC,"FLANGE, SLIP-ON, 4 INCH, CLASS 1500, ASTM A105, ASME B16.5, RF FACING",CAN-000875,DEPOT-ONGC-RJM,"Rajahmundry Asset, Andhra Pradesh",128,61200,743,FLANGE_SLIP_ON,100.0,1500,ASTM A105,RF,ASME B16.5
ONGC-MAT-0000533,ONGC,"VALVE, GATE, 1/2 INCH, CLASS 300, ASTM A216 WCB, API 600, BW FACING",CAN-001015,DEPOT-ONGC-RJM,"Rajahmundry Asset, Andhra Pradesh",33,16130,79,GATE_VALVE,15.0,300,ASTM A216 WCB,BW,API 600
ONGC-MAT-0000534,ONGC,"VALVE, GATE, 1 INCH, CLASS 1500, ASTM A216 WCB, API 600, RF FACING",CAN-001109,DEPOT-ONGC-MBO,"Mumbai Offshore Logistics Base, Maharashtra",0,113570,0,GATE_VALVE,25.0,1500,ASTM A216 WCB,RF,API 600
ONGC-MAT-0000535,ONGC,"VALVE, GATE, 1 INCH, CLASS 300, ASTM A182 F316, API 6D, RF FACING",CAN-001082,DEPOT-ONGC-URN,"Uran Plant, Maharashtra",0,100280,0,GATE_VALVE,25.0,300,ASTM A182 F316,RF,API 6D
ONGC-MAT-0000536,ONGC,"VALVE, GLOBE, 2 INCH, CLASS 150, ASTM A105, ASME B16.34, RF FACING",CAN-001864,DEPOT-ONGC-RJM,"Rajahmundry Asset, Andhra Pradesh",63,59090,305,GLOBE_VALVE,50.0,150,ASTM A105,RF,ASME B16.34
ONGC-MAT-0000537,ONGC,"VALVE, BALL, 4 INCH, CLASS 150, ASTM A182 F316, API 6D, BW FACING",CAN-001704,DEPOT-ONGC-URN,"Uran Plant, Maharashtra",143,426820,215,BALL_VALVE,100.0,150,ASTM A182 F316,BW,API 6D
ONGC-MAT-0000538,ONGC,"VALVE, GATE, 1.5 INCH, CLASS 900, ASTM A216 WCB, API 6D, RF FACING",CAN-001158,DEPOT-ONGC-HZR,"Hazira Gas Processing Plant, Gujarat",50,139040,51,GATE_VALVE,40.0,900,ASTM A216 WCB,RF,API 6D
ONGC-MAT-0000539,ONGC,"VALVE, GLOBE, 12 INCH, CLASS 1500, ASTM A105, ASME B16.34, RF FACING",CAN-002000,DEPOT-ONGC-RJM,"Rajahmundry Asset, Andhra Pradesh",31,3829540,36,GLOBE_VALVE,300.0,1500,ASTM A105,RF,ASME B16.34
ONGC-MAT-0000540,ONGC,"FLANGE, WELDING NECK, 8 INCH, CLASS 150, ASTM A350 LF2, ASME B16.5, RTJ FACING",CAN-000284,DEPOT-ONGC-RJM,"Rajahmundry Asset, Andhra Pradesh",53,52540,732,FLANGE_WELD_NECK,200.0,150,ASTM A350 LF2,RTJ,ASME B16.5
ONGC-MAT-0000541,ONGC,"FLANGE, SLIP-ON, 12 INCH, CLASS 900, ASTM A182 F304, ASME B16.5, RF FACING",CAN-000991,DEPOT-ONGC-MBO,"Mumbai Offshore Logistics Base, Maharashtra",35,407180,30,FLANGE_SLIP_ON,300.0,900,ASTM A182 F304,RF,ASME B16.5
ONGC-MAT-0000542,ONGC,"VALVE, GATE, 6 INCH, CLASS 1500, ASTM A105, API 600, BW FACING",CAN-001415,DEPOT-ONGC-RJM,"Rajahmundry Asset, Andhra Pradesh",49,1166450,19,GATE_VALVE,150.0,1500,ASTM A105,BW,API 600
ONGC-MAT-0000543,ONGC,"VALVE, GATE, 8 INCH, CLASS 150, ASTM A105, API 6D, BW FACING",CAN-001428,DEPOT-ONGC-ANK,"Ankleshwar Asset, Gujarat",99,268710,550,GATE_VALVE,200.0,150,ASTM A105,BW,API 6D
ONGC-MAT-0000544,ONGC,"FLANGE, WELDING NECK, 2 INCH, CLASS 150, ASTM A182 F316, ASME B16.5, RTJ FACING",CAN-000128,DEPOT-ONGC-MBO,"Mumbai Offshore Logistics Base, Maharashtra",0,17330,0,FLANGE_WELD_NECK,50.0,150,ASTM A182 F316,RTJ,ASME B16.5
ONGC-MAT-0000545,ONGC,"VALVE, GATE, 8 INCH, CLASS 600, ASTM A216 WCB, API 6D, RF FACING",CAN-001446,DEPOT-ONGC-HZR,"Hazira Gas Processing Plant, Gujarat",47,814580,83,GATE_VALVE,200.0,600,ASTM A216 WCB,RF,API 6D
ONGC-MAT-0000546,ONGC,"STUD BOLT WITH NUTS, 2 INCH, CLASS 1500, ASTM A320 L7 / A194 7, ASME B18.2.1, THRD FACING",CAN-002140,DEPOT-ONGC-MBO,"Mumbai Offshore Logistics Base, Maharashtra",12,8700,64,STUD_BOLT,50.0,1500,ASTM A320 L7 / A194 7,THRD,ASME B18.2.1
ONGC-MAT-0000547,ONGC,"FLANGE, BLIND, 8 INCH, CLASS 1500, ASTM A182 F316, ASME B16.5, RF FACING",CAN-000639,DEPOT-ONGC-HZR,"Hazira Gas Processing Plant, Gujarat",0,542540,0,FLANGE_BLIND,200.0,1500,ASTM A182 F316,RF,ASME B16.5
ONGC-MAT-0000548,ONGC,"FLANGE, SLIP-ON, 4 INCH, CLASS 150, ASTM A182 F304, ASME B16.5, FF FACING",CAN-000854,DEPOT-ONGC-URN,"Uran Plant, Maharashtra",37,23280,10,FLANGE_SLIP_ON,100.0,150,ASTM A182 F304,FF,ASME B16.5
ONGC-MAT-0000549,ONGC,"FLANGE, WELDING NECK, 1.5 INCH, CLASS 900, ASTM A182 F304, ASME B16.5, RF FACING",CAN-000109,DEPOT-ONGC-MBO,"Mumbai Offshore Logistics Base, Maharashtra",0,40780,0,FLANGE_WELD_NECK,40.0,900,ASTM A182 F304,RF,ASME B16.5
ONGC-MAT-0000550,ONGC,"VALVE, GATE, 10 INCH, CLASS 1500, ASTM A105, API 600, BW FACING",CAN-001535,DEPOT-ONGC-ANK,"Ankleshwar Asset, Gujarat",0,2266060,0,GATE_VALVE,250.0,1500,ASTM A105,BW,API 600
ONGC-MAT-0000551,ONGC,"STUD BOLT WITH NUTS, 8 INCH, CLASS 300, ASTM A193 B7 / A194 2H, ASME B18.2.1, THRD FACING",CAN-002173,DEPOT-ONGC-HZR,"Hazira Gas Processing Plant, Gujarat",0,9090,0,STUD_BOLT,200.0,300,ASTM A193 B7 / A194 2H,THRD,ASME B18.2.1
ONGC-MAT-0000552,ONGC,"FLANGE, BLIND, 1 INCH, CLASS 300, ASTM A350 LF2, ASME B16.5, RTJ FACING",CAN-000440,DEPOT-ONGC-MBO,"Mumbai Offshore Logistics Base, Maharashtra",48,5010,20,FLANGE_BLIND,25.0,300,ASTM A350 LF2,RTJ,ASME B16.5
ONGC-MAT-0000553,ONGC,"VALVE, GATE, 12 INCH, CLASS 1500, ASTM A216 WCB, API 6D, BW FACING",CAN-001592,DEPOT-ONGC-URN,"Uran Plant, Maharashtra",57,2872150,343,GATE_VALVE,300.0,1500,ASTM A216 WCB,BW,API 6D
ONGC-MAT-0000554,ONGC,"VALVE, GATE, 3 INCH, CLASS 600, ASTM A216 WCB, API 600, BW FACING",CAN-001267,DEPOT-ONGC-HZR,"Hazira Gas Processing Plant, Gujarat",0,247520,0,GATE_VALVE,80.0,600,ASTM A216 WCB,BW,API 600
ONGC-MAT-0000555,ONGC,"FLANGE, SLIP-ON, 2 INCH, CLASS 1500, ASTM A105, ASME B16.5, RF FACING",CAN-000815,DEPOT-ONGC-MBO,"Mumbai Offshore Logistics Base, Maharashtra",28,24850,44,FLANGE_SLIP_ON,50.0,1500,ASTM A105,RF,ASME B16.5
ONGC-MAT-0000556,ONGC,"FLANGE, BLIND, 12 INCH, CLASS 150, ASTM A350 LF2, ASME B16.5, RTJ FACING",CAN-000674,DEPOT-ONGC-HZR,"Hazira Gas Processing Plant, Gujarat",38,72830,73,FLANGE_BLIND,300.0,150,ASTM A350 LF2,RTJ,ASME B16.5
ONGC-MAT-0000557,ONGC,"VALVE, BALL, 1.5 INCH, CLASS 300, ASTM A216 WCB, API 6D, RF FACING",CAN-001645,DEPOT-ONGC-RJM,"Rajahmundry Asset, Andhra Pradesh",0,70560,0,BALL_VALVE,40.0,300,ASTM A216 WCB,RF,API 6D
ONGC-MAT-0000558,ONGC,"VALVE, GATE, 3 INCH, CLASS 600, ASTM A216 WCB, API 600, RF FACING",CAN-001265,DEPOT-ONGC-HZR,"Hazira Gas Processing Plant, Gujarat",0,247520,0,GATE_VALVE,80.0,600,ASTM A216 WCB,RF,API 600
ONGC-MAT-0000559,ONGC,"VALVE, GATE, 2 INCH, CLASS 150, ASTM A216 WCB, API 600, RF FACING",CAN-001181,DEPOT-ONGC-ANK,"Ankleshwar Asset, Gujarat",13,44320,69,GATE_VALVE,50.0,150,ASTM A216 WCB,RF,API 600
ONGC-MAT-0000560,ONGC,"VALVE, GLOBE, 4 INCH, CLASS 900, ASTM A216 WCB, ASME B16.34, RF FACING",CAN-001914,DEPOT-ONGC-ANK,"Ankleshwar Asset, Gujarat",6,610110,109,GLOBE_VALVE,100.0,900,ASTM A216 WCB,RF,ASME B16.34
ONGC-MAT-0000561,ONGC,"FLANGE, BLIND, 6 INCH, CLASS 600, ASTM A182 F316, ASME B16.5, RF FACING",CAN-000597,DEPOT-ONGC-HZR,"Hazira Gas Processing Plant, Gujarat",30,179330,97,FLANGE_BLIND,150.0,600,ASTM A182 F316,RF,ASME B16.5
ONGC-MAT-0000562,ONGC,"FLANGE, WELDING NECK, 1 INCH, CLASS 300, ASTM A182 F304, ASME B16.5, RTJ FACING",CAN-000054,DEPOT-ONGC-RJM,"Rajahmundry Asset, Andhra Pradesh",22,9190,31,FLANGE_WELD_NECK,25.0,300,ASTM A182 F304,RTJ,ASME B16.5
ONGC-MAT-0000563,ONGC,"VALVE, GATE, 10 INCH, CLASS 300, ASTM A216 WCB, API 600, BW FACING",CAN-001495,DEPOT-ONGC-HZR,"Hazira Gas Processing Plant, Gujarat",0,625310,0,GATE_VALVE,250.0,300,ASTM A216 WCB,BW,API 600
ONGC-MAT-0000564,ONGC,"VALVE, GATE, 1.5 INCH, CLASS 300, ASTM A216 WCB, API 6D, RF FACING",CAN-001134,DEPOT-ONGC-MBO,"Mumbai Offshore Logistics Base, Maharashtra",0,57730,0,GATE_VALVE,40.0,300,ASTM A216 WCB,RF,API 6D
ONGC-MAT-0000565,ONGC,"VALVE, GATE, 10 INCH, CLASS 600, ASTM A105, API 600, BW FACING",CAN-001511,DEPOT-ONGC-RJM,"Rajahmundry Asset, Andhra Pradesh",107,1088730,479,GATE_VALVE,250.0,600,ASTM A105,BW,API 600
ONGC-MAT-0000566,ONGC,"VALVE, GATE, 6 INCH, CLASS 150, ASTM A182 F316, API 6D, BW FACING",CAN-001372,DEPOT-ONGC-RJM,"Rajahmundry Asset, Andhra Pradesh",68,591580,386,GATE_VALVE,150.0,150,ASTM A182 F316,BW,API 6D
ONGC-MAT-0000567,ONGC,"VALVE, GATE, 3 INCH, CLASS 150, ASTM A182 F316, API 600, RF FACING",CAN-001249,DEPOT-ONGC-HZR,"Hazira Gas Processing Plant, Gujarat",28,261280,74,GATE_VALVE,80.0,150,ASTM A182 F316,RF,API 600
ONGC-MAT-0000568,ONGC,"VALVE, BALL, 8 INCH, CLASS 900, ASTM A216 WCB, API 6D, RF FACING",CAN-001753,DEPOT-ONGC-MBO,"Mumbai Offshore Logistics Base, Maharashtra",0,1377080,0,BALL_VALVE,200.0,900,ASTM A216 WCB,RF,API 6D
ONGC-MAT-0000569,ONGC,"FLANGE, BLIND, 1/2 INCH, CLASS 1500, ASTM A105, ASME B16.5, RF FACING",CAN-000425,DEPOT-ONGC-URN,"Uran Plant, Maharashtra",18,5840,60,FLANGE_BLIND,15.0,1500,ASTM A105,RF,ASME B16.5
ONGC-MAT-0000570,ONGC,"VALVE, GATE, 10 INCH, CLASS 300, ASTM A216 WCB, API 600, RF FACING",CAN-001493,DEPOT-ONGC-RJM,"Rajahmundry Asset, Andhra Pradesh",22,625310,616,GATE_VALVE,250.0,300,ASTM A216 WCB,RF,API 600
ONGC-MAT-0000571,ONGC,"FLANGE, BLIND, 3 INCH, CLASS 300, ASTM A182 F316, ASME B16.5, RTJ FACING",CAN-000532,DEPOT-ONGC-HZR,"Hazira Gas Processing Plant, Gujarat",86,45490,523,FLANGE_BLIND,80.0,300,ASTM A182 F316,RTJ,ASME B16.5
ONGC-MAT-0000572,ONGC,"FLANGE, WELDING NECK, 1/2 INCH, CLASS 300, ASTM A105, ASME B16.5, RF FACING",CAN-000009,DEPOT-ONGC-MBO,"Mumbai Offshore Logistics Base, Maharashtra",59,1970,414,FLANGE_WELD_NECK,15.0,300,ASTM A105,RF,ASME B16.5
ONGC-MAT-0000573,ONGC,"VALVE, GATE, 6 INCH, CLASS 150, ASTM A105, API 6D, RF FACING",CAN-001366,DEPOT-ONGC-URN,"Uran Plant, Maharashtra",9,184870,44,GATE_VALVE,150.0,150,ASTM A105,RF,API 6D
ONGC-MAT-0000574,ONGC,"GASKET, SPIRAL WOUND, 1.5 INCH, CLASS 150, SS316 / GRAPHITE, ASME B16.20, RF FACING",CAN-002021,DEPOT-ONGC-RJM,"Rajahmundry Asset, Andhra Pradesh",50,3830,22,SPIRAL_WOUND_GASKET,40.0,150,SS316 / GRAPHITE,RF,ASME B16.20
ONGC-MAT-0000575,ONGC,"FLANGE, WELDING NECK, 10 INCH, CLASS 600, ASTM A350 LF2, ASME B16.5, RTJ FACING",CAN-000340,DEPOT-ONGC-RJM,"Rajahmundry Asset, Andhra Pradesh",5,212900,22,FLANGE_WELD_NECK,250.0,600,ASTM A350 LF2,RTJ,ASME B16.5
ONGC-MAT-0000576,ONGC,"FLANGE, SLIP-ON, 4 INCH, CLASS 900, ASTM A105, ASME B16.5, RF FACING",CAN-000869,DEPOT-ONGC-ANK,"Ankleshwar Asset, Gujarat",0,40670,0,FLANGE_SLIP_ON,100.0,900,ASTM A105,RF,ASME B16.5
ONGC-MAT-0000577,ONGC,"FLANGE, WELDING NECK, 6 INCH, CLASS 600, ASTM A182 F316, ASME B16.5, RF FACING",CAN-000263,DEPOT-ONGC-HZR,"Hazira Gas Processing Plant, Gujarat",36,219180,87,FLANGE_WELD_NECK,150.0,600,ASTM A182 F316,RF,ASME B16.5
ONGC-MAT-0000578,ONGC,"VALVE, GLOBE, 1.5 INCH, CLASS 300, ASTM A105, BS 1873, RF FACING",CAN-001847,DEPOT-ONGC-MBO,"Mumbai Offshore Logistics Base, Maharashtra",6,76980,89,GLOBE_VALVE,40.0,300,ASTM A105,RF,BS 1873
ONGC-MAT-0000579,ONGC,"FLANGE, WELDING NECK, 2 INCH, CLASS 300, ASTM A350 LF2, ASME B16.5, RF FACING",CAN-000131,DEPOT-ONGC-URN,"Uran Plant, Maharashtra",41,15090,26,FLANGE_WELD_NECK,50.0,300,ASTM A350 LF2,RF,ASME B16.5
ONGC-MAT-0000580,ONGC,"VALVE, GLOBE, 6 INCH, CLASS 1500, ASTM A216 WCB, BS 1873, RF FACING",CAN-001937,DEPOT-ONGC-HZR,"Hazira Gas Processing Plant, Gujarat",0,1555270,0,GLOBE_VALVE,150.0,1500,ASTM A216 WCB,RF,BS 1873
ONGC-MAT-0000581,ONGC,"FLANGE, SLIP-ON, 8 INCH, CLASS 300, ASTM A105, ASME B16.5, FF FACING",CAN-000918,DEPOT-ONGC-RJM,"Rajahmundry Asset, Andhra Pradesh",0,41580,0,FLANGE_SLIP_ON,200.0,300,ASTM A105,FF,ASME B16.5
ONGC-MAT-0000582,ONGC,"FLANGE, SLIP-ON, 3 INCH, CLASS 1500, ASTM A105, ASME B16.5, FF FACING",CAN-000846,DEPOT-ONGC-ANK,"Ankleshwar Asset, Gujarat",0,45790,0,FLANGE_SLIP_ON,80.0,1500,ASTM A105,FF,ASME B16.5
ONGC-MAT-0000583,ONGC,"FLANGE, WELDING NECK, 8 INCH, CLASS 300, ASTM A350 LF2, ASME B16.5, RTJ FACING",CAN-000292,DEPOT-ONGC-URN,"Uran Plant, Maharashtra",135,91490,183,FLANGE_WELD_NECK,200.0,300,ASTM A350 LF2,RTJ,ASME B16.5
ONGC-MAT-0000584,ONGC,"FLANGE, WELDING NECK, 4 INCH, CLASS 600, ASTM A105, ASME B16.5, RTJ FACING",CAN-000218,DEPOT-ONGC-ANK,"Ankleshwar Asset, Gujarat",17,40430,106,FLANGE_WELD_NECK,100.0,600,ASTM A105,RTJ,ASME B16.5
ONGC-MAT-0000585,ONGC,"FLANGE, SLIP-ON, 1/2 INCH, CLASS 300, ASTM A182 F304, ASME B16.5, FF FACING",CAN-000710,DEPOT-ONGC-MBO,"Mumbai Offshore Logistics Base, Maharashtra",37,3440,30,FLANGE_SLIP_ON,15.0,300,ASTM A182 F304,FF,ASME B16.5
ONGC-MAT-0000586,ONGC,"VALVE, GLOBE, 12 INCH, CLASS 150, ASTM A216 WCB, ASME B16.34, RF FACING",CAN-001982,DEPOT-ONGC-RJM,"Rajahmundry Asset, Andhra Pradesh",107,606940,728,GLOBE_VALVE,300.0,150,ASTM A216 WCB,RF,ASME B16.34
ONGC-MAT-0000587,ONGC,"VALVE, BALL, 1/2 INCH, CLASS 600, ASTM A182 F316, API 6D, BW FACING",CAN-001612,DEPOT-ONGC-ANK,"Ankleshwar Asset, Gujarat",51,109850,259,BALL_VALVE,15.0,600,ASTM A182 F316,BW,API 6D
ONGC-MAT-0000588,ONGC,"VALVE, GATE, 10 INCH, CLASS 600, ASTM A216 WCB, API 6D, RF FACING",CAN-001506,DEPOT-ONGC-MBO,"Mumbai Offshore Logistics Base, Maharashtra",133,1088730,265,GATE_VALVE,250.0,600,ASTM A216 WCB,RF,API 6D
ONGC-MAT-0000589,ONGC,"FLANGE, SLIP-ON, 6 INCH, CLASS 600, ASTM A105, ASME B16.5, FF FACING",CAN-000894,DEPOT-ONGC-ANK,"Ankleshwar Asset, Gujarat",6,49810,110,FLANGE_SLIP_ON,150.0,600,ASTM A105,FF,ASME B16.5
ONGC-MAT-0000590,ONGC,"FLANGE, BLIND, 8 INCH, CLASS 150, ASTM A105, ASME B16.5, RTJ FACING",CAN-000612,DEPOT-ONGC-MBO,"Mumbai Offshore Logistics Base, Maharashtra",34,26870,48,FLANGE_BLIND,200.0,150,ASTM A105,RTJ,ASME B16.5
ONGC-MAT-0000591,ONGC,"VALVE, GATE, 1 INCH, CLASS 900, ASTM A216 WCB, API 600, BW FACING",CAN-001099,DEPOT-ONGC-HZR,"Hazira Gas Processing Plant, Gujarat",99,75470,367,GATE_VALVE,25.0,900,ASTM A216 WCB,BW,API 600
ONGC-MAT-0000592,ONGC,"GASKET, SPIRAL WOUND, 2 INCH, CLASS 1500, SS316 / GRAPHITE, ASME B16.20, RF FACING",CAN-002039,DEPOT-ONGC-ANK,"Ankleshwar Asset, Gujarat",34,32310,115,SPIRAL_WOUND_GASKET,50.0,1500,SS316 / GRAPHITE,RF,ASME B16.20
ONGC-MAT-0000593,ONGC,"GASKET, SPIRAL WOUND, 10 INCH, CLASS 300, SS304 / GRAPHITE, ASME B16.20, RF FACING",CAN-002084,DEPOT-ONGC-URN,"Uran Plant, Maharashtra",15,54190,59,SPIRAL_WOUND_GASKET,250.0,300,SS304 / GRAPHITE,RF,ASME B16.20
ONGC-MAT-0000594,ONGC,"FLANGE, SLIP-ON, 1/2 INCH, CLASS 300, ASTM A182 F304, ASME B16.5, FF FACING",CAN-000710,DEPOT-ONGC-URN,"Uran Plant, Maharashtra",10,3440,76,FLANGE_SLIP_ON,15.0,300,ASTM A182 F304,FF,ASME B16.5
ONGC-MAT-0000595,ONGC,"VALVE, BALL, 1.5 INCH, CLASS 900, ASTM A216 WCB, API 6D, BW FACING",CAN-001654,DEPOT-ONGC-RJM,"Rajahmundry Asset, Andhra Pradesh",0,169940,0,BALL_VALVE,40.0,900,ASTM A216 WCB,BW,API 6D
ONGC-MAT-0000596,ONGC,"FLANGE, SLIP-ON, 1.5 INCH, CLASS 1500, ASTM A182 F316, ASME B16.5, RF FACING",CAN-000789,DEPOT-ONGC-HZR,"Hazira Gas Processing Plant, Gujarat",0,59510,0,FLANGE_SLIP_ON,40.0,1500,ASTM A182 F316,RF,ASME B16.5
ONGC-MAT-0000597,ONGC,"VALVE, GATE, 1 INCH, CLASS 600, ASTM A216 WCB, API 6D, RF FACING",CAN-001086,DEPOT-ONGC-RJM,"Rajahmundry Asset, Andhra Pradesh",140,54560,640,GATE_VALVE,25.0,600,ASTM A216 WCB,RF,API 6D
ONGC-MAT-0000598,ONGC,"FLANGE, WELDING NECK, 4 INCH, CLASS 600, ASTM A350 LF2, ASME B16.5, RTJ FACING",CAN-000220,DEPOT-ONGC-URN,"Uran Plant, Maharashtra",131,64690,652,FLANGE_WELD_NECK,100.0,600,ASTM A350 LF2,RTJ,ASME B16.5
ONGC-MAT-0000599,ONGC,"STUD BOLT WITH NUTS, 1.5 INCH, CLASS 600, ASTM A320 L7 / A194 7, ASME B18.2.1, THRD FACING",CAN-002126,DEPOT-ONGC-MBO,"Mumbai Offshore Logistics Base, Maharashtra",0,3120,0,STUD_BOLT,40.0,600,ASTM A320 L7 / A194 7,THRD,ASME B18.2.1
ONGC-MAT-0000600,ONGC,"FLANGE, BLIND, 4 INCH, CLASS 300, ASTM A182 F316, ASME B16.5, RF FACING",CAN-000561,DEPOT-ONGC-ANK,"Ankleshwar Asset, Gujarat",45,60800,49,FLANGE_BLIND,100.0,300,ASTM A182 F316,RF,ASME B16.5
ONGC-MAT-0000601,ONGC,"FLANGE, SLIP-ON, 10 INCH, CLASS 300, ASTM A182 F304, ASME B16.5, RF FACING",CAN-000949,DEPOT-ONGC-URN,"Uran Plant, Maharashtra",26,133390,120,FLANGE_SLIP_ON,250.0,300,ASTM A182 F304,RF,ASME B16.5
ONGC-MAT-0000602,ONGC,"FLANGE, WELDING NECK, 1/2 INCH, CLASS 300, ASTM A182 F304, ASME B16.5, RF FACING",CAN-000013,DEPOT-ONGC-ANK,"Ankleshwar Asset, Gujarat",34,4730,76,FLANGE_WELD_NECK,15.0,300,ASTM A182 F304,RF,ASME B16.5
ONGC-MAT-0000603,ONGC,"FLANGE, WELDING NECK, 1.5 INCH, CLASS 1500, ASTM A350 LF2, ASME B16.5, RTJ FACING",CAN-000116,DEPOT-ONGC-MBO,"Mumbai Offshore Logistics Base, Maharashtra",0,40910,0,FLANGE_WELD_NECK,40.0,1500,ASTM A350 LF2,RTJ,ASME B16.5
ONGC-MAT-0000604,ONGC,"VALVE, GATE, 1.5 INCH, CLASS 600, ASTM A182 F316, API 600, RF FACING",CAN-001153,DEPOT-ONGC-MBO,"Mumbai Offshore Logistics Base, Maharashtra",12,321680,53,GATE_VALVE,40.0,600,ASTM A182 F316,RF,API 600
ONGC-MAT-0000605,ONGC,"FLANGE, SLIP-ON, 1 INCH, CLASS 600, ASTM A105, ASME B16.5, RF FACING",CAN-000743,DEPOT-ONGC-MBO,"Mumbai Offshore Logistics Base, Maharashtra",98,4850,408,FLANGE_SLIP_ON,25.0,600,ASTM A105,RF,ASME B16.5
ONGC-MAT-0000606,ONGC,"VALVE, BALL, 6 INCH, CLASS 600, ASTM A182 F316, API 6D, BW FACING",CAN-001732,DEPOT-ONGC-RJM,"Rajahmundry Asset, Andhra Pradesh",31,2191880,340,BALL_VALVE,150.0,600,ASTM A182 F316,BW,API 6D
ONGC-MAT-0000607,ONGC,"FLANGE, SLIP-ON, 8 INCH, CLASS 150, ASTM A182 F304, ASME B16.5, RF FACING",CAN-000913,DEPOT-ONGC-RJM,"Rajahmundry Asset, Andhra Pradesh",32,57320,411,FLANGE_SLIP_ON,200.0,150,ASTM A182 F304,RF,ASME B16.5
ONGC-MAT-0000608,ONGC,"VALVE, GATE, 1.5 INCH, CLASS 1500, ASTM A216 WCB, API 600, RF FACING",CAN-001169,DEPOT-ONGC-ANK,"Ankleshwar Asset, Gujarat",24,209230,483,GATE_VALVE,40.0,1500,ASTM A216 WCB,RF,API 600
ONGC-MAT-0000609,ONGC,"FLANGE, WELDING NECK, 8 INCH, CLASS 300, ASTM A182 F304, ASME B16.5, RF FACING",CAN-000293,DEPOT-ONGC-URN,"Uran Plant, Maharashtra",42,137230,120,FLANGE_WELD_NECK,200.0,300,ASTM A182 F304,RF,ASME B16.5
ONGC-MAT-0000610,ONGC,"VALVE, GATE, 10 INCH, CLASS 300, ASTM A182 F316, API 6D, BW FACING",CAN-001504,DEPOT-ONGC-MBO,"Mumbai Offshore Logistics Base, Maharashtra",27,2000990,231,GATE_VALVE,250.0,300,ASTM A182 F316,BW,API 6D
ONGC-MAT-0000611,ONGC,"FLANGE, SLIP-ON, 1.5 INCH, CLASS 1500, ASTM A182 F304, ASME B16.5, RF FACING",CAN-000787,DEPOT-ONGC-RJM,"Rajahmundry Asset, Andhra Pradesh",43,44630,18,FLANGE_SLIP_ON,40.0,1500,ASTM A182 F304,RF,ASME B16.5
ONGC-MAT-0000612,ONGC,"FLANGE, SLIP-ON, 8 INCH, CLASS 150, ASTM A182 F304, ASME B16.5, RF FACING",CAN-000913,DEPOT-ONGC-MBO,"Mumbai Offshore Logistics Base, Maharashtra",35,57320,39,FLANGE_SLIP_ON,200.0,150,ASTM A182 F304,RF,ASME B16.5
ONGC-MAT-0000613,ONGC,"FLANGE, SLIP-ON, 1.5 INCH, CLASS 600, ASTM A182 F316, ASME B16.5, RF FACING",CAN-000777,DEPOT-ONGC-MBO,"Mumbai Offshore Logistics Base, Maharashtra",23,28590,31,FLANGE_SLIP_ON,40.0,600,ASTM A182 F316,RF,ASME B16.5
ONGC-MAT-0000614,ONGC,"FLANGE, SLIP-ON, 1/2 INCH, CLASS 600, ASTM A182 F304, ASME B16.5, FF FACING",CAN-000716,DEPOT-ONGC-MBO,"Mumbai Offshore Logistics Base, Maharashtra",49,5990,116,FLANGE_SLIP_ON,15.0,600,ASTM A182 F304,FF,ASME B16.5
ONGC-MAT-0000615,ONGC,"FLANGE, WELDING NECK, 10 INCH, CLASS 600, ASTM A350 LF2, ASME B16.5, RF FACING",CAN-000339,DEPOT-ONGC-URN,"Uran Plant, Maharashtra",0,212900,0,FLANGE_WELD_NECK,250.0,600,ASTM A350 LF2,RF,ASME B16.5
ONGC-MAT-0000616,ONGC,"VALVE, GLOBE, 10 INCH, CLASS 150, ASTM A216 WCB, ASME B16.34, RF FACING",CAN-001962,DEPOT-ONGC-ANK,"Ankleshwar Asset, Gujarat",7,478860,38,GLOBE_VALVE,250.0,150,ASTM A216 WCB,RF,ASME B16.34
ONGC-MAT-0000617,ONGC,"VALVE, GLOBE, 3 INCH, CLASS 900, ASTM A105, ASME B16.34, RF FACING",CAN-001896,DEPOT-ONGC-MBO,"Mumbai Offshore Logistics Base, Maharashtra",79,456480,234,GLOBE_VALVE,80.0,900,ASTM A105,RF,ASME B16.34
ONGC-MAT-0000618,ONGC,"FLANGE, BLIND, 4 INCH, CLASS 900, ASTM A182 F316, ASME B16.5, RF FACING",CAN-000573,DEPOT-ONGC-RJM,"Rajahmundry Asset, Andhra Pradesh",88,146420,240,FLANGE_BLIND,100.0,900,ASTM A182 F316,RF,ASME B16.5
ONGC-MAT-0000619,ONGC,"VALVE, BALL, 3 INCH, CLASS 900, ASTM A216 WCB, API 6D, BW FACING",CAN-001694,DEPOT-ONGC-HZR,"Hazira Gas Processing Plant, Gujarat",14,418440,69,BALL_VALVE,80.0,900,ASTM A216 WCB,BW,API 6D
ONGC-MAT-0000620,ONGC,"VALVE, GATE, 3 INCH, CLASS 1500, ASTM A105, API 6D, BW FACING",CAN-001296,DEPOT-ONGC-URN,"Uran Plant, Maharashtra",0,515190,0,GATE_VALVE,80.0,1500,ASTM A105,BW,API 6D
ONGC-MAT-0000621,ONGC,"VALVE, GATE, 1/2 INCH, CLASS 900, ASTM A216 WCB, API 6D, BW FACING",CAN-001040,DEPOT-ONGC-HZR,"Hazira Gas Processing Plant, Gujarat",67,38840,366,GATE_VALVE,15.0,900,ASTM A216 WCB,BW,API 6D
ONGC-MAT-0000622,ONGC,"FLANGE, BLIND, 10 INCH, CLASS 300, ASTM A182 F316, ASME B16.5, RTJ FACING",CAN-000652,DEPOT-ONGC-MBO,"Mumbai Offshore Logistics Base, Maharashtra",9,200090,43,FLANGE_BLIND,250.0,300,ASTM A182 F316,RTJ,ASME B16.5
ONGC-MAT-0000623,ONGC,"FLANGE, WELDING NECK, 8 INCH, CLASS 1500, ASTM A182 F304, ASME B16.5, RF FACING",CAN-000317,DEPOT-ONGC-MBO,"Mumbai Offshore Logistics Base, Maharashtra",104,497330,611,FLANGE_WELD_NECK,200.0,1500,ASTM A182 F304,RF,ASME B16.5
ONGC-MAT-0000624,ONGC,"VALVE, GLOBE, 2 INCH, CLASS 300, ASTM A216 WCB, ASME B16.34, RF FACING",CAN-001866,DEPOT-ONGC-RJM,"Rajahmundry Asset, Andhra Pradesh",23,102890,191,GLOBE_VALVE,50.0,300,ASTM A216 WCB,RF,ASME B16.34
ONGC-MAT-0000625,ONGC,"FLANGE, BLIND, 1 INCH, CLASS 600, ASTM A105, ASME B16.5, RTJ FACING",CAN-000444,DEPOT-ONGC-HZR,"Hazira Gas Processing Plant, Gujarat",13,5450,88,FLANGE_BLIND,25.0,600,ASTM A105,RTJ,ASME B16.5
ONGC-MAT-0000626,ONGC,"VALVE, GATE, 1.5 INCH, CLASS 900, ASTM A182 F316, API 600, RF FACING",CAN-001165,DEPOT-ONGC-URN,"Uran Plant, Maharashtra",0,444930,0,GATE_VALVE,40.0,900,ASTM A182 F316,RF,API 600
ONGC-MAT-0000627,ONGC,"GASKET, SPIRAL WOUND, 1/2 INCH, CLASS 900, SS316 / GRAPHITE, ASME B16.20, RF FACING",CAN-002007,DEPOT-ONGC-ANK,"Ankleshwar Asset, Gujarat",22,4480,67,SPIRAL_WOUND_GASKET,15.0,900,SS316 / GRAPHITE,RF,ASME B16.20
ONGC-MAT-0000628,ONGC,"STUD BOLT WITH NUTS, 12 INCH, CLASS 600, ASTM A320 L7 / A194 7, ASME B18.2.1, THRD FACING",CAN-002196,DEPOT-ONGC-ANK,"Ankleshwar Asset, Gujarat",0,42930,0,STUD_BOLT,300.0,600,ASTM A320 L7 / A194 7,THRD,ASME B18.2.1
ONGC-MAT-0000629,ONGC,"FLANGE, WELDING NECK, 1/2 INCH, CLASS 1500, ASTM A182 F304, ASME B16.5, RTJ FACING",CAN-000038,DEPOT-ONGC-RJM,"Rajahmundry Asset, Andhra Pradesh",20,17140,116,FLANGE_WELD_NECK,15.0,1500,ASTM A182 F304,RTJ,ASME B16.5
ONGC-MAT-0000630,ONGC,"VALVE, BALL, 4 INCH, CLASS 300, ASTM A182 F316, API 6D, RF FACING",CAN-001707,DEPOT-ONGC-ANK,"Ankleshwar Asset, Gujarat",48,743140,63,BALL_VALVE,100.0,300,ASTM A182 F316,RF,API 6D
ONGC-MAT-0000631,ONGC,"VALVE, GLOBE, 1.5 INCH, CLASS 150, ASTM A216 WCB, BS 1873, RF FACING",CAN-001841,DEPOT-ONGC-MBO,"Mumbai Offshore Logistics Base, Maharashtra",41,44210,541,GLOBE_VALVE,40.0,150,ASTM A216 WCB,RF,BS 1873
ONGC-MAT-0000632,ONGC,"VALVE, GLOBE, 1/2 INCH, CLASS 300, ASTM A216 WCB, ASME B16.34, RF FACING",CAN-001806,DEPOT-ONGC-URN,"Uran Plant, Maharashtra",25,21500,352,GLOBE_VALVE,15.0,300,ASTM A216 WCB,RF,ASME B16.34
ONGC-MAT-0000633,ONGC,"VALVE, GLOBE, 4 INCH, CLASS 300, ASTM A105, ASME B16.34, RF FACING",CAN-001908,DEPOT-ONGC-URN,"Uran Plant, Maharashtra",15,253340,104,GLOBE_VALVE,100.0,300,ASTM A105,RF,ASME B16.34
ONGC-MAT-0000634,ONGC,"VALVE, BALL, 1/2 INCH, CLASS 300, ASTM A182 F316, API 6D, RF FACING",CAN-001607,DEPOT-ONGC-ANK,"Ankleshwar Asset, Gujarat",20,63090,61,BALL_VALVE,15.0,300,ASTM A182 F316,RF,API 6D
ONGC-MAT-0000635,ONGC,"FLANGE, SLIP-ON, 12 INCH, CLASS 1500, ASTM A105, ASME B16.5, FF FACING",CAN-000996,DEPOT-ONGC-ANK,"Ankleshwar Asset, Gujarat",0,255300,0,FLANGE_SLIP_ON,300.0,1500,ASTM A105,FF,ASME B16.5
ONGC-MAT-0000636,ONGC,"STUD BOLT WITH NUTS, 1/2 INCH, CLASS 1500, ASTM A193 B7 / A194 2H, ASME B18.2.1, THRD FACING",CAN-002109,DEPOT-ONGC-URN,"Uran Plant, Maharashtra",0,1130,0,STUD_BOLT,15.0,1500,ASTM A193 B7 / A194 2H,THRD,ASME B18.2.1
ONGC-MAT-0000637,ONGC,"FLANGE, SLIP-ON, 6 INCH, CLASS 900, ASTM A105, ASME B16.5, RF FACING",CAN-000899,DEPOT-ONGC-RJM,"Rajahmundry Asset, Andhra Pradesh",0,68900,0,FLANGE_SLIP_ON,150.0,900,ASTM A105,RF,ASME B16.5
ONGC-MAT-0000638,ONGC,"FLANGE, WELDING NECK, 1.5 INCH, CLASS 600, ASTM A182 F304, ASME B16.5, RF FACING",CAN-000101,DEPOT-ONGC-HZR,"Hazira Gas Processing Plant, Gujarat",34,29480,622,FLANGE_WELD_NECK,40.0,600,ASTM A182 F304,RF,ASME B16.5
ONGC-MAT-0000639,ONGC,"VALVE, GATE, 6 INCH, CLASS 150, ASTM A182 F316, API 600, RF FACING",CAN-001369,DEPOT-ONGC-ANK,"Ankleshwar Asset, Gujarat",124,591580,249,GATE_VALVE,150.0,150,ASTM A182 F316,RF,API 600
ONGC-MAT-0000640,ONGC,"VALVE, BALL, 12 INCH, CLASS 150, ASTM A216 WCB, API 6D, BW FACING",CAN-001782,DEPOT-ONGC-ANK,"Ankleshwar Asset, Gujarat",33,556360,74,BALL_VALVE,300.0,150,ASTM A216 WCB,BW,API 6D
ONGC-MAT-0000641,ONGC,"FLANGE, BLIND, 6 INCH, CLASS 300, ASTM A350 LF2, ASME B16.5, RTJ FACING",CAN-000590,DEPOT-ONGC-MBO,"Mumbai Offshore Logistics Base, Maharashtra",0,51500,0,FLANGE_BLIND,150.0,300,ASTM A350 LF2,RTJ,ASME B16.5
ONGC-MAT-0000642,ONGC,"GASKET, SPIRAL WOUND, 1 INCH, CLASS 600, SS304 / GRAPHITE, ASME B16.20, RF FACING",CAN-002016,DEPOT-ONGC-ANK,"Ankleshwar Asset, Gujarat",47,4720,16,SPIRAL_WOUND_GASKET,25.0,600,SS304 / GRAPHITE,RF,ASME B16.20
ONGC-MAT-0000643,ONGC,"VALVE, GATE, 1.5 INCH, CLASS 150, ASTM A105, API 6D, BW FACING",CAN-001128,DEPOT-ONGC-ANK,"Ankleshwar Asset, Gujarat",0,33160,0,GATE_VALVE,40.0,150,ASTM A105,BW,API 6D
ONGC-MAT-0000644,ONGC,"FLANGE, SLIP-ON, 6 INCH, CLASS 1500, ASTM A105, ASME B16.5, RF FACING",CAN-000905,DEPOT-ONGC-URN,"Uran Plant, Maharashtra",0,103680,0,FLANGE_SLIP_ON,150.0,1500,ASTM A105,RF,ASME B16.5
ONGC-MAT-0000645,ONGC,"FLANGE, WELDING NECK, 12 INCH, CLASS 600, ASTM A182 F304, ASME B16.5, RTJ FACING",CAN-000382,DEPOT-ONGC-RJM,"Rajahmundry Asset, Andhra Pradesh",14,404770,102,FLANGE_WELD_NECK,300.0,600,ASTM A182 F304,RTJ,ASME B16.5
ONGC-MAT-0000646,ONGC,"VALVE, BALL, 8 INCH, CLASS 900, ASTM A182 F316, API 6D, RF FACING",CAN-001755,DEPOT-ONGC-HZR,"Hazira Gas Processing Plant, Gujarat",133,4406670,552,BALL_VALVE,200.0,900,ASTM A182 F316,RF,API 6D
ONGC-MAT-0000647,ONGC,"FLANGE, SLIP-ON, 1 INCH, CLASS 150, ASTM A182 F304, ASME B16.5, RF FACING",CAN-000733,DEPOT-ONGC-ANK,"Ankleshwar Asset, Gujarat",77,3840,381,FLANGE_SLIP_ON,25.0,150,ASTM A182 F304,RF,ASME B16.5
ONGC-MAT-0000648,ONGC,"FLANGE, WELDING NECK, 1.5 INCH, CLASS 900, ASTM A350 LF2, ASME B16.5, RF FACING",CAN-000107,DEPOT-ONGC-ANK,"Ankleshwar Asset, Gujarat",122,27190,199,FLANGE_WELD_NECK,40.0,900,ASTM A350 LF2,RF,ASME B16.5
ONGC-MAT-0000649,ONGC,"VALVE, GATE, 4 INCH, CLASS 900, ASTM A182 F316, API 6D, RF FACING",CAN-001346,DEPOT-ONGC-ANK,"Ankleshwar Asset, Gujarat",18,1464270,104,GATE_VALVE,100.0,900,ASTM A182 F316,RF,API 6D
ONGC-MAT-0000650,ONGC,"VALVE, GATE, 1.5 INCH, CLASS 1500, ASTM A182 F316, API 600, RF FACING",CAN-001177,DEPOT-ONGC-RJM,"Rajahmundry Asset, Andhra Pradesh",108,669540,358,GATE_VALVE,40.0,1500,ASTM A182 F316,RF,API 600
ONGC-MAT-0000651,ONGC,"FLANGE, WELDING NECK, 1 INCH, CLASS 900, ASTM A350 LF2, ASME B16.5, RF FACING",CAN-000067,DEPOT-ONGC-RJM,"Rajahmundry Asset, Andhra Pradesh",49,14750,38,FLANGE_WELD_NECK,25.0,900,ASTM A350 LF2,RF,ASME B16.5
ONGC-MAT-0000652,ONGC,"VALVE, GATE, 4 INCH, CLASS 900, ASTM A216 WCB, API 6D, BW FACING",CAN-001340,DEPOT-ONGC-ANK,"Ankleshwar Asset, Gujarat",20,457580,115,GATE_VALVE,100.0,900,ASTM A216 WCB,BW,API 6D
ONGC-MAT-0000653,ONGC,"VALVE, GLOBE, 4 INCH, CLASS 1500, ASTM A105, ASME B16.34, RF FACING",CAN-001920,DEPOT-ONGC-RJM,"Rajahmundry Asset, Andhra Pradesh",0,918090,0,GLOBE_VALVE,100.0,1500,ASTM A105,RF,ASME B16.34
ONGC-MAT-0000654,ONGC,"VALVE, BALL, 1.5 INCH, CLASS 150, ASTM A182 F316, API 6D, RF FACING",CAN-001643,DEPOT-ONGC-URN,"Uran Plant, Maharashtra",0,129690,0,BALL_VALVE,40.0,150,ASTM A182 F316,RF,API 6D
ONGC-MAT-0000655,ONGC,"FLANGE, BLIND, 1.5 INCH, CLASS 300, ASTM A105, ASME B16.5, RTJ FACING",CAN-000468,DEPOT-ONGC-MBO,"Mumbai Offshore Logistics Base, Maharashtra",0,5770,0,FLANGE_BLIND,40.0,300,ASTM A105,RTJ,ASME B16.5
ONGC-MAT-0000656,ONGC,"VALVE, GATE, 8 INCH, CLASS 1500, ASTM A216 WCB, API 6D, RF FACING",CAN-001470,DEPOT-ONGC-ANK,"Ankleshwar Asset, Gujarat",0,1695460,0,GATE_VALVE,200.0,1500,ASTM A216 WCB,RF,API 6D
ONGC-MAT-0000657,ONGC,"FLANGE, WELDING NECK, 1/2 INCH, CLASS 900, ASTM A350 LF2, ASME B16.5, RF FACING",CAN-000027,DEPOT-ONGC-URN,"Uran Plant, Maharashtra",0,7590,0,FLANGE_WELD_NECK,15.0,900,ASTM A350 LF2,RF,ASME B16.5
ONGC-MAT-0000658,ONGC,"VALVE, BALL, 3 INCH, CLASS 900, ASTM A182 F316, API 6D, RF FACING",CAN-001695,DEPOT-ONGC-URN,"Uran Plant, Maharashtra",11,1339020,118,BALL_VALVE,80.0,900,ASTM A182 F316,RF,API 6D
ONGC-MAT-0000659,ONGC,"VALVE, GATE, 6 INCH, CLASS 900, ASTM A105, API 6D, BW FACING",CAN-001404,DEPOT-ONGC-URN,"Uran Plant, Maharashtra",0,775150,0,GATE_VALVE,150.0,900,ASTM A105,BW,API 6D
ONGC-MAT-0000660,ONGC,"VALVE, GLOBE, 1/2 INCH, CLASS 900, ASTM A216 WCB, BS 1873, RF FACING",CAN-001813,DEPOT-ONGC-MBO,"Mumbai Offshore Logistics Base, Maharashtra",25,51790,731,GLOBE_VALVE,15.0,900,ASTM A216 WCB,RF,BS 1873
ONGC-MAT-0000661,ONGC,"VALVE, GATE, 1/2 INCH, CLASS 900, ASTM A182 F316, API 600, BW FACING",CAN-001047,DEPOT-ONGC-ANK,"Ankleshwar Asset, Gujarat",0,124310,0,GATE_VALVE,15.0,900,ASTM A182 F316,BW,API 600
ONGC-MAT-0000662,ONGC,"VALVE, GATE, 1 INCH, CLASS 150, ASTM A105, API 600, BW FACING",CAN-001067,DEPOT-ONGC-MBO,"Mumbai Offshore Logistics Base, Maharashtra",0,18000,0,GATE_VALVE,25.0,150,ASTM A105,BW,API 600
ONGC-MAT-0000663,ONGC,"VALVE, GLOBE, 1.5 INCH, CLASS 1500, ASTM A105, BS 1873, RF FACING",CAN-001859,DEPOT-ONGC-URN,"Uran Plant, Maharashtra",0,278970,0,GLOBE_VALVE,40.0,1500,ASTM A105,RF,BS 1873
ONGC-MAT-0000664,ONGC,"VALVE, GLOBE, 1/2 INCH, CLASS 300, ASTM A105, BS 1873, RF FACING",CAN-001807,DEPOT-ONGC-HZR,"Hazira Gas Processing Plant, Gujarat",9,21500,61,GLOBE_VALVE,15.0,300,ASTM A105,RF,BS 1873
ONGC-MAT-0000665,ONGC,"VALVE, GATE, 3 INCH, CLASS 600, ASTM A216 WCB, API 600, BW FACING",CAN-001267,DEPOT-ONGC-HZR,"Hazira Gas Processing Plant, Gujarat",0,247520,0,GATE_VALVE,80.0,600,ASTM A216 WCB,BW,API 600
ONGC-MAT-0000666,ONGC,"VALVE, GATE, 1 INCH, CLASS 150, ASTM A182 F316, API 6D, BW FACING",CAN-001072,DEPOT-ONGC-URN,"Uran Plant, Maharashtra",6,57600,72,GATE_VALVE,25.0,150,ASTM A182 F316,BW,API 6D
ONGC-MAT-0000667,ONGC,"VALVE, GLOBE, 1.5 INCH, CLASS 600, ASTM A216 WCB, ASME B16.34, RF FACING",CAN-001850,DEPOT-ONGC-HZR,"Hazira Gas Processing Plant, Gujarat",27,134030,51,GLOBE_VALVE,40.0,600,ASTM A216 WCB,RF,ASME B16.34
ONGC-MAT-0000668,ONGC,"FLANGE, SLIP-ON, 1 INCH, CLASS 300, ASTM A182 F316, ASME B16.5, RF FACING",CAN-000741,DEPOT-ONGC-RJM,"Rajahmundry Asset, Andhra Pradesh",33,8910,453,FLANGE_SLIP_ON,25.0,300,ASTM A182 F316,RF,ASME B16.5
ONGC-MAT-0000669,ONGC,"FLANGE, WELDING NECK, 10 INCH, CLASS 600, ASTM A105, ASME B16.5, RF FACING",CAN-000337,DEPOT-ONGC-HZR,"Hazira Gas Processing Plant, Gujarat",14,133060,92,FLANGE_WELD_NECK,250.0,600,ASTM A105,RF,ASME B16.5
ONGC-MAT-0000670,ONGC,"FLANGE, BLIND, 6 INCH, CLASS 300, ASTM A182 F316, ASME B16.5, RTJ FACING",CAN-000592,DEPOT-ONGC-ANK,"Ankleshwar Asset, Gujarat",120,103000,492,FLANGE_BLIND,150.0,300,ASTM A182 F316,RTJ,ASME B16.5
ONGC-MAT-0000671,ONGC,"FLANGE, BLIND, 1.5 INCH, CLASS 150, ASTM A105, ASME B16.5, RTJ FACING",CAN-000462,DEPOT-ONGC-HZR,"Hazira Gas Processing Plant, Gujarat",0,3310,0,FLANGE_BLIND,40.0,150,ASTM A105,RTJ,ASME B16.5
ONGC-MAT-0000672,ONGC,"FLANGE, SLIP-ON, 4 INCH, CLASS 300, ASTM A105, ASME B16.5, RF FACING",CAN-000857,DEPOT-ONGC-RJM,"Rajahmundry Asset, Andhra Pradesh",0,16880,0,FLANGE_SLIP_ON,100.0,300,ASTM A105,RF,ASME B16.5
ONGC-MAT-0000673,ONGC,"FLANGE, BLIND, 6 INCH, CLASS 600, ASTM A350 LF2, ASME B16.5, RF FACING",CAN-000595,DEPOT-ONGC-ANK,"Ankleshwar Asset, Gujarat",53,89660,508,FLANGE_BLIND,150.0,600,ASTM A350 LF2,RF,ASME B16.5
ONGC-MAT-0000674,ONGC,"FLANGE, WELDING NECK, 1/2 INCH, CLASS 900, ASTM A182 F304, ASME B16.5, RTJ FACING",CAN-000030,DEPOT-ONGC-URN,"Uran Plant, Maharashtra",7,11390,72,FLANGE_WELD_NECK,15.0,900,ASTM A182 F304,RTJ,ASME B16.5
ONGC-MAT-0000675,ONGC,"FLANGE, BLIND, 12 INCH, CLASS 1500, ASTM A182 F316, ASME B16.5, RTJ FACING",CAN-000700,DEPOT-ONGC-RJM,"Rajahmundry Asset, Andhra Pradesh",0,919090,0,FLANGE_BLIND,300.0,1500,ASTM A182 F316,RTJ,ASME B16.5
ONGC-MAT-0000676,ONGC,"FLANGE, WELDING NECK, 1.5 INCH, CLASS 300, ASTM A182 F304, ASME B16.5, RF FACING",CAN-000093,DEPOT-ONGC-HZR,"Hazira Gas Processing Plant, Gujarat",108,16930,201,FLANGE_WELD_NECK,40.0,300,ASTM A182 F304,RF,ASME B16.5
ONGC-MAT-0000677,ONGC,"FLANGE, BLIND, 1 INCH, CLASS 900, ASTM A350 LF2, ASME B16.5, RF FACING",CAN-000451,DEPOT-ONGC-ANK,"Ankleshwar Asset, Gujarat",77,12070,497,FLANGE_BLIND,25.0,900,ASTM A350 LF2,RF,ASME B16.5
ONGC-MAT-0000678,ONGC,"VALVE, BALL, 1.5 INCH, CLASS 1500, ASTM A216 WCB, API 6D, BW FACING",CAN-001658,DEPOT-ONGC-RJM,"Rajahmundry Asset, Andhra Pradesh",37,255720,661,BALL_VALVE,40.0,1500,ASTM A216 WCB,BW,API 6D
ONGC-MAT-0000679,ONGC,"FLANGE, SLIP-ON, 3 INCH, CLASS 300, ASTM A182 F316, ASME B16.5, RF FACING",CAN-000831,DEPOT-ONGC-HZR,"Hazira Gas Processing Plant, Gujarat",36,40430,119,FLANGE_SLIP_ON,80.0,300,ASTM A182 F316,RF,ASME B16.5
ONGC-MAT-0000680,ONGC,"VALVE, GATE, 10 INCH, CLASS 900, ASTM A105, API 600, RF FACING",CAN-001521,DEPOT-ONGC-ANK,"Ankleshwar Asset, Gujarat",12,1505890,60,GATE_VALVE,250.0,900,ASTM A105,RF,API 600
ONGC-MAT-0000681,ONGC,"FLANGE, BLIND, 10 INCH, CLASS 900, ASTM A105, ASME B16.5, RF FACING",CAN-000659,DEPOT-ONGC-MBO,"Mumbai Offshore Logistics Base, Maharashtra",64,150580,707,FLANGE_BLIND,250.0,900,ASTM A105,RF,ASME B16.5
ONGC-MAT-0000682,ONGC,"VALVE, GATE, 1.5 INCH, CLASS 150, ASTM A216 WCB, API 600, RF FACING",CAN-001121,DEPOT-ONGC-URN,"Uran Plant, Maharashtra",124,33160,431,GATE_VALVE,40.0,150,ASTM A216 WCB,RF,API 600
ONGC-MAT-0000683,ONGC,"STUD BOLT WITH NUTS, 6 INCH, CLASS 600, ASTM A193 B7 / A194 2H, ASME B18.2.1, THRD FACING",CAN-002165,DEPOT-ONGC-HZR,"Hazira Gas Processing Plant, Gujarat",130,10890,303,STUD_BOLT,150.0,600,ASTM A193 B7 / A194 2H,THRD,ASME B18.2.1
ONGC-MAT-0000684,ONGC,"VALVE, GATE, 3 INCH, CLASS 300, ASTM A182 F316, API 600, RF FACING",CAN-001261,DEPOT-ONGC-MBO,"Mumbai Offshore Logistics Base, Maharashtra",0,454920,0,GATE_VALVE,80.0,300,ASTM A182 F316,RF,API 600
ONGC-MAT-0000685,ONGC,"VALVE, GATE, 1 INCH, CLASS 900, ASTM A216 WCB, API 600, RF FACING",CAN-001097,DEPOT-ONGC-HZR,"Hazira Gas Processing Plant, Gujarat",39,75470,94,GATE_VALVE,25.0,900,ASTM A216 WCB,RF,API 600
ONGC-MAT-0000686,ONGC,"VALVE, GATE, 6 INCH, CLASS 900, ASTM A182 F316, API 600, BW FACING",CAN-001407,DEPOT-ONGC-ANK,"Ankleshwar Asset, Gujarat",130,2480500,423,GATE_VALVE,150.0,900,ASTM A182 F316,BW,API 600
ONGC-MAT-0000687,ONGC,"FLANGE, BLIND, 2 INCH, CLASS 150, ASTM A105, ASME B16.5, RF FACING",CAN-000491,DEPOT-ONGC-ANK,"Ankleshwar Asset, Gujarat",0,4430,0,FLANGE_BLIND,50.0,150,ASTM A105,RF,ASME B16.5
ONGC-MAT-0000688,ONGC,"FLANGE, BLIND, 4 INCH, CLASS 150, ASTM A350 LF2, ASME B16.5, RF FACING",CAN-000553,DEPOT-ONGC-HZR,"Hazira Gas Processing Plant, Gujarat",9,17460,50,FLANGE_BLIND,100.0,150,ASTM A350 LF2,RF,ASME B16.5
ONGC-MAT-0000689,ONGC,"FLANGE, WELDING NECK, 1 INCH, CLASS 150, ASTM A105, ASME B16.5, RTJ FACING",CAN-000042,DEPOT-ONGC-HZR,"Hazira Gas Processing Plant, Gujarat",8,2200,50,FLANGE_WELD_NECK,25.0,150,ASTM A105,RTJ,ASME B16.5
ONGC-MAT-0000690,ONGC,"FLANGE, SLIP-ON, 1 INCH, CLASS 300, ASTM A182 F316, ASME B16.5, RF FACING",CAN-000741,DEPOT-ONGC-RJM,"Rajahmundry Asset, Andhra Pradesh",29,8910,74,FLANGE_SLIP_ON,25.0,300,ASTM A182 F316,RF,ASME B16.5
ONGC-MAT-0000691,ONGC,"VALVE, GLOBE, 1 INCH, CLASS 150, ASTM A105, BS 1873, RF FACING",CAN-001823,DEPOT-ONGC-ANK,"Ankleshwar Asset, Gujarat",31,24000,86,GLOBE_VALVE,25.0,150,ASTM A105,RF,BS 1873
ONGC-MAT-0000692,ONGC,"VALVE, BALL, 2 INCH, CLASS 900, ASTM A182 F316, API 6D, RF FACING",CAN-001675,DEPOT-ONGC-MBO,"Mumbai Offshore Logistics Base, Maharashtra",9,726820,49,BALL_VALVE,50.0,900,ASTM A182 F316,RF,API 6D
ONGC-MAT-0000693,ONGC,"FLANGE, WELDING NECK, 1.5 INCH, CLASS 600, ASTM A350 LF2, ASME B16.5, RTJ FACING",CAN-000100,DEPOT-ONGC-URN,"Uran Plant, Maharashtra",49,19650,64,FLANGE_WELD_NECK,40.0,600,ASTM A350 LF2,RTJ,ASME B16.5
ONGC-MAT-0000694,ONGC,"VALVE, GATE, 8 INCH, CLASS 600, ASTM A216 WCB, API 6D, BW FACING",CAN-001448,DEPOT-ONGC-HZR,"Hazira Gas Processing Plant, Gujarat",149,814580,223,GATE_VALVE,200.0,600,ASTM A216 WCB,BW,API 6D
ONGC-MAT-0000695,ONGC,"FLANGE, SLIP-ON, 10 INCH, CLASS 300, ASTM A182 F316, ASME B16.5, RF FACING",CAN-000951,DEPOT-ONGC-RJM,"Rajahmundry Asset, Andhra Pradesh",0,177860,0,FLANGE_SLIP_ON,250.0,300,ASTM A182 F316,RF,ASME B16.5
ONGC-MAT-0000696,ONGC,"FLANGE, WELDING NECK, 12 INCH, CLASS 300, ASTM A350 LF2, ASME B16.5, RF FACING",CAN-000371,DEPOT-ONGC-HZR,"Hazira Gas Processing Plant, Gujarat",0,154980,0,FLANGE_WELD_NECK,300.0,300,ASTM A350 LF2,RF,ASME B16.5
ONGC-MAT-0000697,ONGC,"VALVE, GATE, 4 INCH, CLASS 1500, ASTM A182 F316, API 6D, RF FACING",CAN-001358,DEPOT-ONGC-ANK,"Ankleshwar Asset, Gujarat",126,2203430,278,GATE_VALVE,100.0,1500,ASTM A182 F316,RF,API 6D
ONGC-MAT-0000698,ONGC,"FLANGE, BLIND, 6 INCH, CLASS 600, ASTM A350 LF2, ASME B16.5, RF FACING",CAN-000595,DEPOT-ONGC-HZR,"Hazira Gas Processing Plant, Gujarat",58,89660,677,FLANGE_BLIND,150.0,600,ASTM A350 LF2,RF,ASME B16.5
ONGC-MAT-0000699,ONGC,"VALVE, GATE, 8 INCH, CLASS 150, ASTM A182 F316, API 6D, BW FACING",CAN-001432,DEPOT-ONGC-RJM,"Rajahmundry Asset, Andhra Pradesh",40,859880,22,GATE_VALVE,200.0,150,ASTM A182 F316,BW,API 6D
ONGC-MAT-0000700,ONGC,"VALVE, BALL, 10 INCH, CLASS 1500, ASTM A182 F316, API 6D, BW FACING",CAN-001780,DEPOT-ONGC-RJM,"Rajahmundry Asset, Andhra Pradesh",7,8862830,45,BALL_VALVE,250.0,1500,ASTM A182 F316,BW,API 6D
ONGC-MAT-0000701,ONGC,"FLANGE, WELDING NECK, 1.5 INCH, CLASS 600, ASTM A105, ASME B16.5, RTJ FACING",CAN-000098,DEPOT-ONGC-MBO,"Mumbai Offshore Logistics Base, Maharashtra",29,12280,41,FLANGE_WELD_NECK,40.0,600,ASTM A105,RTJ,ASME B16.5
ONGC-MAT-0000702,ONGC,"FLANGE, BLIND, 2 INCH, CLASS 900, ASTM A182 F316, ASME B16.5, RTJ FACING",CAN-000514,DEPOT-ONGC-RJM,"Rajahmundry Asset, Andhra Pradesh",31,59460,75,FLANGE_BLIND,50.0,900,ASTM A182 F316,RTJ,ASME B16.5
ONGC-MAT-0000703,ONGC,"FLANGE, WELDING NECK, 3 INCH, CLASS 1500, ASTM A182 F316, ASME B16.5, RF FACING",CAN-000199,DEPOT-ONGC-MBO,"Mumbai Offshore Logistics Base, Maharashtra",110,201490,270,FLANGE_WELD_NECK,80.0,1500,ASTM A182 F316,RF,ASME B16.5
ONGC-MAT-0000704,ONGC,"GASKET, SPIRAL WOUND, 1/2 INCH, CLASS 600, SS316 / GRAPHITE, ASME B16.20, RF FACING",CAN-002005,DEPOT-ONGC-RJM,"Rajahmundry Asset, Andhra Pradesh",110,3240,610,SPIRAL_WOUND_GASKET,15.0,600,SS316 / GRAPHITE,RF,ASME B16.20
ONGC-MAT-0000705,ONGC,"VALVE, GATE, 4 INCH, CLASS 300, ASTM A182 F316, API 6D, RF FACING",CAN-001322,DEPOT-ONGC-RJM,"Rajahmundry Asset, Andhra Pradesh",0,608020,0,GATE_VALVE,100.0,300,ASTM A182 F316,RF,API 6D
ONGC-MAT-0000706,ONGC,"VALVE, BALL, 2 INCH, CLASS 1500, ASTM A216 WCB, API 6D, BW FACING",CAN-001678,DEPOT-ONGC-ANK,"Ankleshwar Asset, Gujarat",47,341790,85,BALL_VALVE,50.0,1500,ASTM A216 WCB,BW,API 6D
ONGC-MAT-0000707,ONGC,"FLANGE, SLIP-ON, 1 INCH, CLASS 150, ASTM A105, ASME B16.5, RF FACING",CAN-000731,DEPOT-ONGC-MBO,"Mumbai Offshore Logistics Base, Maharashtra",30,1600,107,FLANGE_SLIP_ON,25.0,150,ASTM A105,RF,ASME B16.5
ONGC-MAT-0000708,ONGC,"FLANGE, BLIND, 8 INCH, CLASS 300, ASTM A105, ASME B16.5, RF FACING",CAN-000617,DEPOT-ONGC-RJM,"Rajahmundry Asset, Andhra Pradesh",15,46780,58,FLANGE_BLIND,200.0,300,ASTM A105,RF,ASME B16.5
ONGC-MAT-0000709,ONGC,"VALVE, GLOBE, 1.5 INCH, CLASS 600, ASTM A105, ASME B16.34, RF FACING",CAN-001852,DEPOT-ONGC-MBO,"Mumbai Offshore Logistics Base, Maharashtra",0,134030,0,GLOBE_VALVE,40.0,600,ASTM A105,RF,ASME B16.34
ONGC-MAT-0000710,ONGC,"FLANGE, WELDING NECK, 1/2 INCH, CLASS 1500, ASTM A182 F316, ASME B16.5, RF FACING",CAN-000039,DEPOT-ONGC-HZR,"Hazira Gas Processing Plant, Gujarat",0,22860,0,FLANGE_WELD_NECK,15.0,1500,ASTM A182 F316,RF,ASME B16.5
ONGC-MAT-0000711,ONGC,"FLANGE, BLIND, 1/2 INCH, CLASS 900, ASTM A350 LF2, ASME B16.5, RF FACING",CAN-000421,DEPOT-ONGC-URN,"Uran Plant, Maharashtra",60,6210,181,FLANGE_BLIND,15.0,900,ASTM A350 LF2,RF,ASME B16.5
ONGC-MAT-0000712,ONGC,"FLANGE, BLIND, 12 INCH, CLASS 600, ASTM A182 F316, ASME B16.5, RF FACING",CAN-000687,DEPOT-ONGC-RJM,"Rajahmundry Asset, Andhra Pradesh",0,441570,0,FLANGE_BLIND,300.0,600,ASTM A182 F316,RF,ASME B16.5
ONGC-MAT-0000713,ONGC,"FLANGE, WELDING NECK, 1.5 INCH, CLASS 300, ASTM A105, ASME B16.5, RTJ FACING",CAN-000090,DEPOT-ONGC-ANK,"Ankleshwar Asset, Gujarat",45,7050,34,FLANGE_WELD_NECK,40.0,300,ASTM A105,RTJ,ASME B16.5
ONGC-MAT-0000714,ONGC,"FLANGE, WELDING NECK, 4 INCH, CLASS 300, ASTM A182 F304, ASME B16.5, RF FACING",CAN-000213,DEPOT-ONGC-MBO,"Mumbai Offshore Logistics Base, Maharashtra",0,55730,0,FLANGE_WELD_NECK,100.0,300,ASTM A182 F304,RF,ASME B16.5
ONGC-MAT-0000715,ONGC,"VALVE, BALL, 1 INCH, CLASS 1500, ASTM A216 WCB, API 6D, BW FACING",CAN-001638,DEPOT-ONGC-MBO,"Mumbai Offshore Logistics Base, Maharashtra",34,138810,76,BALL_VALVE,25.0,1500,ASTM A216 WCB,BW,API 6D
ONGC-MAT-0000716,ONGC,"VALVE, GATE, 8 INCH, CLASS 900, ASTM A105, API 600, BW FACING",CAN-001463,DEPOT-ONGC-URN,"Uran Plant, Maharashtra",27,1126700,726,GATE_VALVE,200.0,900,ASTM A105,BW,API 600
ONGC-MAT-0000717,ONGC,"VALVE, GATE, 1/2 INCH, CLASS 900, ASTM A216 WCB, API 600, RF FACING",CAN-001037,DEPOT-ONGC-URN,"Uran Plant, Maharashtra",0,38840,0,GATE_VALVE,15.0,900,ASTM A216 WCB,RF,API 600
ONGC-MAT-0000718,ONGC,"VALVE, GATE, 1.5 INCH, CLASS 1500, ASTM A216 WCB, API 6D, BW FACING",CAN-001172,DEPOT-ONGC-MBO,"Mumbai Offshore Logistics Base, Maharashtra",38,209230,107,GATE_VALVE,40.0,1500,ASTM A216 WCB,BW,API 6D
ONGC-MAT-0000719,ONGC,"VALVE, GATE, 1/2 INCH, CLASS 300, ASTM A216 WCB, API 600, RF FACING",CAN-001013,DEPOT-ONGC-RJM,"Rajahmundry Asset, Andhra Pradesh",41,16130,57,GATE_VALVE,15.0,300,ASTM A216 WCB,RF,API 600
ONGC-MAT-0000720,ONGC,"VALVE, GATE, 4 INCH, CLASS 900, ASTM A105, API 6D, RF FACING",CAN-001342,DEPOT-ONGC-HZR,"Hazira Gas Processing Plant, Gujarat",27,457580,46,GATE_VALVE,100.0,900,ASTM A105,RF,API 6D
ONGC-MAT-0000721,ONGC,"STUD BOLT WITH NUTS, 1/2 INCH, CLASS 300, ASTM A193 B7 / A194 2H, ASME B18.2.1, THRD FACING",CAN-002103,DEPOT-ONGC-RJM,"Rajahmundry Asset, Andhra Pradesh",31,310,69,STUD_BOLT,15.0,300,ASTM A193 B7 / A194 2H,THRD,ASME B18.2.1
ONGC-MAT-0000722,ONGC,"FLANGE, WELDING NECK, 6 INCH, CLASS 300, ASTM A350 LF2, ASME B16.5, RF FACING",CAN-000251,DEPOT-ONGC-HZR,"Hazira Gas Processing Plant, Gujarat",35,62940,43,FLANGE_WELD_NECK,150.0,300,ASTM A350 LF2,RF,ASME B16.5
ONGC-MAT-0000723,ONGC,"FLANGE, BLIND, 12 INCH, CLASS 300, ASTM A350 LF2, ASME B16.5, RTJ FACING",CAN-000680,DEPOT-ONGC-RJM,"Rajahmundry Asset, Andhra Pradesh",0,126800,0,FLANGE_BLIND,300.0,300,ASTM A350 LF2,RTJ,ASME B16.5
ONGC-MAT-0000724,ONGC,"VALVE, GATE, 1.5 INCH, CLASS 150, ASTM A182 F316, API 6D, RF FACING",CAN-001130,DEPOT-ONGC-MBO,"Mumbai Offshore Logistics Base, Maharashtra",37,106110,102,GATE_VALVE,40.0,150,ASTM A182 F316,RF,API 6D
ONGC-MAT-0000725,ONGC,"FLANGE, SLIP-ON, 8 INCH, CLASS 1500, ASTM A105, ASME B16.5, FF FACING",CAN-000936,DEPOT-ONGC-MBO,"Mumbai Offshore Logistics Base, Maharashtra",9,150700,81,FLANGE_SLIP_ON,200.0,1500,ASTM A105,FF,ASME B16.5
ONGC-MAT-0000726,ONGC,"FLANGE, BLIND, 6 INCH, CLASS 300, ASTM A350 LF2, ASME B16.5, RF FACING",CAN-000589,DEPOT-ONGC-ANK,"Ankleshwar Asset, Gujarat",45,51500,266,FLANGE_BLIND,150.0,300,ASTM A350 LF2,RF,ASME B16.5
ONGC-MAT-0000727,ONGC,"VALVE, GLOBE, 12 INCH, CLASS 1500, ASTM A105, ASME B16.34, RF FACING",CAN-002000,DEPOT-ONGC-MBO,"Mumbai Offshore Logistics Base, Maharashtra",32,3829540,15,GLOBE_VALVE,300.0,1500,ASTM A105,RF,ASME B16.34
ONGC-MAT-0000728,ONGC,"VALVE, GATE, 1.5 INCH, CLASS 600, ASTM A105, API 6D, RF FACING",CAN-001150,DEPOT-ONGC-ANK,"Ankleshwar Asset, Gujarat",28,100520,115,GATE_VALVE,40.0,600,ASTM A105,RF,API 6D
ONGC-MAT-0000729,ONGC,"FLANGE, WELDING NECK, 10 INCH, CLASS 900, ASTM A182 F304, ASME B16.5, RTJ FACING",CAN-000350,DEPOT-ONGC-MBO,"Mumbai Offshore Logistics Base, Maharashtra",0,441720,0,FLANGE_WELD_NECK,250.0,900,ASTM A182 F304,RTJ,ASME B16.5
ONGC-MAT-0000730,ONGC,"FLANGE, WELDING NECK, 1/2 INCH, CLASS 300, ASTM A105, ASME B16.5, RF FACING",CAN-000009,DEPOT-ONGC-ANK,"Ankleshwar Asset, Gujarat",0,1970,0,FLANGE_WELD_NECK,15.0,300,ASTM A105,RF,ASME B16.5
ONGC-MAT-0000731,ONGC,"VALVE, GATE, 1.5 INCH, CLASS 600, ASTM A105, API 600, RF FACING",CAN-001149,DEPOT-ONGC-HZR,"Hazira Gas Processing Plant, Gujarat",45,100520,93,GATE_VALVE,40.0,600,ASTM A105,RF,API 600
ONGC-MAT-0000732,ONGC,"VALVE, GATE, 12 INCH, CLASS 1500, ASTM A105, API 600, RF FACING",CAN-001593,DEPOT-ONGC-MBO,"Mumbai Offshore Logistics Base, Maharashtra",0,2872150,0,GATE_VALVE,300.0,1500,ASTM A105,RF,API 600
ONGC-MAT-0000733,ONGC,"VALVE, GLOBE, 1.5 INCH, CLASS 300, ASTM A105, BS 1873, RF FACING",CAN-001847,DEPOT-ONGC-URN,"Uran Plant, Maharashtra",0,76980,0,GLOBE_VALVE,40.0,300,ASTM A105,RF,BS 1873
ONGC-MAT-0000734,ONGC,"FLANGE, SLIP-ON, 1/2 INCH, CLASS 150, ASTM A182 F316, ASME B16.5, RF FACING",CAN-000705,DEPOT-ONGC-HZR,"Hazira Gas Processing Plant, Gujarat",0,2630,0,FLANGE_SLIP_ON,15.0,150,ASTM A182 F316,RF,ASME B16.5
ONGC-MAT-0000735,ONGC,"VALVE, GATE, 6 INCH, CLASS 1500, ASTM A216 WCB, API 6D, BW FACING",CAN-001412,DEPOT-ONGC-RJM,"Rajahmundry Asset, Andhra Pradesh",108,1166450,618,GATE_VALVE,150.0,1500,ASTM A216 WCB,BW,API 6D
ONGC-MAT-0000736,ONGC,"VALVE, GLOBE, 6 INCH, CLASS 150, ASTM A105, BS 1873, RF FACING",CAN-001923,DEPOT-ONGC-ANK,"Ankleshwar Asset, Gujarat",74,246490,425,GLOBE_VALVE,150.0,150,ASTM A105,RF,BS 1873
ONGC-MAT-0000737,ONGC,"VALVE, GATE, 10 INCH, CLASS 1500, ASTM A216 WCB, API 6D, BW FACING",CAN-001532,DEPOT-ONGC-MBO,"Mumbai Offshore Logistics Base, Maharashtra",143,2266060,427,GATE_VALVE,250.0,1500,ASTM A216 WCB,BW,API 6D
ONGC-MAT-0000738,ONGC,"VALVE, BALL, 10 INCH, CLASS 900, ASTM A216 WCB, API 6D, BW FACING",CAN-001774,DEPOT-ONGC-HZR,"Hazira Gas Processing Plant, Gujarat",11,1840530,58,BALL_VALVE,250.0,900,ASTM A216 WCB,BW,API 6D
ONGC-MAT-0000739,ONGC,"FLANGE, BLIND, 6 INCH, CLASS 1500, ASTM A182 F316, ASME B16.5, RF FACING",CAN-000609,DEPOT-ONGC-MBO,"Mumbai Offshore Logistics Base, Maharashtra",35,373260,23,FLANGE_BLIND,150.0,1500,ASTM A182 F316,RF,ASME B16.5
ONGC-MAT-0000740,ONGC,"VALVE, GATE, 3 INCH, CLASS 300, ASTM A216 WCB, API 6D, BW FACING",CAN-001256,DEPOT-ONGC-RJM,"Rajahmundry Asset, Andhra Pradesh",126,142160,290,GATE_VALVE,80.0,300,ASTM A216 WCB,BW,API 6D
ONGC-MAT-0000741,ONGC,"FLANGE, WELDING NECK, 10 INCH, CLASS 900, ASTM A182 F316, ASME B16.5, RF FACING",CAN-000351,DEPOT-ONGC-ANK,"Ankleshwar Asset, Gujarat",35,588970,96,FLANGE_WELD_NECK,250.0,900,ASTM A182 F316,RF,ASME B16.5
ONGC-MAT-0000742,ONGC,"VALVE, GATE, 8 INCH, CLASS 150, ASTM A216 WCB, API 600, BW FACING",CAN-001423,DEPOT-ONGC-URN,"Uran Plant, Maharashtra",0,268710,0,GATE_VALVE,200.0,150,ASTM A216 WCB,BW,API 600
ONGC-MAT-0000743,ONGC,"FLANGE, BLIND, 1.5 INCH, CLASS 900, ASTM A182 F316, ASME B16.5, RTJ FACING",CAN-000484,DEPOT-ONGC-HZR,"Hazira Gas Processing Plant, Gujarat",0,44490,0,FLANGE_BLIND,40.0,900,ASTM A182 F316,RTJ,ASME B16.5
ONGC-MAT-0000744,ONGC,"STUD BOLT WITH NUTS, 2 INCH, CLASS 900, ASTM A193 B7 / A194 2H, ASME B18.2.1, THRD FACING",CAN-002137,DEPOT-ONGC-HZR,"Hazira Gas Processing Plant, Gujarat",0,3610,0,STUD_BOLT,50.0,900,ASTM A193 B7 / A194 2H,THRD,ASME B18.2.1
ONGC-MAT-0000745,ONGC,"FLANGE, SLIP-ON, 10 INCH, CLASS 150, ASTM A182 F316, ASME B16.5, RF FACING",CAN-000945,DEPOT-ONGC-ANK,"Ankleshwar Asset, Gujarat",94,102150,525,FLANGE_SLIP_ON,250.0,150,ASTM A182 F316,RF,ASME B16.5
ONGC-MAT-0000746,ONGC,"VALVE, BALL, 1 INCH, CLASS 150, ASTM A216 WCB, API 6D, BW FACING",CAN-001622,DEPOT-ONGC-ANK,"Ankleshwar Asset, Gujarat",0,22000,0,BALL_VALVE,25.0,150,ASTM A216 WCB,BW,API 6D
ONGC-MAT-0000747,ONGC,"FLANGE, SLIP-ON, 2 INCH, CLASS 150, ASTM A182 F304, ASME B16.5, FF FACING",CAN-000794,DEPOT-ONGC-HZR,"Hazira Gas Processing Plant, Gujarat",95,9450,212,FLANGE_SLIP_ON,50.0,150,ASTM A182 F304,FF,ASME B16.5
ONGC-MAT-0000748,ONGC,"VALVE, GATE, 2 INCH, CLASS 600, ASTM A216 WCB, API 600, BW FACING",CAN-001207,DEPOT-ONGC-RJM,"Rajahmundry Asset, Andhra Pradesh",29,134350,743,GATE_VALVE,50.0,600,ASTM A216 WCB,BW,API 600
ONGC-MAT-0000749,ONGC,"VALVE, GATE, 12 INCH, CLASS 900, ASTM A216 WCB, API 600, RF FACING",CAN-001577,DEPOT-ONGC-URN,"Uran Plant, Maharashtra",36,1908660,61,GATE_VALVE,300.0,900,ASTM A216 WCB,RF,API 600
ONGC-MAT-0000750,ONGC,"VALVE, BALL, 2 INCH, CLASS 300, ASTM A216 WCB, API 6D, RF FACING",CAN-001665,DEPOT-ONGC-MBO,"Mumbai Offshore Logistics Base, Maharashtra",0,94310,0,BALL_VALVE,50.0,300,ASTM A216 WCB,RF,API 6D
ONGC-MAT-0000751,ONGC,"FLANGE, WELDING NECK, 12 INCH, CLASS 150, ASTM A182 F304, ASME B16.5, RF FACING",CAN-000365,DEPOT-ONGC-RJM,"Rajahmundry Asset, Andhra Pradesh",24,133520,58,FLANGE_WELD_NECK,300.0,150,ASTM A182 F304,RF,ASME B16.5
ONGC-MAT-0000752,ONGC,"FLANGE, SLIP-ON, 8 INCH, CLASS 600, ASTM A105, ASME B16.5, FF FACING",CAN-000924,DEPOT-ONGC-HZR,"Hazira Gas Processing Plant, Gujarat",5,72400,35,FLANGE_SLIP_ON,200.0,600,ASTM A105,FF,ASME B16.5
ONGC-MAT-0000753,ONGC,"VALVE, GATE, 1/2 INCH, CLASS 1500, ASTM A182 F316, API 6D, RF FACING",CAN-001058,DEPOT-ONGC-ANK,"Ankleshwar Asset, Gujarat",0,187070,0,GATE_VALVE,15.0,1500,ASTM A182 F316,RF,API 6D
ONGC-MAT-0000754,ONGC,"GASKET, SPIRAL WOUND, 3 INCH, CLASS 150, SS304 / GRAPHITE, ASME B16.20, RF FACING",CAN-002042,DEPOT-ONGC-URN,"Uran Plant, Maharashtra",35,7070,208,SPIRAL_WOUND_GASKET,80.0,150,SS304 / GRAPHITE,RF,ASME B16.20
ONGC-MAT-0000755,ONGC,"FLANGE, BLIND, 1.5 INCH, CLASS 150, ASTM A105, ASME B16.5, RTJ FACING",CAN-000462,DEPOT-ONGC-HZR,"Hazira Gas Processing Plant, Gujarat",23,3310,38,FLANGE_BLIND,40.0,150,ASTM A105,RTJ,ASME B16.5
ONGC-MAT-0000756,ONGC,"VALVE, GLOBE, 2 INCH, CLASS 600, ASTM A216 WCB, BS 1873, RF FACING",CAN-001869,DEPOT-ONGC-ANK,"Ankleshwar Asset, Gujarat",0,179140,0,GLOBE_VALVE,50.0,600,ASTM A216 WCB,RF,BS 1873
ONGC-MAT-0000757,ONGC,"FLANGE, SLIP-ON, 12 INCH, CLASS 150, ASTM A182 F316, ASME B16.5, FF FACING",CAN-000976,DEPOT-ONGC-ANK,"Ankleshwar Asset, Gujarat",19,129480,12,FLANGE_SLIP_ON,300.0,150,ASTM A182 F316,FF,ASME B16.5
ONGC-MAT-0000758,ONGC,"VALVE, GATE, 10 INCH, CLASS 1500, ASTM A182 F316, API 6D, BW FACING",CAN-001540,DEPOT-ONGC-MBO,"Mumbai Offshore Logistics Base, Maharashtra",50,7251410,45,GATE_VALVE,250.0,1500,ASTM A182 F316,BW,API 6D
ONGC-MAT-0000759,ONGC,"FLANGE, SLIP-ON, 3 INCH, CLASS 1500, ASTM A105, ASME B16.5, RF FACING",CAN-000845,DEPOT-ONGC-HZR,"Hazira Gas Processing Plant, Gujarat",41,45790,82,FLANGE_SLIP_ON,80.0,1500,ASTM A105,RF,ASME B16.5
ONGC-MAT-0000760,ONGC,"FLANGE, WELDING NECK, 12 INCH, CLASS 1500, ASTM A182 F316, ASME B16.5, RTJ FACING",CAN-000400,DEPOT-ONGC-MBO,"Mumbai Offshore Logistics Base, Maharashtra",22,1123330,62,FLANGE_WELD_NECK,300.0,1500,ASTM A182 F316,RTJ,ASME B16.5
ONGC-MAT-0000761,ONGC,"VALVE, GATE, 3 INCH, CLASS 1500, ASTM A182 F316, API 600, BW FACING",CAN-001299,DEPOT-ONGC-MBO,"Mumbai Offshore Logistics Base, Maharashtra",0,1648600,0,GATE_VALVE,80.0,1500,ASTM A182 F316,BW,API 600
ONGC-MAT-0000762,ONGC,"VALVE, GATE, 8 INCH, CLASS 600, ASTM A216 WCB, API 6D, RF FACING",CAN-001446,DEPOT-ONGC-RJM,"Rajahmundry Asset, Andhra Pradesh",17,814580,55,GATE_VALVE,200.0,600,ASTM A216 WCB,RF,API 6D
ONGC-MAT-0000763,ONGC,"VALVE, GATE, 6 INCH, CLASS 1500, ASTM A105, API 600, RF FACING",CAN-001413,DEPOT-ONGC-HZR,"Hazira Gas Processing Plant, Gujarat",29,1166450,30,GATE_VALVE,150.0,1500,ASTM A105,RF,API 600
ONGC-MAT-0000764,ONGC,"VALVE, GATE, 10 INCH, CLASS 300, ASTM A105, API 6D, BW FACING",CAN-001500,DEPOT-ONGC-URN,"Uran Plant, Maharashtra",33,625310,109,GATE_VALVE,250.0,300,ASTM A105,BW,API 6D
ONGC-MAT-0000765,ONGC,"FLANGE, SLIP-ON, 2 INCH, CLASS 1500, ASTM A182 F304, ASME B16.5, FF FACING",CAN-000818,DEPOT-ONGC-ANK,"Ankleshwar Asset, Gujarat",8,59650,10,FLANGE_SLIP_ON,50.0,1500,ASTM A182 F304,FF,ASME B16.5
ONGC-MAT-0000766,ONGC,"STUD BOLT WITH NUTS, 4 INCH, CLASS 1500, ASTM A320 L7 / A194 7, ASME B18.2.1, THRD FACING",CAN-002160,DEPOT-ONGC-URN,"Uran Plant, Maharashtra",0,21420,0,STUD_BOLT,100.0,1500,ASTM A320 L7 / A194 7,THRD,ASME B18.2.1
ONGC-MAT-0000767,ONGC,"VALVE, GATE, 1.5 INCH, CLASS 900, ASTM A182 F316, API 6D, RF FACING",CAN-001166,DEPOT-ONGC-HZR,"Hazira Gas Processing Plant, Gujarat",0,444930,0,GATE_VALVE,40.0,900,ASTM A182 F316,RF,API 6D
ONGC-MAT-0000768,ONGC,"VALVE, GLOBE, 10 INCH, CLASS 300, ASTM A216 WCB, ASME B16.34, RF FACING",CAN-001966,DEPOT-ONGC-ANK,"Ankleshwar Asset, Gujarat",0,833740,0,GLOBE_VALVE,250.0,300,ASTM A216 WCB,RF,ASME B16.34
ONGC-MAT-0000769,ONGC,"VALVE, BALL, 3 INCH, CLASS 150, ASTM A216 WCB, API 6D, BW FACING",CAN-001682,DEPOT-ONGC-MBO,"Mumbai Offshore Logistics Base, Maharashtra",135,99790,284,BALL_VALVE,80.0,150,ASTM A216 WCB,BW,API 6D
ONGC-MAT-0000770,ONGC,"VALVE, GATE, 1/2 INCH, CLASS 600, ASTM A105, API 6D, BW FACING",CAN-001032,DEPOT-ONGC-URN,"Uran Plant, Maharashtra",47,28080,57,GATE_VALVE,15.0,600,ASTM A105,BW,API 6D
ONGC-MAT-0000771,ONGC,"VALVE, GATE, 1 INCH, CLASS 900, ASTM A105, API 6D, RF FACING",CAN-001102,DEPOT-ONGC-RJM,"Rajahmundry Asset, Andhra Pradesh",7,75470,115,GATE_VALVE,25.0,900,ASTM A105,RF,API 6D
ONGC-MAT-0000772,ONGC,"FLANGE, BLIND, 10 INCH, CLASS 300, ASTM A350 LF2, ASME B16.5, RF FACING",CAN-000649,DEPOT-ONGC-ANK,"Ankleshwar Asset, Gujarat",0,100040,0,FLANGE_BLIND,250.0,300,ASTM A350 LF2,RF,ASME B16.5
ONGC-MAT-0000773,ONGC,"FLANGE, WELDING NECK, 10 INCH, CLASS 150, ASTM A350 LF2, ASME B16.5, RF FACING",CAN-000323,DEPOT-ONGC-RJM,"Rajahmundry Asset, Andhra Pradesh",62,70230,699,FLANGE_WELD_NECK,250.0,150,ASTM A350 LF2,RF,ASME B16.5
ONGC-MAT-0000774,ONGC,"FLANGE, SLIP-ON, 3 INCH, CLASS 900, ASTM A105, ASME B16.5, FF FACING",CAN-000840,DEPOT-ONGC-HZR,"Hazira Gas Processing Plant, Gujarat",31,30430,61,FLANGE_SLIP_ON,80.0,900,ASTM A105,FF,ASME B16.5
ONGC-MAT-0000775,ONGC,"FLANGE, SLIP-ON, 2 INCH, CLASS 150, ASTM A182 F316, ASME B16.5, FF FACING",CAN-000796,DEPOT-ONGC-MBO,"Mumbai Offshore Logistics Base, Maharashtra",0,12600,0,FLANGE_SLIP_ON,50.0,150,ASTM A182 F316,FF,ASME B16.5
ONGC-MAT-0000776,ONGC,"FLANGE, SLIP-ON, 1 INCH, CLASS 600, ASTM A182 F316, ASME B16.5, FF FACING",CAN-000748,DEPOT-ONGC-RJM,"Rajahmundry Asset, Andhra Pradesh",66,15520,402,FLANGE_SLIP_ON,25.0,600,ASTM A182 F316,FF,ASME B16.5
ONGC-MAT-0000777,ONGC,"FLANGE, BLIND, 12 INCH, CLASS 600, ASTM A182 F316, ASME B16.5, RTJ FACING",CAN-000688,DEPOT-ONGC-RJM,"Rajahmundry Asset, Andhra Pradesh",0,441570,0,FLANGE_BLIND,300.0,600,ASTM A182 F316,RTJ,ASME B16.5
ONGC-MAT-0000778,ONGC,"VALVE, GATE, 6 INCH, CLASS 150, ASTM A182 F316, API 600, BW FACING",CAN-001371,DEPOT-ONGC-RJM,"Rajahmundry Asset, Andhra Pradesh",22,591580,72,GATE_VALVE,150.0,150,ASTM A182 F316,BW,API 600
ONGC-MAT-0000779,ONGC,"VALVE, GATE, 4 INCH, CLASS 150, ASTM A105, API 600, BW FACING",CAN-001307,DEPOT-ONGC-RJM,"Rajahmundry Asset, Andhra Pradesh",0,109130,0,GATE_VALVE,100.0,150,ASTM A105,BW,API 600
ONGC-MAT-0000780,ONGC,"FLANGE, WELDING NECK, 1 INCH, CLASS 300, ASTM A350 LF2, ASME B16.5, RTJ FACING",CAN-000052,DEPOT-ONGC-RJM,"Rajahmundry Asset, Andhra Pradesh",17,6120,63,FLANGE_WELD_NECK,25.0,300,ASTM A350 LF2,RTJ,ASME B16.5
ONGC-MAT-0000781,ONGC,"FLANGE, SLIP-ON, 8 INCH, CLASS 600, ASTM A182 F304, ASME B16.5, RF FACING",CAN-000925,DEPOT-ONGC-HZR,"Hazira Gas Processing Plant, Gujarat",35,173770,60,FLANGE_SLIP_ON,200.0,600,ASTM A182 F304,RF,ASME B16.5
ONGC-MAT-0000782,ONGC,"FLANGE, WELDING NECK, 10 INCH, CLASS 600, ASTM A105, ASME B16.5, RF FACING",CAN-000337,DEPOT-ONGC-RJM,"Rajahmundry Asset, Andhra Pradesh",40,133060,113,FLANGE_WELD_NECK,250.0,600,ASTM A105,RF,ASME B16.5
ONGC-MAT-0000783,ONGC,"FLANGE, WELDING NECK, 8 INCH, CLASS 300, ASTM A182 F304, ASME B16.5, RTJ FACING",CAN-000294,DEPOT-ONGC-ANK,"Ankleshwar Asset, Gujarat",14,137230,11,FLANGE_WELD_NECK,200.0,300,ASTM A182 F304,RTJ,ASME B16.5
ONGC-MAT-0000784,ONGC,"VALVE, GATE, 12 INCH, CLASS 1500, ASTM A105, API 600, BW FACING",CAN-001595,DEPOT-ONGC-URN,"Uran Plant, Maharashtra",0,2872150,0,GATE_VALVE,300.0,1500,ASTM A105,BW,API 600
ONGC-MAT-0000785,ONGC,"FLANGE, BLIND, 1.5 INCH, CLASS 1500, ASTM A105, ASME B16.5, RF FACING",CAN-000485,DEPOT-ONGC-ANK,"Ankleshwar Asset, Gujarat",14,20920,42,FLANGE_BLIND,40.0,1500,ASTM A105,RF,ASME B16.5
ONGC-MAT-0000786,ONGC,"VALVE, GATE, 1/2 INCH, CLASS 900, ASTM A105, API 600, BW FACING",CAN-001043,DEPOT-ONGC-RJM,"Rajahmundry Asset, Andhra Pradesh",30,38840,34,GATE_VALVE,15.0,900,ASTM A105,BW,API 600
ONGC-MAT-0000787,ONGC,"FLANGE, SLIP-ON, 12 INCH, CLASS 900, ASTM A182 F304, ASME B16.5, RF FACING",CAN-000991,DEPOT-ONGC-HZR,"Hazira Gas Processing Plant, Gujarat",0,407180,0,FLANGE_SLIP_ON,300.0,900,ASTM A182 F304,RF,ASME B16.5
ONGC-MAT-0000788,ONGC,"VALVE, GATE, 1 INCH, CLASS 900, ASTM A182 F316, API 6D, RF FACING",CAN-001106,DEPOT-ONGC-MBO,"Mumbai Offshore Logistics Base, Maharashtra",0,241510,0,GATE_VALVE,25.0,900,ASTM A182 F316,RF,API 6D
ONGC-MAT-0000789,ONGC,"VALVE, GATE, 3 INCH, CLASS 600, ASTM A182 F316, API 600, BW FACING",CAN-001275,DEPOT-ONGC-HZR,"Hazira Gas Processing Plant, Gujarat",7,792070,38,GATE_VALVE,80.0,600,ASTM A182 F316,BW,API 600
ONGC-MAT-0000790,ONGC,"STUD BOLT WITH NUTS, 4 INCH, CLASS 900, ASTM A320 L7 / A194 7, ASME B18.2.1, THRD FACING",CAN-002158,DEPOT-ONGC-HZR,"Hazira Gas Processing Plant, Gujarat",48,14230,725,STUD_BOLT,100.0,900,ASTM A320 L7 / A194 7,THRD,ASME B18.2.1
ONGC-MAT-0000791,ONGC,"VALVE, GLOBE, 8 INCH, CLASS 300, ASTM A216 WCB, BS 1873, RF FACING",CAN-001945,DEPOT-ONGC-HZR,"Hazira Gas Processing Plant, Gujarat",29,623800,96,GLOBE_VALVE,200.0,300,ASTM A216 WCB,RF,BS 1873
ONGC-MAT-0000792,ONGC,"FLANGE, BLIND, 2 INCH, CLASS 300, ASTM A182 F316, ASME B16.5, RTJ FACING",CAN-000502,DEPOT-ONGC-MBO,"Mumbai Offshore Logistics Base, Maharashtra",12,24690,43,FLANGE_BLIND,50.0,300,ASTM A182 F316,RTJ,ASME B16.5
ONGC-MAT-0000793,ONGC,"VALVE, GATE, 10 INCH, CLASS 300, ASTM A216 WCB, API 600, BW FACING",CAN-001495,DEPOT-ONGC-HZR,"Hazira Gas Processing Plant, Gujarat",20,625310,95,GATE_VALVE,250.0,300,ASTM A216 WCB,BW,API 600
ONGC-MAT-0000794,ONGC,"VALVE, GATE, 3 INCH, CLASS 300, ASTM A182 F316, API 6D, RF FACING",CAN-001262,DEPOT-ONGC-RJM,"Rajahmundry Asset, Andhra Pradesh",29,454920,20,GATE_VALVE,80.0,300,ASTM A182 F316,RF,API 6D
ONGC-MAT-0000795,ONGC,"FLANGE, WELDING NECK, 1 INCH, CLASS 1500, ASTM A182 F316, ASME B16.5, RTJ FACING",CAN-000080,DEPOT-ONGC-HZR,"Hazira Gas Processing Plant, Gujarat",10,44410,74,FLANGE_WELD_NECK,25.0,1500,ASTM A182 F316,RTJ,ASME B16.5
ONGC-MAT-0000796,ONGC,"VALVE, BALL, 12 INCH, CLASS 300, ASTM A182 F316, API 6D, BW FACING",CAN-001788,DEPOT-ONGC-RJM,"Rajahmundry Asset, Andhra Pradesh",51,3099790,284,BALL_VALVE,300.0,300,ASTM A182 F316,BW,API 6D
ONGC-MAT-0000797,ONGC,"VALVE, BALL, 2 INCH, CLASS 1500, ASTM A182 F316, API 6D, RF FACING",CAN-001679,DEPOT-ONGC-RJM,"Rajahmundry Asset, Andhra Pradesh",52,1093730,502,BALL_VALVE,50.0,1500,ASTM A182 F316,RF,API 6D
ONGC-MAT-0000798,ONGC,"FLANGE, SLIP-ON, 10 INCH, CLASS 150, ASTM A182 F304, ASME B16.5, RF FACING",CAN-000943,DEPOT-ONGC-MBO,"Mumbai Offshore Logistics Base, Maharashtra",56,76610,491,FLANGE_SLIP_ON,250.0,150,ASTM A182 F304,RF,ASME B16.5
ONGC-MAT-0000799,ONGC,"VALVE, GLOBE, 1/2 INCH, CLASS 900, ASTM A216 WCB, BS 1873, RF FACING",CAN-001813,DEPOT-ONGC-MBO,"Mumbai Offshore Logistics Base, Maharashtra",40,51790,95,GLOBE_VALVE,15.0,900,ASTM A216 WCB,RF,BS 1873
ONGC-MAT-0000800,ONGC,"VALVE, GLOBE, 6 INCH, CLASS 150, ASTM A216 WCB, BS 1873, RF FACING",CAN-001921,DEPOT-ONGC-URN,"Uran Plant, Maharashtra",7,246490,38,GLOBE_VALVE,150.0,150,ASTM A216 WCB,RF,BS 1873
ONGC-MAT-0000801,ONGC,"VALVE, GATE, 12 INCH, CLASS 600, ASTM A105, API 6D, BW FACING",CAN-001572,DEPOT-ONGC-ANK,"Ankleshwar Asset, Gujarat",0,1379920,0,GATE_VALVE,300.0,600,ASTM A105,BW,API 6D
ONGC-MAT-0000802,ONGC,"VALVE, GATE, 6 INCH, CLASS 300, ASTM A182 F316, API 600, RF FACING",CAN-001381,DEPOT-ONGC-HZR,"Hazira Gas Processing Plant, Gujarat",0,1030010,0,GATE_VALVE,150.0,300,ASTM A182 F316,RF,API 600
ONGC-MAT-0000803,ONGC,"FLANGE, SLIP-ON, 12 INCH, CLASS 600, ASTM A182 F304, ASME B16.5, FF FACING",CAN-000986,DEPOT-ONGC-HZR,"Hazira Gas Processing Plant, Gujarat",12,294380,119,FLANGE_SLIP_ON,300.0,600,ASTM A182 F304,FF,ASME B16.5
ONGC-MAT-0000804,ONGC,"VALVE, GATE, 8 INCH, CLASS 1500, ASTM A182 F316, API 600, RF FACING",CAN-001477,DEPOT-ONGC-RJM,"Rajahmundry Asset, Andhra Pradesh",24,5425490,11,GATE_VALVE,200.0,1500,ASTM A182 F316,RF,API 600
ONGC-MAT-0000805,ONGC,"VALVE, GATE, 2 INCH, CLASS 600, ASTM A182 F316, API 600, BW FACING",CAN-001215,DEPOT-ONGC-ANK,"Ankleshwar Asset, Gujarat",79,429940,340,GATE_VALVE,50.0,600,ASTM A182 F316,BW,API 600
ONGC-MAT-0000806,ONGC,"VALVE, BALL, 12 INCH, CLASS 150, ASTM A216 WCB, API 6D, BW FACING",CAN-001782,DEPOT-ONGC-ANK,"Ankleshwar Asset, Gujarat",33,556360,85,BALL_VALVE,300.0,150,ASTM A216 WCB,BW,API 6D
ONGC-MAT-0000807,ONGC,"STUD BOLT WITH NUTS, 6 INCH, CLASS 600, ASTM A320 L7 / A194 7, ASME B18.2.1, THRD FACING",CAN-002166,DEPOT-ONGC-HZR,"Hazira Gas Processing Plant, Gujarat",33,17430,14,STUD_BOLT,150.0,600,ASTM A320 L7 / A194 7,THRD,ASME B18.2.1
ONGC-MAT-0000808,ONGC,"VALVE, GATE, 3 INCH, CLASS 900, ASTM A216 WCB, API 600, BW FACING",CAN-001279,DEPOT-ONGC-RJM,"Rajahmundry Asset, Andhra Pradesh",5,342360,83,GATE_VALVE,80.0,900,ASTM A216 WCB,BW,API 600
ONGC-MAT-0000809,ONGC,"VALVE, GATE, 12 INCH, CLASS 150, ASTM A105, API 6D, BW FACING",CAN-001548,DEPOT-ONGC-ANK,"Ankleshwar Asset, Gujarat",118,455200,644,GATE_VALVE,300.0,150,ASTM A105,BW,API 6D
ONGC-MAT-0000810,ONGC,"FLANGE, WELDING NECK, 2 INCH, CLASS 1500, ASTM A350 LF2, ASME B16.5, RTJ FACING",CAN-000156,DEPOT-ONGC-HZR,"Hazira Gas Processing Plant, Gujarat",37,54680,68,FLANGE_WELD_NECK,50.0,1500,ASTM A350 LF2,RTJ,ASME B16.5
ONGC-MAT-0000811,ONGC,"VALVE, BALL, 8 INCH, CLASS 150, ASTM A216 WCB, API 6D, RF FACING",CAN-001741,DEPOT-ONGC-RJM,"Rajahmundry Asset, Andhra Pradesh",0,328420,0,BALL_VALVE,200.0,150,ASTM A216 WCB,RF,API 6D
ONGC-MAT-0000812,ONGC,"FLANGE, SLIP-ON, 8 INCH, CLASS 600, ASTM A182 F304, ASME B16.5, FF FACING",CAN-000926,DEPOT-ONGC-HZR,"Hazira Gas Processing Plant, Gujarat",0,173770,0,FLANGE_SLIP_ON,200.0,600,ASTM A182 F304,FF,ASME B16.5
ONGC-MAT-0000813,ONGC,"FLANGE, BLIND, 12 INCH, CLASS 900, ASTM A350 LF2, ASME B16.5, RF FACING",CAN-000691,DEPOT-ONGC-ANK,"Ankleshwar Asset, Gujarat",110,305380,579,FLANGE_BLIND,300.0,900,ASTM A350 LF2,RF,ASME B16.5
ONGC-MAT-0000814,ONGC,"FLANGE, BLIND, 1 INCH, CLASS 600, ASTM A350 LF2, ASME B16.5, RTJ FACING",CAN-000446,DEPOT-ONGC-ANK,"Ankleshwar Asset, Gujarat",13,8730,107,FLANGE_BLIND,25.0,600,ASTM A350 LF2,RTJ,ASME B16.5
ONGC-MAT-0000815,ONGC,"VALVE, GATE, 1.5 INCH, CLASS 600, ASTM A182 F316, API 600, BW FACING",CAN-001155,DEPOT-ONGC-URN,"Uran Plant, Maharashtra",47,321680,70,GATE_VALVE,40.0,600,ASTM A182 F316,BW,API 600
ONGC-MAT-0000816,ONGC,"STUD BOLT WITH NUTS, 8 INCH, CLASS 600, ASTM A320 L7 / A194 7, ASME B18.2.1, THRD FACING",CAN-002176,DEPOT-ONGC-RJM,"Rajahmundry Asset, Andhra Pradesh",8,25340,68,STUD_BOLT,200.0,600,ASTM A320 L7 / A194 7,THRD,ASME B18.2.1
ONGC-MAT-0000817,ONGC,"VALVE, GLOBE, 6 INCH, CLASS 900, ASTM A216 WCB, BS 1873, RF FACING",CAN-001933,DEPOT-ONGC-ANK,"Ankleshwar Asset, Gujarat",0,1033540,0,GLOBE_VALVE,150.0,900,ASTM A216 WCB,RF,BS 1873
ONGC-MAT-0000818,ONGC,"VALVE, GATE, 2 INCH, CLASS 300, ASTM A105, API 600, BW FACING",CAN-001199,DEPOT-ONGC-URN,"Uran Plant, Maharashtra",135,77160,451,GATE_VALVE,50.0,300,ASTM A105,BW,API 600
ONGC-MAT-0000819,ONGC,"VALVE, GATE, 6 INCH, CLASS 300, ASTM A216 WCB, API 6D, RF FACING",CAN-001374,DEPOT-ONGC-ANK,"Ankleshwar Asset, Gujarat",42,321870,88,GATE_VALVE,150.0,300,ASTM A216 WCB,RF,API 6D
ONGC-MAT-0000820,ONGC,"FLANGE, WELDING NECK, 1.5 INCH, CLASS 150, ASTM A182 F316, ASME B16.5, RTJ FACING",CAN-000088,DEPOT-ONGC-RJM,"Rajahmundry Asset, Andhra Pradesh",43,12960,39,FLANGE_WELD_NECK,40.0,150,ASTM A182 F316,RTJ,ASME B16.5
ONGC-MAT-0000821,ONGC,"FLANGE, SLIP-ON, 12 INCH, CLASS 1500, ASTM A105, ASME B16.5, FF FACING",CAN-000996,DEPOT-ONGC-URN,"Uran Plant, Maharashtra",50,255300,39,FLANGE_SLIP_ON,300.0,1500,ASTM A105,FF,ASME B16.5
ONGC-MAT-0000822,ONGC,"FLANGE, BLIND, 1.5 INCH, CLASS 150, ASTM A350 LF2, ASME B16.5, RF FACING",CAN-000463,DEPOT-ONGC-MBO,"Mumbai Offshore Logistics Base, Maharashtra",93,5300,271,FLANGE_BLIND,40.0,150,ASTM A350 LF2,RF,ASME B16.5
ONGC-MAT-0000823,ONGC,"VALVE, GATE, 1.5 INCH, CLASS 150, ASTM A182 F316, API 6D, BW FACING",CAN-001132,DEPOT-ONGC-URN,"Uran Plant, Maharashtra",123,106110,487,GATE_VALVE,40.0,150,ASTM A182 F316,BW,API 6D
ONGC-MAT-0000824,ONGC,"FLANGE, SLIP-ON, 1.5 INCH, CLASS 600, ASTM A182 F316, ASME B16.5, RF FACING",CAN-000777,DEPOT-ONGC-HZR,"Hazira Gas Processing Plant, Gujarat",0,28590,0,FLANGE_SLIP_ON,40.0,600,ASTM A182 F316,RF,ASME B16.5
ONGC-MAT-0000825,ONGC,"FLANGE, WELDING NECK, 2 INCH, CLASS 600, ASTM A182 F316, ASME B16.5, RF FACING",CAN-000143,DEPOT-ONGC-MBO,"Mumbai Offshore Logistics Base, Maharashtra",0,52540,0,FLANGE_WELD_NECK,50.0,600,ASTM A182 F316,RF,ASME B16.5
ONGC-MAT-0000826,ONGC,"VALVE, GATE, 1 INCH, CLASS 600, ASTM A216 WCB, API 6D, BW FACING",CAN-001088,DEPOT-ONGC-URN,"Uran Plant, Maharashtra",33,54560,54,GATE_VALVE,25.0,600,ASTM A216 WCB,BW,API 6D
ONGC-MAT-0000827,ONGC,"FLANGE, WELDING NECK, 2 INCH, CLASS 150, ASTM A182 F316, ASME B16.5, RTJ FACING",CAN-000128,DEPOT-ONGC-URN,"Uran Plant, Maharashtra",31,17330,536,FLANGE_WELD_NECK,50.0,150,ASTM A182 F316,RTJ,ASME B16.5
ONGC-MAT-0000828,ONGC,"VALVE, GATE, 3 INCH, CLASS 900, ASTM A216 WCB, API 600, BW FACING",CAN-001279,DEPOT-ONGC-MBO,"Mumbai Offshore Logistics Base, Maharashtra",121,342360,427,GATE_VALVE,80.0,900,ASTM A216 WCB,BW,API 600
ONGC-MAT-0000829,ONGC,"FLANGE, SLIP-ON, 2 INCH, CLASS 900, ASTM A182 F316, ASME B16.5, FF FACING",CAN-000814,DEPOT-ONGC-HZR,"Hazira Gas Processing Plant, Gujarat",7,52860,20,FLANGE_SLIP_ON,50.0,900,ASTM A182 F316,FF,ASME B16.5
ONGC-MAT-0000830,ONGC,"STUD BOLT WITH NUTS, 8 INCH, CLASS 300, ASTM A193 B7 / A194 2H, ASME B18.2.1, THRD FACING",CAN-002173,DEPOT-ONGC-HZR,"Hazira Gas Processing Plant, Gujarat",123,9090,520,STUD_BOLT,200.0,300,ASTM A193 B7 / A194 2H,THRD,ASME B18.2.1
ONGC-MAT-0000831,ONGC,"VALVE, BALL, 2 INCH, CLASS 1500, ASTM A216 WCB, API 6D, RF FACING",CAN-001677,DEPOT-ONGC-ANK,"Ankleshwar Asset, Gujarat",11,341790,31,BALL_VALVE,50.0,1500,ASTM A216 WCB,RF,API 6D
ONGC-MAT-0000832,ONGC,"VALVE, GATE, 6 INCH, CLASS 300, ASTM A105, API 6D, BW FACING",CAN-001380,DEPOT-ONGC-ANK,"Ankleshwar Asset, Gujarat",0,321870,0,GATE_VALVE,150.0,300,ASTM A105,BW,API 6D
ONGC-MAT-0000833,ONGC,"FLANGE, WELDING NECK, 12 INCH, CLASS 300, ASTM A105, ASME B16.5, RF FACING",CAN-000369,DEPOT-ONGC-HZR,"Hazira Gas Processing Plant, Gujarat",23,96860,12,FLANGE_WELD_NECK,300.0,300,ASTM A105,RF,ASME B16.5
ONGC-MAT-0000834,ONGC,"VALVE, GLOBE, 1/2 INCH, CLASS 1500, ASTM A105, BS 1873, RF FACING",CAN-001819,DEPOT-ONGC-HZR,"Hazira Gas Processing Plant, Gujarat",23,77940,76,GLOBE_VALVE,15.0,1500,ASTM A105,RF,BS 1873
ONGC-MAT-0000835,ONGC,"FLANGE, BLIND, 1.5 INCH, CLASS 150, ASTM A350 LF2, ASME B16.5, RF FACING",CAN-000463,DEPOT-ONGC-MBO,"Mumbai Offshore Logistics Base, Maharashtra",24,5300,81,FLANGE_BLIND,40.0,150,ASTM A350 LF2,RF,ASME B16.5
ONGC-MAT-0000836,ONGC,"FLANGE, BLIND, 4 INCH, CLASS 1500, ASTM A182 F316, ASME B16.5, RTJ FACING",CAN-000580,DEPOT-ONGC-MBO,"Mumbai Offshore Logistics Base, Maharashtra",89,220340,700,FLANGE_BLIND,100.0,1500,ASTM A182 F316,RTJ,ASME B16.5
ONGC-MAT-0000837,ONGC,"VALVE, GATE, 1.5 INCH, CLASS 150, ASTM A105, API 6D, RF FACING",CAN-001126,DEPOT-ONGC-ANK,"Ankleshwar Asset, Gujarat",34,33160,11,GATE_VALVE,40.0,150,ASTM A105,RF,API 6D
ONGC-MAT-0000838,ONGC,"FLANGE, SLIP-ON, 6 INCH, CLASS 1500, ASTM A105, ASME B16.5, RF FACING",CAN-000905,DEPOT-ONGC-URN,"Uran Plant, Maharashtra",11,103680,13,FLANGE_SLIP_ON,150.0,1500,ASTM A105,RF,ASME B16.5
ONGC-MAT-0000839,ONGC,"VALVE, GATE, 1.5 INCH, CLASS 600, ASTM A182 F316, API 6D, BW FACING",CAN-001156,DEPOT-ONGC-HZR,"Hazira Gas Processing Plant, Gujarat",136,321680,659,GATE_VALVE,40.0,600,ASTM A182 F316,BW,API 6D
ONGC-MAT-0000840,ONGC,"VALVE, GLOBE, 3 INCH, CLASS 900, ASTM A105, BS 1873, RF FACING",CAN-001895,DEPOT-ONGC-HZR,"Hazira Gas Processing Plant, Gujarat",133,456480,677,GLOBE_VALVE,80.0,900,ASTM A105,RF,BS 1873
ONGC-MAT-0000841,ONGC,"STUD BOLT WITH NUTS, 1 INCH, CLASS 150, ASTM A193 B7 / A194 2H, ASME B18.2.1, THRD FACING",CAN-002111,DEPOT-ONGC-URN,"Uran Plant, Maharashtra",25,350,83,STUD_BOLT,25.0,150,ASTM A193 B7 / A194 2H,THRD,ASME B18.2.1
ONGC-MAT-0000842,ONGC,"VALVE, GATE, 10 INCH, CLASS 600, ASTM A216 WCB, API 6D, BW FACING",CAN-001508,DEPOT-ONGC-ANK,"Ankleshwar Asset, Gujarat",17,1088730,114,GATE_VALVE,250.0,600,ASTM A216 WCB,BW,API 6D
ONGC-MAT-0000843,ONGC,"FLANGE, SLIP-ON, 4 INCH, CLASS 1500, ASTM A182 F304, ASME B16.5, RF FACING",CAN-000877,DEPOT-ONGC-HZR,"Hazira Gas Processing Plant, Gujarat",11,146890,24,FLANGE_SLIP_ON,100.0,1500,ASTM A182 F304,RF,ASME B16.5
ONGC-MAT-0000844,ONGC,"FLANGE, WELDING NECK, 10 INCH, CLASS 300, ASTM A182 F304, ASME B16.5, RF FACING",CAN-000333,DEPOT-ONGC-HZR,"Hazira Gas Processing Plant, Gujarat",41,183420,100,FLANGE_WELD_NECK,250.0,300,ASTM A182 F304,RF,ASME B16.5
ONGC-MAT-0000845,ONGC,"VALVE, GATE, 4 INCH, CLASS 150, ASTM A105, API 600, BW FACING",CAN-001307,DEPOT-ONGC-MBO,"Mumbai Offshore Logistics Base, Maharashtra",29,109130,464,GATE_VALVE,100.0,150,ASTM A105,BW,API 600
ONGC-MAT-0000846,ONGC,"VALVE, GATE, 10 INCH, CLASS 300, ASTM A105, API 600, BW FACING",CAN-001499,DEPOT-ONGC-RJM,"Rajahmundry Asset, Andhra Pradesh",0,625310,0,GATE_VALVE,250.0,300,ASTM A105,BW,API 600
ONGC-MAT-0000847,ONGC,"FLANGE, WELDING NECK, 12 INCH, CLASS 1500, ASTM A182 F304, ASME B16.5, RF FACING",CAN-000397,DEPOT-ONGC-HZR,"Hazira Gas Processing Plant, Gujarat",23,842490,21,FLANGE_WELD_NECK,300.0,1500,ASTM A182 F304,RF,ASME B16.5
ONGC-MAT-0000848,ONGC,"GASKET, SPIRAL WOUND, 4 INCH, CLASS 1500, SS316 / GRAPHITE, ASME B16.20, RF FACING",CAN-002059,DEPOT-ONGC-ANK,"Ankleshwar Asset, Gujarat",42,79560,64,SPIRAL_WOUND_GASKET,100.0,1500,SS316 / GRAPHITE,RF,ASME B16.20
ONGC-MAT-0000849,ONGC,"VALVE, BALL, 6 INCH, CLASS 600, ASTM A216 WCB, API 6D, BW FACING",CAN-001730,DEPOT-ONGC-MBO,"Mumbai Offshore Logistics Base, Maharashtra",19,684960,39,BALL_VALVE,150.0,600,ASTM A216 WCB,BW,API 6D
ONGC-MAT-0000850,ONGC,"VALVE, GATE, 4 INCH, CLASS 600, ASTM A216 WCB, API 6D, RF FACING",CAN-001326,DEPOT-ONGC-RJM,"Rajahmundry Asset, Andhra Pradesh",41,330820,103,GATE_VALVE,100.0,600,ASTM A216 WCB,RF,API 6D
ONGC-MAT-0000851,ONGC,"VALVE, GATE, 6 INCH, CLASS 600, ASTM A105, API 600, BW FACING",CAN-001391,DEPOT-ONGC-MBO,"Mumbai Offshore Logistics Base, Maharashtra",107,560420,563,GATE_VALVE,150.0,600,ASTM A105,BW,API 600
ONGC-MAT-0000852,ONGC,"FLANGE, SLIP-ON, 1 INCH, CLASS 150, ASTM A182 F316, ASME B16.5, RF FACING",CAN-000735,DEPOT-ONGC-URN,"Uran Plant, Maharashtra",0,5120,0,FLANGE_SLIP_ON,25.0,150,ASTM A182 F316,RF,ASME B16.5
ONGC-MAT-0000853,ONGC,"FLANGE, WELDING NECK, 3 INCH, CLASS 1500, ASTM A350 LF2, ASME B16.5, RF FACING",CAN-000195,DEPOT-ONGC-HZR,"Hazira Gas Processing Plant, Gujarat",48,100740,13,FLANGE_WELD_NECK,80.0,1500,ASTM A350 LF2,RF,ASME B16.5
ONGC-MAT-0000854,ONGC,"VALVE, GLOBE, 6 INCH, CLASS 900, ASTM A216 WCB, BS 1873, RF FACING",CAN-001933,DEPOT-ONGC-URN,"Uran Plant, Maharashtra",112,1033540,429,GLOBE_VALVE,150.0,900,ASTM A216 WCB,RF,BS 1873
ONGC-MAT-0000855,ONGC,"VALVE, GATE, 2 INCH, CLASS 300, ASTM A182 F316, API 6D, BW FACING",CAN-001204,DEPOT-ONGC-HZR,"Hazira Gas Processing Plant, Gujarat",34,246930,498,GATE_VALVE,50.0,300,ASTM A182 F316,BW,API 6D
ONGC-MAT-0000856,ONGC,"FLANGE, WELDING NECK, 10 INCH, CLASS 600, ASTM A182 F304, ASME B16.5, RF FACING",CAN-000341,DEPOT-ONGC-RJM,"Rajahmundry Asset, Andhra Pradesh",42,319360,84,FLANGE_WELD_NECK,250.0,600,ASTM A182 F304,RF,ASME B16.5
ONGC-MAT-0000857,ONGC,"VALVE, GATE, 3 INCH, CLASS 150, ASTM A105, API 6D, BW FACING",CAN-001248,DEPOT-ONGC-URN,"Uran Plant, Maharashtra",30,81650,54,GATE_VALVE,80.0,150,ASTM A105,BW,API 6D
ONGC-MAT-0000858,ONGC,"VALVE, BALL, 6 INCH, CLASS 1500, ASTM A216 WCB, API 6D, RF FACING",CAN-001737,DEPOT-ONGC-URN,"Uran Plant, Maharashtra",48,1425670,669,BALL_VALVE,150.0,1500,ASTM A216 WCB,RF,API 6D
ONGC-MAT-0000859,ONGC,"VALVE, GATE, 1.5 INCH, CLASS 600, ASTM A105, API 600, BW FACING",CAN-001151,DEPOT-ONGC-MBO,"Mumbai Offshore Logistics Base, Maharashtra",0,100520,0,GATE_VALVE,40.0,600,ASTM A105,BW,API 600
ONGC-MAT-0000860,ONGC,"FLANGE, SLIP-ON, 4 INCH, CLASS 150, ASTM A105, ASME B16.5, FF FACING",CAN-000852,DEPOT-ONGC-MBO,"Mumbai Offshore Logistics Base, Maharashtra",0,9700,0,FLANGE_SLIP_ON,100.0,150,ASTM A105,FF,ASME B16.5
ONGC-MAT-0000861,ONGC,"VALVE, GATE, 8 INCH, CLASS 300, ASTM A182 F316, API 600, BW FACING",CAN-001443,DEPOT-ONGC-RJM,"Rajahmundry Asset, Andhra Pradesh",129,1497140,338,GATE_VALVE,200.0,300,ASTM A182 F316,BW,API 600
ONGC-MAT-0000862,ONGC,"VALVE, BALL, 2 INCH, CLASS 1500, ASTM A216 WCB, API 6D, BW FACING",CAN-001678,DEPOT-ONGC-ANK,"Ankleshwar Asset, Gujarat",50,341790,102,BALL_VALVE,50.0,1500,ASTM A216 WCB,BW,API 6D
ONGC-MAT-0000863,ONGC,"VALVE, GATE, 1.5 INCH, CLASS 150, ASTM A216 WCB, API 6D, BW FACING",CAN-001124,DEPOT-ONGC-URN,"Uran Plant, Maharashtra",70,33160,537,GATE_VALVE,40.0,150,ASTM A216 WCB,BW,API 6D
ONGC-MAT-0000864,ONGC,"FLANGE, WELDING NECK, 8 INCH, CLASS 300, ASTM A182 F316, ASME B16.5, RF FACING",CAN-000295,DEPOT-ONGC-RJM,"Rajahmundry Asset, Andhra Pradesh",26,182980,94,FLANGE_WELD_NECK,200.0,300,ASTM A182 F316,RF,ASME B16.5
ONGC-MAT-0000865,ONGC,"VALVE, BALL, 10 INCH, CLASS 1500, ASTM A182 F316, API 6D, RF FACING",CAN-001779,DEPOT-ONGC-URN,"Uran Plant, Maharashtra",59,8862830,670,BALL_VALVE,250.0,1500,ASTM A182 F316,RF,API 6D
ONGC-MAT-0000866,ONGC,"VALVE, GATE, 8 INCH, CLASS 150, ASTM A105, API 6D, BW FACING",CAN-001428,DEPOT-ONGC-MBO,"Mumbai Offshore Logistics Base, Maharashtra",47,268710,21,GATE_VALVE,200.0,150,ASTM A105,BW,API 6D
ONGC-MAT-0000867,ONGC,"VALVE, GATE, 1 INCH, CLASS 300, ASTM A216 WCB, API 600, BW FACING",CAN-001075,DEPOT-ONGC-ANK,"Ankleshwar Asset, Gujarat",81,31330,460,GATE_VALVE,25.0,300,ASTM A216 WCB,BW,API 600
ONGC-MAT-0000868,ONGC,"GASKET, SPIRAL WOUND, 1 INCH, CLASS 300, SS304 / GRAPHITE, ASME B16.20, RF FACING",CAN-002014,DEPOT-ONGC-RJM,"Rajahmundry Asset, Andhra Pradesh",0,2710,0,SPIRAL_WOUND_GASKET,25.0,300,SS304 / GRAPHITE,RF,ASME B16.20
ONGC-MAT-0000869,ONGC,"FLANGE, SLIP-ON, 4 INCH, CLASS 150, ASTM A182 F304, ASME B16.5, FF FACING",CAN-000854,DEPOT-ONGC-HZR,"Hazira Gas Processing Plant, Gujarat",143,23280,579,FLANGE_SLIP_ON,100.0,150,ASTM A182 F304,FF,ASME B16.5
ONGC-MAT-0000870,ONGC,"VALVE, BALL, 2 INCH, CLASS 900, ASTM A216 WCB, API 6D, RF FACING",CAN-001673,DEPOT-ONGC-MBO,"Mumbai Offshore Logistics Base, Maharashtra",130,227130,186,BALL_VALVE,50.0,900,ASTM A216 WCB,RF,API 6D
ONGC-MAT-0000871,ONGC,"STUD BOLT WITH NUTS, 1.5 INCH, CLASS 600, ASTM A193 B7 / A194 2H, ASME B18.2.1, THRD FACING",CAN-002125,DEPOT-ONGC-ANK,"Ankleshwar Asset, Gujarat",46,1950,22,STUD_BOLT,40.0,600,ASTM A193 B7 / A194 2H,THRD,ASME B18.2.1
ONGC-MAT-0000872,ONGC,"FLANGE, WELDING NECK, 1.5 INCH, CLASS 150, ASTM A105, ASME B16.5, RF FACING",CAN-000081,DEPOT-ONGC-MBO,"Mumbai Offshore Logistics Base, Maharashtra",101,4050,653,FLANGE_WELD_NECK,40.0,150,ASTM A105,RF,ASME B16.5
ONGC-MAT-0000873,ONGC,"FLANGE, WELDING NECK, 6 INCH, CLASS 600, ASTM A182 F304, ASME B16.5, RF FACING",CAN-000261,DEPOT-ONGC-RJM,"Rajahmundry Asset, Andhra Pradesh",0,164390,0,FLANGE_WELD_NECK,150.0,600,ASTM A182 F304,RF,ASME B16.5
ONGC-MAT-0000874,ONGC,"VALVE, GATE, 1/2 INCH, CLASS 150, ASTM A216 WCB, API 600, RF FACING",CAN-001001,DEPOT-ONGC-HZR,"Hazira Gas Processing Plant, Gujarat",26,9260,13,GATE_VALVE,15.0,150,ASTM A216 WCB,RF,API 600
ONGC-MAT-0000875,ONGC,"FLANGE, WELDING NECK, 8 INCH, CLASS 300, ASTM A350 LF2, ASME B16.5, RF FACING",CAN-000291,DEPOT-ONGC-MBO,"Mumbai Offshore Logistics Base, Maharashtra",42,91490,81,FLANGE_WELD_NECK,200.0,300,ASTM A350 LF2,RF,ASME B16.5
ONGC-MAT-0000876,ONGC,"VALVE, GATE, 1/2 INCH, CLASS 1500, ASTM A182 F316, API 600, BW FACING",CAN-001059,DEPOT-ONGC-RJM,"Rajahmundry Asset, Andhra Pradesh",0,187070,0,GATE_VALVE,15.0,1500,ASTM A182 F316,BW,API 600
ONGC-MAT-0000877,ONGC,"FLANGE, WELDING NECK, 10 INCH, CLASS 150, ASTM A350 LF2, ASME B16.5, RF FACING",CAN-000323,DEPOT-ONGC-ANK,"Ankleshwar Asset, Gujarat",120,70230,489,FLANGE_WELD_NECK,250.0,150,ASTM A350 LF2,RF,ASME B16.5
ONGC-MAT-0000878,ONGC,"VALVE, GATE, 2 INCH, CLASS 900, ASTM A105, API 600, RF FACING",CAN-001221,DEPOT-ONGC-MBO,"Mumbai Offshore Logistics Base, Maharashtra",0,185830,0,GATE_VALVE,50.0,900,ASTM A105,RF,API 600
ONGC-MAT-0000879,ONGC,"FLANGE, SLIP-ON, 4 INCH, CLASS 150, ASTM A182 F304, ASME B16.5, RF FACING",CAN-000853,DEPOT-ONGC-RJM,"Rajahmundry Asset, Andhra Pradesh",43,23280,67,FLANGE_SLIP_ON,100.0,150,ASTM A182 F304,RF,ASME B16.5
ONGC-MAT-0000880,ONGC,"VALVE, GATE, 4 INCH, CLASS 600, ASTM A182 F316, API 600, BW FACING",CAN-001335,DEPOT-ONGC-HZR,"Hazira Gas Processing Plant, Gujarat",0,1058640,0,GATE_VALVE,100.0,600,ASTM A182 F316,BW,API 600
ONGC-MAT-0000881,ONGC,"FLANGE, BLIND, 2 INCH, CLASS 900, ASTM A105, ASME B16.5, RF FACING",CAN-000509,DEPOT-ONGC-ANK,"Ankleshwar Asset, Gujarat",45,18580,92,FLANGE_BLIND,50.0,900,ASTM A105,RF,ASME B16.5
ONGC-MAT-0000882,ONGC,"FLANGE, BLIND, 6 INCH, CLASS 1500, ASTM A105, ASME B16.5, RF FACING",CAN-000605,DEPOT-ONGC-ANK,"Ankleshwar Asset, Gujarat",5,116640,118,FLANGE_BLIND,150.0,1500,ASTM A105,RF,ASME B16.5
ONGC-MAT-0000883,ONGC,"VALVE, GATE, 12 INCH, CLASS 300, ASTM A216 WCB, API 600, BW FACING",CAN-001555,DEPOT-ONGC-URN,"Uran Plant, Maharashtra",20,792550,42,GATE_VALVE,300.0,300,ASTM A216 WCB,BW,API 600
ONGC-MAT-0000884,ONGC,"VALVE, GATE, 8 INCH, CLASS 900, ASTM A216 WCB, API 600, BW FACING",CAN-001459,DEPOT-ONGC-URN,"Uran Plant, Maharashtra",11,1126700,102,GATE_VALVE,200.0,900,ASTM A216 WCB,BW,API 600
ONGC-MAT-0000885,ONGC,"VALVE, GLOBE, 2 INCH, CLASS 600, ASTM A216 WCB, BS 1873, RF FACING",CAN-001869,DEPOT-ONGC-RJM,"Rajahmundry Asset, Andhra Pradesh",121,179140,334,GLOBE_VALVE,50.0,600,ASTM A216 WCB,RF,BS 1873
ONGC-MAT-0000886,ONGC,"VALVE, GATE, 8 INCH, CLASS 600, ASTM A182 F316, API 600, BW FACING",CAN-001455,DEPOT-ONGC-ANK,"Ankleshwar Asset, Gujarat",43,2606670,116,GATE_VALVE,200.0,600,ASTM A182 F316,BW,API 600
ONGC-MAT-0000887,ONGC,"VALVE, GATE, 4 INCH, CLASS 900, ASTM A216 WCB, API 600, RF FACING",CAN-001337,DEPOT-ONGC-HZR,"Hazira Gas Processing Plant, Gujarat",44,457580,32,GATE_VALVE,100.0,900,ASTM A216 WCB,RF,API 600
ONGC-MAT-0000888,ONGC,"FLANGE, SLIP-ON, 12 INCH, CLASS 1500, ASTM A182 F316, ASME B16.5, FF FACING",CAN-001000,DEPOT-ONGC-MBO,"Mumbai Offshore Logistics Base, Maharashtra",21,816960,229,FLANGE_SLIP_ON,300.0,1500,ASTM A182 F316,FF,ASME B16.5
ONGC-MAT-0000889,ONGC,"FLANGE, WELDING NECK, 1.5 INCH, CLASS 600, ASTM A182 F304, ASME B16.5, RTJ FACING",CAN-000102,DEPOT-ONGC-HZR,"Hazira Gas Processing Plant, Gujarat",48,29480,236,FLANGE_WELD_NECK,40.0,600,ASTM A182 F304,RTJ,ASME B16.5
ONGC-MAT-0000890,ONGC,"VALVE, GATE, 12 INCH, CLASS 600, ASTM A105, API 600, BW FACING",CAN-001571,DEPOT-ONGC-HZR,"Hazira Gas Processing Plant, Gujarat",128,1379920,255,GATE_VALVE,300.0,600,ASTM A105,BW,API 600
ONGC-MAT-0000891,ONGC,"FLANGE, WELDING NECK, 1.5 INCH, CLASS 600, ASTM A105, ASME B16.5, RTJ FACING",CAN-000098,DEPOT-ONGC-MBO,"Mumbai Offshore Logistics Base, Maharashtra",0,12280,0,FLANGE_WELD_NECK,40.0,600,ASTM A105,RTJ,ASME B16.5
ONGC-MAT-0000892,ONGC,"VALVE, GATE, 1 INCH, CLASS 300, ASTM A105, API 6D, BW FACING",CAN-001080,DEPOT-ONGC-RJM,"Rajahmundry Asset, Andhra Pradesh",40,31330,43,GATE_VALVE,25.0,300,ASTM A105,BW,API 6D
ONGC-MAT-0000893,ONGC,"VALVE, GATE, 1/2 INCH, CLASS 300, ASTM A216 WCB, API 600, RF FACING",CAN-001013,DEPOT-ONGC-ANK,"Ankleshwar Asset, Gujarat",40,16130,322,GATE_VALVE,15.0,300,ASTM A216 WCB,RF,API 600
ONGC-MAT-0000894,ONGC,"VALVE, GATE, 4 INCH, CLASS 1500, ASTM A216 WCB, API 6D, BW FACING",CAN-001352,DEPOT-ONGC-HZR,"Hazira Gas Processing Plant, Gujarat",20,688570,228,GATE_VALVE,100.0,1500,ASTM A216 WCB,BW,API 6D
ONGC-MAT-0000895,ONGC,"VALVE, GLOBE, 3 INCH, CLASS 1500, ASTM A216 WCB, BS 1873, RF FACING",CAN-001897,DEPOT-ONGC-RJM,"Rajahmundry Asset, Andhra Pradesh",46,686920,107,GLOBE_VALVE,80.0,1500,ASTM A216 WCB,RF,BS 1873
ONGC-MAT-0000896,ONGC,"VALVE, BALL, 6 INCH, CLASS 150, ASTM A182 F316, API 6D, RF FACING",CAN-001723,DEPOT-ONGC-URN,"Uran Plant, Maharashtra",24,723050,95,BALL_VALVE,150.0,150,ASTM A182 F316,RF,API 6D
ONGC-MAT-0000897,ONGC,"VALVE, GLOBE, 4 INCH, CLASS 150, ASTM A105, ASME B16.34, RF FACING",CAN-001904,DEPOT-ONGC-MBO,"Mumbai Offshore Logistics Base, Maharashtra",33,145500,594,GLOBE_VALVE,100.0,150,ASTM A105,RF,ASME B16.34
ONGC-MAT-0000898,ONGC,"STUD BOLT WITH NUTS, 12 INCH, CLASS 300, ASTM A193 B7 / A194 2H, ASME B18.2.1, THRD FACING",CAN-002193,DEPOT-ONGC-MBO,"Mumbai Offshore Logistics Base, Maharashtra",0,15410,0,STUD_BOLT,300.0,300,ASTM A193 B7 / A194 2H,THRD,ASME B18.2.1
ONGC-MAT-0000899,ONGC,"FLANGE, BLIND, 1/2 INCH, CLASS 900, ASTM A350 LF2, ASME B16.5, RF FACING",CAN-000421,DEPOT-ONGC-URN,"Uran Plant, Maharashtra",0,6210,0,FLANGE_BLIND,15.0,900,ASTM A350 LF2,RF,ASME B16.5
ONGC-MAT-0000900,ONGC,"FLANGE, SLIP-ON, 1.5 INCH, CLASS 900, ASTM A105, ASME B16.5, FF FACING",CAN-000780,DEPOT-ONGC-ANK,"Ankleshwar Asset, Gujarat",38,12350,25,FLANGE_SLIP_ON,40.0,900,ASTM A105,FF,ASME B16.5
ONGC-MAT-0000901,ONGC,"FLANGE, SLIP-ON, 12 INCH, CLASS 300, ASTM A182 F316, ASME B16.5, FF FACING",CAN-000982,DEPOT-ONGC-MBO,"Mumbai Offshore Logistics Base, Maharashtra",34,225430,90,FLANGE_SLIP_ON,300.0,300,ASTM A182 F316,FF,ASME B16.5
ONGC-MAT-0000902,ONGC,"VALVE, BALL, 10 INCH, CLASS 150, ASTM A216 WCB, API 6D, RF FACING",CAN-001761,DEPOT-ONGC-URN,"Uran Plant, Maharashtra",31,438950,119,BALL_VALVE,250.0,150,ASTM A216 WCB,RF,API 6D
ONGC-MAT-0000903,ONGC,"FLANGE, SLIP-ON, 12 INCH, CLASS 150, ASTM A182 F304, ASME B16.5, RF FACING",CAN-000973,DEPOT-ONGC-ANK,"Ankleshwar Asset, Gujarat",127,97110,251,FLANGE_SLIP_ON,300.0,150,ASTM A182 F304,RF,ASME B16.5
ONGC-MAT-0000904,ONGC,"VALVE, BALL, 1 INCH, CLASS 300, ASTM A182 F316, API 6D, BW FACING",CAN-001628,DEPOT-ONGC-RJM,"Rajahmundry Asset, Andhra Pradesh",0,122570,0,BALL_VALVE,25.0,300,ASTM A182 F316,BW,API 6D
ONGC-MAT-0000905,ONGC,"VALVE, BALL, 3 INCH, CLASS 300, ASTM A216 WCB, API 6D, BW FACING",CAN-001686,DEPOT-ONGC-HZR,"Hazira Gas Processing Plant, Gujarat",54,173750,323,BALL_VALVE,80.0,300,ASTM A216 WCB,BW,API 6D
ONGC-MAT-0000906,ONGC,"VALVE, GLOBE, 1.5 INCH, CLASS 300, ASTM A105, ASME B16.34, RF FACING",CAN-001848,DEPOT-ONGC-HZR,"Hazira Gas Processing Plant, Gujarat",10,76980,77,GLOBE_VALVE,40.0,300,ASTM A105,RF,ASME B16.34
ONGC-MAT-0000907,ONGC,"VALVE, GATE, 8 INCH, CLASS 600, ASTM A105, API 600, RF FACING",CAN-001449,DEPOT-ONGC-MBO,"Mumbai Offshore Logistics Base, Maharashtra",51,814580,672,GATE_VALVE,200.0,600,ASTM A105,RF,API 600
ONGC-MAT-0000908,ONGC,"VALVE, GLOBE, 6 INCH, CLASS 900, ASTM A105, ASME B16.34, RF FACING",CAN-001936,DEPOT-ONGC-MBO,"Mumbai Offshore Logistics Base, Maharashtra",0,1033540,0,GLOBE_VALVE,150.0,900,ASTM A105,RF,ASME B16.34
ONGC-MAT-0000909,ONGC,"FLANGE, WELDING NECK, 4 INCH, CLASS 600, ASTM A182 F304, ASME B16.5, RF FACING",CAN-000221,DEPOT-ONGC-URN,"Uran Plant, Maharashtra",59,97040,374,FLANGE_WELD_NECK,100.0,600,ASTM A182 F304,RF,ASME B16.5
ONGC-MAT-0000910,ONGC,"FLANGE, SLIP-ON, 1/2 INCH, CLASS 1500, ASTM A105, ASME B16.5, RF FACING",CAN-000725,DEPOT-ONGC-MBO,"Mumbai Offshore Logistics Base, Maharashtra",12,5190,98,FLANGE_SLIP_ON,15.0,1500,ASTM A105,RF,ASME B16.5
ONGC-MAT-0000911,ONGC,"VALVE, GATE, 6 INCH, CLASS 600, ASTM A105, API 600, BW FACING",CAN-001391,DEPOT-ONGC-MBO,"Mumbai Offshore Logistics Base, Maharashtra",32,560420,74,GATE_VALVE,150.0,600,ASTM A105,BW,API 600
ONGC-MAT-0000912,ONGC,"VALVE, GATE, 10 INCH, CLASS 300, ASTM A105, API 600, BW FACING",CAN-001499,DEPOT-ONGC-URN,"Uran Plant, Maharashtra",45,625310,88,GATE_VALVE,250.0,300,ASTM A105,BW,API 600
ONGC-MAT-0000913,ONGC,"VALVE, BALL, 3 INCH, CLASS 600, ASTM A216 WCB, API 6D, RF FACING",CAN-001689,DEPOT-ONGC-RJM,"Rajahmundry Asset, Andhra Pradesh",0,302520,0,BALL_VALVE,80.0,600,ASTM A216 WCB,RF,API 6D
ONGC-MAT-0000914,ONGC,"FLANGE, SLIP-ON, 10 INCH, CLASS 1500, ASTM A182 F304, ASME B16.5, FF FACING",CAN-000968,DEPOT-ONGC-MBO,"Mumbai Offshore Logistics Base, Maharashtra",5,483420,117,FLANGE_SLIP_ON,250.0,1500,ASTM A182 F304,FF,ASME B16.5
ONGC-MAT-0000915,ONGC,"VALVE, GLOBE, 12 INCH, CLASS 600, ASTM A105, ASME B16.34, RF FACING",CAN-001992,DEPOT-ONGC-URN,"Uran Plant, Maharashtra",0,1839900,0,GLOBE_VALVE,300.0,600,ASTM A105,RF,ASME B16.34
ONGC-MAT-0000916,ONGC,"FLANGE, SLIP-ON, 1.5 INCH, CLASS 1500, ASTM A182 F304, ASME B16.5, RF FACING",CAN-000787,DEPOT-ONGC-RJM,"Rajahmundry Asset, Andhra Pradesh",50,44630,83,FLANGE_SLIP_ON,40.0,1500,ASTM A182 F304,RF,ASME B16.5
ONGC-MAT-0000917,ONGC,"VALVE, GATE, 6 INCH, CLASS 1500, ASTM A182 F316, API 600, RF FACING",CAN-001417,DEPOT-ONGC-URN,"Uran Plant, Maharashtra",26,3732660,27,GATE_VALVE,150.0,1500,ASTM A182 F316,RF,API 600
ONGC-MAT-0000918,ONGC,"VALVE, GATE, 1.5 INCH, CLASS 600, ASTM A182 F316, API 600, BW FACING",CAN-001155,DEPOT-ONGC-RJM,"Rajahmundry Asset, Andhra Pradesh",0,321680,0,GATE_VALVE,40.0,600,ASTM A182 F316,BW,API 600
ONGC-MAT-0000919,ONGC,"VALVE, GATE, 4 INCH, CLASS 1500, ASTM A182 F316, API 6D, BW FACING",CAN-001360,DEPOT-ONGC-MBO,"Mumbai Offshore Logistics Base, Maharashtra",46,2203430,359,GATE_VALVE,100.0,1500,ASTM A182 F316,BW,API 6D
ONGC-MAT-0000920,ONGC,"VALVE, GATE, 10 INCH, CLASS 150, ASTM A105, API 600, BW FACING",CAN-001487,DEPOT-ONGC-MBO,"Mumbai Offshore Logistics Base, Maharashtra",81,359140,652,GATE_VALVE,250.0,150,ASTM A105,BW,API 600
ONGC-MAT-0000921,ONGC,"VALVE, BALL, 1 INCH, CLASS 300, ASTM A182 F316, API 6D, RF FACING",CAN-001627,DEPOT-ONGC-RJM,"Rajahmundry Asset, Andhra Pradesh",44,122570,82,BALL_VALVE,25.0,300,ASTM A182 F316,RF,API 6D
ONGC-MAT-0000922,ONGC,"VALVE, GATE, 1.5 INCH, CLASS 300, ASTM A105, API 600, RF FACING",CAN-001137,DEPOT-ONGC-ANK,"Ankleshwar Asset, Gujarat",62,57730,370,GATE_VALVE,40.0,300,ASTM A105,RF,API 600
ONGC-MAT-0000923,ONGC,"VALVE, GATE, 12 INCH, CLASS 300, ASTM A182 F316, API 6D, BW FACING",CAN-001564,DEPOT-ONGC-ANK,"Ankleshwar Asset, Gujarat",0,2536190,0,GATE_VALVE,300.0,300,ASTM A182 F316,BW,API 6D
ONGC-MAT-0000924,ONGC,"FLANGE, BLIND, 8 INCH, CLASS 300, ASTM A105, ASME B16.5, RF FACING",CAN-000617,DEPOT-ONGC-RJM,"Rajahmundry Asset, Andhra Pradesh",21,46780,43,FLANGE_BLIND,200.0,300,ASTM A105,RF,ASME B16.5
ONGC-MAT-0000925,ONGC,"FLANGE, WELDING NECK, 1.5 INCH, CLASS 600, ASTM A350 LF2, ASME B16.5, RF FACING",CAN-000099,DEPOT-ONGC-ANK,"Ankleshwar Asset, Gujarat",22,19650,107,FLANGE_WELD_NECK,40.0,600,ASTM A350 LF2,RF,ASME B16.5
ONGC-MAT-0000926,ONGC,"FLANGE, SLIP-ON, 2 INCH, CLASS 900, ASTM A105, ASME B16.5, RF FACING",CAN-000809,DEPOT-ONGC-URN,"Uran Plant, Maharashtra",129,16510,735,FLANGE_SLIP_ON,50.0,900,ASTM A105,RF,ASME B16.5
ONGC-MAT-0000927,ONGC,"VALVE, GATE, 1.5 INCH, CLASS 150, ASTM A216 WCB, API 600, RF FACING",CAN-001121,DEPOT-ONGC-MBO,"Mumbai Offshore Logistics Base, Maharashtra",12,33160,19,GATE_VALVE,40.0,150,ASTM A216 WCB,RF,API 600
ONGC-MAT-0000928,ONGC,"FLANGE, BLIND, 1.5 INCH, CLASS 150, ASTM A105, ASME B16.5, RF FACING",CAN-000461,DEPOT-ONGC-ANK,"Ankleshwar Asset, Gujarat",76,3310,406,FLANGE_BLIND,40.0,150,ASTM A105,RF,ASME B16.5
ONGC-MAT-0000929,ONGC,"STUD BOLT WITH NUTS, 2 INCH, CLASS 1500, ASTM A193 B7 / A194 2H, ASME B18.2.1, THRD FACING",CAN-002139,DEPOT-ONGC-HZR,"Hazira Gas Processing Plant, Gujarat",6,5430,87,STUD_BOLT,50.0,1500,ASTM A193 B7 / A194 2H,THRD,ASME B18.2.1
ONGC-MAT-0000930,ONGC,"FLANGE, BLIND, 12 INCH, CLASS 600, ASTM A350 LF2, ASME B16.5, RF FACING",CAN-000685,DEPOT-ONGC-RJM,"Rajahmundry Asset, Andhra Pradesh",0,220780,0,FLANGE_BLIND,300.0,600,ASTM A350 LF2,RF,ASME B16.5
ONGC-MAT-0000931,ONGC,"FLANGE, BLIND, 12 INCH, CLASS 300, ASTM A350 LF2, ASME B16.5, RF FACING",CAN-000679,DEPOT-ONGC-RJM,"Rajahmundry Asset, Andhra Pradesh",10,126800,117,FLANGE_BLIND,300.0,300,ASTM A350 LF2,RF,ASME B16.5
ONGC-MAT-0000932,ONGC,"VALVE, GATE, 1 INCH, CLASS 150, ASTM A216 WCB, API 6D, BW FACING",CAN-001064,DEPOT-ONGC-ANK,"Ankleshwar Asset, Gujarat",27,18000,86,GATE_VALVE,25.0,150,ASTM A216 WCB,BW,API 6D
ONGC-MAT-0000933,ONGC,"FLANGE, WELDING NECK, 1.5 INCH, CLASS 1500, ASTM A105, ASME B16.5, RTJ FACING",CAN-000114,DEPOT-ONGC-HZR,"Hazira Gas Processing Plant, Gujarat",119,25570,350,FLANGE_WELD_NECK,40.0,1500,ASTM A105,RTJ,ASME B16.5
ONGC-MAT-0000934,ONGC,"GASKET, SPIRAL WOUND, 1.5 INCH, CLASS 300, SS304 / GRAPHITE, ASME B16.20, RF FACING",CAN-002024,DEPOT-ONGC-MBO,"Mumbai Offshore Logistics Base, Maharashtra",44,5000,16,SPIRAL_WOUND_GASKET,40.0,300,SS304 / GRAPHITE,RF,ASME B16.20
ONGC-MAT-0000935,ONGC,"FLANGE, WELDING NECK, 4 INCH, CLASS 900, ASTM A105, ASME B16.5, RTJ FACING",CAN-000226,DEPOT-ONGC-URN,"Uran Plant, Maharashtra",45,55920,335,FLANGE_WELD_NECK,100.0,900,ASTM A105,RTJ,ASME B16.5
ONGC-MAT-0000936,ONGC,"FLANGE, WELDING NECK, 10 INCH, CLASS 300, ASTM A182 F316, ASME B16.5, RTJ FACING",CAN-000336,DEPOT-ONGC-HZR,"Hazira Gas Processing Plant, Gujarat",88,244560,579,FLANGE_WELD_NECK,250.0,300,ASTM A182 F316,RTJ,ASME B16.5
ONGC-MAT-0000937,ONGC,"FLANGE, BLIND, 2 INCH, CLASS 300, ASTM A350 LF2, ASME B16.5, RTJ FACING",CAN-000500,DEPOT-ONGC-URN,"Uran Plant, Maharashtra",12,12340,62,FLANGE_BLIND,50.0,300,ASTM A350 LF2,RTJ,ASME B16.5
ONGC-MAT-0000938,ONGC,"VALVE, GATE, 8 INCH, CLASS 150, ASTM A105, API 6D, RF FACING",CAN-001426,DEPOT-ONGC-URN,"Uran Plant, Maharashtra",121,268710,584,GATE_VALVE,200.0,150,ASTM A105,RF,API 6D
ONGC-MAT-0000939,ONGC,"FLANGE, SLIP-ON, 1/2 INCH, CLASS 300, ASTM A182 F304, ASME B16.5, FF FACING",CAN-000710,DEPOT-ONGC-HZR,"Hazira Gas Processing Plant, Gujarat",0,3440,0,FLANGE_SLIP_ON,15.0,300,ASTM A182 F304,FF,ASME B16.5
ONGC-MAT-0000940,ONGC,"FLANGE, WELDING NECK, 1.5 INCH, CLASS 900, ASTM A182 F304, ASME B16.5, RF FACING",CAN-000109,DEPOT-ONGC-URN,"Uran Plant, Maharashtra",24,40780,19,FLANGE_WELD_NECK,40.0,900,ASTM A182 F304,RF,ASME B16.5
ONGC-MAT-0000941,ONGC,"FLANGE, SLIP-ON, 6 INCH, CLASS 150, ASTM A105, ASME B16.5, FF FACING",CAN-000882,DEPOT-ONGC-RJM,"Rajahmundry Asset, Andhra Pradesh",64,16430,507,FLANGE_SLIP_ON,150.0,150,ASTM A105,FF,ASME B16.5
ONGC-MAT-0000942,ONGC,"STUD BOLT WITH NUTS, 8 INCH, CLASS 1500, ASTM A320 L7 / A194 7, ASME B18.2.1, THRD FACING",CAN-002180,DEPOT-ONGC-ANK,"Ankleshwar Asset, Gujarat",42,52740,82,STUD_BOLT,200.0,1500,ASTM A320 L7 / A194 7,THRD,ASME B18.2.1
ONGC-MAT-0000943,ONGC,"FLANGE, WELDING NECK, 6 INCH, CLASS 300, ASTM A350 LF2, ASME B16.5, RF FACING",CAN-000251,DEPOT-ONGC-MBO,"Mumbai Offshore Logistics Base, Maharashtra",19,62940,102,FLANGE_WELD_NECK,150.0,300,ASTM A350 LF2,RF,ASME B16.5
ONGC-MAT-0000944,ONGC,"VALVE, GATE, 6 INCH, CLASS 300, ASTM A182 F316, API 6D, RF FACING",CAN-001382,DEPOT-ONGC-MBO,"Mumbai Offshore Logistics Base, Maharashtra",70,1030010,547,GATE_VALVE,150.0,300,ASTM A182 F316,RF,API 6D
ONGC-MAT-0000945,ONGC,"FLANGE, SLIP-ON, 4 INCH, CLASS 600, ASTM A182 F304, ASME B16.5, FF FACING",CAN-000866,DEPOT-ONGC-MBO,"Mumbai Offshore Logistics Base, Maharashtra",100,70570,534,FLANGE_SLIP_ON,100.0,600,ASTM A182 F304,FF,ASME B16.5
ONGC-MAT-0000946,ONGC,"GASKET, SPIRAL WOUND, 4 INCH, CLASS 600, SS304 / GRAPHITE, ASME B16.20, RF FACING",CAN-002056,DEPOT-ONGC-HZR,"Hazira Gas Processing Plant, Gujarat",46,28670,114,SPIRAL_WOUND_GASKET,100.0,600,SS304 / GRAPHITE,RF,ASME B16.20
ONGC-MAT-0000947,ONGC,"VALVE, GATE, 1.5 INCH, CLASS 1500, ASTM A105, API 600, BW FACING",CAN-001175,DEPOT-ONGC-URN,"Uran Plant, Maharashtra",33,209230,44,GATE_VALVE,40.0,1500,ASTM A105,BW,API 600
ONGC-MAT-0000948,ONGC,"FLANGE, WELDING NECK, 3 INCH, CLASS 150, ASTM A182 F304, ASME B16.5, RF FACING",CAN-000165,DEPOT-ONGC-HZR,"Hazira Gas Processing Plant, Gujarat",0,23950,0,FLANGE_WELD_NECK,80.0,150,ASTM A182 F304,RF,ASME B16.5
ONGC-MAT-0000949,ONGC,"FLANGE, WELDING NECK, 1.5 INCH, CLASS 150, ASTM A350 LF2, ASME B16.5, RF FACING",CAN-000083,DEPOT-ONGC-MBO,"Mumbai Offshore Logistics Base, Maharashtra",30,6480,68,FLANGE_WELD_NECK,40.0,150,ASTM A350 LF2,RF,ASME B16.5
ONGC-MAT-0000950,ONGC,"VALVE, GATE, 6 INCH, CLASS 900, ASTM A182 F316, API 6D, RF FACING",CAN-001406,DEPOT-ONGC-HZR,"Hazira Gas Processing Plant, Gujarat",0,2480500,0,GATE_VALVE,150.0,900,ASTM A182 F316,RF,API 6D
ONGC-MAT-0000951,ONGC,"VALVE, GLOBE, 6 INCH, CLASS 900, ASTM A216 WCB, BS 1873, RF FACING",CAN-001933,DEPOT-ONGC-RJM,"Rajahmundry Asset, Andhra Pradesh",27,1033540,60,GLOBE_VALVE,150.0,900,ASTM A216 WCB,RF,BS 1873
ONGC-MAT-0000952,ONGC,"FLANGE, SLIP-ON, 12 INCH, CLASS 900, ASTM A182 F304, ASME B16.5, RF FACING",CAN-000991,DEPOT-ONGC-MBO,"Mumbai Offshore Logistics Base, Maharashtra",46,407180,285,FLANGE_SLIP_ON,300.0,900,ASTM A182 F304,RF,ASME B16.5
ONGC-MAT-0000953,ONGC,"FLANGE, SLIP-ON, 12 INCH, CLASS 600, ASTM A105, ASME B16.5, RF FACING",CAN-000983,DEPOT-ONGC-URN,"Uran Plant, Maharashtra",40,122660,47,FLANGE_SLIP_ON,300.0,600,ASTM A105,RF,ASME B16.5
ONGC-MAT-0000954,ONGC,"FLANGE, WELDING NECK, 1.5 INCH, CLASS 1500, ASTM A182 F304, ASME B16.5, RTJ FACING",CAN-000118,DEPOT-ONGC-URN,"Uran Plant, Maharashtra",0,61370,0,FLANGE_WELD_NECK,40.0,1500,ASTM A182 F304,RTJ,ASME B16.5
ONGC-MAT-0000955,ONGC,"VALVE, GLOBE, 8 INCH, CLASS 150, ASTM A216 WCB, ASME B16.34, RF FACING",CAN-001942,DEPOT-ONGC-HZR,"Hazira Gas Processing Plant, Gujarat",30,358280,550,GLOBE_VALVE,200.0,150,ASTM A216 WCB,RF,ASME B16.34
ONGC-MAT-0000956,ONGC,"FLANGE, BLIND, 2 INCH, CLASS 900, ASTM A350 LF2, ASME B16.5, RF FACING",CAN-000511,DEPOT-ONGC-MBO,"Mumbai Offshore Logistics Base, Maharashtra",28,29730,700,FLANGE_BLIND,50.0,900,ASTM A350 LF2,RF,ASME B16.5
ONGC-MAT-0000957,ONGC,"STUD BOLT WITH NUTS, 3 INCH, CLASS 150, ASTM A320 L7 / A194 7, ASME B18.2.1, THRD FACING",CAN-002142,DEPOT-ONGC-URN,"Uran Plant, Maharashtra",15,2540,90,STUD_BOLT,80.0,150,ASTM A320 L7 / A194 7,THRD,ASME B18.2.1
ONGC-MAT-0000958,ONGC,"VALVE, BALL, 10 INCH, CLASS 600, ASTM A216 WCB, API 6D, BW FACING",CAN-001770,DEPOT-ONGC-ANK,"Ankleshwar Asset, Gujarat",55,1330670,703,BALL_VALVE,250.0,600,ASTM A216 WCB,BW,API 6D
ONGC-MAT-0000959,ONGC,"VALVE, GATE, 6 INCH, CLASS 300, ASTM A182 F316, API 600, RF FACING",CAN-001381,DEPOT-ONGC-MBO,"Mumbai Offshore Logistics Base, Maharashtra",0,1030010,0,GATE_VALVE,150.0,300,ASTM A182 F316,RF,API 600
ONGC-MAT-0000960,ONGC,"FLANGE, SLIP-ON, 1.5 INCH, CLASS 1500, ASTM A105, ASME B16.5, FF FACING",CAN-000786,DEPOT-ONGC-URN,"Uran Plant, Maharashtra",30,18590,663,FLANGE_SLIP_ON,40.0,1500,ASTM A105,FF,ASME B16.5
ONGC-MAT-0000961,ONGC,"VALVE, GATE, 1.5 INCH, CLASS 150, ASTM A105, API 6D, BW FACING",CAN-001128,DEPOT-ONGC-RJM,"Rajahmundry Asset, Andhra Pradesh",10,33160,31,GATE_VALVE,40.0,150,ASTM A105,BW,API 6D
ONGC-MAT-0000962,ONGC,"FLANGE, BLIND, 4 INCH, CLASS 1500, ASTM A182 F316, ASME B16.5, RTJ FACING",CAN-000580,DEPOT-ONGC-MBO,"Mumbai Offshore Logistics Base, Maharashtra",0,220340,0,FLANGE_BLIND,100.0,1500,ASTM A182 F316,RTJ,ASME B16.5
ONGC-MAT-0000963,ONGC,"STUD BOLT WITH NUTS, 3 INCH, CLASS 900, ASTM A320 L7 / A194 7, ASME B18.2.1, THRD FACING",CAN-002148,DEPOT-ONGC-MBO,"Mumbai Offshore Logistics Base, Maharashtra",94,10650,737,STUD_BOLT,80.0,900,ASTM A320 L7 / A194 7,THRD,ASME B18.2.1
ONGC-MAT-0000964,ONGC,"VALVE, GATE, 3 INCH, CLASS 300, ASTM A182 F316, API 6D, BW FACING",CAN-001264,DEPOT-ONGC-ANK,"Ankleshwar Asset, Gujarat",0,454920,0,GATE_VALVE,80.0,300,ASTM A182 F316,BW,API 6D
ONGC-MAT-0000965,ONGC,"FLANGE, BLIND, 10 INCH, CLASS 150, ASTM A182 F316, ASME B16.5, RTJ FACING",CAN-000646,DEPOT-ONGC-HZR,"Hazira Gas Processing Plant, Gujarat",5,114920,18,FLANGE_BLIND,250.0,150,ASTM A182 F316,RTJ,ASME B16.5
ONGC-MAT-0000966,ONGC,"GASKET, SPIRAL WOUND, 1 INCH, CLASS 300, SS316 / GRAPHITE, ASME B16.20, RF FACING",CAN-002013,DEPOT-ONGC-RJM,"Rajahmundry Asset, Andhra Pradesh",6,3620,80,SPIRAL_WOUND_GASKET,25.0,300,SS316 / GRAPHITE,RF,ASME B16.20
ONGC-MAT-0000967,ONGC,"STUD BOLT WITH NUTS, 8 INCH, CLASS 900, ASTM A320 L7 / A194 7, ASME B18.2.1, THRD FACING",CAN-002178,DEPOT-ONGC-ANK,"Ankleshwar Asset, Gujarat",0,35050,0,STUD_BOLT,200.0,900,ASTM A320 L7 / A194 7,THRD,ASME B18.2.1
ONGC-MAT-0000968,ONGC,"VALVE, GLOBE, 1/2 INCH, CLASS 150, ASTM A105, BS 1873, RF FACING",CAN-001803,DEPOT-ONGC-MBO,"Mumbai Offshore Logistics Base, Maharashtra",48,12350,18,GLOBE_VALVE,15.0,150,ASTM A105,RF,BS 1873
ONGC-MAT-0000969,ONGC,"FLANGE, SLIP-ON, 8 INCH, CLASS 900, ASTM A182 F304, ASME B16.5, FF FACING",CAN-000932,DEPOT-ONGC-MBO,"Mumbai Offshore Logistics Base, Maharashtra",15,240360,72,FLANGE_SLIP_ON,200.0,900,ASTM A182 F304,FF,ASME B16.5
ONGC-MAT-0000970,ONGC,"VALVE, GLOBE, 3 INCH, CLASS 150, ASTM A105, ASME B16.34, RF FACING",CAN-001884,DEPOT-ONGC-RJM,"Rajahmundry Asset, Andhra Pradesh",18,108860,90,GLOBE_VALVE,80.0,150,ASTM A105,RF,ASME B16.34
ONGC-MAT-0000971,ONGC,"GASKET, SPIRAL WOUND, 12 INCH, CLASS 1500, SS316 / GRAPHITE, ASME B16.20, RF FACING",CAN-002099,DEPOT-ONGC-MBO,"Mumbai Offshore Logistics Base, Maharashtra",15,331890,89,SPIRAL_WOUND_GASKET,300.0,1500,SS316 / GRAPHITE,RF,ASME B16.20
ONGC-MAT-0000972,ONGC,"VALVE, BALL, 12 INCH, CLASS 600, ASTM A182 F316, API 6D, BW FACING",CAN-001792,DEPOT-ONGC-ANK,"Ankleshwar Asset, Gujarat",10,5397040,97,BALL_VALVE,300.0,600,ASTM A182 F316,BW,API 6D
ONGC-MAT-0000973,ONGC,"FLANGE, WELDING NECK, 2 INCH, CLASS 900, ASTM A350 LF2, ASME B16.5, RF FACING",CAN-000147,DEPOT-ONGC-HZR,"Hazira Gas Processing Plant, Gujarat",0,36340,0,FLANGE_WELD_NECK,50.0,900,ASTM A350 LF2,RF,ASME B16.5
ONGC-MAT-0000974,ONGC,"FLANGE, BLIND, 1.5 INCH, CLASS 900, ASTM A105, ASME B16.5, RTJ FACING",CAN-000480,DEPOT-ONGC-ANK,"Ankleshwar Asset, Gujarat",28,13900,705,FLANGE_BLIND,40.0,900,ASTM A105,RTJ,ASME B16.5
ONGC-MAT-0000975,ONGC,"FLANGE, WELDING NECK, 8 INCH, CLASS 600, ASTM A105, ASME B16.5, RF FACING",CAN-000297,DEPOT-ONGC-HZR,"Hazira Gas Processing Plant, Gujarat",49,99560,78,FLANGE_WELD_NECK,200.0,600,ASTM A105,RF,ASME B16.5
ONGC-MAT-0000976,ONGC,"FLANGE, SLIP-ON, 1/2 INCH, CLASS 150, ASTM A182 F304, ASME B16.5, RF FACING",CAN-000703,DEPOT-ONGC-ANK,"Ankleshwar Asset, Gujarat",52,1970,619,FLANGE_SLIP_ON,15.0,150,ASTM A182 F304,RF,ASME B16.5
ONGC-MAT-0000977,ONGC,"FLANGE, BLIND, 1.5 INCH, CLASS 900, ASTM A350 LF2, ASME B16.5, RF FACING",CAN-000481,DEPOT-ONGC-URN,"Uran Plant, Maharashtra",0,22240,0,FLANGE_BLIND,40.0,900,ASTM A350 LF2,RF,ASME B16.5
ONGC-MAT-0000978,ONGC,"VALVE, GATE, 1 INCH, CLASS 900, ASTM A216 WCB, API 600, RF FACING",CAN-001097,DEPOT-ONGC-HZR,"Hazira Gas Processing Plant, Gujarat",0,75470,0,GATE_VALVE,25.0,900,ASTM A216 WCB,RF,API 600
ONGC-MAT-0000979,ONGC,"VALVE, GATE, 8 INCH, CLASS 900, ASTM A216 WCB, API 600, RF FACING",CAN-001457,DEPOT-ONGC-MBO,"Mumbai Offshore Logistics Base, Maharashtra",0,1126700,0,GATE_VALVE,200.0,900,ASTM A216 WCB,RF,API 600
ONGC-MAT-0000980,ONGC,"VALVE, GLOBE, 4 INCH, CLASS 600, ASTM A105, BS 1873, RF FACING",CAN-001911,DEPOT-ONGC-MBO,"Mumbai Offshore Logistics Base, Maharashtra",0,441100,0,GLOBE_VALVE,100.0,600,ASTM A105,RF,BS 1873
ONGC-MAT-0000981,ONGC,"FLANGE, SLIP-ON, 1.5 INCH, CLASS 900, ASTM A182 F304, ASME B16.5, FF FACING",CAN-000782,DEPOT-ONGC-URN,"Uran Plant, Maharashtra",14,29660,105,FLANGE_SLIP_ON,40.0,900,ASTM A182 F304,FF,ASME B16.5
ONGC-MAT-0000982,ONGC,"GASKET, SPIRAL WOUND, 8 INCH, CLASS 1500, SS316 / GRAPHITE, ASME B16.20, RF FACING",CAN-002079,DEPOT-ONGC-RJM,"Rajahmundry Asset, Andhra Pradesh",0,195920,0,SPIRAL_WOUND_GASKET,200.0,1500,SS316 / GRAPHITE,RF,ASME B16.20
ONGC-MAT-0000983,ONGC,"FLANGE, SLIP-ON, 2 INCH, CLASS 600, ASTM A182 F304, ASME B16.5, FF FACING",CAN-000806,DEPOT-ONGC-URN,"Uran Plant, Maharashtra",48,28660,28,FLANGE_SLIP_ON,50.0,600,ASTM A182 F304,FF,ASME B16.5
ONGC-MAT-0000984,ONGC,"VALVE, GATE, 12 INCH, CLASS 300, ASTM A216 WCB, API 600, BW FACING",CAN-001555,DEPOT-ONGC-ANK,"Ankleshwar Asset, Gujarat",0,792550,0,GATE_VALVE,300.0,300,ASTM A216 WCB,BW,API 600
ONGC-MAT-0000985,ONGC,"FLANGE, WELDING NECK, 10 INCH, CLASS 1500, ASTM A105, ASME B16.5, RF FACING",CAN-000353,DEPOT-ONGC-MBO,"Mumbai Offshore Logistics Base, Maharashtra",18,276960,83,FLANGE_WELD_NECK,250.0,1500,ASTM A105,RF,ASME B16.5
ONGC-MAT-0000986,ONGC,"GASKET, SPIRAL WOUND, 1/2 INCH, CLASS 300, SS316 / GRAPHITE, ASME B16.20, RF FACING",CAN-002003,DEPOT-ONGC-HZR,"Hazira Gas Processing Plant, Gujarat",56,1860,210,SPIRAL_WOUND_GASKET,15.0,300,SS316 / GRAPHITE,RF,ASME B16.20
ONGC-MAT-0000987,ONGC,"VALVE, GATE, 8 INCH, CLASS 1500, ASTM A105, API 600, RF FACING",CAN-001473,DEPOT-ONGC-RJM,"Rajahmundry Asset, Andhra Pradesh",0,1695460,0,GATE_VALVE,200.0,1500,ASTM A105,RF,API 600
ONGC-MAT-0000988,ONGC,"VALVE, GATE, 8 INCH, CLASS 900, ASTM A216 WCB, API 6D, RF FACING",CAN-001458,DEPOT-ONGC-MBO,"Mumbai Offshore Logistics Base, Maharashtra",76,1126700,306,GATE_VALVE,200.0,900,ASTM A216 WCB,RF,API 6D
ONGC-MAT-0000989,ONGC,"FLANGE, BLIND, 2 INCH, CLASS 900, ASTM A182 F316, ASME B16.5, RTJ FACING",CAN-000514,DEPOT-ONGC-MBO,"Mumbai Offshore Logistics Base, Maharashtra",129,59460,574,FLANGE_BLIND,50.0,900,ASTM A182 F316,RTJ,ASME B16.5
ONGC-MAT-0000990,ONGC,"VALVE, GATE, 1 INCH, CLASS 1500, ASTM A182 F316, API 6D, BW FACING",CAN-001120,DEPOT-ONGC-RJM,"Rajahmundry Asset, Andhra Pradesh",48,363430,49,GATE_VALVE,25.0,1500,ASTM A182 F316,BW,API 6D
ONGC-MAT-0000991,ONGC,"STUD BOLT WITH NUTS, 1 INCH, CLASS 600, ASTM A320 L7 / A194 7, ASME B18.2.1, THRD FACING",CAN-002116,DEPOT-ONGC-HZR,"Hazira Gas Processing Plant, Gujarat",0,1690,0,STUD_BOLT,25.0,600,ASTM A320 L7 / A194 7,THRD,ASME B18.2.1
ONGC-MAT-0000992,ONGC,"VALVE, BALL, 4 INCH, CLASS 150, ASTM A182 F316, API 6D, RF FACING",CAN-001703,DEPOT-ONGC-HZR,"Hazira Gas Processing Plant, Gujarat",22,426820,42,BALL_VALVE,100.0,150,ASTM A182 F316,RF,API 6D
ONGC-MAT-0000993,ONGC,"FLANGE, BLIND, 1 INCH, CLASS 1500, ASTM A182 F316, ASME B16.5, RF FACING",CAN-000459,DEPOT-ONGC-HZR,"Hazira Gas Processing Plant, Gujarat",119,36340,281,FLANGE_BLIND,25.0,1500,ASTM A182 F316,RF,ASME B16.5
ONGC-MAT-0000994,ONGC,"FLANGE, WELDING NECK, 1.5 INCH, CLASS 150, ASTM A350 LF2, ASME B16.5, RTJ FACING",CAN-000084,DEPOT-ONGC-MBO,"Mumbai Offshore Logistics Base, Maharashtra",42,6480,69,FLANGE_WELD_NECK,40.0,150,ASTM A350 LF2,RTJ,ASME B16.5
ONGC-MAT-0000995,ONGC,"VALVE, GATE, 3 INCH, CLASS 150, ASTM A216 WCB, API 600, BW FACING",CAN-001243,DEPOT-ONGC-HZR,"Hazira Gas Processing Plant, Gujarat",0,81650,0,GATE_VALVE,80.0,150,ASTM A216 WCB,BW,API 600
ONGC-MAT-0000996,ONGC,"FLANGE, WELDING NECK, 3 INCH, CLASS 1500, ASTM A350 LF2, ASME B16.5, RTJ FACING",CAN-000196,DEPOT-ONGC-RJM,"Rajahmundry Asset, Andhra Pradesh",26,100740,80,FLANGE_WELD_NECK,80.0,1500,ASTM A350 LF2,RTJ,ASME B16.5
ONGC-MAT-0000997,ONGC,"VALVE, GATE, 2 INCH, CLASS 1500, ASTM A216 WCB, API 600, BW FACING",CAN-001231,DEPOT-ONGC-HZR,"Hazira Gas Processing Plant, Gujarat",0,279640,0,GATE_VALVE,50.0,1500,ASTM A216 WCB,BW,API 600
ONGC-MAT-0000998,ONGC,"GASKET, SPIRAL WOUND, 1.5 INCH, CLASS 900, SS304 / GRAPHITE, ASME B16.20, RF FACING",CAN-002028,DEPOT-ONGC-HZR,"Hazira Gas Processing Plant, Gujarat",24,12050,28,SPIRAL_WOUND_GASKET,40.0,900,SS304 / GRAPHITE,RF,ASME B16.20
ONGC-MAT-0000999,ONGC,"VALVE, GATE, 8 INCH, CLASS 900, ASTM A216 WCB, API 600, RF FACING",CAN-001457,DEPOT-ONGC-RJM,"Rajahmundry Asset, Andhra Pradesh",63,1126700,708,GATE_VALVE,200.0,900,ASTM A216 WCB,RF,API 600
ONGC-MAT-0001000,ONGC,"VALVE, GATE, 6 INCH, CLASS 1500, ASTM A105, API 6D, RF FACING",CAN-001414,DEPOT-ONGC-HZR,"Hazira Gas Processing Plant, Gujarat",23,1166450,22,GATE_VALVE,150.0,1500,ASTM A105,RF,API 6D
ONGC-MAT-0001001,ONGC,"STUD BOLT WITH NUTS, 12 INCH, CLASS 150, ASTM A320 L7 / A194 7, ASME B18.2.1, THRD FACING",CAN-002192,DEPOT-ONGC-HZR,"Hazira Gas Processing Plant, Gujarat",25,14160,114,STUD_BOLT,300.0,150,ASTM A320 L7 / A194 7,THRD,ASME B18.2.1
ONGC-MAT-0001002,ONGC,"FLANGE, BLIND, 2 INCH, CLASS 300, ASTM A350 LF2, ASME B16.5, RF FACING",CAN-000499,DEPOT-ONGC-HZR,"Hazira Gas Processing Plant, Gujarat",31,12340,88,FLANGE_BLIND,50.0,300,ASTM A350 LF2,RF,ASME B16.5
ONGC-MAT-0001003,ONGC,"FLANGE, WELDING NECK, 12 INCH, CLASS 900, ASTM A105, ASME B16.5, RTJ FACING",CAN-000386,DEPOT-ONGC-RJM,"Rajahmundry Asset, Andhra Pradesh",126,233280,281,FLANGE_WELD_NECK,300.0,900,ASTM A105,RTJ,ASME B16.5
ONGC-MAT-0001004,ONGC,"FLANGE, WELDING NECK, 3 INCH, CLASS 1500, ASTM A182 F316, ASME B16.5, RTJ FACING",CAN-000200,DEPOT-ONGC-URN,"Uran Plant, Maharashtra",0,201490,0,FLANGE_WELD_NECK,80.0,1500,ASTM A182 F316,RTJ,ASME B16.5
ONGC-MAT-0001005,ONGC,"VALVE, GLOBE, 2 INCH, CLASS 1500, ASTM A105, ASME B16.34, RF FACING",CAN-001880,DEPOT-ONGC-URN,"Uran Plant, Maharashtra",115,372860,343,GLOBE_VALVE,50.0,1500,ASTM A105,RF,ASME B16.34
ONGC-MAT-0001006,ONGC,"VALVE, BALL, 1 INCH, CLASS 150, ASTM A216 WCB, API 6D, RF FACING",CAN-001621,DEPOT-ONGC-URN,"Uran Plant, Maharashtra",13,22000,94,BALL_VALVE,25.0,150,ASTM A216 WCB,RF,API 6D
ONGC-MAT-0001007,ONGC,"FLANGE, WELDING NECK, 2 INCH, CLASS 900, ASTM A182 F316, ASME B16.5, RTJ FACING",CAN-000152,DEPOT-ONGC-RJM,"Rajahmundry Asset, Andhra Pradesh",103,72680,695,FLANGE_WELD_NECK,50.0,900,ASTM A182 F316,RTJ,ASME B16.5
ONGC-MAT-0001008,ONGC,"FLANGE, SLIP-ON, 1.5 INCH, CLASS 150, ASTM A182 F304, ASME B16.5, FF FACING",CAN-000764,DEPOT-ONGC-RJM,"Rajahmundry Asset, Andhra Pradesh",0,7070,0,FLANGE_SLIP_ON,40.0,150,ASTM A182 F304,FF,ASME B16.5
ONGC-MAT-0001009,ONGC,"VALVE, BALL, 1 INCH, CLASS 300, ASTM A216 WCB, API 6D, BW FACING",CAN-001626,DEPOT-ONGC-MBO,"Mumbai Offshore Logistics Base, Maharashtra",45,38300,48,BALL_VALVE,25.0,300,ASTM A216 WCB,BW,API 6D
ONGC-MAT-0001010,ONGC,"VALVE, GATE, 2 INCH, CLASS 150, ASTM A216 WCB, API 600, BW FACING",CAN-001183,DEPOT-ONGC-URN,"Uran Plant, Maharashtra",22,44320,104,GATE_VALVE,50.0,150,ASTM A216 WCB,BW,API 600
ONGC-MAT-0001011,ONGC,"VALVE, GATE, 3 INCH, CLASS 900, ASTM A105, API 600, BW FACING",CAN-001283,DEPOT-ONGC-HZR,"Hazira Gas Processing Plant, Gujarat",98,342360,688,GATE_VALVE,80.0,900,ASTM A105,BW,API 600
ONGC-MAT-0001012,ONGC,"VALVE, BALL, 8 INCH, CLASS 900, ASTM A216 WCB, API 6D, BW FACING",CAN-001754,DEPOT-ONGC-MBO,"Mumbai Offshore Logistics Base, Maharashtra",0,1377080,0,BALL_VALVE,200.0,900,ASTM A216 WCB,BW,API 6D
ONGC-MAT-0001013,ONGC,"FLANGE, WELDING NECK, 1 INCH, CLASS 300, ASTM A182 F304, ASME B16.5, RF FACING",CAN-000053,DEPOT-ONGC-ANK,"Ankleshwar Asset, Gujarat",70,9190,552,FLANGE_WELD_NECK,25.0,300,ASTM A182 F304,RF,ASME B16.5
ONGC-MAT-0001014,ONGC,"VALVE, GATE, 1/2 INCH, CLASS 600, ASTM A216 WCB, API 600, BW FACING",CAN-001027,DEPOT-ONGC-HZR,"Hazira Gas Processing Plant, Gujarat",42,28080,298,GATE_VALVE,15.0,600,ASTM A216 WCB,BW,API 600
ONGC-MAT-0001015,ONGC,"FLANGE, BLIND, 1 INCH, CLASS 1500, ASTM A350 LF2, ASME B16.5, RF FACING",CAN-000457,DEPOT-ONGC-ANK,"Ankleshwar Asset, Gujarat",103,18170,507,FLANGE_BLIND,25.0,1500,ASTM A350 LF2,RF,ASME B16.5
ONGC-MAT-0001016,ONGC,"FLANGE, BLIND, 10 INCH, CLASS 150, ASTM A105, ASME B16.5, RTJ FACING",CAN-000642,DEPOT-ONGC-RJM,"Rajahmundry Asset, Andhra Pradesh",16,35910,69,FLANGE_BLIND,250.0,150,ASTM A105,RTJ,ASME B16.5
ONGC-MAT-0001017,ONGC,"FLANGE, SLIP-ON, 3 INCH, CLASS 1500, ASTM A105, ASME B16.5, FF FACING",CAN-000846,DEPOT-ONGC-MBO,"Mumbai Offshore Logistics Base, Maharashtra",65,45790,591,FLANGE_SLIP_ON,80.0,1500,ASTM A105,FF,ASME B16.5
ONGC-MAT-0001018,ONGC,"VALVE, GATE, 1/2 INCH, CLASS 900, ASTM A216 WCB, API 600, RF FACING",CAN-001037,DEPOT-ONGC-HZR,"Hazira Gas Processing Plant, Gujarat",0,38840,0,GATE_VALVE,15.0,900,ASTM A216 WCB,RF,API 600
ONGC-MAT-0001019,ONGC,"FLANGE, BLIND, 4 INCH, CLASS 300, ASTM A182 F316, ASME B16.5, RF FACING",CAN-000561,DEPOT-ONGC-MBO,"Mumbai Offshore Logistics Base, Maharashtra",42,60800,12,FLANGE_BLIND,100.0,300,ASTM A182 F316,RF,ASME B16.5
ONGC-MAT-0001020,ONGC,"FLANGE, WELDING NECK, 12 INCH, CLASS 900, ASTM A182 F304, ASME B16.5, RF FACING",CAN-000389,DEPOT-ONGC-URN,"Uran Plant, Maharashtra",0,559870,0,FLANGE_WELD_NECK,300.0,900,ASTM A182 F304,RF,ASME B16.5
ONGC-MAT-0001021,ONGC,"FLANGE, WELDING NECK, 6 INCH, CLASS 900, ASTM A182 F304, ASME B16.5, RTJ FACING",CAN-000270,DEPOT-ONGC-ANK,"Ankleshwar Asset, Gujarat",149,227370,187,FLANGE_WELD_NECK,150.0,900,ASTM A182 F304,RTJ,ASME B16.5
ONGC-MAT-0001022,ONGC,"VALVE, BALL, 1 INCH, CLASS 900, ASTM A182 F316, API 6D, RF FACING",CAN-001635,DEPOT-ONGC-RJM,"Rajahmundry Asset, Andhra Pradesh",39,295180,65,BALL_VALVE,25.0,900,ASTM A182 F316,RF,API 6D
ONGC-MAT-0001023,ONGC,"VALVE, GATE, 3 INCH, CLASS 300, ASTM A105, API 6D, BW FACING",CAN-001260,DEPOT-ONGC-HZR,"Hazira Gas Processing Plant, Gujarat",99,142160,314,GATE_VALVE,80.0,300,ASTM A105,BW,API 6D
ONGC-MAT-0001024,ONGC,"VALVE, GATE, 2 INCH, CLASS 300, ASTM A105, API 600, BW FACING",CAN-001199,DEPOT-ONGC-URN,"Uran Plant, Maharashtra",19,77160,57,GATE_VALVE,50.0,300,ASTM A105,BW,API 600
ONGC-MAT-0001025,ONGC,"VALVE, GATE, 8 INCH, CLASS 150, ASTM A182 F316, API 600, BW FACING",CAN-001431,DEPOT-ONGC-ANK,"Ankleshwar Asset, Gujarat",95,859880,553,GATE_VALVE,200.0,150,ASTM A182 F316,BW,API 600
ONGC-MAT-0001026,ONGC,"GASKET, SPIRAL WOUND, 1.5 INCH, CLASS 900, SS304 / GRAPHITE, ASME B16.20, RF FACING",CAN-002028,DEPOT-ONGC-RJM,"Rajahmundry Asset, Andhra Pradesh",31,12050,513,SPIRAL_WOUND_GASKET,40.0,900,SS304 / GRAPHITE,RF,ASME B16.20
ONGC-MAT-0001027,ONGC,"VALVE, GATE, 1 INCH, CLASS 150, ASTM A182 F316, API 6D, BW FACING",CAN-001072,DEPOT-ONGC-ANK,"Ankleshwar Asset, Gujarat",33,57600,51,GATE_VALVE,25.0,150,ASTM A182 F316,BW,API 6D
ONGC-MAT-0001028,ONGC,"VALVE, BALL, 1 INCH, CLASS 600, ASTM A216 WCB, API 6D, BW FACING",CAN-001630,DEPOT-ONGC-MBO,"Mumbai Offshore Logistics Base, Maharashtra",43,66690,119,BALL_VALVE,25.0,600,ASTM A216 WCB,BW,API 6D
ONGC-MAT-0001029,ONGC,"GASKET, SPIRAL WOUND, 2 INCH, CLASS 150, SS304 / GRAPHITE, ASME B16.20, RF FACING",CAN-002032,DEPOT-ONGC-HZR,"Hazira Gas Processing Plant, Gujarat",0,3840,0,SPIRAL_WOUND_GASKET,50.0,150,SS304 / GRAPHITE,RF,ASME B16.20
ONGC-MAT-0001030,ONGC,"VALVE, GATE, 4 INCH, CLASS 900, ASTM A105, API 6D, RF FACING",CAN-001342,DEPOT-ONGC-URN,"Uran Plant, Maharashtra",77,457580,198,GATE_VALVE,100.0,900,ASTM A105,RF,API 6D
ONGC-MAT-0001031,ONGC,"FLANGE, SLIP-ON, 8 INCH, CLASS 1500, ASTM A105, ASME B16.5, RF FACING",CAN-000935,DEPOT-ONGC-ANK,"Ankleshwar Asset, Gujarat",139,150700,601,FLANGE_SLIP_ON,200.0,1500,ASTM A105,RF,ASME B16.5
ONGC-MAT-0001032,ONGC,"FLANGE, SLIP-ON, 12 INCH, CLASS 150, ASTM A182 F304, ASME B16.5, RF FACING",CAN-000973,DEPOT-ONGC-URN,"Uran Plant, Maharashtra",21,97110,51,FLANGE_SLIP_ON,300.0,150,ASTM A182 F304,RF,ASME B16.5
ONGC-MAT-0001033,ONGC,"FLANGE, SLIP-ON, 1 INCH, CLASS 300, ASTM A182 F316, ASME B16.5, RF FACING",CAN-000741,DEPOT-ONGC-HZR,"Hazira Gas Processing Plant, Gujarat",0,8910,0,FLANGE_SLIP_ON,25.0,300,ASTM A182 F316,RF,ASME B16.5
ONGC-MAT-0001034,ONGC,"GASKET, SPIRAL WOUND, 10 INCH, CLASS 900, SS316 / GRAPHITE, ASME B16.20, RF FACING",CAN-002087,DEPOT-ONGC-MBO,"Mumbai Offshore Logistics Base, Maharashtra",0,174010,0,SPIRAL_WOUND_GASKET,250.0,900,SS316 / GRAPHITE,RF,ASME B16.20
ONGC-MAT-0001035,ONGC,"VALVE, GLOBE, 10 INCH, CLASS 900, ASTM A105, BS 1873, RF FACING",CAN-001975,DEPOT-ONGC-RJM,"Rajahmundry Asset, Andhra Pradesh",111,2007850,723,GLOBE_VALVE,250.0,900,ASTM A105,RF,BS 1873
ONGC-MAT-0001036,ONGC,"FLANGE, WELDING NECK, 3 INCH, CLASS 300, ASTM A105, ASME B16.5, RTJ FACING",CAN-000170,DEPOT-ONGC-RJM,"Rajahmundry Asset, Andhra Pradesh",7,17370,112,FLANGE_WELD_NECK,80.0,300,ASTM A105,RTJ,ASME B16.5
ONGC-MAT-0001037,ONGC,"VALVE, GATE, 8 INCH, CLASS 900, ASTM A105, API 6D, RF FACING",CAN-001462,DEPOT-ONGC-HZR,"Hazira Gas Processing Plant, Gujarat",62,1126700,365,GATE_VALVE,200.0,900,ASTM A105,RF,API 6D
ONGC-MAT-0001038,ONGC,"FLANGE, SLIP-ON, 6 INCH, CLASS 300, ASTM A182 F304, ASME B16.5, FF FACING",CAN-000890,DEPOT-ONGC-HZR,"Hazira Gas Processing Plant, Gujarat",71,68660,568,FLANGE_SLIP_ON,150.0,300,ASTM A182 F304,FF,ASME B16.5
ONGC-MAT-0001039,ONGC,"VALVE, GATE, 2 INCH, CLASS 600, ASTM A182 F316, API 6D, RF FACING",CAN-001214,DEPOT-ONGC-RJM,"Rajahmundry Asset, Andhra Pradesh",29,429940,17,GATE_VALVE,50.0,600,ASTM A182 F316,RF,API 6D
ONGC-MAT-0001040,ONGC,"VALVE, GATE, 8 INCH, CLASS 150, ASTM A216 WCB, API 600, RF FACING",CAN-001421,DEPOT-ONGC-HZR,"Hazira Gas Processing Plant, Gujarat",70,268710,458,GATE_VALVE,200.0,150,ASTM A216 WCB,RF,API 600
ONGC-MAT-0001041,ONGC,"GASKET, SPIRAL WOUND, 8 INCH, CLASS 600, SS316 / GRAPHITE, ASME B16.20, RF FACING",CAN-002075,DEPOT-ONGC-MBO,"Mumbai Offshore Logistics Base, Maharashtra",9,94130,26,SPIRAL_WOUND_GASKET,200.0,600,SS316 / GRAPHITE,RF,ASME B16.20
ONGC-MAT-0001042,ONGC,"VALVE, GLOBE, 10 INCH, CLASS 150, ASTM A216 WCB, BS 1873, RF FACING",CAN-001961,DEPOT-ONGC-RJM,"Rajahmundry Asset, Andhra Pradesh",38,478860,85,GLOBE_VALVE,250.0,150,ASTM A216 WCB,RF,BS 1873
ONGC-MAT-0001043,ONGC,"FLANGE, WELDING NECK, 4 INCH, CLASS 600, ASTM A105, ASME B16.5, RTJ FACING",CAN-000218,DEPOT-ONGC-RJM,"Rajahmundry Asset, Andhra Pradesh",21,40430,687,FLANGE_WELD_NECK,100.0,600,ASTM A105,RTJ,ASME B16.5
ONGC-MAT-0001044,ONGC,"VALVE, BALL, 6 INCH, CLASS 900, ASTM A216 WCB, API 6D, BW FACING",CAN-001734,DEPOT-ONGC-ANK,"Ankleshwar Asset, Gujarat",11,947410,104,BALL_VALVE,150.0,900,ASTM A216 WCB,BW,API 6D
ONGC-MAT-0001045,ONGC,"FLANGE, BLIND, 10 INCH, CLASS 900, ASTM A105, ASME B16.5, RTJ FACING",CAN-000660,DEPOT-ONGC-HZR,"Hazira Gas Processing Plant, Gujarat",142,150580,309,FLANGE_BLIND,250.0,900,ASTM A105,RTJ,ASME B16.5
ONGC-MAT-0001046,ONGC,"FLANGE, BLIND, 6 INCH, CLASS 900, ASTM A350 LF2, ASME B16.5, RTJ FACING",CAN-000602,DEPOT-ONGC-MBO,"Mumbai Offshore Logistics Base, Maharashtra",0,124020,0,FLANGE_BLIND,150.0,900,ASTM A350 LF2,RTJ,ASME B16.5
ONGC-MAT-0001047,ONGC,"VALVE, GATE, 1/2 INCH, CLASS 1500, ASTM A105, API 600, BW FACING",CAN-001055,DEPOT-ONGC-ANK,"Ankleshwar Asset, Gujarat",8,58460,110,GATE_VALVE,15.0,1500,ASTM A105,BW,API 600
ONGC-MAT-0001048,ONGC,"VALVE, GATE, 10 INCH, CLASS 1500, ASTM A182 F316, API 6D, RF FACING",CAN-001538,DEPOT-ONGC-URN,"Uran Plant, Maharashtra",0,7251410,0,GATE_VALVE,250.0,1500,ASTM A182 F316,RF,API 6D
ONGC-MAT-0001049,ONGC,"FLANGE, WELDING NECK, 2 INCH, CLASS 300, ASTM A105, ASME B16.5, RF FACING",CAN-000129,DEPOT-ONGC-MBO,"Mumbai Offshore Logistics Base, Maharashtra",110,9430,329,FLANGE_WELD_NECK,50.0,300,ASTM A105,RF,ASME B16.5
ONGC-MAT-0001050,ONGC,"VALVE, GATE, 3 INCH, CLASS 1500, ASTM A182 F316, API 6D, BW FACING",CAN-001300,DEPOT-ONGC-RJM,"Rajahmundry Asset, Andhra Pradesh",46,1648600,81,GATE_VALVE,80.0,1500,ASTM A182 F316,BW,API 6D
ONGC-MAT-0001051,ONGC,"VALVE, BALL, 12 INCH, CLASS 1500, ASTM A182 F316, API 6D, RF FACING",CAN-001799,DEPOT-ONGC-RJM,"Rajahmundry Asset, Andhra Pradesh",37,11233320,93,BALL_VALVE,300.0,1500,ASTM A182 F316,RF,API 6D
ONGC-MAT-0001052,ONGC,"FLANGE, BLIND, 1 INCH, CLASS 600, ASTM A182 F316, ASME B16.5, RTJ FACING",CAN-000448,DEPOT-ONGC-HZR,"Hazira Gas Processing Plant, Gujarat",21,17460,109,FLANGE_BLIND,25.0,600,ASTM A182 F316,RTJ,ASME B16.5
ONGC-MAT-0001053,ONGC,"VALVE, GATE, 1 INCH, CLASS 150, ASTM A182 F316, API 6D, BW FACING",CAN-001072,DEPOT-ONGC-URN,"Uran Plant, Maharashtra",139,57600,585,GATE_VALVE,25.0,150,ASTM A182 F316,BW,API 6D
ONGC-MAT-0001054,ONGC,"FLANGE, SLIP-ON, 12 INCH, CLASS 900, ASTM A105, ASME B16.5, FF FACING",CAN-000990,DEPOT-ONGC-URN,"Uran Plant, Maharashtra",0,169650,0,FLANGE_SLIP_ON,300.0,900,ASTM A105,FF,ASME B16.5
ONGC-MAT-0001055,ONGC,"FLANGE, WELDING NECK, 1 INCH, CLASS 600, ASTM A105, ASME B16.5, RF FACING",CAN-000057,DEPOT-ONGC-RJM,"Rajahmundry Asset, Andhra Pradesh",0,6660,0,FLANGE_WELD_NECK,25.0,600,ASTM A105,RF,ASME B16.5
ONGC-MAT-0001056,ONGC,"STUD BOLT WITH NUTS, 12 INCH, CLASS 150, ASTM A320 L7 / A194 7, ASME B18.2.1, THRD FACING",CAN-002192,DEPOT-ONGC-HZR,"Hazira Gas Processing Plant, Gujarat",36,14160,85,STUD_BOLT,300.0,150,ASTM A320 L7 / A194 7,THRD,ASME B18.2.1
ONGC-MAT-0001057,ONGC,"VALVE, GATE, 4 INCH, CLASS 150, ASTM A216 WCB, API 6D, RF FACING",CAN-001302,DEPOT-ONGC-ANK,"Ankleshwar Asset, Gujarat",44,109130,118,GATE_VALVE,100.0,150,ASTM A216 WCB,RF,API 6D
ONGC-MAT-0001058,ONGC,"VALVE, GATE, 12 INCH, CLASS 900, ASTM A105, API 6D, RF FACING",CAN-001582,DEPOT-ONGC-ANK,"Ankleshwar Asset, Gujarat",100,1908660,653,GATE_VALVE,300.0,900,ASTM A105,RF,API 6D
ONGC-MAT-0001059,ONGC,"FLANGE, WELDING NECK, 6 INCH, CLASS 1500, ASTM A350 LF2, ASME B16.5, RTJ FACING",CAN-000276,DEPOT-ONGC-ANK,"Ankleshwar Asset, Gujarat",99,228100,463,FLANGE_WELD_NECK,150.0,1500,ASTM A350 LF2,RTJ,ASME B16.5
ONGC-MAT-0001060,ONGC,"FLANGE, SLIP-ON, 6 INCH, CLASS 300, ASTM A182 F316, ASME B16.5, FF FACING",CAN-000892,DEPOT-ONGC-HZR,"Hazira Gas Processing Plant, Gujarat",31,91550,642,FLANGE_SLIP_ON,150.0,300,ASTM A182 F316,FF,ASME B16.5
ONGC-MAT-0001061,ONGC,"VALVE, GATE, 8 INCH, CLASS 900, ASTM A105, API 6D, RF FACING",CAN-001462,DEPOT-ONGC-MBO,"Mumbai Offshore Logistics Base, Maharashtra",15,1126700,105,GATE_VALVE,200.0,900,ASTM A105,RF,API 6D
ONGC-MAT-0001062,ONGC,"STUD BOLT WITH NUTS, 12 INCH, CLASS 300, ASTM A320 L7 / A194 7, ASME B18.2.1, THRD FACING",CAN-002194,DEPOT-ONGC-MBO,"Mumbai Offshore Logistics Base, Maharashtra",0,24650,0,STUD_BOLT,300.0,300,ASTM A320 L7 / A194 7,THRD,ASME B18.2.1
ONGC-MAT-0001063,ONGC,"STUD BOLT WITH NUTS, 2 INCH, CLASS 900, ASTM A193 B7 / A194 2H, ASME B18.2.1, THRD FACING",CAN-002137,DEPOT-ONGC-ANK,"Ankleshwar Asset, Gujarat",19,3610,48,STUD_BOLT,50.0,900,ASTM A193 B7 / A194 2H,THRD,ASME B18.2.1
ONGC-MAT-0001064,ONGC,"VALVE, BALL, 3 INCH, CLASS 900, ASTM A182 F316, API 6D, BW FACING",CAN-001696,DEPOT-ONGC-MBO,"Mumbai Offshore Logistics Base, Maharashtra",47,1339020,580,BALL_VALVE,80.0,900,ASTM A182 F316,BW,API 6D
ONGC-MAT-0001065,ONGC,"FLANGE, WELDING NECK, 1 INCH, CLASS 600, ASTM A182 F316, ASME B16.5, RTJ FACING",CAN-000064,DEPOT-ONGC-HZR,"Hazira Gas Processing Plant, Gujarat",86,21340,435,FLANGE_WELD_NECK,25.0,600,ASTM A182 F316,RTJ,ASME B16.5
ONGC-MAT-0001066,ONGC,"FLANGE, WELDING NECK, 10 INCH, CLASS 300, ASTM A182 F304, ASME B16.5, RTJ FACING",CAN-000334,DEPOT-ONGC-ANK,"Ankleshwar Asset, Gujarat",37,183420,36,FLANGE_WELD_NECK,250.0,300,ASTM A182 F304,RTJ,ASME B16.5
ONGC-MAT-0001067,ONGC,"STUD BOLT WITH NUTS, 1 INCH, CLASS 600, ASTM A320 L7 / A194 7, ASME B18.2.1, THRD FACING",CAN-002116,DEPOT-ONGC-RJM,"Rajahmundry Asset, Andhra Pradesh",45,1690,91,STUD_BOLT,25.0,600,ASTM A320 L7 / A194 7,THRD,ASME B18.2.1
ONGC-MAT-0001068,ONGC,"VALVE, GATE, 6 INCH, CLASS 600, ASTM A182 F316, API 6D, BW FACING",CAN-001396,DEPOT-ONGC-RJM,"Rajahmundry Asset, Andhra Pradesh",138,1793350,619,GATE_VALVE,150.0,600,ASTM A182 F316,BW,API 6D
ONGC-MAT-0001069,ONGC,"STUD BOLT WITH NUTS, 2 INCH, CLASS 300, ASTM A193 B7 / A194 2H, ASME B18.2.1, THRD FACING",CAN-002133,DEPOT-ONGC-ANK,"Ankleshwar Asset, Gujarat",25,1500,67,STUD_BOLT,50.0,300,ASTM A193 B7 / A194 2H,THRD,ASME B18.2.1
ONGC-MAT-0001070,ONGC,"VALVE, BALL, 1.5 INCH, CLASS 600, ASTM A216 WCB, API 6D, RF FACING",CAN-001649,DEPOT-ONGC-RJM,"Rajahmundry Asset, Andhra Pradesh",147,122860,517,BALL_VALVE,40.0,600,ASTM A216 WCB,RF,API 6D
ONGC-MAT-0001071,ONGC,"VALVE, GATE, 3 INCH, CLASS 600, ASTM A216 WCB, API 6D, RF FACING",CAN-001266,DEPOT-ONGC-MBO,"Mumbai Offshore Logistics Base, Maharashtra",40,247520,19,GATE_VALVE,80.0,600,ASTM A216 WCB,RF,API 6D
ONGC-MAT-0001072,ONGC,"VALVE, GATE, 8 INCH, CLASS 150, ASTM A216 WCB, API 600, RF FACING",CAN-001421,DEPOT-ONGC-MBO,"Mumbai Offshore Logistics Base, Maharashtra",24,268710,115,GATE_VALVE,200.0,150,ASTM A216 WCB,RF,API 600
ONGC-MAT-0001073,ONGC,"FLANGE, SLIP-ON, 3 INCH, CLASS 1500, ASTM A105, ASME B16.5, FF FACING",CAN-000846,DEPOT-ONGC-URN,"Uran Plant, Maharashtra",29,45790,680,FLANGE_SLIP_ON,80.0,1500,ASTM A105,FF,ASME B16.5
ONGC-MAT-0001074,ONGC,"VALVE, GLOBE, 1/2 INCH, CLASS 150, ASTM A105, BS 1873, RF FACING",CAN-001803,DEPOT-ONGC-URN,"Uran Plant, Maharashtra",0,12350,0,GLOBE_VALVE,15.0,150,ASTM A105,RF,BS 1873
ONGC-MAT-0001075,ONGC,"FLANGE, WELDING NECK, 6 INCH, CLASS 600, ASTM A105, ASME B16.5, RF FACING",CAN-000257,DEPOT-ONGC-MBO,"Mumbai Offshore Logistics Base, Maharashtra",11,68490,113,FLANGE_WELD_NECK,150.0,600,ASTM A105,RF,ASME B16.5
ONGC-MAT-0001076,ONGC,"VALVE, GLOBE, 8 INCH, CLASS 1500, ASTM A105, ASME B16.34, RF FACING",CAN-001960,DEPOT-ONGC-MBO,"Mumbai Offshore Logistics Base, Maharashtra",29,2260620,22,GLOBE_VALVE,200.0,1500,ASTM A105,RF,ASME B16.34
ONGC-MAT-0001077,ONGC,"FLANGE, SLIP-ON, 8 INCH, CLASS 150, ASTM A182 F316, ASME B16.5, RF FACING",CAN-000915,DEPOT-ONGC-URN,"Uran Plant, Maharashtra",6,76430,92,FLANGE_SLIP_ON,200.0,150,ASTM A182 F316,RF,ASME B16.5
ONGC-MAT-0001078,ONGC,"FLANGE, SLIP-ON, 12 INCH, CLASS 1500, ASTM A105, ASME B16.5, FF FACING",CAN-000996,DEPOT-ONGC-HZR,"Hazira Gas Processing Plant, Gujarat",39,255300,37,FLANGE_SLIP_ON,300.0,1500,ASTM A105,FF,ASME B16.5
ONGC-MAT-0001079,ONGC,"FLANGE, WELDING NECK, 6 INCH, CLASS 900, ASTM A182 F316, ASME B16.5, RF FACING",CAN-000271,DEPOT-ONGC-MBO,"Mumbai Offshore Logistics Base, Maharashtra",14,303170,34,FLANGE_WELD_NECK,150.0,900,ASTM A182 F316,RF,ASME B16.5
ONGC-MAT-0001080,ONGC,"VALVE, BALL, 1.5 INCH, CLASS 150, ASTM A216 WCB, API 6D, BW FACING",CAN-001642,DEPOT-ONGC-URN,"Uran Plant, Maharashtra",148,40530,509,BALL_VALVE,40.0,150,ASTM A216 WCB,BW,API 6D
ONGC-MAT-0001081,ONGC,"STUD BOLT WITH NUTS, 8 INCH, CLASS 900, ASTM A320 L7 / A194 7, ASME B18.2.1, THRD FACING",CAN-002178,DEPOT-ONGC-ANK,"Ankleshwar Asset, Gujarat",0,35050,0,STUD_BOLT,200.0,900,ASTM A320 L7 / A194 7,THRD,ASME B18.2.1
ONGC-MAT-0001082,ONGC,"FLANGE, SLIP-ON, 8 INCH, CLASS 150, ASTM A105, ASME B16.5, RF FACING",CAN-000911,DEPOT-ONGC-URN,"Uran Plant, Maharashtra",42,23880,87,FLANGE_SLIP_ON,200.0,150,ASTM A105,RF,ASME B16.5
ONGC-MAT-0001083,ONGC,"GASKET, SPIRAL WOUND, 12 INCH, CLASS 600, SS304 / GRAPHITE, ASME B16.20, RF FACING",CAN-002096,DEPOT-ONGC-ANK,"Ankleshwar Asset, Gujarat",0,119590,0,SPIRAL_WOUND_GASKET,300.0,600,SS304 / GRAPHITE,RF,ASME B16.20
ONGC-MAT-0001084,ONGC,"FLANGE, WELDING NECK, 1/2 INCH, CLASS 150, ASTM A350 LF2, ASME B16.5, RTJ FACING",CAN-000004,DEPOT-ONGC-RJM,"Rajahmundry Asset, Andhra Pradesh",7,1810,103,FLANGE_WELD_NECK,15.0,150,ASTM A350 LF2,RTJ,ASME B16.5
ONGC-MAT-0001085,ONGC,"STUD BOLT WITH NUTS, 12 INCH, CLASS 600, ASTM A193 B7 / A194 2H, ASME B18.2.1, THRD FACING",CAN-002195,DEPOT-ONGC-URN,"Uran Plant, Maharashtra",0,26830,0,STUD_BOLT,300.0,600,ASTM A193 B7 / A194 2H,THRD,ASME B18.2.1
ONGC-MAT-0001086,ONGC,"VALVE, BALL, 1.5 INCH, CLASS 150, ASTM A182 F316, API 6D, RF FACING",CAN-001643,DEPOT-ONGC-URN,"Uran Plant, Maharashtra",120,129690,502,BALL_VALVE,40.0,150,ASTM A182 F316,RF,API 6D
ONGC-MAT-0001087,ONGC,"GASKET, SPIRAL WOUND, 1 INCH, CLASS 300, SS304 / GRAPHITE, ASME B16.20, RF FACING",CAN-002014,DEPOT-ONGC-URN,"Uran Plant, Maharashtra",0,2710,0,SPIRAL_WOUND_GASKET,25.0,300,SS304 / GRAPHITE,RF,ASME B16.20
ONGC-MAT-0001088,ONGC,"FLANGE, BLIND, 8 INCH, CLASS 150, ASTM A105, ASME B16.5, RTJ FACING",CAN-000612,DEPOT-ONGC-URN,"Uran Plant, Maharashtra",47,26870,100,FLANGE_BLIND,200.0,150,ASTM A105,RTJ,ASME B16.5
ONGC-MAT-0001089,ONGC,"VALVE, BALL, 12 INCH, CLASS 300, ASTM A216 WCB, API 6D, RF FACING",CAN-001785,DEPOT-ONGC-ANK,"Ankleshwar Asset, Gujarat",92,968680,641,BALL_VALVE,300.0,300,ASTM A216 WCB,RF,API 6D
ONGC-MAT-0001090,ONGC,"GASKET, SPIRAL WOUND, 1.5 INCH, CLASS 900, SS304 / GRAPHITE, ASME B16.20, RF FACING",CAN-002028,DEPOT-ONGC-URN,"Uran Plant, Maharashtra",49,12050,16,SPIRAL_WOUND_GASKET,40.0,900,SS304 / GRAPHITE,RF,ASME B16.20
ONGC-MAT-0001091,ONGC,"FLANGE, WELDING NECK, 8 INCH, CLASS 300, ASTM A182 F316, ASME B16.5, RTJ FACING",CAN-000296,DEPOT-ONGC-URN,"Uran Plant, Maharashtra",0,182980,0,FLANGE_WELD_NECK,200.0,300,ASTM A182 F316,RTJ,ASME B16.5
ONGC-MAT-0001092,ONGC,"VALVE, GLOBE, 2 INCH, CLASS 300, ASTM A105, ASME B16.34, RF FACING",CAN-001868,DEPOT-ONGC-URN,"Uran Plant, Maharashtra",0,102890,0,GLOBE_VALVE,50.0,300,ASTM A105,RF,ASME B16.34
ONGC-MAT-0001093,ONGC,"FLANGE, WELDING NECK, 8 INCH, CLASS 150, ASTM A105, ASME B16.5, RTJ FACING",CAN-000282,DEPOT-ONGC-MBO,"Mumbai Offshore Logistics Base, Maharashtra",23,32840,64,FLANGE_WELD_NECK,200.0,150,ASTM A105,RTJ,ASME B16.5
ONGC-MAT-0001094,ONGC,"VALVE, GATE, 10 INCH, CLASS 300, ASTM A105, API 600, RF FACING",CAN-001497,DEPOT-ONGC-RJM,"Rajahmundry Asset, Andhra Pradesh",7,625310,84,GATE_VALVE,250.0,300,ASTM A105,RF,API 600
ONGC-MAT-0001095,ONGC,"STUD BOLT WITH NUTS, 4 INCH, CLASS 300, ASTM A320 L7 / A194 7, ASME B18.2.1, THRD FACING",CAN-002154,DEPOT-ONGC-URN,"Uran Plant, Maharashtra",100,5910,556,STUD_BOLT,100.0,300,ASTM A320 L7 / A194 7,THRD,ASME B18.2.1
ONGC-MAT-0001096,ONGC,"FLANGE, BLIND, 6 INCH, CLASS 300, ASTM A182 F316, ASME B16.5, RTJ FACING",CAN-000592,DEPOT-ONGC-ANK,"Ankleshwar Asset, Gujarat",7,103000,29,FLANGE_BLIND,150.0,300,ASTM A182 F316,RTJ,ASME B16.5
ONGC-MAT-0001097,ONGC,"VALVE, GATE, 3 INCH, CLASS 1500, ASTM A105, API 600, BW FACING",CAN-001295,DEPOT-ONGC-HZR,"Hazira Gas Processing Plant, Gujarat",0,515190,0,GATE_VALVE,80.0,1500,ASTM A105,BW,API 600
ONGC-MAT-0001098,ONGC,"FLANGE, WELDING NECK, 1.5 INCH, CLASS 150, ASTM A182 F316, ASME B16.5, RTJ FACING",CAN-000088,DEPOT-ONGC-HZR,"Hazira Gas Processing Plant, Gujarat",9,12960,34,FLANGE_WELD_NECK,40.0,150,ASTM A182 F316,RTJ,ASME B16.5
ONGC-MAT-0001099,ONGC,"VALVE, GLOBE, 10 INCH, CLASS 1500, ASTM A105, ASME B16.34, RF FACING",CAN-001980,DEPOT-ONGC-MBO,"Mumbai Offshore Logistics Base, Maharashtra",87,3021420,549,GLOBE_VALVE,250.0,1500,ASTM A105,RF,ASME B16.34
ONGC-MAT-0001100,ONGC,"FLANGE, BLIND, 1 INCH, CLASS 1500, ASTM A182 F316, ASME B16.5, RTJ FACING",CAN-000460,DEPOT-ONGC-RJM,"Rajahmundry Asset, Andhra Pradesh",35,36340,112,FLANGE_BLIND,25.0,1500,ASTM A182 F316,RTJ,ASME B16.5
ONGC-MAT-0001101,ONGC,"FLANGE, SLIP-ON, 10 INCH, CLASS 900, ASTM A182 F316, ASME B16.5, RF FACING",CAN-000963,DEPOT-ONGC-MBO,"Mumbai Offshore Logistics Base, Maharashtra",0,428340,0,FLANGE_SLIP_ON,250.0,900,ASTM A182 F316,RF,ASME B16.5
ONGC-MAT-0001102,ONGC,"FLANGE, SLIP-ON, 8 INCH, CLASS 900, ASTM A182 F304, ASME B16.5, FF FACING",CAN-000932,DEPOT-ONGC-URN,"Uran Plant, Maharashtra",0,240360,0,FLANGE_SLIP_ON,200.0,900,ASTM A182 F304,FF,ASME B16.5
ONGC-MAT-0001103,ONGC,"FLANGE, BLIND, 1.5 INCH, CLASS 1500, ASTM A105, ASME B16.5, RTJ FACING",CAN-000486,DEPOT-ONGC-RJM,"Rajahmundry Asset, Andhra Pradesh",0,20920,0,FLANGE_BLIND,40.0,1500,ASTM A105,RTJ,ASME B16.5
ONGC-MAT-0001104,ONGC,"FLANGE, SLIP-ON, 8 INCH, CLASS 600, ASTM A182 F316, ASME B16.5, RF FACING",CAN-000927,DEPOT-ONGC-RJM,"Rajahmundry Asset, Andhra Pradesh",0,231700,0,FLANGE_SLIP_ON,200.0,600,ASTM A182 F316,RF,ASME B16.5
ONGC-MAT-0001105,ONGC,"FLANGE, SLIP-ON, 1.5 INCH, CLASS 1500, ASTM A182 F304, ASME B16.5, FF FACING",CAN-000788,DEPOT-ONGC-URN,"Uran Plant, Maharashtra",5,44630,117,FLANGE_SLIP_ON,40.0,1500,ASTM A182 F304,FF,ASME B16.5
ONGC-MAT-0001106,ONGC,"VALVE, BALL, 1 INCH, CLASS 600, ASTM A216 WCB, API 6D, RF FACING",CAN-001629,DEPOT-ONGC-MBO,"Mumbai Offshore Logistics Base, Maharashtra",33,66690,104,BALL_VALVE,25.0,600,ASTM A216 WCB,RF,API 6D
ONGC-MAT-0001107,ONGC,"FLANGE, WELDING NECK, 4 INCH, CLASS 150, ASTM A182 F316, ASME B16.5, RF FACING",CAN-000207,DEPOT-ONGC-MBO,"Mumbai Offshore Logistics Base, Maharashtra",0,42680,0,FLANGE_WELD_NECK,100.0,150,ASTM A182 F316,RF,ASME B16.5
ONGC-MAT-0001108,ONGC,"VALVE, GLOBE, 4 INCH, CLASS 150, ASTM A216 WCB, ASME B16.34, RF FACING",CAN-001902,DEPOT-ONGC-URN,"Uran Plant, Maharashtra",0,145500,0,GLOBE_VALVE,100.0,150,ASTM A216 WCB,RF,ASME B16.34
ONGC-MAT-0001109,ONGC,"VALVE, GATE, 4 INCH, CLASS 1500, ASTM A216 WCB, API 6D, BW FACING",CAN-001352,DEPOT-ONGC-URN,"Uran Plant, Maharashtra",80,688570,207,GATE_VALVE,100.0,1500,ASTM A216 WCB,BW,API 6D
ONGC-MAT-0001110,ONGC,"FLANGE, SLIP-ON, 1/2 INCH, CLASS 900, ASTM A182 F304, ASME B16.5, RF FACING",CAN-000721,DEPOT-ONGC-ANK,"Ankleshwar Asset, Gujarat",23,8280,63,FLANGE_SLIP_ON,15.0,900,ASTM A182 F304,RF,ASME B16.5
ONGC-MAT-0001111,ONGC,"VALVE, GATE, 6 INCH, CLASS 900, ASTM A216 WCB, API 600, BW FACING",CAN-001399,DEPOT-ONGC-RJM,"Rajahmundry Asset, Andhra Pradesh",20,775150,95,GATE_VALVE,150.0,900,ASTM A216 WCB,BW,API 600
ONGC-MAT-0001112,ONGC,"FLANGE, BLIND, 6 INCH, CLASS 1500, ASTM A350 LF2, ASME B16.5, RTJ FACING",CAN-000608,DEPOT-ONGC-HZR,"Hazira Gas Processing Plant, Gujarat",114,186630,558,FLANGE_BLIND,150.0,1500,ASTM A350 LF2,RTJ,ASME B16.5
ONGC-MAT-0001113,ONGC,"FLANGE, SLIP-ON, 6 INCH, CLASS 300, ASTM A105, ASME B16.5, FF FACING",CAN-000888,DEPOT-ONGC-ANK,"Ankleshwar Asset, Gujarat",107,28610,520,FLANGE_SLIP_ON,150.0,300,ASTM A105,FF,ASME B16.5
ONGC-MAT-0001114,ONGC,"FLANGE, BLIND, 6 INCH, CLASS 900, ASTM A182 F316, ASME B16.5, RTJ FACING",CAN-000604,DEPOT-ONGC-HZR,"Hazira Gas Processing Plant, Gujarat",0,248050,0,FLANGE_BLIND,150.0,900,ASTM A182 F316,RTJ,ASME B16.5
ONGC-MAT-0001115,ONGC,"FLANGE, WELDING NECK, 1 INCH, CLASS 600, ASTM A350 LF2, ASME B16.5, RTJ FACING",CAN-000060,DEPOT-ONGC-MBO,"Mumbai Offshore Logistics Base, Maharashtra",0,10670,0,FLANGE_WELD_NECK,25.0,600,ASTM A350 LF2,RTJ,ASME B16.5
ONGC-MAT-0001116,ONGC,"FLANGE, WELDING NECK, 12 INCH, CLASS 150, ASTM A105, ASME B16.5, RTJ FACING",CAN-000362,DEPOT-ONGC-ANK,"Ankleshwar Asset, Gujarat",36,55630,73,FLANGE_WELD_NECK,300.0,150,ASTM A105,RTJ,ASME B16.5
ONGC-MAT-0001117,ONGC,"FLANGE, BLIND, 3 INCH, CLASS 900, ASTM A105, ASME B16.5, RTJ FACING",CAN-000540,DEPOT-ONGC-MBO,"Mumbai Offshore Logistics Base, Maharashtra",99,34230,401,FLANGE_BLIND,80.0,900,ASTM A105,RTJ,ASME B16.5
ONGC-MAT-0001118,ONGC,"VALVE, GLOBE, 3 INCH, CLASS 600, ASTM A216 WCB, BS 1873, RF FACING",CAN-001889,DEPOT-ONGC-URN,"Uran Plant, Maharashtra",36,330030,62,GLOBE_VALVE,80.0,600,ASTM A216 WCB,RF,BS 1873
ONGC-MAT-0001119,ONGC,"FLANGE, WELDING NECK, 2 INCH, CLASS 600, ASTM A105, ASME B16.5, RTJ FACING",CAN-000138,DEPOT-ONGC-URN,"Uran Plant, Maharashtra",43,16420,17,FLANGE_WELD_NECK,50.0,600,ASTM A105,RTJ,ASME B16.5
ONGC-MAT-0001120,ONGC,"FLANGE, BLIND, 10 INCH, CLASS 1500, ASTM A182 F316, ASME B16.5, RF FACING",CAN-000669,DEPOT-ONGC-ANK,"Ankleshwar Asset, Gujarat",31,725140,14,FLANGE_BLIND,250.0,1500,ASTM A182 F316,RF,ASME B16.5
ONGC-MAT-0001121,ONGC,"FLANGE, SLIP-ON, 4 INCH, CLASS 900, ASTM A105, ASME B16.5, FF FACING",CAN-000870,DEPOT-ONGC-HZR,"Hazira Gas Processing Plant, Gujarat",49,40670,104,FLANGE_SLIP_ON,100.0,900,ASTM A105,FF,ASME B16.5
ONGC-MAT-0001122,ONGC,"FLANGE, SLIP-ON, 2 INCH, CLASS 150, ASTM A182 F304, ASME B16.5, FF FACING",CAN-000794,DEPOT-ONGC-URN,"Uran Plant, Maharashtra",29,9450,102,FLANGE_SLIP_ON,50.0,150,ASTM A182 F304,FF,ASME B16.5
ONGC-MAT-0001123,ONGC,"VALVE, GLOBE, 6 INCH, CLASS 1500, ASTM A105, ASME B16.34, RF FACING",CAN-001940,DEPOT-ONGC-URN,"Uran Plant, Maharashtra",128,1555270,197,GLOBE_VALVE,150.0,1500,ASTM A105,RF,ASME B16.34
ONGC-MAT-0001124,ONGC,"FLANGE, WELDING NECK, 8 INCH, CLASS 900, ASTM A182 F304, ASME B16.5, RF FACING",CAN-000309,DEPOT-ONGC-URN,"Uran Plant, Maharashtra",67,330500,333,FLANGE_WELD_NECK,200.0,900,ASTM A182 F304,RF,ASME B16.5
ONGC-MAT-0001125,ONGC,"VALVE, BALL, 10 INCH, CLASS 1500, ASTM A182 F316, API 6D, BW FACING",CAN-001780,DEPOT-ONGC-HZR,"Hazira Gas Processing Plant, Gujarat",28,8862830,53,BALL_VALVE,250.0,1500,ASTM A182 F316,BW,API 6D
ONGC-MAT-0001126,ONGC,"VALVE, BALL, 12 INCH, CLASS 600, ASTM A216 WCB, API 6D, BW FACING",CAN-001790,DEPOT-ONGC-HZR,"Hazira Gas Processing Plant, Gujarat",34,1686570,108,BALL_VALVE,300.0,600,ASTM A216 WCB,BW,API 6D
ONGC-MAT-0001127,ONGC,"FLANGE, WELDING NECK, 6 INCH, CLASS 150, ASTM A350 LF2, ASME B16.5, RF FACING",CAN-000243,DEPOT-ONGC-RJM,"Rajahmundry Asset, Andhra Pradesh",0,36150,0,FLANGE_WELD_NECK,150.0,150,ASTM A350 LF2,RF,ASME B16.5
ONGC-MAT-0001128,ONGC,"FLANGE, SLIP-ON, 3 INCH, CLASS 1500, ASTM A105, ASME B16.5, RF FACING",CAN-000845,DEPOT-ONGC-MBO,"Mumbai Offshore Logistics Base, Maharashtra",0,45790,0,FLANGE_SLIP_ON,80.0,1500,ASTM A105,RF,ASME B16.5
ONGC-MAT-0001129,ONGC,"VALVE, GATE, 1 INCH, CLASS 300, ASTM A105, API 6D, RF FACING",CAN-001078,DEPOT-ONGC-HZR,"Hazira Gas Processing Plant, Gujarat",47,31330,356,GATE_VALVE,25.0,300,ASTM A105,RF,API 6D
ONGC-MAT-0001130,ONGC,"FLANGE, WELDING NECK, 8 INCH, CLASS 150, ASTM A350 LF2, ASME B16.5, RF FACING",CAN-000283,DEPOT-ONGC-HZR,"Hazira Gas Processing Plant, Gujarat",0,52540,0,FLANGE_WELD_NECK,200.0,150,ASTM A350 LF2,RF,ASME B16.5
ONGC-MAT-0001131,ONGC,"FLANGE, BLIND, 1.5 INCH, CLASS 900, ASTM A350 LF2, ASME B16.5, RF FACING",CAN-000481,DEPOT-ONGC-RJM,"Rajahmundry Asset, Andhra Pradesh",84,22240,496,FLANGE_BLIND,40.0,900,ASTM A350 LF2,RF,ASME B16.5
ONGC-MAT-0001132,ONGC,"VALVE, GATE, 3 INCH, CLASS 150, ASTM A182 F316, API 600, RF FACING",CAN-001249,DEPOT-ONGC-RJM,"Rajahmundry Asset, Andhra Pradesh",0,261280,0,GATE_VALVE,80.0,150,ASTM A182 F316,RF,API 600
ONGC-MAT-0001133,ONGC,"VALVE, BALL, 6 INCH, CLASS 150, ASTM A216 WCB, API 6D, BW FACING",CAN-001722,DEPOT-ONGC-MBO,"Mumbai Offshore Logistics Base, Maharashtra",15,225950,24,BALL_VALVE,150.0,150,ASTM A216 WCB,BW,API 6D
ONGC-MAT-0001134,ONGC,"FLANGE, SLIP-ON, 1.5 INCH, CLASS 1500, ASTM A105, ASME B16.5, RF FACING",CAN-000785,DEPOT-ONGC-MBO,"Mumbai Offshore Logistics Base, Maharashtra",0,18590,0,FLANGE_SLIP_ON,40.0,1500,ASTM A105,RF,ASME B16.5
ONGC-MAT-0001135,ONGC,"VALVE, GLOBE, 12 INCH, CLASS 600, ASTM A105, BS 1873, RF FACING",CAN-001991,DEPOT-ONGC-HZR,"Hazira Gas Processing Plant, Gujarat",17,1839900,97,GLOBE_VALVE,300.0,600,ASTM A105,RF,BS 1873
ONGC-MAT-0001136,ONGC,"FLANGE, SLIP-ON, 3 INCH, CLASS 900, ASTM A105, ASME B16.5, FF FACING",CAN-000840,DEPOT-ONGC-URN,"Uran Plant, Maharashtra",79,30430,254,FLANGE_SLIP_ON,80.0,900,ASTM A105,FF,ASME B16.5
ONGC-MAT-0001137,ONGC,"VALVE, GATE, 4 INCH, CLASS 900, ASTM A182 F316, API 6D, BW FACING",CAN-001348,DEPOT-ONGC-RJM,"Rajahmundry Asset, Andhra Pradesh",0,1464270,0,GATE_VALVE,100.0,900,ASTM A182 F316,BW,API 6D
ONGC-MAT-0001138,ONGC,"FLANGE, SLIP-ON, 1 INCH, CLASS 300, ASTM A105, ASME B16.5, RF FACING",CAN-000737,DEPOT-ONGC-MBO,"Mumbai Offshore Logistics Base, Maharashtra",57,2780,295,FLANGE_SLIP_ON,25.0,300,ASTM A105,RF,ASME B16.5
ONGC-MAT-0001139,ONGC,"VALVE, GATE, 3 INCH, CLASS 900, ASTM A105, API 6D, RF FACING",CAN-001282,DEPOT-ONGC-HZR,"Hazira Gas Processing Plant, Gujarat",77,342360,205,GATE_VALVE,80.0,900,ASTM A105,RF,API 6D
ONGC-MAT-0001140,ONGC,"FLANGE, WELDING NECK, 10 INCH, CLASS 900, ASTM A350 LF2, ASME B16.5, RTJ FACING",CAN-000348,DEPOT-ONGC-MBO,"Mumbai Offshore Logistics Base, Maharashtra",0,294480,0,FLANGE_WELD_NECK,250.0,900,ASTM A350 LF2,RTJ,ASME B16.5
ONGC-MAT-0001141,ONGC,"FLANGE, BLIND, 1/2 INCH, CLASS 150, ASTM A105, ASME B16.5, RTJ FACING",CAN-000402,DEPOT-ONGC-URN,"Uran Plant, Maharashtra",30,920,236,FLANGE_BLIND,15.0,150,ASTM A105,RTJ,ASME B16.5
ONGC-MAT-0001142,ONGC,"VALVE, GATE, 10 INCH, CLASS 600, ASTM A216 WCB, API 6D, BW FACING",CAN-001508,DEPOT-ONGC-RJM,"Rajahmundry Asset, Andhra Pradesh",0,1088730,0,GATE_VALVE,250.0,600,ASTM A216 WCB,BW,API 6D
ONGC-MAT-0001143,ONGC,"FLANGE, SLIP-ON, 3 INCH, CLASS 300, ASTM A105, ASME B16.5, RF FACING",CAN-000827,DEPOT-ONGC-URN,"Uran Plant, Maharashtra",46,12630,69,FLANGE_SLIP_ON,80.0,300,ASTM A105,RF,ASME B16.5
ONGC-MAT-0001144,ONGC,"VALVE, GLOBE, 6 INCH, CLASS 1500, ASTM A216 WCB, ASME B16.34, RF FACING",CAN-001938,DEPOT-ONGC-MBO,"Mumbai Offshore Logistics Base, Maharashtra",66,1555270,644,GLOBE_VALVE,150.0,1500,ASTM A216 WCB,RF,ASME B16.34
ONGC-MAT-0001145,ONGC,"VALVE, BALL, 12 INCH, CLASS 300, ASTM A182 F316, API 6D, RF FACING",CAN-001787,DEPOT-ONGC-HZR,"Hazira Gas Processing Plant, Gujarat",44,3099790,81,BALL_VALVE,300.0,300,ASTM A182 F316,RF,API 6D
ONGC-MAT-0001146,ONGC,"FLANGE, BLIND, 10 INCH, CLASS 600, ASTM A182 F316, ASME B16.5, RF FACING",CAN-000657,DEPOT-ONGC-ANK,"Ankleshwar Asset, Gujarat",39,348390,78,FLANGE_BLIND,250.0,600,ASTM A182 F316,RF,ASME B16.5
ONGC-MAT-0001147,ONGC,"FLANGE, WELDING NECK, 1.5 INCH, CLASS 600, ASTM A350 LF2, ASME B16.5, RF FACING",CAN-000099,DEPOT-ONGC-MBO,"Mumbai Offshore Logistics Base, Maharashtra",57,19650,243,FLANGE_WELD_NECK,40.0,600,ASTM A350 LF2,RF,ASME B16.5
ONGC-MAT-0001148,ONGC,"FLANGE, BLIND, 1.5 INCH, CLASS 600, ASTM A350 LF2, ASME B16.5, RTJ FACING",CAN-000476,DEPOT-ONGC-MBO,"Mumbai Offshore Logistics Base, Maharashtra",0,16080,0,FLANGE_BLIND,40.0,600,ASTM A350 LF2,RTJ,ASME B16.5
ONGC-MAT-0001149,ONGC,"VALVE, GLOBE, 3 INCH, CLASS 600, ASTM A216 WCB, BS 1873, RF FACING",CAN-001889,DEPOT-ONGC-URN,"Uran Plant, Maharashtra",38,330030,116,GLOBE_VALVE,80.0,600,ASTM A216 WCB,RF,BS 1873
ONGC-MAT-0001150,ONGC,"VALVE, BALL, 8 INCH, CLASS 300, ASTM A216 WCB, API 6D, RF FACING",CAN-001745,DEPOT-ONGC-HZR,"Hazira Gas Processing Plant, Gujarat",62,571820,611,BALL_VALVE,200.0,300,ASTM A216 WCB,RF,API 6D
ONGC-MAT-0001151,ONGC,"VALVE, BALL, 12 INCH, CLASS 600, ASTM A182 F316, API 6D, BW FACING",CAN-001792,DEPOT-ONGC-RJM,"Rajahmundry Asset, Andhra Pradesh",23,5397040,43,BALL_VALVE,300.0,600,ASTM A182 F316,BW,API 6D
ONGC-MAT-0001152,ONGC,"FLANGE, SLIP-ON, 1/2 INCH, CLASS 300, ASTM A182 F316, ASME B16.5, FF FACING",CAN-000712,DEPOT-ONGC-MBO,"Mumbai Offshore Logistics Base, Maharashtra",113,4580,695,FLANGE_SLIP_ON,15.0,300,ASTM A182 F316,FF,ASME B16.5
ONGC-MAT-0001153,ONGC,"STUD BOLT WITH NUTS, 3 INCH, CLASS 150, ASTM A193 B7 / A194 2H, ASME B18.2.1, THRD FACING",CAN-002141,DEPOT-ONGC-RJM,"Rajahmundry Asset, Andhra Pradesh",22,1580,72,STUD_BOLT,80.0,150,ASTM A193 B7 / A194 2H,THRD,ASME B18.2.1
ONGC-MAT-0001154,ONGC,"VALVE, BALL, 1 INCH, CLASS 900, ASTM A182 F316, API 6D, RF FACING",CAN-001635,DEPOT-ONGC-MBO,"Mumbai Offshore Logistics Base, Maharashtra",0,295180,0,BALL_VALVE,25.0,900,ASTM A182 F316,RF,API 6D
ONGC-MAT-0001155,ONGC,"FLANGE, SLIP-ON, 1 INCH, CLASS 150, ASTM A182 F316, ASME B16.5, FF FACING",CAN-000736,DEPOT-ONGC-RJM,"Rajahmundry Asset, Andhra Pradesh",49,5120,115,FLANGE_SLIP_ON,25.0,150,ASTM A182 F316,FF,ASME B16.5
ONGC-MAT-0001156,ONGC,"FLANGE, WELDING NECK, 2 INCH, CLASS 600, ASTM A350 LF2, ASME B16.5, RTJ FACING",CAN-000140,DEPOT-ONGC-HZR,"Hazira Gas Processing Plant, Gujarat",21,26270,66,FLANGE_WELD_NECK,50.0,600,ASTM A350 LF2,RTJ,ASME B16.5
ONGC-MAT-0001157,ONGC,"VALVE, GATE, 12 INCH, CLASS 1500, ASTM A216 WCB, API 600, RF FACING",CAN-001589,DEPOT-ONGC-URN,"Uran Plant, Maharashtra",21,2872150,114,GATE_VALVE,300.0,1500,ASTM A216 WCB,RF,API 600
ONGC-MAT-0001158,ONGC,"FLANGE, BLIND, 1 INCH, CLASS 1500, ASTM A182 F316, ASME B16.5, RF FACING",CAN-000459,DEPOT-ONGC-ANK,"Ankleshwar Asset, Gujarat",0,36340,0,FLANGE_BLIND,25.0,1500,ASTM A182 F316,RF,ASME B16.5
ONGC-MAT-0001159,ONGC,"GASKET, SPIRAL WOUND, 6 INCH, CLASS 150, SS316 / GRAPHITE, ASME B16.20, RF FACING",CAN-002061,DEPOT-ONGC-MBO,"Mumbai Offshore Logistics Base, Maharashtra",0,21360,0,SPIRAL_WOUND_GASKET,150.0,150,SS316 / GRAPHITE,RF,ASME B16.20
ONGC-MAT-0001160,ONGC,"STUD BOLT WITH NUTS, 2 INCH, CLASS 150, ASTM A193 B7 / A194 2H, ASME B18.2.1, THRD FACING",CAN-002131,DEPOT-ONGC-RJM,"Rajahmundry Asset, Andhra Pradesh",21,860,70,STUD_BOLT,50.0,150,ASTM A193 B7 / A194 2H,THRD,ASME B18.2.1
ONGC-MAT-0001161,ONGC,"VALVE, BALL, 4 INCH, CLASS 900, ASTM A182 F316, API 6D, RF FACING",CAN-001715,DEPOT-ONGC-MBO,"Mumbai Offshore Logistics Base, Maharashtra",39,1789660,43,BALL_VALVE,100.0,900,ASTM A182 F316,RF,API 6D
ONGC-MAT-0001162,ONGC,"GASKET, SPIRAL WOUND, 2 INCH, CLASS 600, SS304 / GRAPHITE, ASME B16.20, RF FACING",CAN-002036,DEPOT-ONGC-HZR,"Hazira Gas Processing Plant, Gujarat",49,11640,99,SPIRAL_WOUND_GASKET,50.0,600,SS304 / GRAPHITE,RF,ASME B16.20
ONGC-MAT-0001163,ONGC,"FLANGE, BLIND, 4 INCH, CLASS 600, ASTM A105, ASME B16.5, RF FACING",CAN-000563,DEPOT-ONGC-RJM,"Rajahmundry Asset, Andhra Pradesh",25,33080,71,FLANGE_BLIND,100.0,600,ASTM A105,RF,ASME B16.5
ONGC-MAT-0001164,ONGC,"VALVE, GATE, 2 INCH, CLASS 600, ASTM A105, API 600, RF FACING",CAN-001209,DEPOT-ONGC-MBO,"Mumbai Offshore Logistics Base, Maharashtra",8,134350,65,GATE_VALVE,50.0,600,ASTM A105,RF,API 600
ONGC-MAT-0001165,ONGC,"VALVE, GATE, 1/2 INCH, CLASS 1500, ASTM A182 F316, API 600, BW FACING",CAN-001059,DEPOT-ONGC-HZR,"Hazira Gas Processing Plant, Gujarat",0,187070,0,GATE_VALVE,15.0,1500,ASTM A182 F316,BW,API 600
ONGC-MAT-0001166,ONGC,"FLANGE, WELDING NECK, 12 INCH, CLASS 1500, ASTM A182 F304, ASME B16.5, RTJ FACING",CAN-000398,DEPOT-ONGC-RJM,"Rajahmundry Asset, Andhra Pradesh",43,842490,68,FLANGE_WELD_NECK,300.0,1500,ASTM A182 F304,RTJ,ASME B16.5
ONGC-MAT-0001167,ONGC,"GASKET, SPIRAL WOUND, 1/2 INCH, CLASS 300, SS304 / GRAPHITE, ASME B16.20, RF FACING",CAN-002004,DEPOT-ONGC-URN,"Uran Plant, Maharashtra",14,1390,61,SPIRAL_WOUND_GASKET,15.0,300,SS304 / GRAPHITE,RF,ASME B16.20
ONGC-MAT-0001168,ONGC,"FLANGE, BLIND, 2 INCH, CLASS 600, ASTM A105, ASME B16.5, RTJ FACING",CAN-000504,DEPOT-ONGC-RJM,"Rajahmundry Asset, Andhra Pradesh",0,13430,0,FLANGE_BLIND,50.0,600,ASTM A105,RTJ,ASME B16.5
ONGC-MAT-0001169,ONGC,"FLANGE, WELDING NECK, 1/2 INCH, CLASS 150, ASTM A105, ASME B16.5, RTJ FACING",CAN-000002,DEPOT-ONGC-RJM,"Rajahmundry Asset, Andhra Pradesh",0,1130,0,FLANGE_WELD_NECK,15.0,150,ASTM A105,RTJ,ASME B16.5
ONGC-MAT-0001170,ONGC,"VALVE, GATE, 1/2 INCH, CLASS 600, ASTM A105, API 6D, BW FACING",CAN-001032,DEPOT-ONGC-URN,"Uran Plant, Maharashtra",38,28080,566,GATE_VALVE,15.0,600,ASTM A105,BW,API 6D
ONGC-MAT-0001171,ONGC,"FLANGE, BLIND, 3 INCH, CLASS 300, ASTM A182 F316, ASME B16.5, RF FACING",CAN-000531,DEPOT-ONGC-ANK,"Ankleshwar Asset, Gujarat",0,45490,0,FLANGE_BLIND,80.0,300,ASTM A182 F316,RF,ASME B16.5
ONGC-MAT-0001172,ONGC,"FLANGE, BLIND, 2 INCH, CLASS 900, ASTM A182 F316, ASME B16.5, RTJ FACING",CAN-000514,DEPOT-ONGC-HZR,"Hazira Gas Processing Plant, Gujarat",0,59460,0,FLANGE_BLIND,50.0,900,ASTM A182 F316,RTJ,ASME B16.5
ONGC-MAT-0001173,ONGC,"FLANGE, BLIND, 4 INCH, CLASS 150, ASTM A182 F316, ASME B16.5, RTJ FACING",CAN-000556,DEPOT-ONGC-URN,"Uran Plant, Maharashtra",39,34920,708,FLANGE_BLIND,100.0,150,ASTM A182 F316,RTJ,ASME B16.5
ONGC-MAT-0001174,ONGC,"FLANGE, SLIP-ON, 2 INCH, CLASS 150, ASTM A182 F316, ASME B16.5, RF FACING",CAN-000795,DEPOT-ONGC-MBO,"Mumbai Offshore Logistics Base, Maharashtra",0,12600,0,FLANGE_SLIP_ON,50.0,150,ASTM A182 F316,RF,ASME B16.5
ONGC-MAT-0001175,ONGC,"FLANGE, SLIP-ON, 3 INCH, CLASS 300, ASTM A182 F316, ASME B16.5, FF FACING",CAN-000832,DEPOT-ONGC-MBO,"Mumbai Offshore Logistics Base, Maharashtra",121,40430,735,FLANGE_SLIP_ON,80.0,300,ASTM A182 F316,FF,ASME B16.5
ONGC-MAT-0001176,ONGC,"VALVE, BALL, 1 INCH, CLASS 300, ASTM A216 WCB, API 6D, BW FACING",CAN-001626,DEPOT-ONGC-RJM,"Rajahmundry Asset, Andhra Pradesh",0,38300,0,BALL_VALVE,25.0,300,ASTM A216 WCB,BW,API 6D
ONGC-MAT-0001177,ONGC,"FLANGE, WELDING NECK, 3 INCH, CLASS 900, ASTM A105, ASME B16.5, RF FACING",CAN-000185,DEPOT-ONGC-URN,"Uran Plant, Maharashtra",0,41840,0,FLANGE_WELD_NECK,80.0,900,ASTM A105,RF,ASME B16.5
ONGC-MAT-0001178,ONGC,"VALVE, GATE, 10 INCH, CLASS 600, ASTM A105, API 600, BW FACING",CAN-001511,DEPOT-ONGC-MBO,"Mumbai Offshore Logistics Base, Maharashtra",35,1088730,83,GATE_VALVE,250.0,600,ASTM A105,BW,API 600
ONGC-MAT-0001179,ONGC,"FLANGE, BLIND, 10 INCH, CLASS 150, ASTM A350 LF2, ASME B16.5, RTJ FACING",CAN-000644,DEPOT-ONGC-ANK,"Ankleshwar Asset, Gujarat",14,57460,69,FLANGE_BLIND,250.0,150,ASTM A350 LF2,RTJ,ASME B16.5
ONGC-MAT-0001180,ONGC,"VALVE, GLOBE, 1 INCH, CLASS 300, ASTM A216 WCB, BS 1873, RF FACING",CAN-001825,DEPOT-ONGC-RJM,"Rajahmundry Asset, Andhra Pradesh",12,41780,32,GLOBE_VALVE,25.0,300,ASTM A216 WCB,RF,BS 1873
ONGC-MAT-0001181,ONGC,"FLANGE, WELDING NECK, 10 INCH, CLASS 150, ASTM A182 F316, ASME B16.5, RTJ FACING",CAN-000328,DEPOT-ONGC-ANK,"Ankleshwar Asset, Gujarat",0,140460,0,FLANGE_WELD_NECK,250.0,150,ASTM A182 F316,RTJ,ASME B16.5
ONGC-MAT-0001182,ONGC,"FLANGE, WELDING NECK, 4 INCH, CLASS 150, ASTM A182 F304, ASME B16.5, RF FACING",CAN-000205,DEPOT-ONGC-ANK,"Ankleshwar Asset, Gujarat",0,32010,0,FLANGE_WELD_NECK,100.0,150,ASTM A182 F304,RF,ASME B16.5
ONGC-MAT-0001183,ONGC,"FLANGE, BLIND, 4 INCH, CLASS 900, ASTM A182 F316, ASME B16.5, RTJ FACING",CAN-000574,DEPOT-ONGC-ANK,"Ankleshwar Asset, Gujarat",22,146420,20,FLANGE_BLIND,100.0,900,ASTM A182 F316,RTJ,ASME B16.5
ONGC-MAT-0001184,ONGC,"VALVE, BALL, 4 INCH, CLASS 1500, ASTM A182 F316, API 6D, BW FACING",CAN-001720,DEPOT-ONGC-MBO,"Mumbai Offshore Logistics Base, Maharashtra",41,2693080,267,BALL_VALVE,100.0,1500,ASTM A182 F316,BW,API 6D
ONGC-MAT-0001185,ONGC,"VALVE, GATE, 1/2 INCH, CLASS 150, ASTM A105, API 6D, BW FACING",CAN-001008,DEPOT-ONGC-RJM,"Rajahmundry Asset, Andhra Pradesh",21,9260,81,GATE_VALVE,15.0,150,ASTM A105,BW,API 6D
ONGC-MAT-0001186,ONGC,"VALVE, GATE, 1.5 INCH, CLASS 300, ASTM A105, API 6D, RF FACING",CAN-001138,DEPOT-ONGC-HZR,"Hazira Gas Processing Plant, Gujarat",5,57730,99,GATE_VALVE,40.0,300,ASTM A105,RF,API 6D
ONGC-MAT-0001187,ONGC,"VALVE, GATE, 3 INCH, CLASS 1500, ASTM A182 F316, API 6D, RF FACING",CAN-001298,DEPOT-ONGC-HZR,"Hazira Gas Processing Plant, Gujarat",49,1648600,75,GATE_VALVE,80.0,1500,ASTM A182 F316,RF,API 6D
ONGC-MAT-0001188,ONGC,"FLANGE, BLIND, 12 INCH, CLASS 1500, ASTM A350 LF2, ASME B16.5, RF FACING",CAN-000697,DEPOT-ONGC-MBO,"Mumbai Offshore Logistics Base, Maharashtra",11,459540,56,FLANGE_BLIND,300.0,1500,ASTM A350 LF2,RF,ASME B16.5
ONGC-MAT-0001189,ONGC,"FLANGE, WELDING NECK, 2 INCH, CLASS 600, ASTM A350 LF2, ASME B16.5, RTJ FACING",CAN-000140,DEPOT-ONGC-URN,"Uran Plant, Maharashtra",0,26270,0,FLANGE_WELD_NECK,50.0,600,ASTM A350 LF2,RTJ,ASME B16.5
ONGC-MAT-0001190,ONGC,"VALVE, GLOBE, 6 INCH, CLASS 300, ASTM A216 WCB, BS 1873, RF FACING",CAN-001925,DEPOT-ONGC-MBO,"Mumbai Offshore Logistics Base, Maharashtra",8,429170,70,GLOBE_VALVE,150.0,300,ASTM A216 WCB,RF,BS 1873
ONGC-MAT-0001191,ONGC,"FLANGE, WELDING NECK, 1/2 INCH, CLASS 600, ASTM A105, ASME B16.5, RTJ FACING",CAN-000018,DEPOT-ONGC-ANK,"Ankleshwar Asset, Gujarat",0,3430,0,FLANGE_WELD_NECK,15.0,600,ASTM A105,RTJ,ASME B16.5
ONGC-MAT-0001192,ONGC,"FLANGE, WELDING NECK, 1/2 INCH, CLASS 900, ASTM A182 F316, ASME B16.5, RF FACING",CAN-000031,DEPOT-ONGC-URN,"Uran Plant, Maharashtra",0,15190,0,FLANGE_WELD_NECK,15.0,900,ASTM A182 F316,RF,ASME B16.5
ONGC-MAT-0001193,ONGC,"FLANGE, SLIP-ON, 1/2 INCH, CLASS 300, ASTM A182 F304, ASME B16.5, RF FACING",CAN-000709,DEPOT-ONGC-RJM,"Rajahmundry Asset, Andhra Pradesh",33,3440,86,FLANGE_SLIP_ON,15.0,300,ASTM A182 F304,RF,ASME B16.5
ONGC-MAT-0001194,ONGC,"FLANGE, BLIND, 3 INCH, CLASS 600, ASTM A182 F316, ASME B16.5, RF FACING",CAN-000537,DEPOT-ONGC-MBO,"Mumbai Offshore Logistics Base, Maharashtra",14,79200,92,FLANGE_BLIND,80.0,600,ASTM A182 F316,RF,ASME B16.5
ONGC-MAT-0001195,ONGC,"VALVE, GATE, 1 INCH, CLASS 600, ASTM A105, API 600, BW FACING",CAN-001091,DEPOT-ONGC-ANK,"Ankleshwar Asset, Gujarat",47,54560,16,GATE_VALVE,25.0,600,ASTM A105,BW,API 600
ONGC-MAT-0001196,ONGC,"FLANGE, SLIP-ON, 10 INCH, CLASS 600, ASTM A182 F316, ASME B16.5, FF FACING",CAN-000958,DEPOT-ONGC-ANK,"Ankleshwar Asset, Gujarat",43,309680,215,FLANGE_SLIP_ON,250.0,600,ASTM A182 F316,FF,ASME B16.5
ONGC-MAT-0001197,ONGC,"FLANGE, WELDING NECK, 4 INCH, CLASS 300, ASTM A105, ASME B16.5, RF FACING",CAN-000209,DEPOT-ONGC-RJM,"Rajahmundry Asset, Andhra Pradesh",33,23220,660,FLANGE_WELD_NECK,100.0,300,ASTM A105,RF,ASME B16.5
ONGC-MAT-0001198,ONGC,"FLANGE, BLIND, 1/2 INCH, CLASS 1500, ASTM A350 LF2, ASME B16.5, RTJ FACING",CAN-000428,DEPOT-ONGC-HZR,"Hazira Gas Processing Plant, Gujarat",147,9350,748,FLANGE_BLIND,15.0,1500,ASTM A350 LF2,RTJ,ASME B16.5
ONGC-MAT-0001199,ONGC,"VALVE, GATE, 10 INCH, CLASS 1500, ASTM A182 F316, API 600, RF FACING",CAN-001537,DEPOT-ONGC-ANK,"Ankleshwar Asset, Gujarat",0,7251410,0,GATE_VALVE,250.0,1500,ASTM A182 F316,RF,API 600
ONGC-MAT-0001200,ONGC,"VALVE, BALL, 10 INCH, CLASS 600, ASTM A216 WCB, API 6D, BW FACING",CAN-001770,DEPOT-ONGC-URN,"Uran Plant, Maharashtra",0,1330670,0,BALL_VALVE,250.0,600,ASTM A216 WCB,BW,API 6D
ONGC-MAT-0001201,ONGC,"VALVE, GATE, 1 INCH, CLASS 900, ASTM A182 F316, API 600, RF FACING",CAN-001105,DEPOT-ONGC-HZR,"Hazira Gas Processing Plant, Gujarat",0,241510,0,GATE_VALVE,25.0,900,ASTM A182 F316,RF,API 600
ONGC-MAT-0001202,ONGC,"FLANGE, WELDING NECK, 2 INCH, CLASS 300, ASTM A350 LF2, ASME B16.5, RTJ FACING",CAN-000132,DEPOT-ONGC-ANK,"Ankleshwar Asset, Gujarat",15,15090,97,FLANGE_WELD_NECK,50.0,300,ASTM A350 LF2,RTJ,ASME B16.5
ONGC-MAT-0001203,ONGC,"VALVE, GATE, 12 INCH, CLASS 1500, ASTM A216 WCB, API 600, BW FACING",CAN-001591,DEPOT-ONGC-URN,"Uran Plant, Maharashtra",64,2872150,213,GATE_VALVE,300.0,1500,ASTM A216 WCB,BW,API 600
ONGC-MAT-0001204,ONGC,"VALVE, GATE, 1.5 INCH, CLASS 1500, ASTM A182 F316, API 6D, BW FACING",CAN-001180,DEPOT-ONGC-HZR,"Hazira Gas Processing Plant, Gujarat",0,669540,0,GATE_VALVE,40.0,1500,ASTM A182 F316,BW,API 6D
ONGC-MAT-0001205,ONGC,"STUD BOLT WITH NUTS, 1.5 INCH, CLASS 300, ASTM A320 L7 / A194 7, ASME B18.2.1, THRD FACING",CAN-002124,DEPOT-ONGC-URN,"Uran Plant, Maharashtra",35,1790,56,STUD_BOLT,40.0,300,ASTM A320 L7 / A194 7,THRD,ASME B18.2.1
ONGC-MAT-0001206,ONGC,"FLANGE, WELDING NECK, 3 INCH, CLASS 900, ASTM A182 F304, ASME B16.5, RF FACING",CAN-000189,DEPOT-ONGC-RJM,"Rajahmundry Asset, Andhra Pradesh",141,100420,455,FLANGE_WELD_NECK,80.0,900,ASTM A182 F304,RF,ASME B16.5
ONGC-MAT-0001207,ONGC,"FLANGE, BLIND, 1 INCH, CLASS 900, ASTM A182 F316, ASME B16.5, RTJ FACING",CAN-000454,DEPOT-ONGC-MBO,"Mumbai Offshore Logistics Base, Maharashtra",46,24150,94,FLANGE_BLIND,25.0,900,ASTM A182 F316,RTJ,ASME B16.5
ONGC-MAT-0001208,ONGC,"FLANGE, WELDING NECK, 3 INCH, CLASS 900, ASTM A105, ASME B16.5, RTJ FACING",CAN-000186,DEPOT-ONGC-ANK,"Ankleshwar Asset, Gujarat",43,41840,64,FLANGE_WELD_NECK,80.0,900,ASTM A105,RTJ,ASME B16.5
ONGC-MAT-0001209,ONGC,"FLANGE, WELDING NECK, 4 INCH, CLASS 150, ASTM A350 LF2, ASME B16.5, RF FACING",CAN-000203,DEPOT-ONGC-ANK,"Ankleshwar Asset, Gujarat",33,21340,105,FLANGE_WELD_NECK,100.0,150,ASTM A350 LF2,RF,ASME B16.5
ONGC-MAT-0001210,ONGC,"FLANGE, WELDING NECK, 2 INCH, CLASS 600, ASTM A182 F316, ASME B16.5, RF FACING",CAN-000143,DEPOT-ONGC-ANK,"Ankleshwar Asset, Gujarat",15,52540,54,FLANGE_WELD_NECK,50.0,600,ASTM A182 F316,RF,ASME B16.5
ONGC-MAT-0001211,ONGC,"FLANGE, BLIND, 2 INCH, CLASS 600, ASTM A105, ASME B16.5, RTJ FACING",CAN-000504,DEPOT-ONGC-URN,"Uran Plant, Maharashtra",48,13430,97,FLANGE_BLIND,50.0,600,ASTM A105,RTJ,ASME B16.5
ONGC-MAT-0001212,ONGC,"VALVE, GATE, 1/2 INCH, CLASS 1500, ASTM A182 F316, API 6D, BW FACING",CAN-001060,DEPOT-ONGC-RJM,"Rajahmundry Asset, Andhra Pradesh",86,187070,349,GATE_VALVE,15.0,1500,ASTM A182 F316,BW,API 6D
ONGC-MAT-0001213,ONGC,"FLANGE, SLIP-ON, 6 INCH, CLASS 1500, ASTM A182 F304, ASME B16.5, FF FACING",CAN-000908,DEPOT-ONGC-HZR,"Hazira Gas Processing Plant, Gujarat",30,248840,46,FLANGE_SLIP_ON,150.0,1500,ASTM A182 F304,FF,ASME B16.5
ONGC-MAT-0001214,ONGC,"VALVE, GATE, 6 INCH, CLASS 600, ASTM A105, API 600, RF FACING",CAN-001389,DEPOT-ONGC-HZR,"Hazira Gas Processing Plant, Gujarat",18,560420,66,GATE_VALVE,150.0,600,ASTM A105,RF,API 600
ONGC-MAT-0001215,ONGC,"GASKET, SPIRAL WOUND, 8 INCH, CLASS 1500, SS304 / GRAPHITE, ASME B16.20, RF FACING",CAN-002080,DEPOT-ONGC-ANK,"Ankleshwar Asset, Gujarat",0,146940,0,SPIRAL_WOUND_GASKET,200.0,1500,SS304 / GRAPHITE,RF,ASME B16.20
ONGC-MAT-0001216,ONGC,"FLANGE, WELDING NECK, 1/2 INCH, CLASS 1500, ASTM A105, ASME B16.5, RF FACING",CAN-000033,DEPOT-ONGC-ANK,"Ankleshwar Asset, Gujarat",0,7140,0,FLANGE_WELD_NECK,15.0,1500,ASTM A105,RF,ASME B16.5
ONGC-MAT-0001217,ONGC,"VALVE, BALL, 8 INCH, CLASS 1500, ASTM A216 WCB, API 6D, RF FACING",CAN-001757,DEPOT-ONGC-URN,"Uran Plant, Maharashtra",0,2072230,0,BALL_VALVE,200.0,1500,ASTM A216 WCB,RF,API 6D
ONGC-MAT-0001218,ONGC,"FLANGE, WELDING NECK, 3 INCH, CLASS 300, ASTM A350 LF2, ASME B16.5, RF FACING",CAN-000171,DEPOT-ONGC-RJM,"Rajahmundry Asset, Andhra Pradesh",133,27800,613,FLANGE_WELD_NECK,80.0,300,ASTM A350 LF2,RF,ASME B16.5
ONGC-MAT-0001219,ONGC,"VALVE, GATE, 1/2 INCH, CLASS 150, ASTM A216 WCB, API 6D, BW FACING",CAN-001004,DEPOT-ONGC-MBO,"Mumbai Offshore Logistics Base, Maharashtra",134,9260,568,GATE_VALVE,15.0,150,ASTM A216 WCB,BW,API 6D
ONGC-MAT-0001220,ONGC,"FLANGE, WELDING NECK, 1.5 INCH, CLASS 600, ASTM A350 LF2, ASME B16.5, RTJ FACING",CAN-000100,DEPOT-ONGC-RJM,"Rajahmundry Asset, Andhra Pradesh",0,19650,0,FLANGE_WELD_NECK,40.0,600,ASTM A350 LF2,RTJ,ASME B16.5
ONGC-MAT-0001221,ONGC,"VALVE, GATE, 8 INCH, CLASS 1500, ASTM A182 F316, API 6D, RF FACING",CAN-001478,DEPOT-ONGC-MBO,"Mumbai Offshore Logistics Base, Maharashtra",21,5425490,722,GATE_VALVE,200.0,1500,ASTM A182 F316,RF,API 6D
ONGC-MAT-0001222,ONGC,"VALVE, GATE, 6 INCH, CLASS 600, ASTM A216 WCB, API 6D, BW FACING",CAN-001388,DEPOT-ONGC-ANK,"Ankleshwar Asset, Gujarat",10,560420,113,GATE_VALVE,150.0,600,ASTM A216 WCB,BW,API 6D
ONGC-MAT-0001223,ONGC,"FLANGE, SLIP-ON, 1/2 INCH, CLASS 150, ASTM A182 F316, ASME B16.5, RF FACING",CAN-000705,DEPOT-ONGC-MBO,"Mumbai Offshore Logistics Base, Maharashtra",47,2630,15,FLANGE_SLIP_ON,15.0,150,ASTM A182 F316,RF,ASME B16.5
ONGC-MAT-0001224,ONGC,"FLANGE, BLIND, 10 INCH, CLASS 900, ASTM A182 F316, ASME B16.5, RF FACING",CAN-000663,DEPOT-ONGC-ANK,"Ankleshwar Asset, Gujarat",44,481880,102,FLANGE_BLIND,250.0,900,ASTM A182 F316,RF,ASME B16.5
ONGC-MAT-0001225,ONGC,"FLANGE, SLIP-ON, 1/2 INCH, CLASS 1500, ASTM A182 F304, ASME B16.5, FF FACING",CAN-000728,DEPOT-ONGC-MBO,"Mumbai Offshore Logistics Base, Maharashtra",10,12470,45,FLANGE_SLIP_ON,15.0,1500,ASTM A182 F304,FF,ASME B16.5
ONGC-MAT-0001226,ONGC,"FLANGE, SLIP-ON, 12 INCH, CLASS 1500, ASTM A182 F316, ASME B16.5, FF FACING",CAN-001000,DEPOT-ONGC-ANK,"Ankleshwar Asset, Gujarat",7,816960,75,FLANGE_SLIP_ON,300.0,1500,ASTM A182 F316,FF,ASME B16.5
ONGC-MAT-0001227,ONGC,"FLANGE, WELDING NECK, 1.5 INCH, CLASS 1500, ASTM A182 F304, ASME B16.5, RF FACING",CAN-000117,DEPOT-ONGC-HZR,"Hazira Gas Processing Plant, Gujarat",0,61370,0,FLANGE_WELD_NECK,40.0,1500,ASTM A182 F304,RF,ASME B16.5
ONGC-MAT-0001228,ONGC,"VALVE, GATE, 6 INCH, CLASS 1500, ASTM A105, API 6D, RF FACING",CAN-001414,DEPOT-ONGC-ANK,"Ankleshwar Asset, Gujarat",15,1166450,46,GATE_VALVE,150.0,1500,ASTM A105,RF,API 6D
ONGC-MAT-0001229,ONGC,"VALVE, GATE, 8 INCH, CLASS 300, ASTM A216 WCB, API 6D, RF FACING",CAN-001434,DEPOT-ONGC-HZR,"Hazira Gas Processing Plant, Gujarat",33,467850,42,GATE_VALVE,200.0,300,ASTM A216 WCB,RF,API 6D
ONGC-MAT-0001230,ONGC,"FLANGE, WELDING NECK, 1/2 INCH, CLASS 150, ASTM A182 F304, ASME B16.5, RTJ FACING",CAN-000006,DEPOT-ONGC-ANK,"Ankleshwar Asset, Gujarat",41,2710,89,FLANGE_WELD_NECK,15.0,150,ASTM A182 F304,RTJ,ASME B16.5
ONGC-MAT-0001231,ONGC,"VALVE, GLOBE, 4 INCH, CLASS 150, ASTM A216 WCB, BS 1873, RF FACING",CAN-001901,DEPOT-ONGC-RJM,"Rajahmundry Asset, Andhra Pradesh",18,145500,33,GLOBE_VALVE,100.0,150,ASTM A216 WCB,RF,BS 1873
ONGC-MAT-0001232,ONGC,"VALVE, GLOBE, 1/2 INCH, CLASS 600, ASTM A216 WCB, BS 1873, RF FACING",CAN-001809,DEPOT-ONGC-ANK,"Ankleshwar Asset, Gujarat",20,37450,50,GLOBE_VALVE,15.0,600,ASTM A216 WCB,RF,BS 1873
ONGC-MAT-0001233,ONGC,"VALVE, GATE, 8 INCH, CLASS 600, ASTM A216 WCB, API 600, RF FACING",CAN-001445,DEPOT-ONGC-URN,"Uran Plant, Maharashtra",47,814580,279,GATE_VALVE,200.0,600,ASTM A216 WCB,RF,API 600
ONGC-MAT-0001234,ONGC,"FLANGE, BLIND, 3 INCH, CLASS 600, ASTM A182 F316, ASME B16.5, RTJ FACING",CAN-000538,DEPOT-ONGC-HZR,"Hazira Gas Processing Plant, Gujarat",0,79200,0,FLANGE_BLIND,80.0,600,ASTM A182 F316,RTJ,ASME B16.5
ONGC-MAT-0001235,ONGC,"VALVE, BALL, 10 INCH, CLASS 1500, ASTM A182 F316, API 6D, RF FACING",CAN-001779,DEPOT-ONGC-HZR,"Hazira Gas Processing Plant, Gujarat",115,8862830,252,BALL_VALVE,250.0,1500,ASTM A182 F316,RF,API 6D
ONGC-MAT-0001236,ONGC,"FLANGE, WELDING NECK, 2 INCH, CLASS 1500, ASTM A182 F316, ASME B16.5, RF FACING",CAN-000159,DEPOT-ONGC-RJM,"Rajahmundry Asset, Andhra Pradesh",48,109370,64,FLANGE_WELD_NECK,50.0,1500,ASTM A182 F316,RF,ASME B16.5
ONGC-MAT-0001237,ONGC,"GASKET, SPIRAL WOUND, 8 INCH, CLASS 300, SS316 / GRAPHITE, ASME B16.20, RF FACING",CAN-002073,DEPOT-ONGC-RJM,"Rajahmundry Asset, Andhra Pradesh",47,54060,103,SPIRAL_WOUND_GASKET,200.0,300,SS316 / GRAPHITE,RF,ASME B16.20
ONGC-MAT-0001238,ONGC,"FLANGE, WELDING NECK, 12 INCH, CLASS 1500, ASTM A350 LF2, ASME B16.5, RF FACING",CAN-000395,DEPOT-ONGC-ANK,"Ankleshwar Asset, Gujarat",15,561660,19,FLANGE_WELD_NECK,300.0,1500,ASTM A350 LF2,RF,ASME B16.5
ONGC-MAT-0001239,ONGC,"VALVE, BALL, 1 INCH, CLASS 900, ASTM A182 F316, API 6D, RF FACING",CAN-001635,DEPOT-ONGC-URN,"Uran Plant, Maharashtra",41,295180,62,BALL_VALVE,25.0,900,ASTM A182 F316,RF,API 6D
ONGC-MAT-0001240,ONGC,"FLANGE, WELDING NECK, 1/2 INCH, CLASS 900, ASTM A350 LF2, ASME B16.5, RF FACING",CAN-000027,DEPOT-ONGC-HZR,"Hazira Gas Processing Plant, Gujarat",18,7590,16,FLANGE_WELD_NECK,15.0,900,ASTM A350 LF2,RF,ASME B16.5
ONGC-MAT-0001241,ONGC,"FLANGE, WELDING NECK, 1 INCH, CLASS 1500, ASTM A105, ASME B16.5, RTJ FACING",CAN-000074,DEPOT-ONGC-MBO,"Mumbai Offshore Logistics Base, Maharashtra",70,13880,461,FLANGE_WELD_NECK,25.0,1500,ASTM A105,RTJ,ASME B16.5
ONGC-MAT-0001242,ONGC,"FLANGE, BLIND, 1/2 INCH, CLASS 300, ASTM A105, ASME B16.5, RF FACING",CAN-000407,DEPOT-ONGC-RJM,"Rajahmundry Asset, Andhra Pradesh",0,1610,0,FLANGE_BLIND,15.0,300,ASTM A105,RF,ASME B16.5
ONGC-MAT-0001243,ONGC,"FLANGE, WELDING NECK, 1.5 INCH, CLASS 1500, ASTM A182 F316, ASME B16.5, RTJ FACING",CAN-000120,DEPOT-ONGC-HZR,"Hazira Gas Processing Plant, Gujarat",57,81830,608,FLANGE_WELD_NECK,40.0,1500,ASTM A182 F316,RTJ,ASME B16.5
ONGC-MAT-0001244,ONGC,"STUD BOLT WITH NUTS, 1/2 INCH, CLASS 1500, ASTM A320 L7 / A194 7, ASME B18.2.1, THRD FACING",CAN-002110,DEPOT-ONGC-ANK,"Ankleshwar Asset, Gujarat",0,1810,0,STUD_BOLT,15.0,1500,ASTM A320 L7 / A194 7,THRD,ASME B18.2.1
ONGC-MAT-0001245,ONGC,"FLANGE, SLIP-ON, 10 INCH, CLASS 300, ASTM A182 F304, ASME B16.5, FF FACING",CAN-000950,DEPOT-ONGC-RJM,"Rajahmundry Asset, Andhra Pradesh",146,133390,317,FLANGE_SLIP_ON,250.0,300,ASTM A182 F304,FF,ASME B16.5
ONGC-MAT-0001246,ONGC,"FLANGE, SLIP-ON, 1 INCH, CLASS 300, ASTM A105, ASME B16.5, FF FACING",CAN-000738,DEPOT-ONGC-HZR,"Hazira Gas Processing Plant, Gujarat",26,2780,47,FLANGE_SLIP_ON,25.0,300,ASTM A105,FF,ASME B16.5
ONGC-MAT-0001247,ONGC,"VALVE, GATE, 8 INCH, CLASS 150, ASTM A216 WCB, API 6D, BW FACING",CAN-001424,DEPOT-ONGC-RJM,"Rajahmundry Asset, Andhra Pradesh",143,268710,741,GATE_VALVE,200.0,150,ASTM A216 WCB,BW,API 6D
ONGC-MAT-0001248,ONGC,"GASKET, SPIRAL WOUND, 8 INCH, CLASS 300, SS304 / GRAPHITE, ASME B16.20, RF FACING",CAN-002074,DEPOT-ONGC-HZR,"Hazira Gas Processing Plant, Gujarat",56,40540,245,SPIRAL_WOUND_GASKET,200.0,300,SS304 / GRAPHITE,RF,ASME B16.20
ONGC-MAT-0001249,ONGC,"GASKET, SPIRAL WOUND, 1/2 INCH, CLASS 150, SS304 / GRAPHITE, ASME B16.20, RF FACING",CAN-002002,DEPOT-ONGC-ANK,"Ankleshwar Asset, Gujarat",48,800,42,SPIRAL_WOUND_GASKET,15.0,150,SS304 / GRAPHITE,RF,ASME B16.20
ONGC-MAT-0001250,ONGC,"FLANGE, WELDING NECK, 1 INCH, CLASS 150, ASTM A105, ASME B16.5, RTJ FACING",CAN-000042,DEPOT-ONGC-RJM,"Rajahmundry Asset, Andhra Pradesh",91,2200,637,FLANGE_WELD_NECK,25.0,150,ASTM A105,RTJ,ASME B16.5
ONGC-MAT-0001251,ONGC,"FLANGE, SLIP-ON, 1/2 INCH, CLASS 900, ASTM A105, ASME B16.5, RF FACING",CAN-000719,DEPOT-ONGC-ANK,"Ankleshwar Asset, Gujarat",23,3450,32,FLANGE_SLIP_ON,15.0,900,ASTM A105,RF,ASME B16.5
ONGC-MAT-0001252,ONGC,"VALVE, GLOBE, 1 INCH, CLASS 600, ASTM A216 WCB, BS 1873, RF FACING",CAN-001829,DEPOT-ONGC-RJM,"Rajahmundry Asset, Andhra Pradesh",0,72750,0,GLOBE_VALVE,25.0,600,ASTM A216 WCB,RF,BS 1873
ONGC-MAT-0001253,ONGC,"FLANGE, WELDING NECK, 12 INCH, CLASS 300, ASTM A350 LF2, ASME B16.5, RF FACING",CAN-000371,DEPOT-ONGC-MBO,"Mumbai Offshore Logistics Base, Maharashtra",143,154980,740,FLANGE_WELD_NECK,300.0,300,ASTM A350 LF2,RF,ASME B16.5
ONGC-MAT-0001254,ONGC,"VALVE, BALL, 1 INCH, CLASS 600, ASTM A216 WCB, API 6D, BW FACING",CAN-001630,DEPOT-ONGC-ANK,"Ankleshwar Asset, Gujarat",16,66690,20,BALL_VALVE,25.0,600,ASTM A216 WCB,BW,API 6D
ONGC-MAT-0001255,ONGC,"FLANGE, WELDING NECK, 4 INCH, CLASS 300, ASTM A350 LF2, ASME B16.5, RF FACING",CAN-000211,DEPOT-ONGC-ANK,"Ankleshwar Asset, Gujarat",34,37150,33,FLANGE_WELD_NECK,100.0,300,ASTM A350 LF2,RF,ASME B16.5
ONGC-MAT-0001256,ONGC,"VALVE, BALL, 6 INCH, CLASS 900, ASTM A182 F316, API 6D, RF FACING",CAN-001735,DEPOT-ONGC-MBO,"Mumbai Offshore Logistics Base, Maharashtra",8,3031720,113,BALL_VALVE,150.0,900,ASTM A182 F316,RF,API 6D
ONGC-MAT-0001257,ONGC,"FLANGE, WELDING NECK, 1 INCH, CLASS 600, ASTM A182 F304, ASME B16.5, RF FACING",CAN-000061,DEPOT-ONGC-ANK,"Ankleshwar Asset, Gujarat",14,16000,89,FLANGE_WELD_NECK,25.0,600,ASTM A182 F304,RF,ASME B16.5
ONGC-MAT-0001258,ONGC,"FLANGE, SLIP-ON, 6 INCH, CLASS 900, ASTM A105, ASME B16.5, FF FACING",CAN-000900,DEPOT-ONGC-URN,"Uran Plant, Maharashtra",32,68900,89,FLANGE_SLIP_ON,150.0,900,ASTM A105,FF,ASME B16.5
ONGC-MAT-0001259,ONGC,"FLANGE, WELDING NECK, 1.5 INCH, CLASS 150, ASTM A105, ASME B16.5, RF FACING",CAN-000081,DEPOT-ONGC-RJM,"Rajahmundry Asset, Andhra Pradesh",44,4050,68,FLANGE_WELD_NECK,40.0,150,ASTM A105,RF,ASME B16.5
ONGC-MAT-0001260,ONGC,"FLANGE, BLIND, 12 INCH, CLASS 900, ASTM A182 F316, ASME B16.5, RTJ FACING",CAN-000694,DEPOT-ONGC-RJM,"Rajahmundry Asset, Andhra Pradesh",138,610770,661,FLANGE_BLIND,300.0,900,ASTM A182 F316,RTJ,ASME B16.5
ONGC-MAT-0001261,ONGC,"FLANGE, BLIND, 4 INCH, CLASS 600, ASTM A105, ASME B16.5, RTJ FACING",CAN-000564,DEPOT-ONGC-ANK,"Ankleshwar Asset, Gujarat",26,33080,75,FLANGE_BLIND,100.0,600,ASTM A105,RTJ,ASME B16.5
ONGC-MAT-0001262,ONGC,"VALVE, BALL, 1 INCH, CLASS 300, ASTM A216 WCB, API 6D, RF FACING",CAN-001625,DEPOT-ONGC-ANK,"Ankleshwar Asset, Gujarat",95,38300,250,BALL_VALVE,25.0,300,ASTM A216 WCB,RF,API 6D
ONGC-MAT-0001263,ONGC,"VALVE, GATE, 3 INCH, CLASS 150, ASTM A105, API 600, BW FACING",CAN-001247,DEPOT-ONGC-URN,"Uran Plant, Maharashtra",12,81650,88,GATE_VALVE,80.0,150,ASTM A105,BW,API 600
ONGC-MAT-0001264,ONGC,"FLANGE, WELDING NECK, 1 INCH, CLASS 150, ASTM A350 LF2, ASME B16.5, RF FACING",CAN-000043,DEPOT-ONGC-URN,"Uran Plant, Maharashtra",74,3520,605,FLANGE_WELD_NECK,25.0,150,ASTM A350 LF2,RF,ASME B16.5
ONGC-MAT-0001265,ONGC,"STUD BOLT WITH NUTS, 6 INCH, CLASS 300, ASTM A193 B7 / A194 2H, ASME B18.2.1, THRD FACING",CAN-002163,DEPOT-ONGC-HZR,"Hazira Gas Processing Plant, Gujarat",43,6250,65,STUD_BOLT,150.0,300,ASTM A193 B7 / A194 2H,THRD,ASME B18.2.1
ONGC-MAT-0001266,ONGC,"FLANGE, SLIP-ON, 6 INCH, CLASS 150, ASTM A182 F304, ASME B16.5, FF FACING",CAN-000884,DEPOT-ONGC-URN,"Uran Plant, Maharashtra",26,39430,94,FLANGE_SLIP_ON,150.0,150,ASTM A182 F304,FF,ASME B16.5
ONGC-MAT-0001267,ONGC,"VALVE, GLOBE, 10 INCH, CLASS 300, ASTM A216 WCB, BS 1873, RF FACING",CAN-001965,DEPOT-ONGC-HZR,"Hazira Gas Processing Plant, Gujarat",73,833740,437,GLOBE_VALVE,250.0,300,ASTM A216 WCB,RF,BS 1873
ONGC-MAT-0001268,ONGC,"FLANGE, BLIND, 1 INCH, CLASS 900, ASTM A182 F316, ASME B16.5, RF FACING",CAN-000453,DEPOT-ONGC-MBO,"Mumbai Offshore Logistics Base, Maharashtra",26,24150,293,FLANGE_BLIND,25.0,900,ASTM A182 F316,RF,ASME B16.5
ONGC-MAT-0001269,ONGC,"VALVE, BALL, 1 INCH, CLASS 600, ASTM A216 WCB, API 6D, RF FACING",CAN-001629,DEPOT-ONGC-URN,"Uran Plant, Maharashtra",93,66690,481,BALL_VALVE,25.0,600,ASTM A216 WCB,RF,API 6D
ONGC-MAT-0001270,ONGC,"FLANGE, WELDING NECK, 8 INCH, CLASS 900, ASTM A182 F304, ASME B16.5, RTJ FACING",CAN-000310,DEPOT-ONGC-MBO,"Mumbai Offshore Logistics Base, Maharashtra",32,330500,102,FLANGE_WELD_NECK,200.0,900,ASTM A182 F304,RTJ,ASME B16.5
ONGC-MAT-0001271,ONGC,"FLANGE, WELDING NECK, 8 INCH, CLASS 600, ASTM A350 LF2, ASME B16.5, RF FACING",CAN-000299,DEPOT-ONGC-ANK,"Ankleshwar Asset, Gujarat",9,159290,56,FLANGE_WELD_NECK,200.0,600,ASTM A350 LF2,RF,ASME B16.5
ONGC-MAT-0001272,ONGC,"FLANGE, WELDING NECK, 8 INCH, CLASS 600, ASTM A182 F304, ASME B16.5, RF FACING",CAN-000301,DEPOT-ONGC-MBO,"Mumbai Offshore Logistics Base, Maharashtra",30,238940,27,FLANGE_WELD_NECK,200.0,600,ASTM A182 F304,RF,ASME B16.5
ONGC-MAT-0001273,ONGC,"FLANGE, WELDING NECK, 1.5 INCH, CLASS 150, ASTM A350 LF2, ASME B16.5, RF FACING",CAN-000083,DEPOT-ONGC-URN,"Uran Plant, Maharashtra",81,6480,243,FLANGE_WELD_NECK,40.0,150,ASTM A350 LF2,RF,ASME B16.5
ONGC-MAT-0001274,ONGC,"STUD BOLT WITH NUTS, 10 INCH, CLASS 150, ASTM A193 B7 / A194 2H, ASME B18.2.1, THRD FACING",CAN-002181,DEPOT-ONGC-MBO,"Mumbai Offshore Logistics Base, Maharashtra",0,6980,0,STUD_BOLT,250.0,150,ASTM A193 B7 / A194 2H,THRD,ASME B18.2.1
ONGC-MAT-0001275,ONGC,"FLANGE, BLIND, 2 INCH, CLASS 900, ASTM A350 LF2, ASME B16.5, RF FACING",CAN-000511,DEPOT-ONGC-MBO,"Mumbai Offshore Logistics Base, Maharashtra",21,29730,76,FLANGE_BLIND,50.0,900,ASTM A350 LF2,RF,ASME B16.5
ONGC-MAT-0001276,ONGC,"STUD BOLT WITH NUTS, 4 INCH, CLASS 150, ASTM A193 B7 / A194 2H, ASME B18.2.1, THRD FACING",CAN-002151,DEPOT-ONGC-HZR,"Hazira Gas Processing Plant, Gujarat",79,2120,284,STUD_BOLT,100.0,150,ASTM A193 B7 / A194 2H,THRD,ASME B18.2.1
ONGC-MAT-0001277,ONGC,"FLANGE, WELDING NECK, 8 INCH, CLASS 150, ASTM A182 F316, ASME B16.5, RTJ FACING",CAN-000288,DEPOT-ONGC-MBO,"Mumbai Offshore Logistics Base, Maharashtra",0,105090,0,FLANGE_WELD_NECK,200.0,150,ASTM A182 F316,RTJ,ASME B16.5
ONGC-MAT-0001278,ONGC,"VALVE, GATE, 8 INCH, CLASS 900, ASTM A105, API 600, BW FACING",CAN-001463,DEPOT-ONGC-URN,"Uran Plant, Maharashtra",24,1126700,40,GATE_VALVE,200.0,900,ASTM A105,BW,API 600
ONGC-MAT-0001279,ONGC,"FLANGE, WELDING NECK, 1.5 INCH, CLASS 600, ASTM A182 F316, ASME B16.5, RTJ FACING",CAN-000104,DEPOT-ONGC-URN,"Uran Plant, Maharashtra",0,39310,0,FLANGE_WELD_NECK,40.0,600,ASTM A182 F316,RTJ,ASME B16.5
ONGC-MAT-0001280,ONGC,"FLANGE, SLIP-ON, 3 INCH, CLASS 300, ASTM A182 F316, ASME B16.5, FF FACING",CAN-000832,DEPOT-ONGC-MBO,"Mumbai Offshore Logistics Base, Maharashtra",65,40430,683,FLANGE_SLIP_ON,80.0,300,ASTM A182 F316,FF,ASME B16.5
ONGC-MAT-0001281,ONGC,"VALVE, GATE, 8 INCH, CLASS 300, ASTM A182 F316, API 6D, RF FACING",CAN-001442,DEPOT-ONGC-HZR,"Hazira Gas Processing Plant, Gujarat",45,1497140,93,GATE_VALVE,200.0,300,ASTM A182 F316,RF,API 6D
ONGC-MAT-0001282,ONGC,"FLANGE, WELDING NECK, 4 INCH, CLASS 300, ASTM A350 LF2, ASME B16.5, RF FACING",CAN-000211,DEPOT-ONGC-URN,"Uran Plant, Maharashtra",34,37150,55,FLANGE_WELD_NECK,100.0,300,ASTM A350 LF2,RF,ASME B16.5
ONGC-MAT-0001283,ONGC,"VALVE, GATE, 8 INCH, CLASS 900, ASTM A216 WCB, API 6D, BW FACING",CAN-001460,DEPOT-ONGC-MBO,"Mumbai Offshore Logistics Base, Maharashtra",0,1126700,0,GATE_VALVE,200.0,900,ASTM A216 WCB,BW,API 6D
ONGC-MAT-0001284,ONGC,"VALVE, GATE, 4 INCH, CLASS 1500, ASTM A216 WCB, API 600, BW FACING",CAN-001351,DEPOT-ONGC-HZR,"Hazira Gas Processing Plant, Gujarat",46,688570,313,GATE_VALVE,100.0,1500,ASTM A216 WCB,BW,API 600
ONGC-MAT-0001285,ONGC,"FLANGE, WELDING NECK, 1.5 INCH, CLASS 600, ASTM A182 F304, ASME B16.5, RTJ FACING",CAN-000102,DEPOT-ONGC-HZR,"Hazira Gas Processing Plant, Gujarat",0,29480,0,FLANGE_WELD_NECK,40.0,600,ASTM A182 F304,RTJ,ASME B16.5
ONGC-MAT-0001286,ONGC,"FLANGE, WELDING NECK, 3 INCH, CLASS 150, ASTM A182 F316, ASME B16.5, RF FACING",CAN-000167,DEPOT-ONGC-HZR,"Hazira Gas Processing Plant, Gujarat",16,31930,81,FLANGE_WELD_NECK,80.0,150,ASTM A182 F316,RF,ASME B16.5
ONGC-MAT-0001287,ONGC,"VALVE, BALL, 2 INCH, CLASS 300, ASTM A182 F316, API 6D, BW FACING",CAN-001668,DEPOT-ONGC-MBO,"Mumbai Offshore Logistics Base, Maharashtra",8,301810,60,BALL_VALVE,50.0,300,ASTM A182 F316,BW,API 6D
ONGC-MAT-0001288,ONGC,"FLANGE, BLIND, 4 INCH, CLASS 600, ASTM A105, ASME B16.5, RTJ FACING",CAN-000564,DEPOT-ONGC-MBO,"Mumbai Offshore Logistics Base, Maharashtra",0,33080,0,FLANGE_BLIND,100.0,600,ASTM A105,RTJ,ASME B16.5
ONGC-MAT-0001289,ONGC,"FLANGE, BLIND, 12 INCH, CLASS 150, ASTM A182 F316, ASME B16.5, RF FACING",CAN-000675,DEPOT-ONGC-ANK,"Ankleshwar Asset, Gujarat",37,145660,52,FLANGE_BLIND,300.0,150,ASTM A182 F316,RF,ASME B16.5
ONGC-MAT-0001290,ONGC,"FLANGE, BLIND, 2 INCH, CLASS 150, ASTM A105, ASME B16.5, RTJ FACING",CAN-000492,DEPOT-ONGC-RJM,"Rajahmundry Asset, Andhra Pradesh",19,4430,55,FLANGE_BLIND,50.0,150,ASTM A105,RTJ,ASME B16.5
ONGC-MAT-0001291,ONGC,"FLANGE, WELDING NECK, 4 INCH, CLASS 600, ASTM A182 F316, ASME B16.5, RF FACING",CAN-000223,DEPOT-ONGC-MBO,"Mumbai Offshore Logistics Base, Maharashtra",23,129380,20,FLANGE_WELD_NECK,100.0,600,ASTM A182 F316,RF,ASME B16.5
ONGC-MAT-0001292,ONGC,"FLANGE, BLIND, 2 INCH, CLASS 300, ASTM A182 F316, ASME B16.5, RTJ FACING",CAN-000502,DEPOT-ONGC-RJM,"Rajahmundry Asset, Andhra Pradesh",62,24690,744,FLANGE_BLIND,50.0,300,ASTM A182 F316,RTJ,ASME B16.5
ONGC-MAT-0001293,ONGC,"FLANGE, WELDING NECK, 12 INCH, CLASS 600, ASTM A182 F316, ASME B16.5, RTJ FACING",CAN-000384,DEPOT-ONGC-RJM,"Rajahmundry Asset, Andhra Pradesh",0,539700,0,FLANGE_WELD_NECK,300.0,600,ASTM A182 F316,RTJ,ASME B16.5
ONGC-MAT-0001294,ONGC,"FLANGE, WELDING NECK, 12 INCH, CLASS 1500, ASTM A182 F316, ASME B16.5, RTJ FACING",CAN-000400,DEPOT-ONGC-URN,"Uran Plant, Maharashtra",0,1123330,0,FLANGE_WELD_NECK,300.0,1500,ASTM A182 F316,RTJ,ASME B16.5
ONGC-MAT-0001295,ONGC,"FLANGE, SLIP-ON, 3 INCH, CLASS 600, ASTM A105, ASME B16.5, FF FACING",CAN-000834,DEPOT-ONGC-URN,"Uran Plant, Maharashtra",117,22000,623,FLANGE_SLIP_ON,80.0,600,ASTM A105,FF,ASME B16.5
ONGC-MAT-0001296,ONGC,"STUD BOLT WITH NUTS, 3 INCH, CLASS 150, ASTM A193 B7 / A194 2H, ASME B18.2.1, THRD FACING",CAN-002141,DEPOT-ONGC-RJM,"Rajahmundry Asset, Andhra Pradesh",0,1580,0,STUD_BOLT,80.0,150,ASTM A193 B7 / A194 2H,THRD,ASME B18.2.1
ONGC-MAT-0001297,ONGC,"VALVE, BALL, 8 INCH, CLASS 900, ASTM A216 WCB, API 6D, RF FACING",CAN-001753,DEPOT-ONGC-ANK,"Ankleshwar Asset, Gujarat",89,1377080,579,BALL_VALVE,200.0,900,ASTM A216 WCB,RF,API 6D
ONGC-MAT-0001298,ONGC,"FLANGE, WELDING NECK, 10 INCH, CLASS 900, ASTM A182 F304, ASME B16.5, RF FACING",CAN-000349,DEPOT-ONGC-RJM,"Rajahmundry Asset, Andhra Pradesh",99,441720,359,FLANGE_WELD_NECK,250.0,900,ASTM A182 F304,RF,ASME B16.5
ONGC-MAT-0001299,ONGC,"VALVE, BALL, 1/2 INCH, CLASS 900, ASTM A216 WCB, API 6D, RF FACING",CAN-001613,DEPOT-ONGC-RJM,"Rajahmundry Asset, Andhra Pradesh",15,47480,98,BALL_VALVE,15.0,900,ASTM A216 WCB,RF,API 6D
ONGC-MAT-0001300,ONGC,"FLANGE, BLIND, 4 INCH, CLASS 300, ASTM A350 LF2, ASME B16.5, RTJ FACING",CAN-000560,DEPOT-ONGC-RJM,"Rajahmundry Asset, Andhra Pradesh",134,30400,216,FLANGE_BLIND,100.0,300,ASTM A350 LF2,RTJ,ASME B16.5
ONGC-MAT-0001301,ONGC,"VALVE, GLOBE, 1 INCH, CLASS 600, ASTM A105, ASME B16.34, RF FACING",CAN-001832,DEPOT-ONGC-ANK,"Ankleshwar Asset, Gujarat",0,72750,0,GLOBE_VALVE,25.0,600,ASTM A105,RF,ASME B16.34
ONGC-MAT-0001302,ONGC,"FLANGE, SLIP-ON, 6 INCH, CLASS 1500, ASTM A105, ASME B16.5, FF FACING",CAN-000906,DEPOT-ONGC-URN,"Uran Plant, Maharashtra",0,103680,0,FLANGE_SLIP_ON,150.0,1500,ASTM A105,FF,ASME B16.5
ONGC-MAT-0001303,ONGC,"FLANGE, BLIND, 8 INCH, CLASS 600, ASTM A105, ASME B16.5, RTJ FACING",CAN-000624,DEPOT-ONGC-URN,"Uran Plant, Maharashtra",62,81450,733,FLANGE_BLIND,200.0,600,ASTM A105,RTJ,ASME B16.5
ONGC-MAT-0001304,ONGC,"FLANGE, WELDING NECK, 6 INCH, CLASS 1500, ASTM A182 F304, ASME B16.5, RTJ FACING",CAN-000278,DEPOT-ONGC-RJM,"Rajahmundry Asset, Andhra Pradesh",137,342160,273,FLANGE_WELD_NECK,150.0,1500,ASTM A182 F304,RTJ,ASME B16.5
ONGC-MAT-0001305,ONGC,"FLANGE, BLIND, 10 INCH, CLASS 1500, ASTM A182 F316, ASME B16.5, RTJ FACING",CAN-000670,DEPOT-ONGC-URN,"Uran Plant, Maharashtra",0,725140,0,FLANGE_BLIND,250.0,1500,ASTM A182 F316,RTJ,ASME B16.5
ONGC-MAT-0001306,ONGC,"VALVE, GATE, 1 INCH, CLASS 900, ASTM A105, API 6D, RF FACING",CAN-001102,DEPOT-ONGC-URN,"Uran Plant, Maharashtra",73,75470,622,GATE_VALVE,25.0,900,ASTM A105,RF,API 6D
ONGC-MAT-0001307,ONGC,"FLANGE, BLIND, 10 INCH, CLASS 600, ASTM A182 F316, ASME B16.5, RF FACING",CAN-000657,DEPOT-ONGC-MBO,"Mumbai Offshore Logistics Base, Maharashtra",23,348390,26,FLANGE_BLIND,250.0,600,ASTM A182 F316,RF,ASME B16.5
ONGC-MAT-0001308,ONGC,"VALVE, BALL, 10 INCH, CLASS 600, ASTM A216 WCB, API 6D, BW FACING",CAN-001770,DEPOT-ONGC-MBO,"Mumbai Offshore Logistics Base, Maharashtra",143,1330670,738,BALL_VALVE,250.0,600,ASTM A216 WCB,BW,API 6D
ONGC-MAT-0001309,ONGC,"VALVE, GATE, 4 INCH, CLASS 900, ASTM A105, API 600, RF FACING",CAN-001341,DEPOT-ONGC-MBO,"Mumbai Offshore Logistics Base, Maharashtra",0,457580,0,GATE_VALVE,100.0,900,ASTM A105,RF,API 600
ONGC-MAT-0001310,ONGC,"FLANGE, SLIP-ON, 10 INCH, CLASS 150, ASTM A182 F304, ASME B16.5, RF FACING",CAN-000943,DEPOT-ONGC-RJM,"Rajahmundry Asset, Andhra Pradesh",106,76610,370,FLANGE_SLIP_ON,250.0,150,ASTM A182 F304,RF,ASME B16.5
ONGC-MAT-0001311,ONGC,"FLANGE, WELDING NECK, 1/2 INCH, CLASS 300, ASTM A350 LF2, ASME B16.5, RF FACING",CAN-000011,DEPOT-ONGC-MBO,"Mumbai Offshore Logistics Base, Maharashtra",0,3150,0,FLANGE_WELD_NECK,15.0,300,ASTM A350 LF2,RF,ASME B16.5
ONGC-MAT-0001312,ONGC,"FLANGE, BLIND, 6 INCH, CLASS 150, ASTM A105, ASME B16.5, RF FACING",CAN-000581,DEPOT-ONGC-MBO,"Mumbai Offshore Logistics Base, Maharashtra",27,18480,429,FLANGE_BLIND,150.0,150,ASTM A105,RF,ASME B16.5
ONGC-MAT-0001313,ONGC,"VALVE, GATE, 1.5 INCH, CLASS 150, ASTM A105, API 600, BW FACING",CAN-001127,DEPOT-ONGC-URN,"Uran Plant, Maharashtra",0,33160,0,GATE_VALVE,40.0,150,ASTM A105,BW,API 600
ONGC-MAT-0001314,ONGC,"FLANGE, SLIP-ON, 10 INCH, CLASS 150, ASTM A182 F316, ASME B16.5, RF FACING",CAN-000945,DEPOT-ONGC-MBO,"Mumbai Offshore Logistics Base, Maharashtra",19,102150,116,FLANGE_SLIP_ON,250.0,150,ASTM A182 F316,RF,ASME B16.5
ONGC-MAT-0001315,ONGC,"FLANGE, BLIND, 6 INCH, CLASS 300, ASTM A350 LF2, ASME B16.5, RF FACING",CAN-000589,DEPOT-ONGC-ANK,"Ankleshwar Asset, Gujarat",10,51500,105,FLANGE_BLIND,150.0,300,ASTM A350 LF2,RF,ASME B16.5
ONGC-MAT-0001316,ONGC,"VALVE, BALL, 1 INCH, CLASS 1500, ASTM A182 F316, API 6D, BW FACING",CAN-001640,DEPOT-ONGC-HZR,"Hazira Gas Processing Plant, Gujarat",47,444190,78,BALL_VALVE,25.0,1500,ASTM A182 F316,BW,API 6D
ONGC-MAT-0001317,ONGC,"VALVE, BALL, 1/2 INCH, CLASS 300, ASTM A216 WCB, API 6D, BW FACING",CAN-001606,DEPOT-ONGC-URN,"Uran Plant, Maharashtra",88,19710,535,BALL_VALVE,15.0,300,ASTM A216 WCB,BW,API 6D
ONGC-MAT-0001318,ONGC,"VALVE, GATE, 3 INCH, CLASS 900, ASTM A105, API 6D, BW FACING",CAN-001284,DEPOT-ONGC-ANK,"Ankleshwar Asset, Gujarat",26,342360,64,GATE_VALVE,80.0,900,ASTM A105,BW,API 6D
ONGC-MAT-0001319,ONGC,"FLANGE, SLIP-ON, 1.5 INCH, CLASS 1500, ASTM A105, ASME B16.5, RF FACING",CAN-000785,DEPOT-ONGC-URN,"Uran Plant, Maharashtra",0,18590,0,FLANGE_SLIP_ON,40.0,1500,ASTM A105,RF,ASME B16.5
ONGC-MAT-0001320,ONGC,"FLANGE, SLIP-ON, 10 INCH, CLASS 900, ASTM A182 F304, ASME B16.5, FF FACING",CAN-000962,DEPOT-ONGC-URN,"Uran Plant, Maharashtra",135,321250,691,FLANGE_SLIP_ON,250.0,900,ASTM A182 F304,FF,ASME B16.5
ONGC-MAT-0001321,ONGC,"FLANGE, SLIP-ON, 12 INCH, CLASS 1500, ASTM A182 F316, ASME B16.5, RF FACING",CAN-000999,DEPOT-ONGC-HZR,"Hazira Gas Processing Plant, Gujarat",0,816960,0,FLANGE_SLIP_ON,300.0,1500,ASTM A182 F316,RF,ASME B16.5
ONGC-MAT-0001322,ONGC,"VALVE, GATE, 8 INCH, CLASS 1500, ASTM A105, API 600, BW FACING",CAN-001475,DEPOT-ONGC-ANK,"Ankleshwar Asset, Gujarat",0,1695460,0,GATE_VALVE,200.0,1500,ASTM A105,BW,API 600
ONGC-MAT-0001323,ONGC,"VALVE, GATE, 6 INCH, CLASS 300, ASTM A216 WCB, API 6D, BW FACING",CAN-001376,DEPOT-ONGC-RJM,"Rajahmundry Asset, Andhra Pradesh",42,321870,70,GATE_VALVE,150.0,300,ASTM A216 WCB,BW,API 6D
ONGC-MAT-0001324,ONGC,"VALVE, GLOBE, 4 INCH, CLASS 300, ASTM A105, ASME B16.34, RF FACING",CAN-001908,DEPOT-ONGC-URN,"Uran Plant, Maharashtra",0,253340,0,GLOBE_VALVE,100.0,300,ASTM A105,RF,ASME B16.34
ONGC-MAT-0001325,ONGC,"FLANGE, BLIND, 3 INCH, CLASS 600, ASTM A105, ASME B16.5, RTJ FACING",CAN-000534,DEPOT-ONGC-URN,"Uran Plant, Maharashtra",76,24750,309,FLANGE_BLIND,80.0,600,ASTM A105,RTJ,ASME B16.5
ONGC-MAT-0001326,ONGC,"VALVE, GATE, 8 INCH, CLASS 900, ASTM A216 WCB, API 600, RF FACING",CAN-001457,DEPOT-ONGC-URN,"Uran Plant, Maharashtra",33,1126700,12,GATE_VALVE,200.0,900,ASTM A216 WCB,RF,API 600
ONGC-MAT-0001327,ONGC,"VALVE, GATE, 2 INCH, CLASS 600, ASTM A105, API 600, BW FACING",CAN-001211,DEPOT-ONGC-ANK,"Ankleshwar Asset, Gujarat",85,134350,222,GATE_VALVE,50.0,600,ASTM A105,BW,API 600
ONGC-MAT-0001328,ONGC,"VALVE, GATE, 6 INCH, CLASS 300, ASTM A216 WCB, API 6D, BW FACING",CAN-001376,DEPOT-ONGC-URN,"Uran Plant, Maharashtra",26,321870,47,GATE_VALVE,150.0,300,ASTM A216 WCB,BW,API 6D
ONGC-MAT-0001329,ONGC,"FLANGE, WELDING NECK, 12 INCH, CLASS 900, ASTM A182 F316, ASME B16.5, RF FACING",CAN-000391,DEPOT-ONGC-MBO,"Mumbai Offshore Logistics Base, Maharashtra",49,746490,97,FLANGE_WELD_NECK,300.0,900,ASTM A182 F316,RF,ASME B16.5
ONGC-MAT-0001330,ONGC,"VALVE, GATE, 1/2 INCH, CLASS 900, ASTM A216 WCB, API 600, BW FACING",CAN-001039,DEPOT-ONGC-URN,"Uran Plant, Maharashtra",135,38840,649,GATE_VALVE,15.0,900,ASTM A216 WCB,BW,API 600
ONGC-MAT-0001331,ONGC,"FLANGE, BLIND, 2 INCH, CLASS 900, ASTM A350 LF2, ASME B16.5, RF FACING",CAN-000511,DEPOT-ONGC-HZR,"Hazira Gas Processing Plant, Gujarat",11,29730,63,FLANGE_BLIND,50.0,900,ASTM A350 LF2,RF,ASME B16.5
ONGC-MAT-0001332,ONGC,"FLANGE, SLIP-ON, 6 INCH, CLASS 300, ASTM A182 F316, ASME B16.5, RF FACING",CAN-000891,DEPOT-ONGC-MBO,"Mumbai Offshore Logistics Base, Maharashtra",37,91550,548,FLANGE_SLIP_ON,150.0,300,ASTM A182 F316,RF,ASME B16.5
ONGC-MAT-0001333,ONGC,"VALVE, BALL, 4 INCH, CLASS 150, ASTM A182 F316, API 6D, BW FACING",CAN-001704,DEPOT-ONGC-RJM,"Rajahmundry Asset, Andhra Pradesh",23,426820,61,BALL_VALVE,100.0,150,ASTM A182 F316,BW,API 6D
ONGC-MAT-0001334,ONGC,"FLANGE, SLIP-ON, 1 INCH, CLASS 300, ASTM A105, ASME B16.5, RF FACING",CAN-000737,DEPOT-ONGC-MBO,"Mumbai Offshore Logistics Base, Maharashtra",0,2780,0,FLANGE_SLIP_ON,25.0,300,ASTM A105,RF,ASME B16.5
ONGC-MAT-0001335,ONGC,"FLANGE, WELDING NECK, 12 INCH, CLASS 900, ASTM A182 F316, ASME B16.5, RF FACING",CAN-000391,DEPOT-ONGC-MBO,"Mumbai Offshore Logistics Base, Maharashtra",107,746490,569,FLANGE_WELD_NECK,300.0,900,ASTM A182 F316,RF,ASME B16.5
ONGC-MAT-0001336,ONGC,"FLANGE, SLIP-ON, 3 INCH, CLASS 1500, ASTM A105, ASME B16.5, RF FACING",CAN-000845,DEPOT-ONGC-RJM,"Rajahmundry Asset, Andhra Pradesh",0,45790,0,FLANGE_SLIP_ON,80.0,1500,ASTM A105,RF,ASME B16.5
ONGC-MAT-0001337,ONGC,"STUD BOLT WITH NUTS, 1 INCH, CLASS 150, ASTM A320 L7 / A194 7, ASME B18.2.1, THRD FACING",CAN-002112,DEPOT-ONGC-ANK,"Ankleshwar Asset, Gujarat",21,560,105,STUD_BOLT,25.0,150,ASTM A320 L7 / A194 7,THRD,ASME B18.2.1
ONGC-MAT-0001338,ONGC,"FLANGE, SLIP-ON, 2 INCH, CLASS 1500, ASTM A182 F304, ASME B16.5, RF FACING",CAN-000817,DEPOT-ONGC-MBO,"Mumbai Offshore Logistics Base, Maharashtra",19,59650,36,FLANGE_SLIP_ON,50.0,1500,ASTM A182 F304,RF,ASME B16.5
ONGC-MAT-0001339,ONGC,"FLANGE, SLIP-ON, 1 INCH, CLASS 150, ASTM A105, ASME B16.5, FF FACING",CAN-000732,DEPOT-ONGC-URN,"Uran Plant, Maharashtra",38,1600,346,FLANGE_SLIP_ON,25.0,150,ASTM A105,FF,ASME B16.5
ONGC-MAT-0001340,ONGC,"VALVE, GLOBE, 2 INCH, CLASS 150, ASTM A105, ASME B16.34, RF FACING",CAN-001864,DEPOT-ONGC-ANK,"Ankleshwar Asset, Gujarat",26,59090,55,GLOBE_VALVE,50.0,150,ASTM A105,RF,ASME B16.34
ONGC-MAT-0001341,ONGC,"FLANGE, BLIND, 6 INCH, CLASS 300, ASTM A350 LF2, ASME B16.5, RF FACING",CAN-000589,DEPOT-ONGC-RJM,"Rajahmundry Asset, Andhra Pradesh",49,51500,66,FLANGE_BLIND,150.0,300,ASTM A350 LF2,RF,ASME B16.5
ONGC-MAT-0001342,ONGC,"VALVE, BALL, 3 INCH, CLASS 150, ASTM A216 WCB, API 6D, RF FACING",CAN-001681,DEPOT-ONGC-HZR,"Hazira Gas Processing Plant, Gujarat",0,99790,0,BALL_VALVE,80.0,150,ASTM A216 WCB,RF,API 6D
ONGC-MAT-0001343,ONGC,"FLANGE, SLIP-ON, 4 INCH, CLASS 300, ASTM A182 F304, ASME B16.5, RF FACING",CAN-000859,DEPOT-ONGC-MBO,"Mumbai Offshore Logistics Base, Maharashtra",81,40530,448,FLANGE_SLIP_ON,100.0,300,ASTM A182 F304,RF,ASME B16.5
ONGC-MAT-0001344,ONGC,"FLANGE, WELDING NECK, 10 INCH, CLASS 900, ASTM A350 LF2, ASME B16.5, RF FACING",CAN-000347,DEPOT-ONGC-ANK,"Ankleshwar Asset, Gujarat",42,294480,96,FLANGE_WELD_NECK,250.0,900,ASTM A350 LF2,RF,ASME B16.5
ONGC-MAT-0001345,ONGC,"VALVE, BALL, 6 INCH, CLASS 900, ASTM A216 WCB, API 6D, RF FACING",CAN-001733,DEPOT-ONGC-ANK,"Ankleshwar Asset, Gujarat",127,947410,461,BALL_VALVE,150.0,900,ASTM A216 WCB,RF,API 6D
ONGC-MAT-0001346,ONGC,"VALVE, GLOBE, 4 INCH, CLASS 1500, ASTM A105, ASME B16.34, RF FACING",CAN-001920,DEPOT-ONGC-HZR,"Hazira Gas Processing Plant, Gujarat",6,918090,91,GLOBE_VALVE,100.0,1500,ASTM A105,RF,ASME B16.34
ONGC-MAT-0001347,ONGC,"VALVE, GATE, 1.5 INCH, CLASS 150, ASTM A216 WCB, API 6D, BW FACING",CAN-001124,DEPOT-ONGC-RJM,"Rajahmundry Asset, Andhra Pradesh",18,33160,17,GATE_VALVE,40.0,150,ASTM A216 WCB,BW,API 6D
ONGC-MAT-0001348,ONGC,"VALVE, GATE, 6 INCH, CLASS 150, ASTM A216 WCB, API 6D, BW FACING",CAN-001364,DEPOT-ONGC-HZR,"Hazira Gas Processing Plant, Gujarat",0,184870,0,GATE_VALVE,150.0,150,ASTM A216 WCB,BW,API 6D
ONGC-MAT-0001349,ONGC,"FLANGE, SLIP-ON, 8 INCH, CLASS 300, ASTM A105, ASME B16.5, RF FACING",CAN-000917,DEPOT-ONGC-HZR,"Hazira Gas Processing Plant, Gujarat",0,41580,0,FLANGE_SLIP_ON,200.0,300,ASTM A105,RF,ASME B16.5
ONGC-MAT-0001350,ONGC,"FLANGE, BLIND, 10 INCH, CLASS 900, ASTM A350 LF2, ASME B16.5, RF FACING",CAN-000661,DEPOT-ONGC-URN,"Uran Plant, Maharashtra",6,240940,98,FLANGE_BLIND,250.0,900,ASTM A350 LF2,RF,ASME B16.5
ONGC-MAT-0001351,ONGC,"FLANGE, BLIND, 6 INCH, CLASS 300, ASTM A105, ASME B16.5, RF FACING",CAN-000587,DEPOT-ONGC-HZR,"Hazira Gas Processing Plant, Gujarat",0,32180,0,FLANGE_BLIND,150.0,300,ASTM A105,RF,ASME B16.5
ONGC-MAT-0001352,ONGC,"VALVE, BALL, 6 INCH, CLASS 150, ASTM A182 F316, API 6D, RF FACING",CAN-001723,DEPOT-ONGC-RJM,"Rajahmundry Asset, Andhra Pradesh",29,723050,28,BALL_VALVE,150.0,150,ASTM A182 F316,RF,API 6D
ONGC-MAT-0001353,ONGC,"FLANGE, SLIP-ON, 2 INCH, CLASS 900, ASTM A182 F316, ASME B16.5, RF FACING",CAN-000813,DEPOT-ONGC-RJM,"Rajahmundry Asset, Andhra Pradesh",0,52860,0,FLANGE_SLIP_ON,50.0,900,ASTM A182 F316,RF,ASME B16.5
ONGC-MAT-0001354,ONGC,"FLANGE, BLIND, 3 INCH, CLASS 1500, ASTM A182 F316, ASME B16.5, RF FACING",CAN-000549,DEPOT-ONGC-ANK,"Ankleshwar Asset, Gujarat",44,164860,16,FLANGE_BLIND,80.0,1500,ASTM A182 F316,RF,ASME B16.5
ONGC-MAT-0001355,ONGC,"VALVE, GLOBE, 2 INCH, CLASS 300, ASTM A105, ASME B16.34, RF FACING",CAN-001868,DEPOT-ONGC-ANK,"Ankleshwar Asset, Gujarat",39,102890,219,GLOBE_VALVE,50.0,300,ASTM A105,RF,ASME B16.34
ONGC-MAT-0001356,ONGC,"VALVE, GATE, 10 INCH, CLASS 1500, ASTM A105, API 6D, BW FACING",CAN-001536,DEPOT-ONGC-RJM,"Rajahmundry Asset, Andhra Pradesh",12,2266060,56,GATE_VALVE,250.0,1500,ASTM A105,BW,API 6D
ONGC-MAT-0001357,ONGC,"FLANGE, WELDING NECK, 10 INCH, CLASS 900, ASTM A182 F316, ASME B16.5, RF FACING",CAN-000351,DEPOT-ONGC-URN,"Uran Plant, Maharashtra",0,588970,0,FLANGE_WELD_NECK,250.0,900,ASTM A182 F316,RF,ASME B16.5
ONGC-MAT-0001358,ONGC,"VALVE, GLOBE, 6 INCH, CLASS 600, ASTM A105, ASME B16.34, RF FACING",CAN-001932,DEPOT-ONGC-ANK,"Ankleshwar Asset, Gujarat",70,747230,513,GLOBE_VALVE,150.0,600,ASTM A105,RF,ASME B16.34
ONGC-MAT-0001359,ONGC,"VALVE, BALL, 4 INCH, CLASS 600, ASTM A182 F316, API 6D, RF FACING",CAN-001711,DEPOT-ONGC-MBO,"Mumbai Offshore Logistics Base, Maharashtra",13,1293890,91,BALL_VALVE,100.0,600,ASTM A182 F316,RF,API 6D
ONGC-MAT-0001360,ONGC,"GASKET, SPIRAL WOUND, 10 INCH, CLASS 900, SS304 / GRAPHITE, ASME B16.20, RF FACING",CAN-002088,DEPOT-ONGC-MBO,"Mumbai Offshore Logistics Base, Maharashtra",37,130510,108,SPIRAL_WOUND_GASKET,250.0,900,SS304 / GRAPHITE,RF,ASME B16.20
ONGC-MAT-0001361,ONGC,"GASKET, SPIRAL WOUND, 2 INCH, CLASS 300, SS316 / GRAPHITE, ASME B16.20, RF FACING",CAN-002033,DEPOT-ONGC-MBO,"Mumbai Offshore Logistics Base, Maharashtra",0,8910,0,SPIRAL_WOUND_GASKET,50.0,300,SS316 / GRAPHITE,RF,ASME B16.20
ONGC-MAT-0001362,ONGC,"FLANGE, SLIP-ON, 4 INCH, CLASS 600, ASTM A182 F316, ASME B16.5, RF FACING",CAN-000867,DEPOT-ONGC-ANK,"Ankleshwar Asset, Gujarat",113,94100,621,FLANGE_SLIP_ON,100.0,600,ASTM A182 F316,RF,ASME B16.5
ONGC-MAT-0001363,ONGC,"VALVE, GATE, 12 INCH, CLASS 900, ASTM A105, API 6D, BW FACING",CAN-001584,DEPOT-ONGC-RJM,"Rajahmundry Asset, Andhra Pradesh",49,1908660,84,GATE_VALVE,300.0,900,ASTM A105,BW,API 6D
ONGC-MAT-0001364,ONGC,"VALVE, GATE, 8 INCH, CLASS 900, ASTM A182 F316, API 6D, BW FACING",CAN-001468,DEPOT-ONGC-ANK,"Ankleshwar Asset, Gujarat",36,3605450,53,GATE_VALVE,200.0,900,ASTM A182 F316,BW,API 6D
ONGC-MAT-0001365,ONGC,"FLANGE, SLIP-ON, 1 INCH, CLASS 600, ASTM A105, ASME B16.5, FF FACING",CAN-000744,DEPOT-ONGC-RJM,"Rajahmundry Asset, Andhra Pradesh",41,4850,57,FLANGE_SLIP_ON,25.0,600,ASTM A105,FF,ASME B16.5
ONGC-MAT-0001366,ONGC,"VALVE, GATE, 2 INCH, CLASS 1500, ASTM A105, API 600, BW FACING",CAN-001235,DEPOT-ONGC-ANK,"Ankleshwar Asset, Gujarat",0,279640,0,GATE_VALVE,50.0,1500,ASTM A105,BW,API 600
ONGC-MAT-0001367,ONGC,"VALVE, GATE, 10 INCH, CLASS 1500, ASTM A182 F316, API 6D, RF FACING",CAN-001538,DEPOT-ONGC-ANK,"Ankleshwar Asset, Gujarat",46,7251410,40,GATE_VALVE,250.0,1500,ASTM A182 F316,RF,API 6D
ONGC-MAT-0001368,ONGC,"VALVE, GATE, 10 INCH, CLASS 1500, ASTM A182 F316, API 6D, BW FACING",CAN-001540,DEPOT-ONGC-MBO,"Mumbai Offshore Logistics Base, Maharashtra",0,7251410,0,GATE_VALVE,250.0,1500,ASTM A182 F316,BW,API 6D
ONGC-MAT-0001369,ONGC,"FLANGE, SLIP-ON, 6 INCH, CLASS 600, ASTM A182 F316, ASME B16.5, RF FACING",CAN-000897,DEPOT-ONGC-HZR,"Hazira Gas Processing Plant, Gujarat",24,159400,75,FLANGE_SLIP_ON,150.0,600,ASTM A182 F316,RF,ASME B16.5
ONGC-MAT-0001370,ONGC,"VALVE, BALL, 2 INCH, CLASS 1500, ASTM A216 WCB, API 6D, RF FACING",CAN-001677,DEPOT-ONGC-ANK,"Ankleshwar Asset, Gujarat",93,341790,256,BALL_VALVE,50.0,1500,ASTM A216 WCB,RF,API 6D
ONGC-MAT-0001371,ONGC,"VALVE, GLOBE, 6 INCH, CLASS 1500, ASTM A216 WCB, ASME B16.34, RF FACING",CAN-001938,DEPOT-ONGC-RJM,"Rajahmundry Asset, Andhra Pradesh",0,1555270,0,GLOBE_VALVE,150.0,1500,ASTM A216 WCB,RF,ASME B16.34
ONGC-MAT-0001372,ONGC,"VALVE, GATE, 3 INCH, CLASS 600, ASTM A105, API 600, RF FACING",CAN-001269,DEPOT-ONGC-ANK,"Ankleshwar Asset, Gujarat",100,247520,314,GATE_VALVE,80.0,600,ASTM A105,RF,API 600
ONGC-MAT-0001373,ONGC,"VALVE, GLOBE, 8 INCH, CLASS 900, ASTM A105, BS 1873, RF FACING",CAN-001955,DEPOT-ONGC-ANK,"Ankleshwar Asset, Gujarat",0,1502270,0,GLOBE_VALVE,200.0,900,ASTM A105,RF,BS 1873
ONGC-MAT-0001374,ONGC,"VALVE, BALL, 1.5 INCH, CLASS 300, ASTM A216 WCB, API 6D, BW FACING",CAN-001646,DEPOT-ONGC-HZR,"Hazira Gas Processing Plant, Gujarat",148,70560,347,BALL_VALVE,40.0,300,ASTM A216 WCB,BW,API 6D
ONGC-MAT-0001375,ONGC,"FLANGE, WELDING NECK, 10 INCH, CLASS 600, ASTM A350 LF2, ASME B16.5, RTJ FACING",CAN-000340,DEPOT-ONGC-HZR,"Hazira Gas Processing Plant, Gujarat",25,212900,22,FLANGE_WELD_NECK,250.0,600,ASTM A350 LF2,RTJ,ASME B16.5
ONGC-MAT-0001376,ONGC,"FLANGE, BLIND, 1 INCH, CLASS 600, ASTM A350 LF2, ASME B16.5, RTJ FACING",CAN-000446,DEPOT-ONGC-HZR,"Hazira Gas Processing Plant, Gujarat",50,8730,33,FLANGE_BLIND,25.0,600,ASTM A350 LF2,RTJ,ASME B16.5
ONGC-MAT-0001377,ONGC,"GASKET, SPIRAL WOUND, 1/2 INCH, CLASS 300, SS304 / GRAPHITE, ASME B16.20, RF FACING",CAN-002004,DEPOT-ONGC-HZR,"Hazira Gas Processing Plant, Gujarat",28,1390,72,SPIRAL_WOUND_GASKET,15.0,300,SS304 / GRAPHITE,RF,ASME B16.20
ONGC-MAT-0001378,ONGC,"VALVE, BALL, 2 INCH, CLASS 150, ASTM A216 WCB, API 6D, RF FACING",CAN-001661,DEPOT-ONGC-ANK,"Ankleshwar Asset, Gujarat",101,54170,332,BALL_VALVE,50.0,150,ASTM A216 WCB,RF,API 6D
ONGC-MAT-0001379,ONGC,"FLANGE, SLIP-ON, 4 INCH, CLASS 150, ASTM A182 F316, ASME B16.5, RF FACING",CAN-000855,DEPOT-ONGC-HZR,"Hazira Gas Processing Plant, Gujarat",30,31040,318,FLANGE_SLIP_ON,100.0,150,ASTM A182 F316,RF,ASME B16.5
ONGC-MAT-0001380,ONGC,"GASKET, SPIRAL WOUND, 2 INCH, CLASS 300, SS316 / GRAPHITE, ASME B16.20, RF FACING",CAN-002033,DEPOT-ONGC-MBO,"Mumbai Offshore Logistics Base, Maharashtra",44,8910,43,SPIRAL_WOUND_GASKET,50.0,300,SS316 / GRAPHITE,RF,ASME B16.20
ONGC-MAT-0001381,ONGC,"FLANGE, WELDING NECK, 10 INCH, CLASS 300, ASTM A350 LF2, ASME B16.5, RTJ FACING",CAN-000332,DEPOT-ONGC-MBO,"Mumbai Offshore Logistics Base, Maharashtra",0,122280,0,FLANGE_WELD_NECK,250.0,300,ASTM A350 LF2,RTJ,ASME B16.5
ONGC-MAT-0001382,ONGC,"FLANGE, WELDING NECK, 4 INCH, CLASS 900, ASTM A350 LF2, ASME B16.5, RTJ FACING",CAN-000228,DEPOT-ONGC-RJM,"Rajahmundry Asset, Andhra Pradesh",56,89480,487,FLANGE_WELD_NECK,100.0,900,ASTM A350 LF2,RTJ,ASME B16.5
ONGC-MAT-0001383,ONGC,"VALVE, GATE, 1/2 INCH, CLASS 900, ASTM A182 F316, API 600, RF FACING",CAN-001045,DEPOT-ONGC-HZR,"Hazira Gas Processing Plant, Gujarat",0,124310,0,GATE_VALVE,15.0,900,ASTM A182 F316,RF,API 600
ONGC-MAT-0001384,ONGC,"FLANGE, WELDING NECK, 10 INCH, CLASS 900, ASTM A105, ASME B16.5, RF FACING",CAN-000345,DEPOT-ONGC-ANK,"Ankleshwar Asset, Gujarat",20,184050,32,FLANGE_WELD_NECK,250.0,900,ASTM A105,RF,ASME B16.5
ONGC-MAT-0001385,ONGC,"VALVE, GATE, 1/2 INCH, CLASS 150, ASTM A105, API 600, BW FACING",CAN-001007,DEPOT-ONGC-HZR,"Hazira Gas Processing Plant, Gujarat",92,9260,472,GATE_VALVE,15.0,150,ASTM A105,BW,API 600
ONGC-MAT-0001386,ONGC,"VALVE, GATE, 6 INCH, CLASS 1500, ASTM A182 F316, API 600, BW FACING",CAN-001419,DEPOT-ONGC-HZR,"Hazira Gas Processing Plant, Gujarat",64,3732660,385,GATE_VALVE,150.0,1500,ASTM A182 F316,BW,API 600
ONGC-MAT-0001387,ONGC,"GASKET, SPIRAL WOUND, 4 INCH, CLASS 600, SS316 / GRAPHITE, ASME B16.20, RF FACING",CAN-002055,DEPOT-ONGC-MBO,"Mumbai Offshore Logistics Base, Maharashtra",0,38220,0,SPIRAL_WOUND_GASKET,100.0,600,SS316 / GRAPHITE,RF,ASME B16.20
ONGC-MAT-0001388,ONGC,"GASKET, SPIRAL WOUND, 12 INCH, CLASS 150, SS304 / GRAPHITE, ASME B16.20, RF FACING",CAN-002092,DEPOT-ONGC-HZR,"Hazira Gas Processing Plant, Gujarat",10,39450,32,SPIRAL_WOUND_GASKET,300.0,150,SS304 / GRAPHITE,RF,ASME B16.20
ONGC-MAT-0001389,ONGC,"VALVE, BALL, 1 INCH, CLASS 1500, ASTM A182 F316, API 6D, RF FACING",CAN-001639,DEPOT-ONGC-HZR,"Hazira Gas Processing Plant, Gujarat",29,444190,550,BALL_VALVE,25.0,1500,ASTM A182 F316,RF,API 6D
ONGC-MAT-0001390,ONGC,"VALVE, GATE, 2 INCH, CLASS 300, ASTM A182 F316, API 6D, BW FACING",CAN-001204,DEPOT-ONGC-URN,"Uran Plant, Maharashtra",41,246930,50,GATE_VALVE,50.0,300,ASTM A182 F316,BW,API 6D
ONGC-MAT-0001391,ONGC,"FLANGE, BLIND, 2 INCH, CLASS 150, ASTM A182 F316, ASME B16.5, RF FACING",CAN-000495,DEPOT-ONGC-RJM,"Rajahmundry Asset, Andhra Pradesh",50,14180,13,FLANGE_BLIND,50.0,150,ASTM A182 F316,RF,ASME B16.5
ONGC-MAT-0001392,ONGC,"FLANGE, BLIND, 6 INCH, CLASS 600, ASTM A182 F316, ASME B16.5, RTJ FACING",CAN-000598,DEPOT-ONGC-ANK,"Ankleshwar Asset, Gujarat",142,179330,438,FLANGE_BLIND,150.0,600,ASTM A182 F316,RTJ,ASME B16.5
ONGC-MAT-0001393,ONGC,"GASKET, SPIRAL WOUND, 6 INCH, CLASS 1500, SS316 / GRAPHITE, ASME B16.20, RF FACING",CAN-002069,DEPOT-ONGC-HZR,"Hazira Gas Processing Plant, Gujarat",0,134790,0,SPIRAL_WOUND_GASKET,150.0,1500,SS316 / GRAPHITE,RF,ASME B16.20
ONGC-MAT-0001394,ONGC,"FLANGE, BLIND, 8 INCH, CLASS 900, ASTM A350 LF2, ASME B16.5, RF FACING",CAN-000631,DEPOT-ONGC-URN,"Uran Plant, Maharashtra",103,180270,489,FLANGE_BLIND,200.0,900,ASTM A350 LF2,RF,ASME B16.5
ONGC-MAT-0001395,ONGC,"VALVE, GATE, 2 INCH, CLASS 600, ASTM A216 WCB, API 600, BW FACING",CAN-001207,DEPOT-ONGC-MBO,"Mumbai Offshore Logistics Base, Maharashtra",0,134350,0,GATE_VALVE,50.0,600,ASTM A216 WCB,BW,API 600
ONGC-MAT-0001396,ONGC,"VALVE, GATE, 1 INCH, CLASS 900, ASTM A105, API 600, RF FACING",CAN-001101,DEPOT-ONGC-RJM,"Rajahmundry Asset, Andhra Pradesh",42,75470,296,GATE_VALVE,25.0,900,ASTM A105,RF,API 600
ONGC-MAT-0001397,ONGC,"FLANGE, SLIP-ON, 10 INCH, CLASS 150, ASTM A182 F316, ASME B16.5, RF FACING",CAN-000945,DEPOT-ONGC-URN,"Uran Plant, Maharashtra",79,102150,448,FLANGE_SLIP_ON,250.0,150,ASTM A182 F316,RF,ASME B16.5
ONGC-MAT-0001398,ONGC,"VALVE, GATE, 8 INCH, CLASS 1500, ASTM A216 WCB, API 6D, BW FACING",CAN-001472,DEPOT-ONGC-RJM,"Rajahmundry Asset, Andhra Pradesh",141,1695460,250,GATE_VALVE,200.0,1500,ASTM A216 WCB,BW,API 6D
ONGC-MAT-0001399,ONGC,"FLANGE, WELDING NECK, 1 INCH, CLASS 600, ASTM A105, ASME B16.5, RTJ FACING",CAN-000058,DEPOT-ONGC-URN,"Uran Plant, Maharashtra",0,6660,0,FLANGE_WELD_NECK,25.0,600,ASTM A105,RTJ,ASME B16.5
ONGC-MAT-0001400,ONGC,"VALVE, BALL, 6 INCH, CLASS 300, ASTM A182 F316, API 6D, RF FACING",CAN-001727,DEPOT-ONGC-RJM,"Rajahmundry Asset, Andhra Pradesh",16,1258900,69,BALL_VALVE,150.0,300,ASTM A182 F316,RF,API 6D
ONGC-MAT-0001401,ONGC,"FLANGE, SLIP-ON, 4 INCH, CLASS 600, ASTM A182 F304, ASME B16.5, FF FACING",CAN-000866,DEPOT-ONGC-MBO,"Mumbai Offshore Logistics Base, Maharashtra",10,70570,33,FLANGE_SLIP_ON,100.0,600,ASTM A182 F304,FF,ASME B16.5
ONGC-MAT-0001402,ONGC,"VALVE, GATE, 2 INCH, CLASS 150, ASTM A105, API 600, RF FACING",CAN-001185,DEPOT-ONGC-MBO,"Mumbai Offshore Logistics Base, Maharashtra",0,44320,0,GATE_VALVE,50.0,150,ASTM A105,RF,API 600
ONGC-MAT-0001403,ONGC,"FLANGE, BLIND, 10 INCH, CLASS 300, ASTM A182 F316, ASME B16.5, RTJ FACING",CAN-000652,DEPOT-ONGC-URN,"Uran Plant, Maharashtra",0,200090,0,FLANGE_BLIND,250.0,300,ASTM A182 F316,RTJ,ASME B16.5
ONGC-MAT-0001404,ONGC,"VALVE, GATE, 1/2 INCH, CLASS 600, ASTM A182 F316, API 600, BW FACING",CAN-001035,DEPOT-ONGC-HZR,"Hazira Gas Processing Plant, Gujarat",0,89880,0,GATE_VALVE,15.0,600,ASTM A182 F316,BW,API 600
ONGC-MAT-0001405,ONGC,"VALVE, GATE, 6 INCH, CLASS 900, ASTM A182 F316, API 6D, RF FACING",CAN-001406,DEPOT-ONGC-URN,"Uran Plant, Maharashtra",49,2480500,100,GATE_VALVE,150.0,900,ASTM A182 F316,RF,API 6D
ONGC-MAT-0001406,ONGC,"VALVE, GATE, 4 INCH, CLASS 1500, ASTM A105, API 6D, BW FACING",CAN-001356,DEPOT-ONGC-URN,"Uran Plant, Maharashtra",19,688570,15,GATE_VALVE,100.0,1500,ASTM A105,BW,API 6D
ONGC-MAT-0001407,ONGC,"VALVE, BALL, 1.5 INCH, CLASS 900, ASTM A182 F316, API 6D, RF FACING",CAN-001655,DEPOT-ONGC-HZR,"Hazira Gas Processing Plant, Gujarat",24,543810,81,BALL_VALVE,40.0,900,ASTM A182 F316,RF,API 6D
ONGC-MAT-0001408,ONGC,"VALVE, BALL, 2 INCH, CLASS 600, ASTM A216 WCB, API 6D, BW FACING",CAN-001670,DEPOT-ONGC-HZR,"Hazira Gas Processing Plant, Gujarat",0,164210,0,BALL_VALVE,50.0,600,ASTM A216 WCB,BW,API 6D
ONGC-MAT-0001409,ONGC,"VALVE, BALL, 6 INCH, CLASS 900, ASTM A216 WCB, API 6D, RF FACING",CAN-001733,DEPOT-ONGC-RJM,"Rajahmundry Asset, Andhra Pradesh",32,947410,749,BALL_VALVE,150.0,900,ASTM A216 WCB,RF,API 6D
ONGC-MAT-0001410,ONGC,"FLANGE, WELDING NECK, 3 INCH, CLASS 300, ASTM A105, ASME B16.5, RTJ FACING",CAN-000170,DEPOT-ONGC-RJM,"Rajahmundry Asset, Andhra Pradesh",50,17370,18,FLANGE_WELD_NECK,80.0,300,ASTM A105,RTJ,ASME B16.5
ONGC-MAT-0001411,ONGC,"FLANGE, WELDING NECK, 4 INCH, CLASS 300, ASTM A350 LF2, ASME B16.5, RTJ FACING",CAN-000212,DEPOT-ONGC-RJM,"Rajahmundry Asset, Andhra Pradesh",31,37150,48,FLANGE_WELD_NECK,100.0,300,ASTM A350 LF2,RTJ,ASME B16.5
ONGC-MAT-0001412,ONGC,"VALVE, GLOBE, 3 INCH, CLASS 900, ASTM A216 WCB, BS 1873, RF FACING",CAN-001893,DEPOT-ONGC-ANK,"Ankleshwar Asset, Gujarat",0,456480,0,GLOBE_VALVE,80.0,900,ASTM A216 WCB,RF,BS 1873
ONGC-MAT-0001413,ONGC,"VALVE, GATE, 10 INCH, CLASS 150, ASTM A216 WCB, API 600, BW FACING",CAN-001483,DEPOT-ONGC-HZR,"Hazira Gas Processing Plant, Gujarat",47,359140,216,GATE_VALVE,250.0,150,ASTM A216 WCB,BW,API 600
ONGC-MAT-0001414,ONGC,"VALVE, GATE, 1 INCH, CLASS 900, ASTM A105, API 600, RF FACING",CAN-001101,DEPOT-ONGC-RJM,"Rajahmundry Asset, Andhra Pradesh",0,75470,0,GATE_VALVE,25.0,900,ASTM A105,RF,API 600
ONGC-MAT-0001415,ONGC,"FLANGE, WELDING NECK, 4 INCH, CLASS 600, ASTM A182 F316, ASME B16.5, RTJ FACING",CAN-000224,DEPOT-ONGC-URN,"Uran Plant, Maharashtra",0,129380,0,FLANGE_WELD_NECK,100.0,600,ASTM A182 F316,RTJ,ASME B16.5
ONGC-MAT-0001416,ONGC,"VALVE, GLOBE, 10 INCH, CLASS 900, ASTM A216 WCB, ASME B16.34, RF FACING",CAN-001974,DEPOT-ONGC-MBO,"Mumbai Offshore Logistics Base, Maharashtra",72,2007850,276,GLOBE_VALVE,250.0,900,ASTM A216 WCB,RF,ASME B16.34
ONGC-MAT-0001417,ONGC,"VALVE, GATE, 1.5 INCH, CLASS 300, ASTM A216 WCB, API 6D, RF FACING",CAN-001134,DEPOT-ONGC-MBO,"Mumbai Offshore Logistics Base, Maharashtra",79,57730,621,GATE_VALVE,40.0,300,ASTM A216 WCB,RF,API 6D
ONGC-MAT-0001418,ONGC,"FLANGE, BLIND, 1 INCH, CLASS 150, ASTM A350 LF2, ASME B16.5, RF FACING",CAN-000433,DEPOT-ONGC-MBO,"Mumbai Offshore Logistics Base, Maharashtra",24,2880,101,FLANGE_BLIND,25.0,150,ASTM A350 LF2,RF,ASME B16.5
ONGC-MAT-0001419,ONGC,"VALVE, GATE, 1/2 INCH, CLASS 300, ASTM A105, API 600, RF FACING",CAN-001017,DEPOT-ONGC-HZR,"Hazira Gas Processing Plant, Gujarat",41,16130,191,GATE_VALVE,15.0,300,ASTM A105,RF,API 600
ONGC-MAT-0001420,ONGC,"FLANGE, WELDING NECK, 1 INCH, CLASS 900, ASTM A105, ASME B16.5, RF FACING",CAN-000065,DEPOT-ONGC-URN,"Uran Plant, Maharashtra",41,9220,21,FLANGE_WELD_NECK,25.0,900,ASTM A105,RF,ASME B16.5
ONGC-MAT-0001421,ONGC,"FLANGE, WELDING NECK, 1 INCH, CLASS 300, ASTM A350 LF2, ASME B16.5, RF FACING",CAN-000051,DEPOT-ONGC-RJM,"Rajahmundry Asset, Andhra Pradesh",0,6120,0,FLANGE_WELD_NECK,25.0,300,ASTM A350 LF2,RF,ASME B16.5
ONGC-MAT-0001422,ONGC,"VALVE, BALL, 10 INCH, CLASS 900, ASTM A182 F316, API 6D, RF FACING",CAN-001775,DEPOT-ONGC-RJM,"Rajahmundry Asset, Andhra Pradesh",142,5889700,477,BALL_VALVE,250.0,900,ASTM A182 F316,RF,API 6D
ONGC-MAT-0001423,ONGC,"VALVE, GATE, 1/2 INCH, CLASS 900, ASTM A105, API 600, BW FACING",CAN-001043,DEPOT-ONGC-HZR,"Hazira Gas Processing Plant, Gujarat",6,38840,24,GATE_VALVE,15.0,900,ASTM A105,BW,API 600
ONGC-MAT-0001424,ONGC,"FLANGE, SLIP-ON, 3 INCH, CLASS 600, ASTM A182 F304, ASME B16.5, RF FACING",CAN-000835,DEPOT-ONGC-URN,"Uran Plant, Maharashtra",60,52800,203,FLANGE_SLIP_ON,80.0,600,ASTM A182 F304,RF,ASME B16.5
ONGC-MAT-0001425,ONGC,"VALVE, GATE, 1/2 INCH, CLASS 900, ASTM A216 WCB, API 6D, RF FACING",CAN-001038,DEPOT-ONGC-URN,"Uran Plant, Maharashtra",21,38840,85,GATE_VALVE,15.0,900,ASTM A216 WCB,RF,API 6D
ONGC-MAT-0001426,ONGC,"FLANGE, WELDING NECK, 12 INCH, CLASS 150, ASTM A182 F304, ASME B16.5, RTJ FACING",CAN-000366,DEPOT-ONGC-ANK,"Ankleshwar Asset, Gujarat",36,133520,19,FLANGE_WELD_NECK,300.0,150,ASTM A182 F304,RTJ,ASME B16.5
ONGC-MAT-0001427,ONGC,"VALVE, GLOBE, 1 INCH, CLASS 300, ASTM A105, BS 1873, RF FACING",CAN-001827,DEPOT-ONGC-ANK,"Ankleshwar Asset, Gujarat",141,41780,580,GLOBE_VALVE,25.0,300,ASTM A105,RF,BS 1873
ONGC-MAT-0001428,ONGC,"FLANGE, WELDING NECK, 1/2 INCH, CLASS 300, ASTM A105, ASME B16.5, RF FACING",CAN-000009,DEPOT-ONGC-ANK,"Ankleshwar Asset, Gujarat",0,1970,0,FLANGE_WELD_NECK,15.0,300,ASTM A105,RF,ASME B16.5
ONGC-MAT-0001429,ONGC,"FLANGE, WELDING NECK, 4 INCH, CLASS 300, ASTM A105, ASME B16.5, RTJ FACING",CAN-000210,DEPOT-ONGC-MBO,"Mumbai Offshore Logistics Base, Maharashtra",50,23220,29,FLANGE_WELD_NECK,100.0,300,ASTM A105,RTJ,ASME B16.5
ONGC-MAT-0001430,ONGC,"VALVE, GATE, 1.5 INCH, CLASS 1500, ASTM A182 F316, API 6D, BW FACING",CAN-001180,DEPOT-ONGC-ANK,"Ankleshwar Asset, Gujarat",137,669540,335,GATE_VALVE,40.0,1500,ASTM A182 F316,BW,API 6D
ONGC-MAT-0001431,ONGC,"FLANGE, SLIP-ON, 8 INCH, CLASS 900, ASTM A182 F304, ASME B16.5, FF FACING",CAN-000932,DEPOT-ONGC-URN,"Uran Plant, Maharashtra",0,240360,0,FLANGE_SLIP_ON,200.0,900,ASTM A182 F304,FF,ASME B16.5
ONGC-MAT-0001432,ONGC,"VALVE, GATE, 1 INCH, CLASS 150, ASTM A216 WCB, API 600, RF FACING",CAN-001061,DEPOT-ONGC-MBO,"Mumbai Offshore Logistics Base, Maharashtra",73,18000,300,GATE_VALVE,25.0,150,ASTM A216 WCB,RF,API 600
ONGC-MAT-0001433,ONGC,"VALVE, GATE, 2 INCH, CLASS 900, ASTM A216 WCB, API 600, BW FACING",CAN-001219,DEPOT-ONGC-MBO,"Mumbai Offshore Logistics Base, Maharashtra",0,185830,0,GATE_VALVE,50.0,900,ASTM A216 WCB,BW,API 600
ONGC-MAT-0001434,ONGC,"VALVE, GATE, 12 INCH, CLASS 600, ASTM A216 WCB, API 6D, RF FACING",CAN-001566,DEPOT-ONGC-URN,"Uran Plant, Maharashtra",46,1379920,74,GATE_VALVE,300.0,600,ASTM A216 WCB,RF,API 6D
ONGC-MAT-0001435,ONGC,"VALVE, GATE, 2 INCH, CLASS 900, ASTM A105, API 6D, BW FACING",CAN-001224,DEPOT-ONGC-HZR,"Hazira Gas Processing Plant, Gujarat",0,185830,0,GATE_VALVE,50.0,900,ASTM A105,BW,API 6D
ONGC-MAT-0001436,ONGC,"FLANGE, WELDING NECK, 8 INCH, CLASS 900, ASTM A350 LF2, ASME B16.5, RTJ FACING",CAN-000308,DEPOT-ONGC-HZR,"Hazira Gas Processing Plant, Gujarat",49,220330,106,FLANGE_WELD_NECK,200.0,900,ASTM A350 LF2,RTJ,ASME B16.5
ONGC-MAT-0001437,ONGC,"VALVE, BALL, 1/2 INCH, CLASS 600, ASTM A182 F316, API 6D, RF FACING",CAN-001611,DEPOT-ONGC-MBO,"Mumbai Offshore Logistics Base, Maharashtra",27,109850,372,BALL_VALVE,15.0,600,ASTM A182 F316,RF,API 6D
ONGC-MAT-0001438,ONGC,"VALVE, GATE, 3 INCH, CLASS 300, ASTM A182 F316, API 600, BW FACING",CAN-001263,DEPOT-ONGC-RJM,"Rajahmundry Asset, Andhra Pradesh",18,454920,17,GATE_VALVE,80.0,300,ASTM A182 F316,BW,API 600
ONGC-MAT-0001439,ONGC,"FLANGE, WELDING NECK, 6 INCH, CLASS 600, ASTM A350 LF2, ASME B16.5, RTJ FACING",CAN-000260,DEPOT-ONGC-MBO,"Mumbai Offshore Logistics Base, Maharashtra",34,109590,12,FLANGE_WELD_NECK,150.0,600,ASTM A350 LF2,RTJ,ASME B16.5
ONGC-MAT-0001440,ONGC,"STUD BOLT WITH NUTS, 4 INCH, CLASS 600, ASTM A193 B7 / A194 2H, ASME B18.2.1, THRD FACING",CAN-002155,DEPOT-ONGC-HZR,"Hazira Gas Processing Plant, Gujarat",43,6430,45,STUD_BOLT,100.0,600,ASTM A193 B7 / A194 2H,THRD,ASME B18.2.1
ONGC-MAT-0001441,ONGC,"STUD BOLT WITH NUTS, 4 INCH, CLASS 300, ASTM A320 L7 / A194 7, ASME B18.2.1, THRD FACING",CAN-002154,DEPOT-ONGC-MBO,"Mumbai Offshore Logistics Base, Maharashtra",121,5910,586,STUD_BOLT,100.0,300,ASTM A320 L7 / A194 7,THRD,ASME B18.2.1
ONGC-MAT-0001442,ONGC,"FLANGE, SLIP-ON, 4 INCH, CLASS 1500, ASTM A182 F304, ASME B16.5, RF FACING",CAN-000877,DEPOT-ONGC-RJM,"Rajahmundry Asset, Andhra Pradesh",0,146890,0,FLANGE_SLIP_ON,100.0,1500,ASTM A182 F304,RF,ASME B16.5
ONGC-MAT-0001443,ONGC,"FLANGE, BLIND, 1 INCH, CLASS 150, ASTM A350 LF2, ASME B16.5, RF FACING",CAN-000433,DEPOT-ONGC-URN,"Uran Plant, Maharashtra",83,2880,403,FLANGE_BLIND,25.0,150,ASTM A350 LF2,RF,ASME B16.5
ONGC-MAT-0001444,ONGC,"VALVE, BALL, 3 INCH, CLASS 600, ASTM A182 F316, API 6D, RF FACING",CAN-001691,DEPOT-ONGC-MBO,"Mumbai Offshore Logistics Base, Maharashtra",0,968080,0,BALL_VALVE,80.0,600,ASTM A182 F316,RF,API 6D
ONGC-MAT-0001445,ONGC,"VALVE, BALL, 6 INCH, CLASS 150, ASTM A182 F316, API 6D, RF FACING",CAN-001723,DEPOT-ONGC-MBO,"Mumbai Offshore Logistics Base, Maharashtra",0,723050,0,BALL_VALVE,150.0,150,ASTM A182 F316,RF,API 6D
ONGC-MAT-0001446,ONGC,"FLANGE, SLIP-ON, 12 INCH, CLASS 150, ASTM A182 F304, ASME B16.5, RF FACING",CAN-000973,DEPOT-ONGC-ANK,"Ankleshwar Asset, Gujarat",5,97110,110,FLANGE_SLIP_ON,300.0,150,ASTM A182 F304,RF,ASME B16.5
ONGC-MAT-0001447,ONGC,"FLANGE, BLIND, 1/2 INCH, CLASS 150, ASTM A182 F316, ASME B16.5, RF FACING",CAN-000405,DEPOT-ONGC-HZR,"Hazira Gas Processing Plant, Gujarat",9,2960,45,FLANGE_BLIND,15.0,150,ASTM A182 F316,RF,ASME B16.5
ONGC-MAT-0001448,ONGC,"VALVE, GATE, 6 INCH, CLASS 1500, ASTM A105, API 6D, RF FACING",CAN-001414,DEPOT-ONGC-HZR,"Hazira Gas Processing Plant, Gujarat",17,1166450,41,GATE_VALVE,150.0,1500,ASTM A105,RF,API 6D
ONGC-MAT-0001449,ONGC,"VALVE, GLOBE, 1.5 INCH, CLASS 300, ASTM A216 WCB, BS 1873, RF FACING",CAN-001845,DEPOT-ONGC-URN,"Uran Plant, Maharashtra",0,76980,0,GLOBE_VALVE,40.0,300,ASTM A216 WCB,RF,BS 1873
ONGC-MAT-0001450,ONGC,"VALVE, BALL, 1.5 INCH, CLASS 300, ASTM A182 F316, API 6D, BW FACING",CAN-001648,DEPOT-ONGC-URN,"Uran Plant, Maharashtra",123,225810,525,BALL_VALVE,40.0,300,ASTM A182 F316,BW,API 6D
ONGC-MAT-0001451,ONGC,"STUD BOLT WITH NUTS, 10 INCH, CLASS 150, ASTM A320 L7 / A194 7, ASME B18.2.1, THRD FACING",CAN-002182,DEPOT-ONGC-RJM,"Rajahmundry Asset, Andhra Pradesh",95,11170,472,STUD_BOLT,250.0,150,ASTM A320 L7 / A194 7,THRD,ASME B18.2.1
ONGC-MAT-0001452,ONGC,"VALVE, GATE, 6 INCH, CLASS 600, ASTM A182 F316, API 600, RF FACING",CAN-001393,DEPOT-ONGC-RJM,"Rajahmundry Asset, Andhra Pradesh",40,1793350,34,GATE_VALVE,150.0,600,ASTM A182 F316,RF,API 600
ONGC-MAT-0001453,ONGC,"FLANGE, SLIP-ON, 4 INCH, CLASS 150, ASTM A182 F316, ASME B16.5, RF FACING",CAN-000855,DEPOT-ONGC-RJM,"Rajahmundry Asset, Andhra Pradesh",63,31040,429,FLANGE_SLIP_ON,100.0,150,ASTM A182 F316,RF,ASME B16.5
ONGC-MAT-0001454,ONGC,"VALVE, GATE, 12 INCH, CLASS 150, ASTM A105, API 6D, RF FACING",CAN-001546,DEPOT-ONGC-MBO,"Mumbai Offshore Logistics Base, Maharashtra",5,455200,117,GATE_VALVE,300.0,150,ASTM A105,RF,API 6D
ONGC-MAT-0001455,ONGC,"FLANGE, SLIP-ON, 1 INCH, CLASS 1500, ASTM A182 F304, ASME B16.5, FF FACING",CAN-000758,DEPOT-ONGC-RJM,"Rajahmundry Asset, Andhra Pradesh",14,24220,77,FLANGE_SLIP_ON,25.0,1500,ASTM A182 F304,FF,ASME B16.5
ONGC-MAT-0001456,ONGC,"FLANGE, SLIP-ON, 6 INCH, CLASS 600, ASTM A105, ASME B16.5, RF FACING",CAN-000893,DEPOT-ONGC-ANK,"Ankleshwar Asset, Gujarat",56,49810,562,FLANGE_SLIP_ON,150.0,600,ASTM A105,RF,ASME B16.5
ONGC-MAT-0001457,ONGC,"GASKET, SPIRAL WOUND, 1 INCH, CLASS 900, SS304 / GRAPHITE, ASME B16.20, RF FACING",CAN-002018,DEPOT-ONGC-RJM,"Rajahmundry Asset, Andhra Pradesh",90,6540,544,SPIRAL_WOUND_GASKET,25.0,900,SS304 / GRAPHITE,RF,ASME B16.20
ONGC-MAT-0001458,ONGC,"FLANGE, BLIND, 1/2 INCH, CLASS 900, ASTM A350 LF2, ASME B16.5, RF FACING",CAN-000421,DEPOT-ONGC-ANK,"Ankleshwar Asset, Gujarat",48,6210,396,FLANGE_BLIND,15.0,900,ASTM A350 LF2,RF,ASME B16.5
ONGC-MAT-0001459,ONGC,"FLANGE, WELDING NECK, 4 INCH, CLASS 1500, ASTM A182 F316, ASME B16.5, RTJ FACING",CAN-000240,DEPOT-ONGC-RJM,"Rajahmundry Asset, Andhra Pradesh",127,269300,204,FLANGE_WELD_NECK,100.0,1500,ASTM A182 F316,RTJ,ASME B16.5
ONGC-MAT-0001460,ONGC,"FLANGE, WELDING NECK, 8 INCH, CLASS 900, ASTM A105, ASME B16.5, RTJ FACING",CAN-000306,DEPOT-ONGC-URN,"Uran Plant, Maharashtra",62,137700,420,FLANGE_WELD_NECK,200.0,900,ASTM A105,RTJ,ASME B16.5
ONGC-MAT-0001461,ONGC,"GASKET, SPIRAL WOUND, 3 INCH, CLASS 900, SS304 / GRAPHITE, ASME B16.20, RF FACING",CAN-002048,DEPOT-ONGC-MBO,"Mumbai Offshore Logistics Base, Maharashtra",40,29670,36,SPIRAL_WOUND_GASKET,80.0,900,SS304 / GRAPHITE,RF,ASME B16.20
ONGC-MAT-0001462,ONGC,"VALVE, GLOBE, 3 INCH, CLASS 900, ASTM A216 WCB, ASME B16.34, RF FACING",CAN-001894,DEPOT-ONGC-RJM,"Rajahmundry Asset, Andhra Pradesh",70,456480,585,GLOBE_VALVE,80.0,900,ASTM A216 WCB,RF,ASME B16.34
ONGC-MAT-0001463,ONGC,"VALVE, GATE, 3 INCH, CLASS 1500, ASTM A105, API 600, BW FACING",CAN-001295,DEPOT-ONGC-RJM,"Rajahmundry Asset, Andhra Pradesh",69,515190,328,GATE_VALVE,80.0,1500,ASTM A105,BW,API 600
ONGC-MAT-0001464,ONGC,"VALVE, GLOBE, 10 INCH, CLASS 1500, ASTM A105, BS 1873, RF FACING",CAN-001979,DEPOT-ONGC-URN,"Uran Plant, Maharashtra",7,3021420,43,GLOBE_VALVE,250.0,1500,ASTM A105,RF,BS 1873
ONGC-MAT-0001465,ONGC,"FLANGE, WELDING NECK, 1/2 INCH, CLASS 900, ASTM A105, ASME B16.5, RF FACING",CAN-000025,DEPOT-ONGC-URN,"Uran Plant, Maharashtra",33,4740,56,FLANGE_WELD_NECK,15.0,900,ASTM A105,RF,ASME B16.5
ONGC-MAT-0001466,ONGC,"FLANGE, SLIP-ON, 4 INCH, CLASS 900, ASTM A105, ASME B16.5, FF FACING",CAN-000870,DEPOT-ONGC-RJM,"Rajahmundry Asset, Andhra Pradesh",31,40670,112,FLANGE_SLIP_ON,100.0,900,ASTM A105,FF,ASME B16.5
ONGC-MAT-0001467,ONGC,"VALVE, GATE, 3 INCH, CLASS 300, ASTM A105, API 6D, BW FACING",CAN-001260,DEPOT-ONGC-ANK,"Ankleshwar Asset, Gujarat",35,142160,101,GATE_VALVE,80.0,300,ASTM A105,BW,API 6D
ONGC-MAT-0001468,ONGC,"VALVE, GATE, 1 INCH, CLASS 1500, ASTM A105, API 600, RF FACING",CAN-001113,DEPOT-ONGC-ANK,"Ankleshwar Asset, Gujarat",0,113570,0,GATE_VALVE,25.0,1500,ASTM A105,RF,API 600
ONGC-MAT-0001469,ONGC,"VALVE, GATE, 8 INCH, CLASS 900, ASTM A105, API 600, BW FACING",CAN-001463,DEPOT-ONGC-URN,"Uran Plant, Maharashtra",10,1126700,26,GATE_VALVE,200.0,900,ASTM A105,BW,API 600
ONGC-MAT-0001470,ONGC,"STUD BOLT WITH NUTS, 10 INCH, CLASS 600, ASTM A320 L7 / A194 7, ASME B18.2.1, THRD FACING",CAN-002186,DEPOT-ONGC-HZR,"Hazira Gas Processing Plant, Gujarat",11,33870,68,STUD_BOLT,250.0,600,ASTM A320 L7 / A194 7,THRD,ASME B18.2.1
ONGC-MAT-0001471,ONGC,"FLANGE, WELDING NECK, 6 INCH, CLASS 150, ASTM A105, ASME B16.5, RTJ FACING",CAN-000242,DEPOT-ONGC-ANK,"Ankleshwar Asset, Gujarat",15,22590,83,FLANGE_WELD_NECK,150.0,150,ASTM A105,RTJ,ASME B16.5
ONGC-MAT-0001472,ONGC,"VALVE, GATE, 6 INCH, CLASS 1500, ASTM A105, API 600, RF FACING",CAN-001413,DEPOT-ONGC-MBO,"Mumbai Offshore Logistics Base, Maharashtra",7,1166450,25,GATE_VALVE,150.0,1500,ASTM A105,RF,API 600
ONGC-MAT-0001473,ONGC,"VALVE, GATE, 12 INCH, CLASS 150, ASTM A105, API 6D, RF FACING",CAN-001546,DEPOT-ONGC-ANK,"Ankleshwar Asset, Gujarat",24,455200,10,GATE_VALVE,300.0,150,ASTM A105,RF,API 6D
ONGC-MAT-0001474,ONGC,"FLANGE, SLIP-ON, 3 INCH, CLASS 900, ASTM A182 F316, ASME B16.5, FF FACING",CAN-000844,DEPOT-ONGC-RJM,"Rajahmundry Asset, Andhra Pradesh",0,97380,0,FLANGE_SLIP_ON,80.0,900,ASTM A182 F316,FF,ASME B16.5
ONGC-MAT-0001475,ONGC,"FLANGE, BLIND, 10 INCH, CLASS 150, ASTM A350 LF2, ASME B16.5, RF FACING",CAN-000643,DEPOT-ONGC-ANK,"Ankleshwar Asset, Gujarat",10,57460,57,FLANGE_BLIND,250.0,150,ASTM A350 LF2,RF,ASME B16.5
ONGC-MAT-0001476,ONGC,"VALVE, GATE, 1/2 INCH, CLASS 300, ASTM A216 WCB, API 600, RF FACING",CAN-001013,DEPOT-ONGC-MBO,"Mumbai Offshore Logistics Base, Maharashtra",0,16130,0,GATE_VALVE,15.0,300,ASTM A216 WCB,RF,API 600
ONGC-MAT-0001477,ONGC,"VALVE, GATE, 6 INCH, CLASS 150, ASTM A105, API 600, RF FACING",CAN-001365,DEPOT-ONGC-HZR,"Hazira Gas Processing Plant, Gujarat",74,184870,568,GATE_VALVE,150.0,150,ASTM A105,RF,API 600
ONGC-MAT-0001478,ONGC,"FLANGE, SLIP-ON, 12 INCH, CLASS 900, ASTM A182 F316, ASME B16.5, FF FACING",CAN-000994,DEPOT-ONGC-HZR,"Hazira Gas Processing Plant, Gujarat",0,542900,0,FLANGE_SLIP_ON,300.0,900,ASTM A182 F316,FF,ASME B16.5
ONGC-MAT-0001479,ONGC,"VALVE, GATE, 8 INCH, CLASS 1500, ASTM A182 F316, API 600, BW FACING",CAN-001479,DEPOT-ONGC-RJM,"Rajahmundry Asset, Andhra Pradesh",11,5425490,49,GATE_VALVE,200.0,1500,ASTM A182 F316,BW,API 600
ONGC-MAT-0001480,ONGC,"FLANGE, SLIP-ON, 6 INCH, CLASS 1500, ASTM A105, ASME B16.5, FF FACING",CAN-000906,DEPOT-ONGC-MBO,"Mumbai Offshore Logistics Base, Maharashtra",70,103680,564,FLANGE_SLIP_ON,150.0,1500,ASTM A105,FF,ASME B16.5
ONGC-MAT-0001481,ONGC,"VALVE, GLOBE, 8 INCH, CLASS 900, ASTM A105, ASME B16.34, RF FACING",CAN-001956,DEPOT-ONGC-HZR,"Hazira Gas Processing Plant, Gujarat",0,1502270,0,GLOBE_VALVE,200.0,900,ASTM A105,RF,ASME B16.34
ONGC-MAT-0001482,ONGC,"FLANGE, BLIND, 2 INCH, CLASS 150, ASTM A350 LF2, ASME B16.5, RTJ FACING",CAN-000494,DEPOT-ONGC-RJM,"Rajahmundry Asset, Andhra Pradesh",0,7090,0,FLANGE_BLIND,50.0,150,ASTM A350 LF2,RTJ,ASME B16.5
ONGC-MAT-0001483,ONGC,"FLANGE, SLIP-ON, 1/2 INCH, CLASS 900, ASTM A182 F316, ASME B16.5, FF FACING",CAN-000724,DEPOT-ONGC-HZR,"Hazira Gas Processing Plant, Gujarat",107,11050,527,FLANGE_SLIP_ON,15.0,900,ASTM A182 F316,FF,ASME B16.5
ONGC-MAT-0001484,ONGC,"VALVE, GATE, 4 INCH, CLASS 300, ASTM A182 F316, API 600, RF FACING",CAN-001321,DEPOT-ONGC-ANK,"Ankleshwar Asset, Gujarat",27,608020,43,GATE_VALVE,100.0,300,ASTM A182 F316,RF,API 600
ONGC-MAT-0001485,ONGC,"FLANGE, WELDING NECK, 1 INCH, CLASS 1500, ASTM A105, ASME B16.5, RF FACING",CAN-000073,DEPOT-ONGC-URN,"Uran Plant, Maharashtra",148,13880,432,FLANGE_WELD_NECK,25.0,1500,ASTM A105,RF,ASME B16.5
ONGC-MAT-0001486,ONGC,"STUD BOLT WITH NUTS, 1/2 INCH, CLASS 300, ASTM A320 L7 / A194 7, ASME B18.2.1, THRD FACING",CAN-002104,DEPOT-ONGC-MBO,"Mumbai Offshore Logistics Base, Maharashtra",21,500,118,STUD_BOLT,15.0,300,ASTM A320 L7 / A194 7,THRD,ASME B18.2.1
ONGC-MAT-0001487,ONGC,"FLANGE, WELDING NECK, 4 INCH, CLASS 1500, ASTM A182 F304, ASME B16.5, RF FACING",CAN-000237,DEPOT-ONGC-URN,"Uran Plant, Maharashtra",10,201980,44,FLANGE_WELD_NECK,100.0,1500,ASTM A182 F304,RF,ASME B16.5
ONGC-MAT-0001488,ONGC,"FLANGE, SLIP-ON, 1.5 INCH, CLASS 300, ASTM A182 F304, ASME B16.5, FF FACING",CAN-000770,DEPOT-ONGC-HZR,"Hazira Gas Processing Plant, Gujarat",0,12310,0,FLANGE_SLIP_ON,40.0,300,ASTM A182 F304,FF,ASME B16.5
ONGC-MAT-0001489,ONGC,"VALVE, BALL, 4 INCH, CLASS 150, ASTM A216 WCB, API 6D, BW FACING",CAN-001702,DEPOT-ONGC-ANK,"Ankleshwar Asset, Gujarat",25,133380,45,BALL_VALVE,100.0,150,ASTM A216 WCB,BW,API 6D
ONGC-MAT-0001490,ONGC,"FLANGE, WELDING NECK, 1 INCH, CLASS 600, ASTM A182 F304, ASME B16.5, RF FACING",CAN-000061,DEPOT-ONGC-ANK,"Ankleshwar Asset, Gujarat",110,16000,600,FLANGE_WELD_NECK,25.0,600,ASTM A182 F304,RF,ASME B16.5
ONGC-MAT-0001491,ONGC,"FLANGE, SLIP-ON, 6 INCH, CLASS 150, ASTM A182 F304, ASME B16.5, RF FACING",CAN-000883,DEPOT-ONGC-MBO,"Mumbai Offshore Logistics Base, Maharashtra",0,39430,0,FLANGE_SLIP_ON,150.0,150,ASTM A182 F304,RF,ASME B16.5
ONGC-MAT-0001492,ONGC,"VALVE, GATE, 12 INCH, CLASS 900, ASTM A105, API 600, RF FACING",CAN-001581,DEPOT-ONGC-URN,"Uran Plant, Maharashtra",42,1908660,274,GATE_VALVE,300.0,900,ASTM A105,RF,API 600
ONGC-MAT-0001493,ONGC,"VALVE, GATE, 3 INCH, CLASS 150, ASTM A182 F316, API 600, RF FACING",CAN-001249,DEPOT-ONGC-RJM,"Rajahmundry Asset, Andhra Pradesh",55,261280,335,GATE_VALVE,80.0,150,ASTM A182 F316,RF,API 600
ONGC-MAT-0001494,ONGC,"FLANGE, BLIND, 6 INCH, CLASS 900, ASTM A105, ASME B16.5, RF FACING",CAN-000599,DEPOT-ONGC-MBO,"Mumbai Offshore Logistics Base, Maharashtra",76,77510,715,FLANGE_BLIND,150.0,900,ASTM A105,RF,ASME B16.5
ONGC-MAT-0001495,ONGC,"VALVE, GATE, 3 INCH, CLASS 900, ASTM A182 F316, API 6D, BW FACING",CAN-001288,DEPOT-ONGC-MBO,"Mumbai Offshore Logistics Base, Maharashtra",140,1095560,453,GATE_VALVE,80.0,900,ASTM A182 F316,BW,API 6D
ONGC-MAT-0001496,ONGC,"VALVE, BALL, 2 INCH, CLASS 900, ASTM A182 F316, API 6D, BW FACING",CAN-001676,DEPOT-ONGC-URN,"Uran Plant, Maharashtra",46,726820,119,BALL_VALVE,50.0,900,ASTM A182 F316,BW,API 6D
ONGC-MAT-0001497,ONGC,"FLANGE, WELDING NECK, 3 INCH, CLASS 600, ASTM A350 LF2, ASME B16.5, RF FACING",CAN-000179,DEPOT-ONGC-MBO,"Mumbai Offshore Logistics Base, Maharashtra",73,48400,579,FLANGE_WELD_NECK,80.0,600,ASTM A350 LF2,RF,ASME B16.5
ONGC-MAT-0001498,ONGC,"FLANGE, BLIND, 2 INCH, CLASS 300, ASTM A350 LF2, ASME B16.5, RF FACING",CAN-000499,DEPOT-ONGC-RJM,"Rajahmundry Asset, Andhra Pradesh",0,12340,0,FLANGE_BLIND,50.0,300,ASTM A350 LF2,RF,ASME B16.5
ONGC-MAT-0001499,ONGC,"FLANGE, BLIND, 6 INCH, CLASS 900, ASTM A105, ASME B16.5, RF FACING",CAN-000599,DEPOT-ONGC-ANK,"Ankleshwar Asset, Gujarat",8,77510,84,FLANGE_BLIND,150.0,900,ASTM A105,RF,ASME B16.5
ONGC-MAT-0001500,ONGC,"FLANGE, BLIND, 6 INCH, CLASS 900, ASTM A105, ASME B16.5, RF FACING",CAN-000599,DEPOT-ONGC-ANK,"Ankleshwar Asset, Gujarat",135,77510,201,FLANGE_BLIND,150.0,900,ASTM A105,RF,ASME B16.5
ONGC-MAT-0001501,ONGC,"VALVE, GATE, 1/2 INCH, CLASS 900, ASTM A182 F316, API 6D, BW FACING",CAN-001048,DEPOT-ONGC-RJM,"Rajahmundry Asset, Andhra Pradesh",0,124310,0,GATE_VALVE,15.0,900,ASTM A182 F316,BW,API 6D
ONGC-MAT-0001502,ONGC,"VALVE, GATE, 8 INCH, CLASS 900, ASTM A182 F316, API 600, RF FACING",CAN-001465,DEPOT-ONGC-HZR,"Hazira Gas Processing Plant, Gujarat",41,3605450,596,GATE_VALVE,200.0,900,ASTM A182 F316,RF,API 600
ONGC-MAT-0001503,ONGC,"VALVE, GLOBE, 1 INCH, CLASS 900, ASTM A216 WCB, ASME B16.34, RF FACING",CAN-001834,DEPOT-ONGC-ANK,"Ankleshwar Asset, Gujarat",0,100630,0,GLOBE_VALVE,25.0,900,ASTM A216 WCB,RF,ASME B16.34
ONGC-MAT-0001504,ONGC,"VALVE, GATE, 8 INCH, CLASS 600, ASTM A216 WCB, API 600, RF FACING",CAN-001445,DEPOT-ONGC-HZR,"Hazira Gas Processing Plant, Gujarat",0,814580,0,GATE_VALVE,200.0,600,ASTM A216 WCB,RF,API 600
ONGC-MAT-0001505,ONGC,"FLANGE, BLIND, 1 INCH, CLASS 900, ASTM A350 LF2, ASME B16.5, RTJ FACING",CAN-000452,DEPOT-ONGC-MBO,"Mumbai Offshore Logistics Base, Maharashtra",86,12070,199,FLANGE_BLIND,25.0,900,ASTM A350 LF2,RTJ,ASME B16.5
ONGC-MAT-0001506,ONGC,"VALVE, GATE, 10 INCH, CLASS 600, ASTM A105, API 600, RF FACING",CAN-001509,DEPOT-ONGC-URN,"Uran Plant, Maharashtra",38,1088730,90,GATE_VALVE,250.0,600,ASTM A105,RF,API 600
ONGC-MAT-0001507,ONGC,"VALVE, GATE, 1.5 INCH, CLASS 1500, ASTM A105, API 6D, RF FACING",CAN-001174,DEPOT-ONGC-ANK,"Ankleshwar Asset, Gujarat",17,209230,105,GATE_VALVE,40.0,1500,ASTM A105,RF,API 6D
ONGC-MAT-0001508,ONGC,"FLANGE, WELDING NECK, 4 INCH, CLASS 600, ASTM A182 F304, ASME B16.5, RF FACING",CAN-000221,DEPOT-ONGC-MBO,"Mumbai Offshore Logistics Base, Maharashtra",28,97040,195,FLANGE_WELD_NECK,100.0,600,ASTM A182 F304,RF,ASME B16.5
ONGC-MAT-0001509,ONGC,"FLANGE, WELDING NECK, 1.5 INCH, CLASS 600, ASTM A182 F304, ASME B16.5, RF FACING",CAN-000101,DEPOT-ONGC-MBO,"Mumbai Offshore Logistics Base, Maharashtra",0,29480,0,FLANGE_WELD_NECK,40.0,600,ASTM A182 F304,RF,ASME B16.5
ONGC-MAT-0001510,ONGC,"VALVE, GATE, 2 INCH, CLASS 1500, ASTM A182 F316, API 6D, BW FACING",CAN-001240,DEPOT-ONGC-MBO,"Mumbai Offshore Logistics Base, Maharashtra",104,894870,523,GATE_VALVE,50.0,1500,ASTM A182 F316,BW,API 6D
ONGC-MAT-0001511,ONGC,"VALVE, BALL, 8 INCH, CLASS 900, ASTM A216 WCB, API 6D, BW FACING",CAN-001754,DEPOT-ONGC-HZR,"Hazira Gas Processing Plant, Gujarat",16,1377080,86,BALL_VALVE,200.0,900,ASTM A216 WCB,BW,API 6D
ONGC-MAT-0001512,ONGC,"FLANGE, BLIND, 6 INCH, CLASS 150, ASTM A350 LF2, ASME B16.5, RTJ FACING",CAN-000584,DEPOT-ONGC-ANK,"Ankleshwar Asset, Gujarat",44,29570,105,FLANGE_BLIND,150.0,150,ASTM A350 LF2,RTJ,ASME B16.5
ONGC-MAT-0001513,ONGC,"VALVE, BALL, 1/2 INCH, CLASS 150, ASTM A182 F316, API 6D, RF FACING",CAN-001603,DEPOT-ONGC-MBO,"Mumbai Offshore Logistics Base, Maharashtra",26,36230,47,BALL_VALVE,15.0,150,ASTM A182 F316,RF,API 6D
ONGC-MAT-0001514,ONGC,"STUD BOLT WITH NUTS, 1/2 INCH, CLASS 150, ASTM A320 L7 / A194 7, ASME B18.2.1, THRD FACING",CAN-002102,DEPOT-ONGC-URN,"Uran Plant, Maharashtra",141,280,542,STUD_BOLT,15.0,150,ASTM A320 L7 / A194 7,THRD,ASME B18.2.1
ONGC-MAT-0001515,ONGC,"VALVE, GLOBE, 4 INCH, CLASS 150, ASTM A105, BS 1873, RF FACING",CAN-001903,DEPOT-ONGC-MBO,"Mumbai Offshore Logistics Base, Maharashtra",0,145500,0,GLOBE_VALVE,100.0,150,ASTM A105,RF,BS 1873
ONGC-MAT-0001516,ONGC,"VALVE, GATE, 1 INCH, CLASS 600, ASTM A216 WCB, API 6D, RF FACING",CAN-001086,DEPOT-ONGC-ANK,"Ankleshwar Asset, Gujarat",0,54560,0,GATE_VALVE,25.0,600,ASTM A216 WCB,RF,API 6D
ONGC-MAT-0001517,ONGC,"FLANGE, BLIND, 1.5 INCH, CLASS 600, ASTM A182 F316, ASME B16.5, RF FACING",CAN-000477,DEPOT-ONGC-HZR,"Hazira Gas Processing Plant, Gujarat",48,32160,604,FLANGE_BLIND,40.0,600,ASTM A182 F316,RF,ASME B16.5
ONGC-MAT-0001518,ONGC,"FLANGE, WELDING NECK, 3 INCH, CLASS 150, ASTM A350 LF2, ASME B16.5, RF FACING",CAN-000163,DEPOT-ONGC-HZR,"Hazira Gas Processing Plant, Gujarat",33,15960,36,FLANGE_WELD_NECK,80.0,150,ASTM A350 LF2,RF,ASME B16.5
ONGC-MAT-0001519,ONGC,"FLANGE, BLIND, 4 INCH, CLASS 150, ASTM A350 LF2, ASME B16.5, RF FACING",CAN-000553,DEPOT-ONGC-ANK,"Ankleshwar Asset, Gujarat",42,17460,94,FLANGE_BLIND,100.0,150,ASTM A350 LF2,RF,ASME B16.5
ONGC-MAT-0001520,ONGC,"VALVE, GATE, 2 INCH, CLASS 300, ASTM A105, API 6D, RF FACING",CAN-001198,DEPOT-ONGC-ANK,"Ankleshwar Asset, Gujarat",25,77160,84,GATE_VALVE,50.0,300,ASTM A105,RF,API 6D
ONGC-MAT-0001521,ONGC,"FLANGE, WELDING NECK, 4 INCH, CLASS 900, ASTM A182 F304, ASME B16.5, RF FACING",CAN-000229,DEPOT-ONGC-URN,"Uran Plant, Maharashtra",0,134220,0,FLANGE_WELD_NECK,100.0,900,ASTM A182 F304,RF,ASME B16.5
ONGC-MAT-0001522,ONGC,"FLANGE, WELDING NECK, 1/2 INCH, CLASS 600, ASTM A182 F316, ASME B16.5, RF FACING",CAN-000023,DEPOT-ONGC-HZR,"Hazira Gas Processing Plant, Gujarat",74,10980,744,FLANGE_WELD_NECK,15.0,600,ASTM A182 F316,RF,ASME B16.5
ONGC-MAT-0001523,ONGC,"FLANGE, BLIND, 8 INCH, CLASS 600, ASTM A105, ASME B16.5, RF FACING",CAN-000623,DEPOT-ONGC-URN,"Uran Plant, Maharashtra",128,81450,465,FLANGE_BLIND,200.0,600,ASTM A105,RF,ASME B16.5
ONGC-MAT-0001524,ONGC,"VALVE, GATE, 8 INCH, CLASS 300, ASTM A105, API 6D, BW FACING",CAN-001440,DEPOT-ONGC-RJM,"Rajahmundry Asset, Andhra Pradesh",50,467850,21,GATE_VALVE,200.0,300,ASTM A105,BW,API 6D
ONGC-MAT-0001525,ONGC,"VALVE, GATE, 3 INCH, CLASS 1500, ASTM A182 F316, API 600, BW FACING",CAN-001299,DEPOT-ONGC-HZR,"Hazira Gas Processing Plant, Gujarat",0,1648600,0,GATE_VALVE,80.0,1500,ASTM A182 F316,BW,API 600
ONGC-MAT-0001526,ONGC,"VALVE, GATE, 8 INCH, CLASS 600, ASTM A216 WCB, API 600, BW FACING",CAN-001447,DEPOT-ONGC-MBO,"Mumbai Offshore Logistics Base, Maharashtra",0,814580,0,GATE_VALVE,200.0,600,ASTM A216 WCB,BW,API 600
ONGC-MAT-0001527,ONGC,"VALVE, BALL, 3 INCH, CLASS 1500, ASTM A216 WCB, API 6D, BW FACING",CAN-001698,DEPOT-ONGC-RJM,"Rajahmundry Asset, Andhra Pradesh",46,629670,308,BALL_VALVE,80.0,1500,ASTM A216 WCB,BW,API 6D
ONGC-MAT-0001528,ONGC,"FLANGE, WELDING NECK, 1.5 INCH, CLASS 900, ASTM A105, ASME B16.5, RF FACING",CAN-000105,DEPOT-ONGC-RJM,"Rajahmundry Asset, Andhra Pradesh",46,16990,53,FLANGE_WELD_NECK,40.0,900,ASTM A105,RF,ASME B16.5
ONGC-MAT-0001529,ONGC,"FLANGE, BLIND, 12 INCH, CLASS 600, ASTM A350 LF2, ASME B16.5, RTJ FACING",CAN-000686,DEPOT-ONGC-MBO,"Mumbai Offshore Logistics Base, Maharashtra",9,220780,104,FLANGE_BLIND,300.0,600,ASTM A350 LF2,RTJ,ASME B16.5
ONGC-MAT-0001530,ONGC,"VALVE, GLOBE, 10 INCH, CLASS 1500, ASTM A216 WCB, ASME B16.34, RF FACING",CAN-001978,DEPOT-ONGC-URN,"Uran Plant, Maharashtra",0,3021420,0,GLOBE_VALVE,250.0,1500,ASTM A216 WCB,RF,ASME B16.34
ONGC-MAT-0001531,ONGC,"FLANGE, WELDING NECK, 10 INCH, CLASS 1500, ASTM A350 LF2, ASME B16.5, RTJ FACING",CAN-000356,DEPOT-ONGC-ANK,"Ankleshwar Asset, Gujarat",97,443140,468,FLANGE_WELD_NECK,250.0,1500,ASTM A350 LF2,RTJ,ASME B16.5
ONGC-MAT-0001532,ONGC,"GASKET, SPIRAL WOUND, 1/2 INCH, CLASS 900, SS316 / GRAPHITE, ASME B16.20, RF FACING",CAN-002007,DEPOT-ONGC-HZR,"Hazira Gas Processing Plant, Gujarat",23,4480,32,SPIRAL_WOUND_GASKET,15.0,900,SS316 / GRAPHITE,RF,ASME B16.20
ONGC-MAT-0001533,ONGC,"FLANGE, WELDING NECK, 10 INCH, CLASS 300, ASTM A350 LF2, ASME B16.5, RTJ FACING",CAN-000332,DEPOT-ONGC-URN,"Uran Plant, Maharashtra",27,122280,109,FLANGE_WELD_NECK,250.0,300,ASTM A350 LF2,RTJ,ASME B16.5
ONGC-MAT-0001534,ONGC,"VALVE, GATE, 2 INCH, CLASS 1500, ASTM A182 F316, API 600, RF FACING",CAN-001237,DEPOT-ONGC-URN,"Uran Plant, Maharashtra",71,894870,398,GATE_VALVE,50.0,1500,ASTM A182 F316,RF,API 600
ONGC-MAT-0001535,ONGC,"VALVE, GLOBE, 6 INCH, CLASS 1500, ASTM A105, ASME B16.34, RF FACING",CAN-001940,DEPOT-ONGC-MBO,"Mumbai Offshore Logistics Base, Maharashtra",0,1555270,0,GLOBE_VALVE,150.0,1500,ASTM A105,RF,ASME B16.34
ONGC-MAT-0001536,ONGC,"VALVE, GLOBE, 2 INCH, CLASS 1500, ASTM A216 WCB, ASME B16.34, RF FACING",CAN-001878,DEPOT-ONGC-RJM,"Rajahmundry Asset, Andhra Pradesh",111,372860,595,GLOBE_VALVE,50.0,1500,ASTM A216 WCB,RF,ASME B16.34
ONGC-MAT-0001537,ONGC,"GASKET, SPIRAL WOUND, 2 INCH, CLASS 900, SS316 / GRAPHITE, ASME B16.20, RF FACING",CAN-002037,DEPOT-ONGC-MBO,"Mumbai Offshore Logistics Base, Maharashtra",40,21470,25,SPIRAL_WOUND_GASKET,50.0,900,SS316 / GRAPHITE,RF,ASME B16.20
ONGC-MAT-0001538,ONGC,"FLANGE, SLIP-ON, 6 INCH, CLASS 300, ASTM A182 F304, ASME B16.5, FF FACING",CAN-000890,DEPOT-ONGC-URN,"Uran Plant, Maharashtra",0,68660,0,FLANGE_SLIP_ON,150.0,300,ASTM A182 F304,FF,ASME B16.5
ONGC-MAT-0001539,ONGC,"VALVE, GATE, 2 INCH, CLASS 300, ASTM A105, API 6D, RF FACING",CAN-001198,DEPOT-ONGC-URN,"Uran Plant, Maharashtra",25,77160,58,GATE_VALVE,50.0,300,ASTM A105,RF,API 6D
ONGC-MAT-0001540,ONGC,"FLANGE, WELDING NECK, 1 INCH, CLASS 1500, ASTM A105, ASME B16.5, RF FACING",CAN-000073,DEPOT-ONGC-ANK,"Ankleshwar Asset, Gujarat",50,13880,70,FLANGE_WELD_NECK,25.0,1500,ASTM A105,RF,ASME B16.5
ONGC-MAT-0001541,ONGC,"STUD BOLT WITH NUTS, 1.5 INCH, CLASS 300, ASTM A193 B7 / A194 2H, ASME B18.2.1, THRD FACING",CAN-002123,DEPOT-ONGC-HZR,"Hazira Gas Processing Plant, Gujarat",107,1120,710,STUD_BOLT,40.0,300,ASTM A193 B7 / A194 2H,THRD,ASME B18.2.1
ONGC-MAT-0001542,ONGC,"VALVE, GLOBE, 6 INCH, CLASS 300, ASTM A105, ASME B16.34, RF FACING",CAN-001928,DEPOT-ONGC-RJM,"Rajahmundry Asset, Andhra Pradesh",0,429170,0,GLOBE_VALVE,150.0,300,ASTM A105,RF,ASME B16.34
ONGC-MAT-0001543,ONGC,"VALVE, GATE, 4 INCH, CLASS 600, ASTM A216 WCB, API 600, RF FACING",CAN-001325,DEPOT-ONGC-HZR,"Hazira Gas Processing Plant, Gujarat",139,330820,218,GATE_VALVE,100.0,600,ASTM A216 WCB,RF,API 600
ONGC-MAT-0001544,ONGC,"FLANGE, BLIND, 3 INCH, CLASS 900, ASTM A182 F316, ASME B16.5, RF FACING",CAN-000543,DEPOT-ONGC-RJM,"Rajahmundry Asset, Andhra Pradesh",91,109550,254,FLANGE_BLIND,80.0,900,ASTM A182 F316,RF,ASME B16.5
ONGC-MAT-0001545,ONGC,"FLANGE, WELDING NECK, 8 INCH, CLASS 1500, ASTM A182 F304, ASME B16.5, RTJ FACING",CAN-000318,DEPOT-ONGC-HZR,"Hazira Gas Processing Plant, Gujarat",41,497330,25,FLANGE_WELD_NECK,200.0,1500,ASTM A182 F304,RTJ,ASME B16.5
ONGC-MAT-0001546,ONGC,"STUD BOLT WITH NUTS, 1/2 INCH, CLASS 150, ASTM A193 B7 / A194 2H, ASME B18.2.1, THRD FACING",CAN-002101,DEPOT-ONGC-HZR,"Hazira Gas Processing Plant, Gujarat",50,180,257,STUD_BOLT,15.0,150,ASTM A193 B7 / A194 2H,THRD,ASME B18.2.1
ONGC-MAT-0001547,ONGC,"VALVE, BALL, 3 INCH, CLASS 900, ASTM A216 WCB, API 6D, BW FACING",CAN-001694,DEPOT-ONGC-ANK,"Ankleshwar Asset, Gujarat",85,418440,440,BALL_VALVE,80.0,900,ASTM A216 WCB,BW,API 6D
ONGC-MAT-0001548,ONGC,"FLANGE, BLIND, 4 INCH, CLASS 600, ASTM A182 F316, ASME B16.5, RTJ FACING",CAN-000568,DEPOT-ONGC-MBO,"Mumbai Offshore Logistics Base, Maharashtra",40,105860,285,FLANGE_BLIND,100.0,600,ASTM A182 F316,RTJ,ASME B16.5
ONGC-MAT-0001549,ONGC,"VALVE, GLOBE, 10 INCH, CLASS 600, ASTM A216 WCB, ASME B16.34, RF FACING",CAN-001970,DEPOT-ONGC-RJM,"Rajahmundry Asset, Andhra Pradesh",81,1451640,241,GLOBE_VALVE,250.0,600,ASTM A216 WCB,RF,ASME B16.34
ONGC-MAT-0001550,ONGC,"GASKET, SPIRAL WOUND, 4 INCH, CLASS 600, SS304 / GRAPHITE, ASME B16.20, RF FACING",CAN-002056,DEPOT-ONGC-RJM,"Rajahmundry Asset, Andhra Pradesh",24,28670,32,SPIRAL_WOUND_GASKET,100.0,600,SS304 / GRAPHITE,RF,ASME B16.20
ONGC-MAT-0001551,ONGC,"FLANGE, BLIND, 10 INCH, CLASS 1500, ASTM A105, ASME B16.5, RTJ FACING",CAN-000666,DEPOT-ONGC-ANK,"Ankleshwar Asset, Gujarat",145,226600,397,FLANGE_BLIND,250.0,1500,ASTM A105,RTJ,ASME B16.5
ONGC-MAT-0001552,ONGC,"FLANGE, BLIND, 4 INCH, CLASS 1500, ASTM A105, ASME B16.5, RF FACING",CAN-000575,DEPOT-ONGC-RJM,"Rajahmundry Asset, Andhra Pradesh",106,68850,369,FLANGE_BLIND,100.0,1500,ASTM A105,RF,ASME B16.5
ONGC-MAT-0001553,ONGC,"FLANGE, WELDING NECK, 10 INCH, CLASS 600, ASTM A182 F316, ASME B16.5, RTJ FACING",CAN-000344,DEPOT-ONGC-URN,"Uran Plant, Maharashtra",47,425810,71,FLANGE_WELD_NECK,250.0,600,ASTM A182 F316,RTJ,ASME B16.5
ONGC-MAT-0001554,ONGC,"FLANGE, WELDING NECK, 2 INCH, CLASS 300, ASTM A350 LF2, ASME B16.5, RTJ FACING",CAN-000132,DEPOT-ONGC-ANK,"Ankleshwar Asset, Gujarat",36,15090,68,FLANGE_WELD_NECK,50.0,300,ASTM A350 LF2,RTJ,ASME B16.5
ONGC-MAT-0001555,ONGC,"FLANGE, SLIP-ON, 1/2 INCH, CLASS 150, ASTM A182 F304, ASME B16.5, RF FACING",CAN-000703,DEPOT-ONGC-HZR,"Hazira Gas Processing Plant, Gujarat",0,1970,0,FLANGE_SLIP_ON,15.0,150,ASTM A182 F304,RF,ASME B16.5
ONGC-MAT-0001556,ONGC,"FLANGE, WELDING NECK, 3 INCH, CLASS 150, ASTM A182 F304, ASME B16.5, RF FACING",CAN-000165,DEPOT-ONGC-RJM,"Rajahmundry Asset, Andhra Pradesh",12,23950,90,FLANGE_WELD_NECK,80.0,150,ASTM A182 F304,RF,ASME B16.5
ONGC-MAT-0001557,ONGC,"FLANGE, WELDING NECK, 2 INCH, CLASS 300, ASTM A182 F316, ASME B16.5, RTJ FACING",CAN-000136,DEPOT-ONGC-URN,"Uran Plant, Maharashtra",16,30180,52,FLANGE_WELD_NECK,50.0,300,ASTM A182 F316,RTJ,ASME B16.5
ONGC-MAT-0001558,ONGC,"VALVE, GATE, 1/2 INCH, CLASS 1500, ASTM A216 WCB, API 6D, BW FACING",CAN-001052,DEPOT-ONGC-HZR,"Hazira Gas Processing Plant, Gujarat",0,58460,0,GATE_VALVE,15.0,1500,ASTM A216 WCB,BW,API 6D
ONGC-MAT-0001559,ONGC,"STUD BOLT WITH NUTS, 6 INCH, CLASS 600, ASTM A320 L7 / A194 7, ASME B18.2.1, THRD FACING",CAN-002166,DEPOT-ONGC-RJM,"Rajahmundry Asset, Andhra Pradesh",61,17430,349,STUD_BOLT,150.0,600,ASTM A320 L7 / A194 7,THRD,ASME B18.2.1
ONGC-MAT-0001560,ONGC,"FLANGE, WELDING NECK, 4 INCH, CLASS 300, ASTM A350 LF2, ASME B16.5, RTJ FACING",CAN-000212,DEPOT-ONGC-MBO,"Mumbai Offshore Logistics Base, Maharashtra",42,37150,17,FLANGE_WELD_NECK,100.0,300,ASTM A350 LF2,RTJ,ASME B16.5
ONGC-MAT-0001561,ONGC,"VALVE, GLOBE, 1.5 INCH, CLASS 150, ASTM A105, BS 1873, RF FACING",CAN-001843,DEPOT-ONGC-RJM,"Rajahmundry Asset, Andhra Pradesh",30,44210,62,GLOBE_VALVE,40.0,150,ASTM A105,RF,BS 1873
ONGC-MAT-0001562,ONGC,"GASKET, SPIRAL WOUND, 3 INCH, CLASS 150, SS304 / GRAPHITE, ASME B16.20, RF FACING",CAN-002042,DEPOT-ONGC-HZR,"Hazira Gas Processing Plant, Gujarat",0,7070,0,SPIRAL_WOUND_GASKET,80.0,150,SS304 / GRAPHITE,RF,ASME B16.20
ONGC-MAT-0001563,ONGC,"FLANGE, WELDING NECK, 4 INCH, CLASS 600, ASTM A350 LF2, ASME B16.5, RTJ FACING",CAN-000220,DEPOT-ONGC-MBO,"Mumbai Offshore Logistics Base, Maharashtra",18,64690,80,FLANGE_WELD_NECK,100.0,600,ASTM A350 LF2,RTJ,ASME B16.5
ONGC-MAT-0001564,ONGC,"GASKET, SPIRAL WOUND, 1.5 INCH, CLASS 600, SS304 / GRAPHITE, ASME B16.20, RF FACING",CAN-002026,DEPOT-ONGC-URN,"Uran Plant, Maharashtra",112,8710,650,SPIRAL_WOUND_GASKET,40.0,600,SS304 / GRAPHITE,RF,ASME B16.20
ONGC-MAT-0001565,ONGC,"FLANGE, SLIP-ON, 3 INCH, CLASS 900, ASTM A182 F304, ASME B16.5, RF FACING",CAN-000841,DEPOT-ONGC-HZR,"Hazira Gas Processing Plant, Gujarat",30,73030,107,FLANGE_SLIP_ON,80.0,900,ASTM A182 F304,RF,ASME B16.5
ONGC-MAT-0001566,ONGC,"FLANGE, WELDING NECK, 3 INCH, CLASS 300, ASTM A182 F316, ASME B16.5, RTJ FACING",CAN-000176,DEPOT-ONGC-RJM,"Rajahmundry Asset, Andhra Pradesh",0,55600,0,FLANGE_WELD_NECK,80.0,300,ASTM A182 F316,RTJ,ASME B16.5
ONGC-MAT-0001567,ONGC,"VALVE, BALL, 6 INCH, CLASS 600, ASTM A182 F316, API 6D, BW FACING",CAN-001732,DEPOT-ONGC-HZR,"Hazira Gas Processing Plant, Gujarat",20,2191880,194,BALL_VALVE,150.0,600,ASTM A182 F316,BW,API 6D
ONGC-MAT-0001568,ONGC,"FLANGE, WELDING NECK, 4 INCH, CLASS 600, ASTM A105, ASME B16.5, RTJ FACING",CAN-000218,DEPOT-ONGC-URN,"Uran Plant, Maharashtra",35,40430,11,FLANGE_WELD_NECK,100.0,600,ASTM A105,RTJ,ASME B16.5
ONGC-MAT-0001569,ONGC,"VALVE, GATE, 12 INCH, CLASS 150, ASTM A105, API 600, RF FACING",CAN-001545,DEPOT-ONGC-RJM,"Rajahmundry Asset, Andhra Pradesh",25,455200,637,GATE_VALVE,300.0,150,ASTM A105,RF,API 600
ONGC-MAT-0001570,ONGC,"FLANGE, WELDING NECK, 3 INCH, CLASS 900, ASTM A182 F316, ASME B16.5, RF FACING",CAN-000191,DEPOT-ONGC-HZR,"Hazira Gas Processing Plant, Gujarat",144,133900,712,FLANGE_WELD_NECK,80.0,900,ASTM A182 F316,RF,ASME B16.5
ONGC-MAT-0001571,ONGC,"VALVE, GATE, 1 INCH, CLASS 600, ASTM A105, API 600, BW FACING",CAN-001091,DEPOT-ONGC-HZR,"Hazira Gas Processing Plant, Gujarat",37,54560,106,GATE_VALVE,25.0,600,ASTM A105,BW,API 600
ONGC-MAT-0001572,ONGC,"FLANGE, BLIND, 1 INCH, CLASS 600, ASTM A182 F316, ASME B16.5, RTJ FACING",CAN-000448,DEPOT-ONGC-MBO,"Mumbai Offshore Logistics Base, Maharashtra",131,17460,410,FLANGE_BLIND,25.0,600,ASTM A182 F316,RTJ,ASME B16.5
ONGC-MAT-0001573,ONGC,"FLANGE, WELDING NECK, 8 INCH, CLASS 600, ASTM A105, ASME B16.5, RTJ FACING",CAN-000298,DEPOT-ONGC-URN,"Uran Plant, Maharashtra",0,99560,0,FLANGE_WELD_NECK,200.0,600,ASTM A105,RTJ,ASME B16.5
ONGC-MAT-0001574,ONGC,"VALVE, GATE, 12 INCH, CLASS 150, ASTM A182 F316, API 6D, BW FACING",CAN-001552,DEPOT-ONGC-HZR,"Hazira Gas Processing Plant, Gujarat",37,1456650,40,GATE_VALVE,300.0,150,ASTM A182 F316,BW,API 6D
ONGC-MAT-0001575,ONGC,"VALVE, GATE, 3 INCH, CLASS 900, ASTM A105, API 600, BW FACING",CAN-001283,DEPOT-ONGC-ANK,"Ankleshwar Asset, Gujarat",43,342360,29,GATE_VALVE,80.0,900,ASTM A105,BW,API 600
ONGC-MAT-0001576,ONGC,"FLANGE, BLIND, 12 INCH, CLASS 300, ASTM A182 F316, ASME B16.5, RF FACING",CAN-000681,DEPOT-ONGC-MBO,"Mumbai Offshore Logistics Base, Maharashtra",24,253610,79,FLANGE_BLIND,300.0,300,ASTM A182 F316,RF,ASME B16.5
ONGC-MAT-0001577,ONGC,"VALVE, GLOBE, 2 INCH, CLASS 300, ASTM A216 WCB, BS 1873, RF FACING",CAN-001865,DEPOT-ONGC-MBO,"Mumbai Offshore Logistics Base, Maharashtra",65,102890,599,GLOBE_VALVE,50.0,300,ASTM A216 WCB,RF,BS 1873
ONGC-MAT-0001578,ONGC,"FLANGE, WELDING NECK, 1/2 INCH, CLASS 1500, ASTM A350 LF2, ASME B16.5, RTJ FACING",CAN-000036,DEPOT-ONGC-ANK,"Ankleshwar Asset, Gujarat",0,11430,0,FLANGE_WELD_NECK,15.0,1500,ASTM A350 LF2,RTJ,ASME B16.5
ONGC-MAT-0001579,ONGC,"FLANGE, WELDING NECK, 8 INCH, CLASS 600, ASTM A105, ASME B16.5, RTJ FACING",CAN-000298,DEPOT-ONGC-MBO,"Mumbai Offshore Logistics Base, Maharashtra",88,99560,528,FLANGE_WELD_NECK,200.0,600,ASTM A105,RTJ,ASME B16.5
ONGC-MAT-0001580,ONGC,"VALVE, GLOBE, 12 INCH, CLASS 900, ASTM A216 WCB, ASME B16.34, RF FACING",CAN-001994,DEPOT-ONGC-MBO,"Mumbai Offshore Logistics Base, Maharashtra",13,2544880,64,GLOBE_VALVE,300.0,900,ASTM A216 WCB,RF,ASME B16.34
ONGC-MAT-0001581,ONGC,"VALVE, GATE, 8 INCH, CLASS 1500, ASTM A216 WCB, API 6D, BW FACING",CAN-001472,DEPOT-ONGC-MBO,"Mumbai Offshore Logistics Base, Maharashtra",48,1695460,45,GATE_VALVE,200.0,1500,ASTM A216 WCB,BW,API 6D
ONGC-MAT-0001582,ONGC,"FLANGE, WELDING NECK, 1/2 INCH, CLASS 300, ASTM A105, ASME B16.5, RTJ FACING",CAN-000010,DEPOT-ONGC-HZR,"Hazira Gas Processing Plant, Gujarat",150,1970,344,FLANGE_WELD_NECK,15.0,300,ASTM A105,RTJ,ASME B16.5
ONGC-MAT-0001583,ONGC,"STUD BOLT WITH NUTS, 2 INCH, CLASS 600, ASTM A320 L7 / A194 7, ASME B18.2.1, THRD FACING",CAN-002136,DEPOT-ONGC-RJM,"Rajahmundry Asset, Andhra Pradesh",0,4170,0,STUD_BOLT,50.0,600,ASTM A320 L7 / A194 7,THRD,ASME B18.2.1
ONGC-MAT-0001584,ONGC,"VALVE, GATE, 1.5 INCH, CLASS 600, ASTM A216 WCB, API 6D, RF FACING",CAN-001146,DEPOT-ONGC-RJM,"Rajahmundry Asset, Andhra Pradesh",35,100520,83,GATE_VALVE,40.0,600,ASTM A216 WCB,RF,API 6D
ONGC-MAT-0001585,ONGC,"VALVE, BALL, 10 INCH, CLASS 300, ASTM A182 F316, API 6D, RF FACING",CAN-001767,DEPOT-ONGC-ANK,"Ankleshwar Asset, Gujarat",0,2445660,0,BALL_VALVE,250.0,300,ASTM A182 F316,RF,API 6D
ONGC-MAT-0001586,ONGC,"FLANGE, WELDING NECK, 3 INCH, CLASS 1500, ASTM A350 LF2, ASME B16.5, RF FACING",CAN-000195,DEPOT-ONGC-HZR,"Hazira Gas Processing Plant, Gujarat",0,100740,0,FLANGE_WELD_NECK,80.0,1500,ASTM A350 LF2,RF,ASME B16.5
ONGC-MAT-0001587,ONGC,"FLANGE, WELDING NECK, 4 INCH, CLASS 150, ASTM A350 LF2, ASME B16.5, RF FACING",CAN-000203,DEPOT-ONGC-ANK,"Ankleshwar Asset, Gujarat",58,21340,242,FLANGE_WELD_NECK,100.0,150,ASTM A350 LF2,RF,ASME B16.5
ONGC-MAT-0001588,ONGC,"FLANGE, WELDING NECK, 8 INCH, CLASS 300, ASTM A350 LF2, ASME B16.5, RTJ FACING",CAN-000292,DEPOT-ONGC-URN,"Uran Plant, Maharashtra",16,91490,60,FLANGE_WELD_NECK,200.0,300,ASTM A350 LF2,RTJ,ASME B16.5
ONGC-MAT-0001589,ONGC,"VALVE, GATE, 1.5 INCH, CLASS 1500, ASTM A105, API 6D, RF FACING",CAN-001174,DEPOT-ONGC-RJM,"Rajahmundry Asset, Andhra Pradesh",77,209230,239,GATE_VALVE,40.0,1500,ASTM A105,RF,API 6D
ONGC-MAT-0001590,ONGC,"VALVE, GLOBE, 2 INCH, CLASS 900, ASTM A216 WCB, BS 1873, RF FACING",CAN-001873,DEPOT-ONGC-URN,"Uran Plant, Maharashtra",0,247780,0,GLOBE_VALVE,50.0,900,ASTM A216 WCB,RF,BS 1873
ONGC-MAT-0001591,ONGC,"FLANGE, BLIND, 10 INCH, CLASS 600, ASTM A182 F316, ASME B16.5, RTJ FACING",CAN-000658,DEPOT-ONGC-MBO,"Mumbai Offshore Logistics Base, Maharashtra",21,348390,54,FLANGE_BLIND,250.0,600,ASTM A182 F316,RTJ,ASME B16.5
ONGC-MAT-0001592,ONGC,"FLANGE, WELDING NECK, 8 INCH, CLASS 600, ASTM A182 F304, ASME B16.5, RF FACING",CAN-000301,DEPOT-ONGC-URN,"Uran Plant, Maharashtra",115,238940,633,FLANGE_WELD_NECK,200.0,600,ASTM A182 F304,RF,ASME B16.5
ONGC-MAT-0001593,ONGC,"VALVE, GATE, 1 INCH, CLASS 150, ASTM A105, API 600, BW FACING",CAN-001067,DEPOT-ONGC-URN,"Uran Plant, Maharashtra",0,18000,0,GATE_VALVE,25.0,150,ASTM A105,BW,API 600
ONGC-MAT-0001594,ONGC,"VALVE, GATE, 10 INCH, CLASS 1500, ASTM A105, API 6D, RF FACING",CAN-001534,DEPOT-ONGC-RJM,"Rajahmundry Asset, Andhra Pradesh",28,2266060,652,GATE_VALVE,250.0,1500,ASTM A105,RF,API 6D
ONGC-MAT-0001595,ONGC,"VALVE, BALL, 3 INCH, CLASS 1500, ASTM A182 F316, API 6D, BW FACING",CAN-001700,DEPOT-ONGC-ANK,"Ankleshwar Asset, Gujarat",30,2014960,570,BALL_VALVE,80.0,1500,ASTM A182 F316,BW,API 6D
ONGC-MAT-0001596,ONGC,"VALVE, GATE, 4 INCH, CLASS 900, ASTM A216 WCB, API 600, RF FACING",CAN-001337,DEPOT-ONGC-URN,"Uran Plant, Maharashtra",32,457580,75,GATE_VALVE,100.0,900,ASTM A216 WCB,RF,API 600
ONGC-MAT-0001597,ONGC,"STUD BOLT WITH NUTS, 2 INCH, CLASS 300, ASTM A320 L7 / A194 7, ASME B18.2.1, THRD FACING",CAN-002134,DEPOT-ONGC-ANK,"Ankleshwar Asset, Gujarat",0,2400,0,STUD_BOLT,50.0,300,ASTM A320 L7 / A194 7,THRD,ASME B18.2.1
ONGC-MAT-0001598,ONGC,"VALVE, GATE, 1/2 INCH, CLASS 1500, ASTM A216 WCB, API 600, RF FACING",CAN-001049,DEPOT-ONGC-URN,"Uran Plant, Maharashtra",30,58460,105,GATE_VALVE,15.0,1500,ASTM A216 WCB,RF,API 600
ONGC-MAT-0001599,ONGC,"VALVE, GATE, 1.5 INCH, CLASS 150, ASTM A216 WCB, API 600, BW FACING",CAN-001123,DEPOT-ONGC-MBO,"Mumbai Offshore Logistics Base, Maharashtra",13,33160,53,GATE_VALVE,40.0,150,ASTM A216 WCB,BW,API 600
ONGC-MAT-0001600,ONGC,"VALVE, GATE, 1 INCH, CLASS 300, ASTM A105, API 6D, BW FACING",CAN-001080,DEPOT-ONGC-RJM,"Rajahmundry Asset, Andhra Pradesh",0,31330,0,GATE_VALVE,25.0,300,ASTM A105,BW,API 6D
ONGC-MAT-0001601,ONGC,"FLANGE, BLIND, 10 INCH, CLASS 300, ASTM A350 LF2, ASME B16.5, RF FACING",CAN-000649,DEPOT-ONGC-RJM,"Rajahmundry Asset, Andhra Pradesh",6,100040,17,FLANGE_BLIND,250.0,300,ASTM A350 LF2,RF,ASME B16.5
ONGC-MAT-0001602,ONGC,"FLANGE, SLIP-ON, 10 INCH, CLASS 150, ASTM A182 F304, ASME B16.5, FF FACING",CAN-000944,DEPOT-ONGC-ANK,"Ankleshwar Asset, Gujarat",73,76610,589,FLANGE_SLIP_ON,250.0,150,ASTM A182 F304,FF,ASME B16.5
ONGC-MAT-0001603,ONGC,"VALVE, GATE, 4 INCH, CLASS 600, ASTM A105, API 6D, BW FACING",CAN-001332,DEPOT-ONGC-MBO,"Mumbai Offshore Logistics Base, Maharashtra",18,330820,34,GATE_VALVE,100.0,600,ASTM A105,BW,API 6D
ONGC-MAT-0001604,ONGC,"FLANGE, BLIND, 3 INCH, CLASS 150, ASTM A182 F316, ASME B16.5, RTJ FACING",CAN-000526,DEPOT-ONGC-URN,"Uran Plant, Maharashtra",19,26120,37,FLANGE_BLIND,80.0,150,ASTM A182 F316,RTJ,ASME B16.5
ONGC-MAT-0001605,ONGC,"VALVE, BALL, 6 INCH, CLASS 900, ASTM A182 F316, API 6D, RF FACING",CAN-001735,DEPOT-ONGC-ANK,"Ankleshwar Asset, Gujarat",0,3031720,0,BALL_VALVE,150.0,900,ASTM A182 F316,RF,API 6D
ONGC-MAT-0001606,ONGC,"FLANGE, WELDING NECK, 3 INCH, CLASS 300, ASTM A182 F316, ASME B16.5, RTJ FACING",CAN-000176,DEPOT-ONGC-RJM,"Rajahmundry Asset, Andhra Pradesh",122,55600,343,FLANGE_WELD_NECK,80.0,300,ASTM A182 F316,RTJ,ASME B16.5
ONGC-MAT-0001607,ONGC,"GASKET, SPIRAL WOUND, 1 INCH, CLASS 1500, SS304 / GRAPHITE, ASME B16.20, RF FACING",CAN-002020,DEPOT-ONGC-RJM,"Rajahmundry Asset, Andhra Pradesh",0,9840,0,SPIRAL_WOUND_GASKET,25.0,1500,SS304 / GRAPHITE,RF,ASME B16.20
ONGC-MAT-0001608,ONGC,"VALVE, GATE, 1 INCH, CLASS 900, ASTM A216 WCB, API 600, BW FACING",CAN-001099,DEPOT-ONGC-URN,"Uran Plant, Maharashtra",76,75470,689,GATE_VALVE,25.0,900,ASTM A216 WCB,BW,API 600
ONGC-MAT-0001609,ONGC,"VALVE, GATE, 4 INCH, CLASS 1500, ASTM A105, API 600, RF FACING",CAN-001353,DEPOT-ONGC-URN,"Uran Plant, Maharashtra",0,688570,0,GATE_VALVE,100.0,1500,ASTM A105,RF,API 600
ONGC-MAT-0001610,ONGC,"FLANGE, WELDING NECK, 6 INCH, CLASS 150, ASTM A182 F304, ASME B16.5, RF FACING",CAN-000245,DEPOT-ONGC-RJM,"Rajahmundry Asset, Andhra Pradesh",0,54220,0,FLANGE_WELD_NECK,150.0,150,ASTM A182 F304,RF,ASME B16.5
ONGC-MAT-0001611,ONGC,"STUD BOLT WITH NUTS, 6 INCH, CLASS 1500, ASTM A193 B7 / A194 2H, ASME B18.2.1, THRD FACING",CAN-002169,DEPOT-ONGC-HZR,"Hazira Gas Processing Plant, Gujarat",0,22680,0,STUD_BOLT,150.0,1500,ASTM A193 B7 / A194 2H,THRD,ASME B18.2.1
ONGC-MAT-0001612,ONGC,"FLANGE, WELDING NECK, 6 INCH, CLASS 900, ASTM A182 F304, ASME B16.5, RF FACING",CAN-000269,DEPOT-ONGC-URN,"Uran Plant, Maharashtra",33,227370,187,FLANGE_WELD_NECK,150.0,900,ASTM A182 F304,RF,ASME B16.5
ONGC-MAT-0001613,ONGC,"VALVE, GATE, 3 INCH, CLASS 600, ASTM A105, API 600, BW FACING",CAN-001271,DEPOT-ONGC-RJM,"Rajahmundry Asset, Andhra Pradesh",24,247520,28,GATE_VALVE,80.0,600,ASTM A105,BW,API 600
ONGC-MAT-0001614,ONGC,"FLANGE, BLIND, 8 INCH, CLASS 900, ASTM A105, ASME B16.5, RTJ FACING",CAN-000630,DEPOT-ONGC-URN,"Uran Plant, Maharashtra",7,112670,36,FLANGE_BLIND,200.0,900,ASTM A105,RTJ,ASME B16.5
ONGC-MAT-0001615,ONGC,"FLANGE, BLIND, 3 INCH, CLASS 1500, ASTM A182 F316, ASME B16.5, RF FACING",CAN-000549,DEPOT-ONGC-MBO,"Mumbai Offshore Logistics Base, Maharashtra",0,164860,0,FLANGE_BLIND,80.0,1500,ASTM A182 F316,RF,ASME B16.5
ONGC-MAT-0001616,ONGC,"FLANGE, WELDING NECK, 10 INCH, CLASS 300, ASTM A182 F304, ASME B16.5, RTJ FACING",CAN-000334,DEPOT-ONGC-URN,"Uran Plant, Maharashtra",0,183420,0,FLANGE_WELD_NECK,250.0,300,ASTM A182 F304,RTJ,ASME B16.5
ONGC-MAT-0001617,ONGC,"FLANGE, SLIP-ON, 1.5 INCH, CLASS 300, ASTM A105, ASME B16.5, RF FACING",CAN-000767,DEPOT-ONGC-URN,"Uran Plant, Maharashtra",45,5130,90,FLANGE_SLIP_ON,40.0,300,ASTM A105,RF,ASME B16.5
ONGC-MAT-0001618,ONGC,"VALVE, GLOBE, 6 INCH, CLASS 600, ASTM A216 WCB, ASME B16.34, RF FACING",CAN-001930,DEPOT-ONGC-RJM,"Rajahmundry Asset, Andhra Pradesh",73,747230,726,GLOBE_VALVE,150.0,600,ASTM A216 WCB,RF,ASME B16.34
ONGC-MAT-0001619,ONGC,"FLANGE, WELDING NECK, 3 INCH, CLASS 150, ASTM A182 F316, ASME B16.5, RTJ FACING",CAN-000168,DEPOT-ONGC-ANK,"Ankleshwar Asset, Gujarat",45,31930,108,FLANGE_WELD_NECK,80.0,150,ASTM A182 F316,RTJ,ASME B16.5
ONGC-MAT-0001620,ONGC,"FLANGE, BLIND, 3 INCH, CLASS 150, ASTM A350 LF2, ASME B16.5, RF FACING",CAN-000523,DEPOT-ONGC-HZR,"Hazira Gas Processing Plant, Gujarat",0,13060,0,FLANGE_BLIND,80.0,150,ASTM A350 LF2,RF,ASME B16.5
ONGC-MAT-0001621,ONGC,"GASKET, SPIRAL WOUND, 1.5 INCH, CLASS 600, SS316 / GRAPHITE, ASME B16.20, RF FACING",CAN-002025,DEPOT-ONGC-MBO,"Mumbai Offshore Logistics Base, Maharashtra",23,11610,455,SPIRAL_WOUND_GASKET,40.0,600,SS316 / GRAPHITE,RF,ASME B16.20
ONGC-MAT-0001622,ONGC,"FLANGE, BLIND, 1.5 INCH, CLASS 900, ASTM A105, ASME B16.5, RTJ FACING",CAN-000480,DEPOT-ONGC-MBO,"Mumbai Offshore Logistics Base, Maharashtra",0,13900,0,FLANGE_BLIND,40.0,900,ASTM A105,RTJ,ASME B16.5
ONGC-MAT-0001623,ONGC,"FLANGE, WELDING NECK, 1.5 INCH, CLASS 1500, ASTM A105, ASME B16.5, RTJ FACING",CAN-000114,DEPOT-ONGC-HZR,"Hazira Gas Processing Plant, Gujarat",50,25570,92,FLANGE_WELD_NECK,40.0,1500,ASTM A105,RTJ,ASME B16.5
ONGC-MAT-0001624,ONGC,"VALVE, GATE, 4 INCH, CLASS 300, ASTM A216 WCB, API 600, RF FACING",CAN-001313,DEPOT-ONGC-ANK,"Ankleshwar Asset, Gujarat",49,190000,668,GATE_VALVE,100.0,300,ASTM A216 WCB,RF,API 600
ONGC-MAT-0001625,ONGC,"FLANGE, SLIP-ON, 10 INCH, CLASS 600, ASTM A105, ASME B16.5, FF FACING",CAN-000954,DEPOT-ONGC-MBO,"Mumbai Offshore Logistics Base, Maharashtra",29,96770,79,FLANGE_SLIP_ON,250.0,600,ASTM A105,FF,ASME B16.5
ONGC-MAT-0001626,ONGC,"VALVE, GATE, 8 INCH, CLASS 900, ASTM A216 WCB, API 600, RF FACING",CAN-001457,DEPOT-ONGC-HZR,"Hazira Gas Processing Plant, Gujarat",118,1126700,482,GATE_VALVE,200.0,900,ASTM A216 WCB,RF,API 600
ONGC-MAT-0001627,ONGC,"FLANGE, SLIP-ON, 4 INCH, CLASS 150, ASTM A182 F316, ASME B16.5, RF FACING",CAN-000855,DEPOT-ONGC-ANK,"Ankleshwar Asset, Gujarat",111,31040,494,FLANGE_SLIP_ON,100.0,150,ASTM A182 F316,RF,ASME B16.5
ONGC-MAT-0001628,ONGC,"FLANGE, SLIP-ON, 6 INCH, CLASS 600, ASTM A182 F304, ASME B16.5, RF FACING",CAN-000895,DEPOT-ONGC-ANK,"Ankleshwar Asset, Gujarat",56,119550,278,FLANGE_SLIP_ON,150.0,600,ASTM A182 F304,RF,ASME B16.5
ONGC-MAT-0001629,ONGC,"FLANGE, BLIND, 4 INCH, CLASS 300, ASTM A105, ASME B16.5, RTJ FACING",CAN-000558,DEPOT-ONGC-ANK,"Ankleshwar Asset, Gujarat",49,19000,79,FLANGE_BLIND,100.0,300,ASTM A105,RTJ,ASME B16.5
ONGC-MAT-0001630,ONGC,"FLANGE, SLIP-ON, 1 INCH, CLASS 1500, ASTM A182 F304, ASME B16.5, FF FACING",CAN-000758,DEPOT-ONGC-URN,"Uran Plant, Maharashtra",47,24220,30,FLANGE_SLIP_ON,25.0,1500,ASTM A182 F304,FF,ASME B16.5
ONGC-MAT-0001631,ONGC,"FLANGE, WELDING NECK, 12 INCH, CLASS 150, ASTM A182 F316, ASME B16.5, RTJ FACING",CAN-000368,DEPOT-ONGC-MBO,"Mumbai Offshore Logistics Base, Maharashtra",25,178030,36,FLANGE_WELD_NECK,300.0,150,ASTM A182 F316,RTJ,ASME B16.5
ONGC-MAT-0001632,ONGC,"FLANGE, SLIP-ON, 1/2 INCH, CLASS 300, ASTM A182 F316, ASME B16.5, RF FACING",CAN-000711,DEPOT-ONGC-URN,"Uran Plant, Maharashtra",33,4580,35,FLANGE_SLIP_ON,15.0,300,ASTM A182 F316,RF,ASME B16.5
ONGC-MAT-0001633,ONGC,"VALVE, BALL, 2 INCH, CLASS 300, ASTM A182 F316, API 6D, RF FACING",CAN-001667,DEPOT-ONGC-RJM,"Rajahmundry Asset, Andhra Pradesh",38,301810,56,BALL_VALVE,50.0,300,ASTM A182 F316,RF,API 6D
ONGC-MAT-0001634,ONGC,"VALVE, GATE, 1 INCH, CLASS 600, ASTM A182 F316, API 6D, RF FACING",CAN-001094,DEPOT-ONGC-RJM,"Rajahmundry Asset, Andhra Pradesh",0,174610,0,GATE_VALVE,25.0,600,ASTM A182 F316,RF,API 6D
ONGC-MAT-0001635,ONGC,"FLANGE, BLIND, 12 INCH, CLASS 600, ASTM A182 F316, ASME B16.5, RF FACING",CAN-000687,DEPOT-ONGC-URN,"Uran Plant, Maharashtra",40,441570,37,FLANGE_BLIND,300.0,600,ASTM A182 F316,RF,ASME B16.5
ONGC-MAT-0001636,ONGC,"FLANGE, WELDING NECK, 3 INCH, CLASS 150, ASTM A182 F304, ASME B16.5, RTJ FACING",CAN-000166,DEPOT-ONGC-RJM,"Rajahmundry Asset, Andhra Pradesh",0,23950,0,FLANGE_WELD_NECK,80.0,150,ASTM A182 F304,RTJ,ASME B16.5
ONGC-MAT-0001637,ONGC,"FLANGE, WELDING NECK, 8 INCH, CLASS 900, ASTM A105, ASME B16.5, RTJ FACING",CAN-000306,DEPOT-ONGC-RJM,"Rajahmundry Asset, Andhra Pradesh",43,137700,69,FLANGE_WELD_NECK,200.0,900,ASTM A105,RTJ,ASME B16.5
ONGC-MAT-0001638,ONGC,"FLANGE, SLIP-ON, 2 INCH, CLASS 300, ASTM A182 F304, ASME B16.5, FF FACING",CAN-000800,DEPOT-ONGC-RJM,"Rajahmundry Asset, Andhra Pradesh",74,16460,262,FLANGE_SLIP_ON,50.0,300,ASTM A182 F304,FF,ASME B16.5
ONGC-MAT-0001639,ONGC,"VALVE, GATE, 1 INCH, CLASS 150, ASTM A182 F316, API 600, BW FACING",CAN-001071,DEPOT-ONGC-ANK,"Ankleshwar Asset, Gujarat",0,57600,0,GATE_VALVE,25.0,150,ASTM A182 F316,BW,API 600
ONGC-MAT-0001640,ONGC,"VALVE, BALL, 10 INCH, CLASS 1500, ASTM A182 F316, API 6D, BW FACING",CAN-001780,DEPOT-ONGC-URN,"Uran Plant, Maharashtra",0,8862830,0,BALL_VALVE,250.0,1500,ASTM A182 F316,BW,API 6D
ONGC-MAT-0001641,ONGC,"GASKET, SPIRAL WOUND, 4 INCH, CLASS 600, SS304 / GRAPHITE, ASME B16.20, RF FACING",CAN-002056,DEPOT-ONGC-RJM,"Rajahmundry Asset, Andhra Pradesh",42,28670,115,SPIRAL_WOUND_GASKET,100.0,600,SS304 / GRAPHITE,RF,ASME B16.20
ONGC-MAT-0001642,ONGC,"VALVE, GATE, 1/2 INCH, CLASS 600, ASTM A216 WCB, API 600, BW FACING",CAN-001027,DEPOT-ONGC-MBO,"Mumbai Offshore Logistics Base, Maharashtra",112,28080,262,GATE_VALVE,15.0,600,ASTM A216 WCB,BW,API 600
ONGC-MAT-0001643,ONGC,"VALVE, GATE, 2 INCH, CLASS 300, ASTM A216 WCB, API 600, BW FACING",CAN-001195,DEPOT-ONGC-HZR,"Hazira Gas Processing Plant, Gujarat",0,77160,0,GATE_VALVE,50.0,300,ASTM A216 WCB,BW,API 600
ONGC-MAT-0001644,ONGC,"VALVE, GATE, 12 INCH, CLASS 150, ASTM A182 F316, API 600, BW FACING",CAN-001551,DEPOT-ONGC-HZR,"Hazira Gas Processing Plant, Gujarat",32,1456650,104,GATE_VALVE,300.0,150,ASTM A182 F316,BW,API 600
ONGC-MAT-0001645,ONGC,"FLANGE, BLIND, 6 INCH, CLASS 1500, ASTM A350 LF2, ASME B16.5, RTJ FACING",CAN-000608,DEPOT-ONGC-RJM,"Rajahmundry Asset, Andhra Pradesh",47,186630,108,FLANGE_BLIND,150.0,1500,ASTM A350 LF2,RTJ,ASME B16.5
ONGC-MAT-0001646,ONGC,"VALVE, GATE, 1.5 INCH, CLASS 900, ASTM A216 WCB, API 600, RF FACING",CAN-001157,DEPOT-ONGC-HZR,"Hazira Gas Processing Plant, Gujarat",34,139040,38,GATE_VALVE,40.0,900,ASTM A216 WCB,RF,API 600
ONGC-MAT-0001647,ONGC,"GASKET, SPIRAL WOUND, 1/2 INCH, CLASS 150, SS304 / GRAPHITE, ASME B16.20, RF FACING",CAN-002002,DEPOT-ONGC-ANK,"Ankleshwar Asset, Gujarat",35,800,21,SPIRAL_WOUND_GASKET,15.0,150,SS304 / GRAPHITE,RF,ASME B16.20
ONGC-MAT-0001648,ONGC,"FLANGE, SLIP-ON, 8 INCH, CLASS 1500, ASTM A182 F304, ASME B16.5, FF FACING",CAN-000938,DEPOT-ONGC-ANK,"Ankleshwar Asset, Gujarat",129,361690,432,FLANGE_SLIP_ON,200.0,1500,ASTM A182 F304,FF,ASME B16.5
ONGC-MAT-0001649,ONGC,"VALVE, GATE, 4 INCH, CLASS 600, ASTM A105, API 6D, RF FACING",CAN-001330,DEPOT-ONGC-URN,"Uran Plant, Maharashtra",27,330820,102,GATE_VALVE,100.0,600,ASTM A105,RF,API 6D
ONGC-MAT-0001650,ONGC,"VALVE, GATE, 1 INCH, CLASS 1500, ASTM A105, API 600, BW FACING",CAN-001115,DEPOT-ONGC-RJM,"Rajahmundry Asset, Andhra Pradesh",0,113570,0,GATE_VALVE,25.0,1500,ASTM A105,BW,API 600
ONGC-MAT-0001651,ONGC,"STUD BOLT WITH NUTS, 6 INCH, CLASS 150, ASTM A193 B7 / A194 2H, ASME B18.2.1, THRD FACING",CAN-002161,DEPOT-ONGC-HZR,"Hazira Gas Processing Plant, Gujarat",0,3590,0,STUD_BOLT,150.0,150,ASTM A193 B7 / A194 2H,THRD,ASME B18.2.1
ONGC-MAT-0001652,ONGC,"VALVE, GATE, 4 INCH, CLASS 300, ASTM A216 WCB, API 6D, BW FACING",CAN-001316,DEPOT-ONGC-ANK,"Ankleshwar Asset, Gujarat",0,190000,0,GATE_VALVE,100.0,300,ASTM A216 WCB,BW,API 6D
ONGC-MAT-0001653,ONGC,"STUD BOLT WITH NUTS, 4 INCH, CLASS 1500, ASTM A193 B7 / A194 2H, ASME B18.2.1, THRD FACING",CAN-002159,DEPOT-ONGC-URN,"Uran Plant, Maharashtra",117,13380,352,STUD_BOLT,100.0,1500,ASTM A193 B7 / A194 2H,THRD,ASME B18.2.1
ONGC-MAT-0001654,ONGC,"FLANGE, WELDING NECK, 1 INCH, CLASS 900, ASTM A350 LF2, ASME B16.5, RTJ FACING",CAN-000068,DEPOT-ONGC-URN,"Uran Plant, Maharashtra",0,14750,0,FLANGE_WELD_NECK,25.0,900,ASTM A350 LF2,RTJ,ASME B16.5
ONGC-MAT-0001655,ONGC,"FLANGE, WELDING NECK, 4 INCH, CLASS 1500, ASTM A105, ASME B16.5, RTJ FACING",CAN-000234,DEPOT-ONGC-ANK,"Ankleshwar Asset, Gujarat",30,84150,40,FLANGE_WELD_NECK,100.0,1500,ASTM A105,RTJ,ASME B16.5
ONGC-MAT-0001656,ONGC,"STUD BOLT WITH NUTS, 8 INCH, CLASS 1500, ASTM A193 B7 / A194 2H, ASME B18.2.1, THRD FACING",CAN-002179,DEPOT-ONGC-MBO,"Mumbai Offshore Logistics Base, Maharashtra",41,32960,96,STUD_BOLT,200.0,1500,ASTM A193 B7 / A194 2H,THRD,ASME B18.2.1
ONGC-MAT-0001657,ONGC,"VALVE, GATE, 12 INCH, CLASS 150, ASTM A216 WCB, API 6D, RF FACING",CAN-001542,DEPOT-ONGC-MBO,"Mumbai Offshore Logistics Base, Maharashtra",0,455200,0,GATE_VALVE,300.0,150,ASTM A216 WCB,RF,API 6D
ONGC-MAT-0001658,ONGC,"FLANGE, SLIP-ON, 1 INCH, CLASS 900, ASTM A105, ASME B16.5, FF FACING",CAN-000750,DEPOT-ONGC-RJM,"Rajahmundry Asset, Andhra Pradesh",26,6700,86,FLANGE_SLIP_ON,25.0,900,ASTM A105,FF,ASME B16.5
ONGC-MAT-0001659,ONGC,"FLANGE, SLIP-ON, 12 INCH, CLASS 900, ASTM A182 F316, ASME B16.5, FF FACING",CAN-000994,DEPOT-ONGC-ANK,"Ankleshwar Asset, Gujarat",0,542900,0,FLANGE_SLIP_ON,300.0,900,ASTM A182 F316,FF,ASME B16.5
ONGC-MAT-0001660,ONGC,"GASKET, SPIRAL WOUND, 6 INCH, CLASS 600, SS304 / GRAPHITE, ASME B16.20, RF FACING",CAN-002066,DEPOT-ONGC-RJM,"Rajahmundry Asset, Andhra Pradesh",25,48570,110,SPIRAL_WOUND_GASKET,150.0,600,SS304 / GRAPHITE,RF,ASME B16.20
ONGC-MAT-0001661,ONGC,"GASKET, SPIRAL WOUND, 1 INCH, CLASS 900, SS304 / GRAPHITE, ASME B16.20, RF FACING",CAN-002018,DEPOT-ONGC-ANK,"Ankleshwar Asset, Gujarat",32,6540,109,SPIRAL_WOUND_GASKET,25.0,900,SS304 / GRAPHITE,RF,ASME B16.20
ONGC-MAT-0001662,ONGC,"FLANGE, BLIND, 1 INCH, CLASS 1500, ASTM A182 F316, ASME B16.5, RF FACING",CAN-000459,DEPOT-ONGC-ANK,"Ankleshwar Asset, Gujarat",0,36340,0,FLANGE_BLIND,25.0,1500,ASTM A182 F316,RF,ASME B16.5
ONGC-MAT-0001663,ONGC,"FLANGE, SLIP-ON, 2 INCH, CLASS 300, ASTM A182 F316, ASME B16.5, RF FACING",CAN-000801,DEPOT-ONGC-MBO,"Mumbai Offshore Logistics Base, Maharashtra",0,21940,0,FLANGE_SLIP_ON,50.0,300,ASTM A182 F316,RF,ASME B16.5
ONGC-MAT-0001664,ONGC,"VALVE, GATE, 1 INCH, CLASS 1500, ASTM A216 WCB, API 600, BW FACING",CAN-001111,DEPOT-ONGC-MBO,"Mumbai Offshore Logistics Base, Maharashtra",0,113570,0,GATE_VALVE,25.0,1500,ASTM A216 WCB,BW,API 600
ONGC-MAT-0001665,ONGC,"VALVE, GLOBE, 8 INCH, CLASS 600, ASTM A105, BS 1873, RF FACING",CAN-001951,DEPOT-ONGC-HZR,"Hazira Gas Processing Plant, Gujarat",0,1086110,0,GLOBE_VALVE,200.0,600,ASTM A105,RF,BS 1873
ONGC-MAT-0001666,ONGC,"VALVE, GLOBE, 2 INCH, CLASS 900, ASTM A216 WCB, ASME B16.34, RF FACING",CAN-001874,DEPOT-ONGC-HZR,"Hazira Gas Processing Plant, Gujarat",0,247780,0,GLOBE_VALVE,50.0,900,ASTM A216 WCB,RF,ASME B16.34
ONGC-MAT-0001667,ONGC,"FLANGE, BLIND, 1/2 INCH, CLASS 150, ASTM A182 F316, ASME B16.5, RTJ FACING",CAN-000406,DEPOT-ONGC-URN,"Uran Plant, Maharashtra",139,2960,388,FLANGE_BLIND,15.0,150,ASTM A182 F316,RTJ,ASME B16.5
ONGC-MAT-0001668,ONGC,"VALVE, GATE, 6 INCH, CLASS 900, ASTM A105, API 6D, BW FACING",CAN-001404,DEPOT-ONGC-MBO,"Mumbai Offshore Logistics Base, Maharashtra",19,775150,97,GATE_VALVE,150.0,900,ASTM A105,BW,API 6D
ONGC-MAT-0001669,ONGC,"FLANGE, WELDING NECK, 3 INCH, CLASS 900, ASTM A182 F316, ASME B16.5, RF FACING",CAN-000191,DEPOT-ONGC-URN,"Uran Plant, Maharashtra",29,133900,94,FLANGE_WELD_NECK,80.0,900,ASTM A182 F316,RF,ASME B16.5
ONGC-MAT-0001670,ONGC,"FLANGE, WELDING NECK, 10 INCH, CLASS 600, ASTM A182 F316, ASME B16.5, RTJ FACING",CAN-000344,DEPOT-ONGC-MBO,"Mumbai Offshore Logistics Base, Maharashtra",0,425810,0,FLANGE_WELD_NECK,250.0,600,ASTM A182 F316,RTJ,ASME B16.5
ONGC-MAT-0001671,ONGC,"FLANGE, SLIP-ON, 6 INCH, CLASS 300, ASTM A182 F304, ASME B16.5, FF FACING",CAN-000890,DEPOT-ONGC-URN,"Uran Plant, Maharashtra",0,68660,0,FLANGE_SLIP_ON,150.0,300,ASTM A182 F304,FF,ASME B16.5
ONGC-MAT-0001672,ONGC,"VALVE, BALL, 2 INCH, CLASS 900, ASTM A216 WCB, API 6D, RF FACING",CAN-001673,DEPOT-ONGC-URN,"Uran Plant, Maharashtra",37,227130,67,BALL_VALVE,50.0,900,ASTM A216 WCB,RF,API 6D
ONGC-MAT-0001673,ONGC,"FLANGE, SLIP-ON, 2 INCH, CLASS 150, ASTM A182 F316, ASME B16.5, FF FACING",CAN-000796,DEPOT-ONGC-ANK,"Ankleshwar Asset, Gujarat",43,12600,18,FLANGE_SLIP_ON,50.0,150,ASTM A182 F316,FF,ASME B16.5
ONGC-MAT-0001674,ONGC,"FLANGE, SLIP-ON, 2 INCH, CLASS 600, ASTM A182 F316, ASME B16.5, FF FACING",CAN-000808,DEPOT-ONGC-MBO,"Mumbai Offshore Logistics Base, Maharashtra",5,38210,112,FLANGE_SLIP_ON,50.0,600,ASTM A182 F316,FF,ASME B16.5
ONGC-MAT-0001675,ONGC,"FLANGE, BLIND, 4 INCH, CLASS 900, ASTM A105, ASME B16.5, RTJ FACING",CAN-000570,DEPOT-ONGC-HZR,"Hazira Gas Processing Plant, Gujarat",7,45750,87,FLANGE_BLIND,100.0,900,ASTM A105,RTJ,ASME B16.5
ONGC-MAT-0001676,ONGC,"VALVE, GLOBE, 6 INCH, CLASS 150, ASTM A105, BS 1873, RF FACING",CAN-001923,DEPOT-ONGC-HZR,"Hazira Gas Processing Plant, Gujarat",38,246490,65,GLOBE_VALVE,150.0,150,ASTM A105,RF,BS 1873
ONGC-MAT-0001677,ONGC,"VALVE, GATE, 1/2 INCH, CLASS 1500, ASTM A216 WCB, API 600, RF FACING",CAN-001049,DEPOT-ONGC-MBO,"Mumbai Offshore Logistics Base, Maharashtra",25,58460,632,GATE_VALVE,15.0,1500,ASTM A216 WCB,RF,API 600
ONGC-MAT-0001678,ONGC,"VALVE, GATE, 8 INCH, CLASS 900, ASTM A216 WCB, API 6D, BW FACING",CAN-001460,DEPOT-ONGC-URN,"Uran Plant, Maharashtra",59,1126700,603,GATE_VALVE,200.0,900,ASTM A216 WCB,BW,API 6D
ONGC-MAT-0001679,ONGC,"FLANGE, WELDING NECK, 3 INCH, CLASS 600, ASTM A182 F316, ASME B16.5, RF FACING",CAN-000183,DEPOT-ONGC-ANK,"Ankleshwar Asset, Gujarat",33,96800,109,FLANGE_WELD_NECK,80.0,600,ASTM A182 F316,RF,ASME B16.5
ONGC-MAT-0001680,ONGC,"VALVE, GLOBE, 3 INCH, CLASS 600, ASTM A216 WCB, ASME B16.34, RF FACING",CAN-001890,DEPOT-ONGC-RJM,"Rajahmundry Asset, Andhra Pradesh",70,330030,660,GLOBE_VALVE,80.0,600,ASTM A216 WCB,RF,ASME B16.34
ONGC-MAT-0001681,ONGC,"VALVE, GATE, 8 INCH, CLASS 300, ASTM A105, API 600, BW FACING",CAN-001439,DEPOT-ONGC-RJM,"Rajahmundry Asset, Andhra Pradesh",28,467850,90,GATE_VALVE,200.0,300,ASTM A105,BW,API 600
ONGC-MAT-0001682,ONGC,"FLANGE, BLIND, 6 INCH, CLASS 900, ASTM A182 F316, ASME B16.5, RTJ FACING",CAN-000604,DEPOT-ONGC-ANK,"Ankleshwar Asset, Gujarat",0,248050,0,FLANGE_BLIND,150.0,900,ASTM A182 F316,RTJ,ASME B16.5
ONGC-MAT-0001683,ONGC,"VALVE, GLOBE, 1.5 INCH, CLASS 300, ASTM A216 WCB, ASME B16.34, RF FACING",CAN-001846,DEPOT-ONGC-MBO,"Mumbai Offshore Logistics Base, Maharashtra",25,76980,382,GLOBE_VALVE,40.0,300,ASTM A216 WCB,RF,ASME B16.34
ONGC-MAT-0001684,ONGC,"FLANGE, WELDING NECK, 1/2 INCH, CLASS 300, ASTM A350 LF2, ASME B16.5, RTJ FACING",CAN-000012,DEPOT-ONGC-MBO,"Mumbai Offshore Logistics Base, Maharashtra",0,3150,0,FLANGE_WELD_NECK,15.0,300,ASTM A350 LF2,RTJ,ASME B16.5
ONGC-MAT-0001685,ONGC,"VALVE, GLOBE, 1/2 INCH, CLASS 150, ASTM A216 WCB, BS 1873, RF FACING",CAN-001801,DEPOT-ONGC-MBO,"Mumbai Offshore Logistics Base, Maharashtra",50,12350,94,GLOBE_VALVE,15.0,150,ASTM A216 WCB,RF,BS 1873
ONGC-MAT-0001686,ONGC,"VALVE, GATE, 1.5 INCH, CLASS 150, ASTM A216 WCB, API 600, RF FACING",CAN-001121,DEPOT-ONGC-ANK,"Ankleshwar Asset, Gujarat",40,33160,23,GATE_VALVE,40.0,150,ASTM A216 WCB,RF,API 600
ONGC-MAT-0001687,ONGC,"STUD BOLT WITH NUTS, 1/2 INCH, CLASS 300, ASTM A193 B7 / A194 2H, ASME B18.2.1, THRD FACING",CAN-002103,DEPOT-ONGC-HZR,"Hazira Gas Processing Plant, Gujarat",36,310,114,STUD_BOLT,15.0,300,ASTM A193 B7 / A194 2H,THRD,ASME B18.2.1
ONGC-MAT-0001688,ONGC,"FLANGE, SLIP-ON, 8 INCH, CLASS 600, ASTM A182 F316, ASME B16.5, RF FACING",CAN-000927,DEPOT-ONGC-URN,"Uran Plant, Maharashtra",127,231700,625,FLANGE_SLIP_ON,200.0,600,ASTM A182 F316,RF,ASME B16.5
ONGC-MAT-0001689,ONGC,"FLANGE, WELDING NECK, 12 INCH, CLASS 1500, ASTM A182 F304, ASME B16.5, RF FACING",CAN-000397,DEPOT-ONGC-RJM,"Rajahmundry Asset, Andhra Pradesh",85,842490,685,FLANGE_WELD_NECK,300.0,1500,ASTM A182 F304,RF,ASME B16.5
ONGC-MAT-0001690,ONGC,"FLANGE, WELDING NECK, 1.5 INCH, CLASS 300, ASTM A105, ASME B16.5, RTJ FACING",CAN-000090,DEPOT-ONGC-URN,"Uran Plant, Maharashtra",19,7050,79,FLANGE_WELD_NECK,40.0,300,ASTM A105,RTJ,ASME B16.5
ONGC-MAT-0001691,ONGC,"VALVE, GATE, 12 INCH, CLASS 150, ASTM A216 WCB, API 600, RF FACING",CAN-001541,DEPOT-ONGC-MBO,"Mumbai Offshore Logistics Base, Maharashtra",34,455200,513,GATE_VALVE,300.0,150,ASTM A216 WCB,RF,API 600
ONGC-MAT-0001692,ONGC,"FLANGE, SLIP-ON, 12 INCH, CLASS 300, ASTM A182 F304, ASME B16.5, FF FACING",CAN-000980,DEPOT-ONGC-URN,"Uran Plant, Maharashtra",41,169070,13,FLANGE_SLIP_ON,300.0,300,ASTM A182 F304,FF,ASME B16.5
ONGC-MAT-0001693,ONGC,"VALVE, BALL, 10 INCH, CLASS 1500, ASTM A216 WCB, API 6D, BW FACING",CAN-001778,DEPOT-ONGC-ANK,"Ankleshwar Asset, Gujarat",27,2769630,21,BALL_VALVE,250.0,1500,ASTM A216 WCB,BW,API 6D
ONGC-MAT-0001694,ONGC,"VALVE, GLOBE, 6 INCH, CLASS 600, ASTM A216 WCB, ASME B16.34, RF FACING",CAN-001930,DEPOT-ONGC-RJM,"Rajahmundry Asset, Andhra Pradesh",0,747230,0,GLOBE_VALVE,150.0,600,ASTM A216 WCB,RF,ASME B16.34
ONGC-MAT-0001695,ONGC,"FLANGE, WELDING NECK, 1/2 INCH, CLASS 150, ASTM A182 F316, ASME B16.5, RTJ FACING",CAN-000008,DEPOT-ONGC-RJM,"Rajahmundry Asset, Andhra Pradesh",97,3620,640,FLANGE_WELD_NECK,15.0,150,ASTM A182 F316,RTJ,ASME B16.5
ONGC-MAT-0001696,ONGC,"VALVE, GATE, 6 INCH, CLASS 900, ASTM A105, API 6D, BW FACING",CAN-001404,DEPOT-ONGC-MBO,"Mumbai Offshore Logistics Base, Maharashtra",0,775150,0,GATE_VALVE,150.0,900,ASTM A105,BW,API 6D
ONGC-MAT-0001697,ONGC,"VALVE, BALL, 12 INCH, CLASS 600, ASTM A216 WCB, API 6D, RF FACING",CAN-001789,DEPOT-ONGC-RJM,"Rajahmundry Asset, Andhra Pradesh",148,1686570,422,BALL_VALVE,300.0,600,ASTM A216 WCB,RF,API 6D
ONGC-MAT-0001698,ONGC,"FLANGE, SLIP-ON, 6 INCH, CLASS 900, ASTM A182 F304, ASME B16.5, RF FACING",CAN-000901,DEPOT-ONGC-MBO,"Mumbai Offshore Logistics Base, Maharashtra",21,165360,55,FLANGE_SLIP_ON,150.0,900,ASTM A182 F304,RF,ASME B16.5
ONGC-MAT-0001699,ONGC,"VALVE, GATE, 4 INCH, CLASS 300, ASTM A105, API 600, BW FACING",CAN-001319,DEPOT-ONGC-HZR,"Hazira Gas Processing Plant, Gujarat",30,190000,75,GATE_VALVE,100.0,300,ASTM A105,BW,API 600
ONGC-MAT-0001700,ONGC,"VALVE, GATE, 8 INCH, CLASS 1500, ASTM A182 F316, API 6D, BW FACING",CAN-001480,DEPOT-ONGC-ANK,"Ankleshwar Asset, Gujarat",37,5425490,15,GATE_VALVE,200.0,1500,ASTM A182 F316,BW,API 6D
ONGC-MAT-0001701,ONGC,"STUD BOLT WITH NUTS, 8 INCH, CLASS 600, ASTM A193 B7 / A194 2H, ASME B18.2.1, THRD FACING",CAN-002175,DEPOT-ONGC-MBO,"Mumbai Offshore Logistics Base, Maharashtra",0,15830,0,STUD_BOLT,200.0,600,ASTM A193 B7 / A194 2H,THRD,ASME B18.2.1
ONGC-MAT-0001702,ONGC,"VALVE, BALL, 10 INCH, CLASS 600, ASTM A216 WCB, API 6D, BW FACING",CAN-001770,DEPOT-ONGC-ANK,"Ankleshwar Asset, Gujarat",0,1330670,0,BALL_VALVE,250.0,600,ASTM A216 WCB,BW,API 6D
ONGC-MAT-0001703,ONGC,"FLANGE, WELDING NECK, 4 INCH, CLASS 600, ASTM A182 F304, ASME B16.5, RF FACING",CAN-000221,DEPOT-ONGC-URN,"Uran Plant, Maharashtra",0,97040,0,FLANGE_WELD_NECK,100.0,600,ASTM A182 F304,RF,ASME B16.5
ONGC-MAT-0001704,ONGC,"FLANGE, WELDING NECK, 8 INCH, CLASS 600, ASTM A350 LF2, ASME B16.5, RF FACING",CAN-000299,DEPOT-ONGC-RJM,"Rajahmundry Asset, Andhra Pradesh",48,159290,59,FLANGE_WELD_NECK,200.0,600,ASTM A350 LF2,RF,ASME B16.5
ONGC-MAT-0001705,ONGC,"FLANGE, WELDING NECK, 8 INCH, CLASS 900, ASTM A182 F304, ASME B16.5, RTJ FACING",CAN-000310,DEPOT-ONGC-ANK,"Ankleshwar Asset, Gujarat",43,330500,91,FLANGE_WELD_NECK,200.0,900,ASTM A182 F304,RTJ,ASME B16.5
ONGC-MAT-0001706,ONGC,"VALVE, GATE, 1/2 INCH, CLASS 900, ASTM A216 WCB, API 6D, RF FACING",CAN-001038,DEPOT-ONGC-URN,"Uran Plant, Maharashtra",19,38840,48,GATE_VALVE,15.0,900,ASTM A216 WCB,RF,API 6D
ONGC-MAT-0001707,ONGC,"FLANGE, WELDING NECK, 12 INCH, CLASS 300, ASTM A350 LF2, ASME B16.5, RF FACING",CAN-000371,DEPOT-ONGC-URN,"Uran Plant, Maharashtra",38,154980,61,FLANGE_WELD_NECK,300.0,300,ASTM A350 LF2,RF,ASME B16.5
ONGC-MAT-0001708,ONGC,"VALVE, GATE, 1 INCH, CLASS 900, ASTM A105, API 6D, BW FACING",CAN-001104,DEPOT-ONGC-RJM,"Rajahmundry Asset, Andhra Pradesh",12,75470,33,GATE_VALVE,25.0,900,ASTM A105,BW,API 6D
ONGC-MAT-0001709,ONGC,"FLANGE, WELDING NECK, 6 INCH, CLASS 150, ASTM A182 F304, ASME B16.5, RF FACING",CAN-000245,DEPOT-ONGC-HZR,"Hazira Gas Processing Plant, Gujarat",29,54220,14,FLANGE_WELD_NECK,150.0,150,ASTM A182 F304,RF,ASME B16.5
ONGC-MAT-0001710,ONGC,"FLANGE, SLIP-ON, 1.5 INCH, CLASS 600, ASTM A105, ASME B16.5, RF FACING",CAN-000773,DEPOT-ONGC-URN,"Uran Plant, Maharashtra",9,8930,10,FLANGE_SLIP_ON,40.0,600,ASTM A105,RF,ASME B16.5
ONGC-MAT-0001711,ONGC,"VALVE, BALL, 8 INCH, CLASS 300, ASTM A216 WCB, API 6D, RF FACING",CAN-001745,DEPOT-ONGC-RJM,"Rajahmundry Asset, Andhra Pradesh",18,571820,52,BALL_VALVE,200.0,300,ASTM A216 WCB,RF,API 6D
ONGC-MAT-0001712,ONGC,"FLANGE, WELDING NECK, 10 INCH, CLASS 1500, ASTM A350 LF2, ASME B16.5, RF FACING",CAN-000355,DEPOT-ONGC-ANK,"Ankleshwar Asset, Gujarat",23,443140,58,FLANGE_WELD_NECK,250.0,1500,ASTM A350 LF2,RF,ASME B16.5
ONGC-MAT-0001713,ONGC,"FLANGE, BLIND, 2 INCH, CLASS 600, ASTM A350 LF2, ASME B16.5, RF FACING",CAN-000505,DEPOT-ONGC-MBO,"Mumbai Offshore Logistics Base, Maharashtra",0,21490,0,FLANGE_BLIND,50.0,600,ASTM A350 LF2,RF,ASME B16.5
ONGC-MAT-0001714,ONGC,"VALVE, GATE, 2 INCH, CLASS 600, ASTM A182 F316, API 600, BW FACING",CAN-001215,DEPOT-ONGC-ANK,"Ankleshwar Asset, Gujarat",8,429940,37,GATE_VALVE,50.0,600,ASTM A182 F316,BW,API 600
ONGC-MAT-0001715,ONGC,"FLANGE, WELDING NECK, 12 INCH, CLASS 1500, ASTM A182 F316, ASME B16.5, RF FACING",CAN-000399,DEPOT-ONGC-MBO,"Mumbai Offshore Logistics Base, Maharashtra",33,1123330,45,FLANGE_WELD_NECK,300.0,1500,ASTM A182 F316,RF,ASME B16.5
ONGC-MAT-0001716,ONGC,"VALVE, GATE, 2 INCH, CLASS 900, ASTM A105, API 6D, BW FACING",CAN-001224,DEPOT-ONGC-MBO,"Mumbai Offshore Logistics Base, Maharashtra",42,185830,25,GATE_VALVE,50.0,900,ASTM A105,BW,API 6D
ONGC-MAT-0001717,ONGC,"FLANGE, BLIND, 8 INCH, CLASS 600, ASTM A350 LF2, ASME B16.5, RF FACING",CAN-000625,DEPOT-ONGC-HZR,"Hazira Gas Processing Plant, Gujarat",16,130330,32,FLANGE_BLIND,200.0,600,ASTM A350 LF2,RF,ASME B16.5
ONGC-MAT-0001718,ONGC,"VALVE, GATE, 1.5 INCH, CLASS 1500, ASTM A182 F316, API 6D, BW FACING",CAN-001180,DEPOT-ONGC-HZR,"Hazira Gas Processing Plant, Gujarat",31,669540,423,GATE_VALVE,40.0,1500,ASTM A182 F316,BW,API 6D
ONGC-MAT-0001719,ONGC,"VALVE, GATE, 1/2 INCH, CLASS 900, ASTM A216 WCB, API 600, RF FACING",CAN-001037,DEPOT-ONGC-RJM,"Rajahmundry Asset, Andhra Pradesh",123,38840,500,GATE_VALVE,15.0,900,ASTM A216 WCB,RF,API 600
ONGC-MAT-0001720,ONGC,"VALVE, GLOBE, 4 INCH, CLASS 300, ASTM A216 WCB, ASME B16.34, RF FACING",CAN-001906,DEPOT-ONGC-ANK,"Ankleshwar Asset, Gujarat",31,253340,100,GLOBE_VALVE,100.0,300,ASTM A216 WCB,RF,ASME B16.34
ONGC-MAT-0001721,ONGC,"VALVE, GATE, 1.5 INCH, CLASS 900, ASTM A216 WCB, API 6D, RF FACING",CAN-001158,DEPOT-ONGC-RJM,"Rajahmundry Asset, Andhra Pradesh",37,139040,225,GATE_VALVE,40.0,900,ASTM A216 WCB,RF,API 6D
ONGC-MAT-0001722,ONGC,"FLANGE, SLIP-ON, 1.5 INCH, CLASS 1500, ASTM A182 F304, ASME B16.5, FF FACING",CAN-000788,DEPOT-ONGC-HZR,"Hazira Gas Processing Plant, Gujarat",97,44630,305,FLANGE_SLIP_ON,40.0,1500,ASTM A182 F304,FF,ASME B16.5
ONGC-MAT-0001723,ONGC,"VALVE, GATE, 4 INCH, CLASS 600, ASTM A182 F316, API 6D, RF FACING",CAN-001334,DEPOT-ONGC-ANK,"Ankleshwar Asset, Gujarat",19,1058640,37,GATE_VALVE,100.0,600,ASTM A182 F316,RF,API 6D
ONGC-MAT-0001724,ONGC,"VALVE, GATE, 4 INCH, CLASS 150, ASTM A182 F316, API 600, BW FACING",CAN-001311,DEPOT-ONGC-URN,"Uran Plant, Maharashtra",39,349220,63,GATE_VALVE,100.0,150,ASTM A182 F316,BW,API 600
ONGC-MAT-0001725,ONGC,"FLANGE, WELDING NECK, 1 INCH, CLASS 900, ASTM A182 F316, ASME B16.5, RF FACING",CAN-000071,DEPOT-ONGC-MBO,"Mumbai Offshore Logistics Base, Maharashtra",0,29510,0,FLANGE_WELD_NECK,25.0,900,ASTM A182 F316,RF,ASME B16.5
ONGC-MAT-0001726,ONGC,"FLANGE, BLIND, 6 INCH, CLASS 900, ASTM A350 LF2, ASME B16.5, RF FACING",CAN-000601,DEPOT-ONGC-URN,"Uran Plant, Maharashtra",25,124020,105,FLANGE_BLIND,150.0,900,ASTM A350 LF2,RF,ASME B16.5
ONGC-MAT-0001727,ONGC,"FLANGE, WELDING NECK, 1.5 INCH, CLASS 150, ASTM A182 F304, ASME B16.5, RTJ FACING",CAN-000086,DEPOT-ONGC-HZR,"Hazira Gas Processing Plant, Gujarat",26,9720,351,FLANGE_WELD_NECK,40.0,150,ASTM A182 F304,RTJ,ASME B16.5
ONGC-MAT-0001728,ONGC,"VALVE, BALL, 1.5 INCH, CLASS 900, ASTM A216 WCB, API 6D, RF FACING",CAN-001653,DEPOT-ONGC-RJM,"Rajahmundry Asset, Andhra Pradesh",35,169940,34,BALL_VALVE,40.0,900,ASTM A216 WCB,RF,API 6D
ONGC-MAT-0001729,ONGC,"FLANGE, BLIND, 6 INCH, CLASS 300, ASTM A350 LF2, ASME B16.5, RTJ FACING",CAN-000590,DEPOT-ONGC-RJM,"Rajahmundry Asset, Andhra Pradesh",0,51500,0,FLANGE_BLIND,150.0,300,ASTM A350 LF2,RTJ,ASME B16.5
ONGC-MAT-0001730,ONGC,"VALVE, GATE, 4 INCH, CLASS 600, ASTM A105, API 6D, BW FACING",CAN-001332,DEPOT-ONGC-HZR,"Hazira Gas Processing Plant, Gujarat",0,330820,0,GATE_VALVE,100.0,600,ASTM A105,BW,API 6D
ONGC-MAT-0001731,ONGC,"FLANGE, WELDING NECK, 6 INCH, CLASS 300, ASTM A182 F316, ASME B16.5, RF FACING",CAN-000255,DEPOT-ONGC-ANK,"Ankleshwar Asset, Gujarat",139,125890,276,FLANGE_WELD_NECK,150.0,300,ASTM A182 F316,RF,ASME B16.5
ONGC-MAT-0001732,ONGC,"FLANGE, SLIP-ON, 3 INCH, CLASS 150, ASTM A105, ASME B16.5, RF FACING",CAN-000821,DEPOT-ONGC-RJM,"Rajahmundry Asset, Andhra Pradesh",0,7250,0,FLANGE_SLIP_ON,80.0,150,ASTM A105,RF,ASME B16.5
ONGC-MAT-0001733,ONGC,"VALVE, BALL, 4 INCH, CLASS 1500, ASTM A182 F316, API 6D, BW FACING",CAN-001720,DEPOT-ONGC-ANK,"Ankleshwar Asset, Gujarat",29,2693080,105,BALL_VALVE,100.0,1500,ASTM A182 F316,BW,API 6D
ONGC-MAT-0001734,ONGC,"VALVE, GATE, 12 INCH, CLASS 150, ASTM A182 F316, API 6D, RF FACING",CAN-001550,DEPOT-ONGC-HZR,"Hazira Gas Processing Plant, Gujarat",43,1456650,82,GATE_VALVE,300.0,150,ASTM A182 F316,RF,API 6D
ONGC-MAT-0001735,ONGC,"GASKET, SPIRAL WOUND, 4 INCH, CLASS 1500, SS304 / GRAPHITE, ASME B16.20, RF FACING",CAN-002060,DEPOT-ONGC-RJM,"Rajahmundry Asset, Andhra Pradesh",0,59670,0,SPIRAL_WOUND_GASKET,100.0,1500,SS304 / GRAPHITE,RF,ASME B16.20
ONGC-MAT-0001736,ONGC,"FLANGE, SLIP-ON, 1.5 INCH, CLASS 150, ASTM A182 F304, ASME B16.5, FF FACING",CAN-000764,DEPOT-ONGC-MBO,"Mumbai Offshore Logistics Base, Maharashtra",28,7070,14,FLANGE_SLIP_ON,40.0,150,ASTM A182 F304,FF,ASME B16.5
ONGC-MAT-0001737,ONGC,"FLANGE, WELDING NECK, 1 INCH, CLASS 900, ASTM A105, ASME B16.5, RTJ FACING",CAN-000066,DEPOT-ONGC-ANK,"Ankleshwar Asset, Gujarat",41,9220,22,FLANGE_WELD_NECK,25.0,900,ASTM A105,RTJ,ASME B16.5
ONGC-MAT-0001738,ONGC,"VALVE, GLOBE, 2 INCH, CLASS 1500, ASTM A216 WCB, BS 1873, RF FACING",CAN-001877,DEPOT-ONGC-RJM,"Rajahmundry Asset, Andhra Pradesh",0,372860,0,GLOBE_VALVE,50.0,1500,ASTM A216 WCB,RF,BS 1873
ONGC-MAT-0001739,ONGC,"VALVE, BALL, 4 INCH, CLASS 150, ASTM A182 F316, API 6D, BW FACING",CAN-001704,DEPOT-ONGC-RJM,"Rajahmundry Asset, Andhra Pradesh",33,426820,20,BALL_VALVE,100.0,150,ASTM A182 F316,BW,API 6D
ONGC-MAT-0001740,ONGC,"FLANGE, BLIND, 1/2 INCH, CLASS 1500, ASTM A350 LF2, ASME B16.5, RTJ FACING",CAN-000428,DEPOT-ONGC-RJM,"Rajahmundry Asset, Andhra Pradesh",47,9350,73,FLANGE_BLIND,15.0,1500,ASTM A350 LF2,RTJ,ASME B16.5
ONGC-MAT-0001741,ONGC,"STUD BOLT WITH NUTS, 1.5 INCH, CLASS 900, ASTM A320 L7 / A194 7, ASME B18.2.1, THRD FACING",CAN-002128,DEPOT-ONGC-HZR,"Hazira Gas Processing Plant, Gujarat",39,4320,11,STUD_BOLT,40.0,900,ASTM A320 L7 / A194 7,THRD,ASME B18.2.1
ONGC-MAT-0001742,ONGC,"GASKET, SPIRAL WOUND, 8 INCH, CLASS 900, SS316 / GRAPHITE, ASME B16.20, RF FACING",CAN-002077,DEPOT-ONGC-ANK,"Ankleshwar Asset, Gujarat",14,130190,86,SPIRAL_WOUND_GASKET,200.0,900,SS316 / GRAPHITE,RF,ASME B16.20
ONGC-MAT-0001743,ONGC,"GASKET, SPIRAL WOUND, 3 INCH, CLASS 150, SS316 / GRAPHITE, ASME B16.20, RF FACING",CAN-002041,DEPOT-ONGC-URN,"Uran Plant, Maharashtra",113,9430,197,SPIRAL_WOUND_GASKET,80.0,150,SS316 / GRAPHITE,RF,ASME B16.20
ONGC-MAT-0001744,ONGC,"FLANGE, WELDING NECK, 12 INCH, CLASS 150, ASTM A350 LF2, ASME B16.5, RF FACING",CAN-000363,DEPOT-ONGC-MBO,"Mumbai Offshore Logistics Base, Maharashtra",45,89010,612,FLANGE_WELD_NECK,300.0,150,ASTM A350 LF2,RF,ASME B16.5
ONGC-MAT-0001745,ONGC,"VALVE, GATE, 6 INCH, CLASS 1500, ASTM A105, API 600, BW FACING",CAN-001415,DEPOT-ONGC-HZR,"Hazira Gas Processing Plant, Gujarat",0,1166450,0,GATE_VALVE,150.0,1500,ASTM A105,BW,API 600
ONGC-MAT-0001746,ONGC,"VALVE, GATE, 4 INCH, CLASS 150, ASTM A216 WCB, API 600, BW FACING",CAN-001303,DEPOT-ONGC-RJM,"Rajahmundry Asset, Andhra Pradesh",0,109130,0,GATE_VALVE,100.0,150,ASTM A216 WCB,BW,API 600
ONGC-MAT-0001747,ONGC,"GASKET, SPIRAL WOUND, 2 INCH, CLASS 150, SS304 / GRAPHITE, ASME B16.20, RF FACING",CAN-002032,DEPOT-ONGC-URN,"Uran Plant, Maharashtra",0,3840,0,SPIRAL_WOUND_GASKET,50.0,150,SS304 / GRAPHITE,RF,ASME B16.20
ONGC-MAT-0001748,ONGC,"FLANGE, WELDING NECK, 1/2 INCH, CLASS 600, ASTM A105, ASME B16.5, RF FACING",CAN-000017,DEPOT-ONGC-URN,"Uran Plant, Maharashtra",27,3430,30,FLANGE_WELD_NECK,15.0,600,ASTM A105,RF,ASME B16.5
ONGC-MAT-0001749,ONGC,"GASKET, SPIRAL WOUND, 3 INCH, CLASS 600, SS316 / GRAPHITE, ASME B16.20, RF FACING",CAN-002045,DEPOT-ONGC-URN,"Uran Plant, Maharashtra",0,28600,0,SPIRAL_WOUND_GASKET,80.0,600,SS316 / GRAPHITE,RF,ASME B16.20
ONGC-MAT-0001750,ONGC,"FLANGE, BLIND, 8 INCH, CLASS 1500, ASTM A350 LF2, ASME B16.5, RF FACING",CAN-000637,DEPOT-ONGC-ANK,"Ankleshwar Asset, Gujarat",0,271270,0,FLANGE_BLIND,200.0,1500,ASTM A350 LF2,RF,ASME B16.5
ONGC-MAT-0001751,ONGC,"VALVE, GATE, 6 INCH, CLASS 900, ASTM A182 F316, API 6D, BW FACING",CAN-001408,DEPOT-ONGC-HZR,"Hazira Gas Processing Plant, Gujarat",74,2480500,669,GATE_VALVE,150.0,900,ASTM A182 F316,BW,API 6D
ONGC-MAT-0001752,ONGC,"GASKET, SPIRAL WOUND, 4 INCH, CLASS 1500, SS304 / GRAPHITE, ASME B16.20, RF FACING",CAN-002060,DEPOT-ONGC-HZR,"Hazira Gas Processing Plant, Gujarat",140,59670,687,SPIRAL_WOUND_GASKET,100.0,1500,SS304 / GRAPHITE,RF,ASME B16.20
ONGC-MAT-0001753,ONGC,"FLANGE, SLIP-ON, 2 INCH, CLASS 150, ASTM A105, ASME B16.5, RF FACING",CAN-000791,DEPOT-ONGC-ANK,"Ankleshwar Asset, Gujarat",27,3930,59,FLANGE_SLIP_ON,50.0,150,ASTM A105,RF,ASME B16.5
ONGC-MAT-0001754,ONGC,"VALVE, GATE, 1 INCH, CLASS 300, ASTM A105, API 600, RF FACING",CAN-001077,DEPOT-ONGC-URN,"Uran Plant, Maharashtra",85,31330,733,GATE_VALVE,25.0,300,ASTM A105,RF,API 600
ONGC-MAT-0001755,ONGC,"STUD BOLT WITH NUTS, 4 INCH, CLASS 900, ASTM A320 L7 / A194 7, ASME B18.2.1, THRD FACING",CAN-002158,DEPOT-ONGC-HZR,"Hazira Gas Processing Plant, Gujarat",11,14230,18,STUD_BOLT,100.0,900,ASTM A320 L7 / A194 7,THRD,ASME B18.2.1
ONGC-MAT-0001756,ONGC,"VALVE, GATE, 4 INCH, CLASS 300, ASTM A105, API 6D, RF FACING",CAN-001318,DEPOT-ONGC-URN,"Uran Plant, Maharashtra",53,190000,213,GATE_VALVE,100.0,300,ASTM A105,RF,API 6D
ONGC-MAT-0001757,ONGC,"VALVE, GATE, 1/2 INCH, CLASS 300, ASTM A182 F316, API 6D, RF FACING",CAN-001022,DEPOT-ONGC-URN,"Uran Plant, Maharashtra",119,51620,559,GATE_VALVE,15.0,300,ASTM A182 F316,RF,API 6D
ONGC-MAT-0001758,ONGC,"FLANGE, BLIND, 3 INCH, CLASS 300, ASTM A350 LF2, ASME B16.5, RF FACING",CAN-000529,DEPOT-ONGC-HZR,"Hazira Gas Processing Plant, Gujarat",36,22740,96,FLANGE_BLIND,80.0,300,ASTM A350 LF2,RF,ASME B16.5
ONGC-MAT-0001759,ONGC,"FLANGE, WELDING NECK, 8 INCH, CLASS 150, ASTM A105, ASME B16.5, RF FACING",CAN-000281,DEPOT-ONGC-HZR,"Hazira Gas Processing Plant, Gujarat",0,32840,0,FLANGE_WELD_NECK,200.0,150,ASTM A105,RF,ASME B16.5
ONGC-MAT-0001760,ONGC,"VALVE, GATE, 2 INCH, CLASS 150, ASTM A182 F316, API 600, RF FACING",CAN-001189,DEPOT-ONGC-HZR,"Hazira Gas Processing Plant, Gujarat",8,141820,116,GATE_VALVE,50.0,150,ASTM A182 F316,RF,API 600
ONGC-MAT-0001761,ONGC,"VALVE, GLOBE, 2 INCH, CLASS 900, ASTM A216 WCB, ASME B16.34, RF FACING",CAN-001874,DEPOT-ONGC-HZR,"Hazira Gas Processing Plant, Gujarat",12,247780,95,GLOBE_VALVE,50.0,900,ASTM A216 WCB,RF,ASME B16.34
ONGC-MAT-0001762,ONGC,"FLANGE, WELDING NECK, 1 INCH, CLASS 300, ASTM A182 F304, ASME B16.5, RF FACING",CAN-000053,DEPOT-ONGC-URN,"Uran Plant, Maharashtra",78,9190,406,FLANGE_WELD_NECK,25.0,300,ASTM A182 F304,RF,ASME B16.5
ONGC-MAT-0001763,ONGC,"FLANGE, BLIND, 10 INCH, CLASS 900, ASTM A350 LF2, ASME B16.5, RF FACING",CAN-000661,DEPOT-ONGC-URN,"Uran Plant, Maharashtra",0,240940,0,FLANGE_BLIND,250.0,900,ASTM A350 LF2,RF,ASME B16.5
ONGC-MAT-0001764,ONGC,"VALVE, GATE, 6 INCH, CLASS 150, ASTM A182 F316, API 600, RF FACING",CAN-001369,DEPOT-ONGC-ANK,"Ankleshwar Asset, Gujarat",37,591580,108,GATE_VALVE,150.0,150,ASTM A182 F316,RF,API 600
ONGC-MAT-0001765,ONGC,"GASKET, SPIRAL WOUND, 1/2 INCH, CLASS 300, SS316 / GRAPHITE, ASME B16.20, RF FACING",CAN-002003,DEPOT-ONGC-MBO,"Mumbai Offshore Logistics Base, Maharashtra",13,1860,17,SPIRAL_WOUND_GASKET,15.0,300,SS316 / GRAPHITE,RF,ASME B16.20
ONGC-MAT-0001766,ONGC,"VALVE, GATE, 12 INCH, CLASS 600, ASTM A216 WCB, API 6D, BW FACING",CAN-001568,DEPOT-ONGC-MBO,"Mumbai Offshore Logistics Base, Maharashtra",76,1379920,297,GATE_VALVE,300.0,600,ASTM A216 WCB,BW,API 6D
ONGC-MAT-0001767,ONGC,"FLANGE, SLIP-ON, 1/2 INCH, CLASS 1500, ASTM A105, ASME B16.5, RF FACING",CAN-000725,DEPOT-ONGC-ANK,"Ankleshwar Asset, Gujarat",107,5190,620,FLANGE_SLIP_ON,15.0,1500,ASTM A105,RF,ASME B16.5
ONGC-MAT-0001768,ONGC,"FLANGE, BLIND, 10 INCH, CLASS 900, ASTM A182 F316, ASME B16.5, RF FACING",CAN-000663,DEPOT-ONGC-RJM,"Rajahmundry Asset, Andhra Pradesh",37,481880,99,FLANGE_BLIND,250.0,900,ASTM A182 F316,RF,ASME B16.5
ONGC-MAT-0001769,ONGC,"VALVE, GATE, 4 INCH, CLASS 1500, ASTM A216 WCB, API 6D, RF FACING",CAN-001350,DEPOT-ONGC-RJM,"Rajahmundry Asset, Andhra Pradesh",46,688570,200,GATE_VALVE,100.0,1500,ASTM A216 WCB,RF,API 6D
ONGC-MAT-0001770,ONGC,"VALVE, GLOBE, 4 INCH, CLASS 1500, ASTM A216 WCB, ASME B16.34, RF FACING",CAN-001918,DEPOT-ONGC-RJM,"Rajahmundry Asset, Andhra Pradesh",47,918090,594,GLOBE_VALVE,100.0,1500,ASTM A216 WCB,RF,ASME B16.34
ONGC-MAT-0001771,ONGC,"FLANGE, WELDING NECK, 6 INCH, CLASS 1500, ASTM A182 F304, ASME B16.5, RTJ FACING",CAN-000278,DEPOT-ONGC-RJM,"Rajahmundry Asset, Andhra Pradesh",0,342160,0,FLANGE_WELD_NECK,150.0,1500,ASTM A182 F304,RTJ,ASME B16.5
ONGC-MAT-0001772,ONGC,"VALVE, BALL, 2 INCH, CLASS 1500, ASTM A216 WCB, API 6D, RF FACING",CAN-001677,DEPOT-ONGC-ANK,"Ankleshwar Asset, Gujarat",27,341790,30,BALL_VALVE,50.0,1500,ASTM A216 WCB,RF,API 6D
ONGC-MAT-0001773,ONGC,"VALVE, BALL, 2 INCH, CLASS 900, ASTM A182 F316, API 6D, RF FACING",CAN-001675,DEPOT-ONGC-HZR,"Hazira Gas Processing Plant, Gujarat",0,726820,0,BALL_VALVE,50.0,900,ASTM A182 F316,RF,API 6D
ONGC-MAT-0001774,ONGC,"FLANGE, WELDING NECK, 4 INCH, CLASS 300, ASTM A350 LF2, ASME B16.5, RF FACING",CAN-000211,DEPOT-ONGC-HZR,"Hazira Gas Processing Plant, Gujarat",128,37150,186,FLANGE_WELD_NECK,100.0,300,ASTM A350 LF2,RF,ASME B16.5
ONGC-MAT-0001775,ONGC,"VALVE, GATE, 8 INCH, CLASS 300, ASTM A182 F316, API 600, BW FACING",CAN-001443,DEPOT-ONGC-RJM,"Rajahmundry Asset, Andhra Pradesh",0,1497140,0,GATE_VALVE,200.0,300,ASTM A182 F316,BW,API 600
ONGC-MAT-0001776,ONGC,"FLANGE, BLIND, 8 INCH, CLASS 900, ASTM A182 F316, ASME B16.5, RTJ FACING",CAN-000634,DEPOT-ONGC-ANK,"Ankleshwar Asset, Gujarat",23,360540,439,FLANGE_BLIND,200.0,900,ASTM A182 F316,RTJ,ASME B16.5
ONGC-MAT-0001777,ONGC,"VALVE, GATE, 2 INCH, CLASS 900, ASTM A105, API 600, BW FACING",CAN-001223,DEPOT-ONGC-ANK,"Ankleshwar Asset, Gujarat",124,185830,223,GATE_VALVE,50.0,900,ASTM A105,BW,API 600
ONGC-MAT-0001778,ONGC,"VALVE, BALL, 8 INCH, CLASS 1500, ASTM A182 F316, API 6D, BW FACING",CAN-001760,DEPOT-ONGC-RJM,"Rajahmundry Asset, Andhra Pradesh",147,6631160,284,BALL_VALVE,200.0,1500,ASTM A182 F316,BW,API 6D
ONGC-MAT-0001779,ONGC,"FLANGE, BLIND, 8 INCH, CLASS 900, ASTM A182 F316, ASME B16.5, RTJ FACING",CAN-000634,DEPOT-ONGC-ANK,"Ankleshwar Asset, Gujarat",0,360540,0,FLANGE_BLIND,200.0,900,ASTM A182 F316,RTJ,ASME B16.5
ONGC-MAT-0001780,ONGC,"VALVE, GLOBE, 8 INCH, CLASS 300, ASTM A216 WCB, BS 1873, RF FACING",CAN-001945,DEPOT-ONGC-RJM,"Rajahmundry Asset, Andhra Pradesh",89,623800,615,GLOBE_VALVE,200.0,300,ASTM A216 WCB,RF,BS 1873
ONGC-MAT-0001781,ONGC,"FLANGE, WELDING NECK, 8 INCH, CLASS 150, ASTM A350 LF2, ASME B16.5, RTJ FACING",CAN-000284,DEPOT-ONGC-RJM,"Rajahmundry Asset, Andhra Pradesh",22,52540,82,FLANGE_WELD_NECK,200.0,150,ASTM A350 LF2,RTJ,ASME B16.5
ONGC-MAT-0001782,ONGC,"FLANGE, WELDING NECK, 1.5 INCH, CLASS 150, ASTM A105, ASME B16.5, RF FACING",CAN-000081,DEPOT-ONGC-ANK,"Ankleshwar Asset, Gujarat",0,4050,0,FLANGE_WELD_NECK,40.0,150,ASTM A105,RF,ASME B16.5
ONGC-MAT-0001783,ONGC,"FLANGE, WELDING NECK, 3 INCH, CLASS 900, ASTM A350 LF2, ASME B16.5, RTJ FACING",CAN-000188,DEPOT-ONGC-MBO,"Mumbai Offshore Logistics Base, Maharashtra",0,66950,0,FLANGE_WELD_NECK,80.0,900,ASTM A350 LF2,RTJ,ASME B16.5
ONGC-MAT-0001784,ONGC,"VALVE, GATE, 1.5 INCH, CLASS 150, ASTM A216 WCB, API 6D, RF FACING",CAN-001122,DEPOT-ONGC-ANK,"Ankleshwar Asset, Gujarat",148,33160,215,GATE_VALVE,40.0,150,ASTM A216 WCB,RF,API 6D
ONGC-MAT-0001785,ONGC,"VALVE, GATE, 2 INCH, CLASS 900, ASTM A105, API 600, BW FACING",CAN-001223,DEPOT-ONGC-MBO,"Mumbai Offshore Logistics Base, Maharashtra",136,185830,448,GATE_VALVE,50.0,900,ASTM A105,BW,API 600
ONGC-MAT-0001786,ONGC,"VALVE, GATE, 4 INCH, CLASS 900, ASTM A105, API 600, BW FACING",CAN-001343,DEPOT-ONGC-ANK,"Ankleshwar Asset, Gujarat",43,457580,81,GATE_VALVE,100.0,900,ASTM A105,BW,API 600
ONGC-MAT-0001787,ONGC,"FLANGE, WELDING NECK, 1 INCH, CLASS 300, ASTM A105, ASME B16.5, RTJ FACING",CAN-000050,DEPOT-ONGC-URN,"Uran Plant, Maharashtra",45,3830,79,FLANGE_WELD_NECK,25.0,300,ASTM A105,RTJ,ASME B16.5
ONGC-MAT-0001788,ONGC,"FLANGE, BLIND, 1.5 INCH, CLASS 1500, ASTM A182 F316, ASME B16.5, RF FACING",CAN-000489,DEPOT-ONGC-ANK,"Ankleshwar Asset, Gujarat",7,66950,72,FLANGE_BLIND,40.0,1500,ASTM A182 F316,RF,ASME B16.5
ONGC-MAT-0001789,ONGC,"FLANGE, SLIP-ON, 1 INCH, CLASS 1500, ASTM A182 F304, ASME B16.5, FF FACING",CAN-000758,DEPOT-ONGC-ANK,"Ankleshwar Asset, Gujarat",0,24220,0,FLANGE_SLIP_ON,25.0,1500,ASTM A182 F304,FF,ASME B16.5
ONGC-MAT-0001790,ONGC,"STUD BOLT WITH NUTS, 4 INCH, CLASS 1500, ASTM A193 B7 / A194 2H, ASME B18.2.1, THRD FACING",CAN-002159,DEPOT-ONGC-ANK,"Ankleshwar Asset, Gujarat",0,13380,0,STUD_BOLT,100.0,1500,ASTM A193 B7 / A194 2H,THRD,ASME B18.2.1
ONGC-MAT-0001791,ONGC,"VALVE, GATE, 2 INCH, CLASS 1500, ASTM A216 WCB, API 600, BW FACING",CAN-001231,DEPOT-ONGC-URN,"Uran Plant, Maharashtra",47,279640,12,GATE_VALVE,50.0,1500,ASTM A216 WCB,BW,API 600
ONGC-MAT-0001792,ONGC,"VALVE, GATE, 12 INCH, CLASS 300, ASTM A182 F316, API 600, BW FACING",CAN-001563,DEPOT-ONGC-ANK,"Ankleshwar Asset, Gujarat",34,2536190,120,GATE_VALVE,300.0,300,ASTM A182 F316,BW,API 600
ONGC-MAT-0001793,ONGC,"FLANGE, WELDING NECK, 1 INCH, CLASS 300, ASTM A182 F316, ASME B16.5, RF FACING",CAN-000055,DEPOT-ONGC-MBO,"Mumbai Offshore Logistics Base, Maharashtra",65,12250,503,FLANGE_WELD_NECK,25.0,300,ASTM A182 F316,RF,ASME B16.5
ONGC-MAT-0001794,ONGC,"STUD BOLT WITH NUTS, 10 INCH, CLASS 1500, ASTM A320 L7 / A194 7, ASME B18.2.1, THRD FACING",CAN-002190,DEPOT-ONGC-URN,"Uran Plant, Maharashtra",45,70490,78,STUD_BOLT,250.0,1500,ASTM A320 L7 / A194 7,THRD,ASME B18.2.1
ONGC-MAT-0001795,ONGC,"VALVE, GATE, 1/2 INCH, CLASS 300, ASTM A182 F316, API 600, BW FACING",CAN-001023,DEPOT-ONGC-ANK,"Ankleshwar Asset, Gujarat",29,51620,87,GATE_VALVE,15.0,300,ASTM A182 F316,BW,API 600
ONGC-MAT-0001796,ONGC,"VALVE, GATE, 3 INCH, CLASS 900, ASTM A182 F316, API 6D, BW FACING",CAN-001288,DEPOT-ONGC-HZR,"Hazira Gas Processing Plant, Gujarat",108,1095560,379,GATE_VALVE,80.0,900,ASTM A182 F316,BW,API 6D
ONGC-MAT-0001797,ONGC,"FLANGE, WELDING NECK, 6 INCH, CLASS 300, ASTM A182 F304, ASME B16.5, RTJ FACING",CAN-000254,DEPOT-ONGC-HZR,"Hazira Gas Processing Plant, Gujarat",0,94410,0,FLANGE_WELD_NECK,150.0,300,ASTM A182 F304,RTJ,ASME B16.5
ONGC-MAT-0001798,ONGC,"FLANGE, WELDING NECK, 10 INCH, CLASS 150, ASTM A105, ASME B16.5, RF FACING",CAN-000321,DEPOT-ONGC-ANK,"Ankleshwar Asset, Gujarat",38,43890,90,FLANGE_WELD_NECK,250.0,150,ASTM A105,RF,ASME B16.5
ONGC-MAT-0001799,ONGC,"FLANGE, BLIND, 1.5 INCH, CLASS 1500, ASTM A182 F316, ASME B16.5, RF FACING",CAN-000489,DEPOT-ONGC-MBO,"Mumbai Offshore Logistics Base, Maharashtra",0,66950,0,FLANGE_BLIND,40.0,1500,ASTM A182 F316,RF,ASME B16.5
ONGC-MAT-0001800,ONGC,"VALVE, GATE, 8 INCH, CLASS 600, ASTM A182 F316, API 6D, RF FACING",CAN-001454,DEPOT-ONGC-ANK,"Ankleshwar Asset, Gujarat",29,2606670,76,GATE_VALVE,200.0,600,ASTM A182 F316,RF,API 6D
ONGC-MAT-0001801,ONGC,"VALVE, GATE, 12 INCH, CLASS 1500, ASTM A105, API 6D, BW FACING",CAN-001596,DEPOT-ONGC-ANK,"Ankleshwar Asset, Gujarat",5,2872150,27,GATE_VALVE,300.0,1500,ASTM A105,BW,API 6D
ONGC-MAT-0001802,ONGC,"VALVE, GATE, 12 INCH, CLASS 900, ASTM A105, API 6D, RF FACING",CAN-001582,DEPOT-ONGC-MBO,"Mumbai Offshore Logistics Base, Maharashtra",0,1908660,0,GATE_VALVE,300.0,900,ASTM A105,RF,API 6D
ONGC-MAT-0001803,ONGC,"FLANGE, BLIND, 4 INCH, CLASS 150, ASTM A105, ASME B16.5, RTJ FACING",CAN-000552,DEPOT-ONGC-MBO,"Mumbai Offshore Logistics Base, Maharashtra",41,10910,303,FLANGE_BLIND,100.0,150,ASTM A105,RTJ,ASME B16.5
ONGC-MAT-0001804,ONGC,"GASKET, SPIRAL WOUND, 1 INCH, CLASS 1500, SS316 / GRAPHITE, ASME B16.20, RF FACING",CAN-002019,DEPOT-ONGC-MBO,"Mumbai Offshore Logistics Base, Maharashtra",39,13120,61,SPIRAL_WOUND_GASKET,25.0,1500,SS316 / GRAPHITE,RF,ASME B16.20
ONGC-MAT-0001805,ONGC,"FLANGE, BLIND, 3 INCH, CLASS 300, ASTM A105, ASME B16.5, RTJ FACING",CAN-000528,DEPOT-ONGC-MBO,"Mumbai Offshore Logistics Base, Maharashtra",0,14210,0,FLANGE_BLIND,80.0,300,ASTM A105,RTJ,ASME B16.5
ONGC-MAT-0001806,ONGC,"VALVE, GATE, 12 INCH, CLASS 900, ASTM A182 F316, API 6D, RF FACING",CAN-001586,DEPOT-ONGC-URN,"Uran Plant, Maharashtra",38,6107710,26,GATE_VALVE,300.0,900,ASTM A182 F316,RF,API 6D
ONGC-MAT-0001807,ONGC,"VALVE, GATE, 4 INCH, CLASS 150, ASTM A182 F316, API 6D, BW FACING",CAN-001312,DEPOT-ONGC-ANK,"Ankleshwar Asset, Gujarat",122,349220,741,GATE_VALVE,100.0,150,ASTM A182 F316,BW,API 6D
ONGC-MAT-0001808,ONGC,"FLANGE, WELDING NECK, 1/2 INCH, CLASS 900, ASTM A182 F316, ASME B16.5, RF FACING",CAN-000031,DEPOT-ONGC-RJM,"Rajahmundry Asset, Andhra Pradesh",125,15190,674,FLANGE_WELD_NECK,15.0,900,ASTM A182 F316,RF,ASME B16.5
ONGC-MAT-0001809,ONGC,"VALVE, BALL, 12 INCH, CLASS 600, ASTM A182 F316, API 6D, BW FACING",CAN-001792,DEPOT-ONGC-HZR,"Hazira Gas Processing Plant, Gujarat",0,5397040,0,BALL_VALVE,300.0,600,ASTM A182 F316,BW,API 6D
ONGC-MAT-0001810,ONGC,"VALVE, GATE, 2 INCH, CLASS 600, ASTM A182 F316, API 6D, BW FACING",CAN-001216,DEPOT-ONGC-ANK,"Ankleshwar Asset, Gujarat",36,429940,105,GATE_VALVE,50.0,600,ASTM A182 F316,BW,API 6D
ONGC-MAT-0001811,ONGC,"STUD BOLT WITH NUTS, 1/2 INCH, CLASS 900, ASTM A320 L7 / A194 7, ASME B18.2.1, THRD FACING",CAN-002108,DEPOT-ONGC-MBO,"Mumbai Offshore Logistics Base, Maharashtra",95,1200,225,STUD_BOLT,15.0,900,ASTM A320 L7 / A194 7,THRD,ASME B18.2.1
ONGC-MAT-0001812,ONGC,"GASKET, SPIRAL WOUND, 1 INCH, CLASS 300, SS316 / GRAPHITE, ASME B16.20, RF FACING",CAN-002013,DEPOT-ONGC-URN,"Uran Plant, Maharashtra",0,3620,0,SPIRAL_WOUND_GASKET,25.0,300,SS316 / GRAPHITE,RF,ASME B16.20
ONGC-MAT-0001813,ONGC,"VALVE, BALL, 6 INCH, CLASS 300, ASTM A216 WCB, API 6D, BW FACING",CAN-001726,DEPOT-ONGC-ANK,"Ankleshwar Asset, Gujarat",147,393400,315,BALL_VALVE,150.0,300,ASTM A216 WCB,BW,API 6D
ONGC-MAT-0001814,ONGC,"VALVE, GATE, 4 INCH, CLASS 150, ASTM A216 WCB, API 6D, BW FACING",CAN-001304,DEPOT-ONGC-URN,"Uran Plant, Maharashtra",0,109130,0,GATE_VALVE,100.0,150,ASTM A216 WCB,BW,API 6D
ONGC-MAT-0001815,ONGC,"FLANGE, BLIND, 12 INCH, CLASS 150, ASTM A350 LF2, ASME B16.5, RTJ FACING",CAN-000674,DEPOT-ONGC-URN,"Uran Plant, Maharashtra",22,72830,32,FLANGE_BLIND,300.0,150,ASTM A350 LF2,RTJ,ASME B16.5
ONGC-MAT-0001816,ONGC,"VALVE, BALL, 3 INCH, CLASS 600, ASTM A216 WCB, API 6D, BW FACING",CAN-001690,DEPOT-ONGC-URN,"Uran Plant, Maharashtra",26,302520,115,BALL_VALVE,80.0,600,ASTM A216 WCB,BW,API 6D
ONGC-MAT-0001817,ONGC,"VALVE, GATE, 2 INCH, CLASS 300, ASTM A105, API 600, BW FACING",CAN-001199,DEPOT-ONGC-MBO,"Mumbai Offshore Logistics Base, Maharashtra",20,77160,713,GATE_VALVE,50.0,300,ASTM A105,BW,API 600
ONGC-MAT-0001818,ONGC,"FLANGE, BLIND, 8 INCH, CLASS 150, ASTM A350 LF2, ASME B16.5, RF FACING",CAN-000613,DEPOT-ONGC-ANK,"Ankleshwar Asset, Gujarat",99,42990,579,FLANGE_BLIND,200.0,150,ASTM A350 LF2,RF,ASME B16.5
ONGC-MAT-0001819,ONGC,"VALVE, GATE, 3 INCH, CLASS 600, ASTM A216 WCB, API 6D, BW FACING",CAN-001268,DEPOT-ONGC-HZR,"Hazira Gas Processing Plant, Gujarat",11,247520,56,GATE_VALVE,80.0,600,ASTM A216 WCB,BW,API 6D
ONGC-MAT-0001820,ONGC,"VALVE, BALL, 1 INCH, CLASS 150, ASTM A216 WCB, API 6D, RF FACING",CAN-001621,DEPOT-ONGC-HZR,"Hazira Gas Processing Plant, Gujarat",14,22000,11,BALL_VALVE,25.0,150,ASTM A216 WCB,RF,API 6D
ONGC-MAT-0001821,ONGC,"VALVE, GLOBE, 1 INCH, CLASS 900, ASTM A105, ASME B16.34, RF FACING",CAN-001836,DEPOT-ONGC-ANK,"Ankleshwar Asset, Gujarat",78,100630,518,GLOBE_VALVE,25.0,900,ASTM A105,RF,ASME B16.34
ONGC-MAT-0001822,ONGC,"VALVE, GATE, 4 INCH, CLASS 600, ASTM A216 WCB, API 600, BW FACING",CAN-001327,DEPOT-ONGC-URN,"Uran Plant, Maharashtra",68,330820,301,GATE_VALVE,100.0,600,ASTM A216 WCB,BW,API 600
ONGC-MAT-0001823,ONGC,"FLANGE, SLIP-ON, 10 INCH, CLASS 150, ASTM A182 F316, ASME B16.5, FF FACING",CAN-000946,DEPOT-ONGC-RJM,"Rajahmundry Asset, Andhra Pradesh",31,102150,12,FLANGE_SLIP_ON,250.0,150,ASTM A182 F316,FF,ASME B16.5
ONGC-MAT-0001824,ONGC,"VALVE, GATE, 6 INCH, CLASS 900, ASTM A105, API 600, BW FACING",CAN-001403,DEPOT-ONGC-ANK,"Ankleshwar Asset, Gujarat",44,775150,39,GATE_VALVE,150.0,900,ASTM A105,BW,API 600
ONGC-MAT-0001825,ONGC,"VALVE, GATE, 10 INCH, CLASS 900, ASTM A216 WCB, API 600, RF FACING",CAN-001517,DEPOT-ONGC-ANK,"Ankleshwar Asset, Gujarat",20,1505890,29,GATE_VALVE,250.0,900,ASTM A216 WCB,RF,API 600
ONGC-MAT-0001826,ONGC,"FLANGE, SLIP-ON, 2 INCH, CLASS 150, ASTM A105, ASME B16.5, RF FACING",CAN-000791,DEPOT-ONGC-URN,"Uran Plant, Maharashtra",51,3930,186,FLANGE_SLIP_ON,50.0,150,ASTM A105,RF,ASME B16.5
ONGC-MAT-0001827,ONGC,"FLANGE, WELDING NECK, 10 INCH, CLASS 600, ASTM A105, ASME B16.5, RTJ FACING",CAN-000338,DEPOT-ONGC-RJM,"Rajahmundry Asset, Andhra Pradesh",0,133060,0,FLANGE_WELD_NECK,250.0,600,ASTM A105,RTJ,ASME B16.5
ONGC-MAT-0001828,ONGC,"VALVE, GATE, 4 INCH, CLASS 900, ASTM A216 WCB, API 6D, RF FACING",CAN-001338,DEPOT-ONGC-URN,"Uran Plant, Maharashtra",89,457580,444,GATE_VALVE,100.0,900,ASTM A216 WCB,RF,API 6D
ONGC-MAT-0001829,ONGC,"VALVE, GATE, 2 INCH, CLASS 300, ASTM A216 WCB, API 6D, BW FACING",CAN-001196,DEPOT-ONGC-URN,"Uran Plant, Maharashtra",90,77160,256,GATE_VALVE,50.0,300,ASTM A216 WCB,BW,API 6D
ONGC-MAT-0001830,ONGC,"FLANGE, WELDING NECK, 1/2 INCH, CLASS 1500, ASTM A105, ASME B16.5, RF FACING",CAN-000033,DEPOT-ONGC-ANK,"Ankleshwar Asset, Gujarat",144,7140,704,FLANGE_WELD_NECK,15.0,1500,ASTM A105,RF,ASME B16.5
ONGC-MAT-0001831,ONGC,"FLANGE, WELDING NECK, 2 INCH, CLASS 900, ASTM A350 LF2, ASME B16.5, RF FACING",CAN-000147,DEPOT-ONGC-URN,"Uran Plant, Maharashtra",17,36340,97,FLANGE_WELD_NECK,50.0,900,ASTM A350 LF2,RF,ASME B16.5
ONGC-MAT-0001832,ONGC,"FLANGE, WELDING NECK, 1.5 INCH, CLASS 900, ASTM A350 LF2, ASME B16.5, RF FACING",CAN-000107,DEPOT-ONGC-MBO,"Mumbai Offshore Logistics Base, Maharashtra",143,27190,737,FLANGE_WELD_NECK,40.0,900,ASTM A350 LF2,RF,ASME B16.5
ONGC-MAT-0001833,ONGC,"FLANGE, SLIP-ON, 1/2 INCH, CLASS 1500, ASTM A182 F316, ASME B16.5, FF FACING",CAN-000730,DEPOT-ONGC-URN,"Uran Plant, Maharashtra",24,16620,15,FLANGE_SLIP_ON,15.0,1500,ASTM A182 F316,FF,ASME B16.5
ONGC-MAT-0001834,ONGC,"VALVE, GATE, 1/2 INCH, CLASS 150, ASTM A182 F316, API 6D, BW FACING",CAN-001012,DEPOT-ONGC-URN,"Uran Plant, Maharashtra",0,29640,0,GATE_VALVE,15.0,150,ASTM A182 F316,BW,API 6D
ONGC-MAT-0001835,ONGC,"FLANGE, BLIND, 2 INCH, CLASS 900, ASTM A182 F316, ASME B16.5, RTJ FACING",CAN-000514,DEPOT-ONGC-HZR,"Hazira Gas Processing Plant, Gujarat",38,59460,28,FLANGE_BLIND,50.0,900,ASTM A182 F316,RTJ,ASME B16.5
ONGC-MAT-0001836,ONGC,"VALVE, BALL, 2 INCH, CLASS 150, ASTM A182 F316, API 6D, BW FACING",CAN-001664,DEPOT-ONGC-URN,"Uran Plant, Maharashtra",0,173340,0,BALL_VALVE,50.0,150,ASTM A182 F316,BW,API 6D
ONGC-MAT-0001837,ONGC,"FLANGE, SLIP-ON, 2 INCH, CLASS 1500, ASTM A182 F304, ASME B16.5, RF FACING",CAN-000817,DEPOT-ONGC-MBO,"Mumbai Offshore Logistics Base, Maharashtra",41,59650,120,FLANGE_SLIP_ON,50.0,1500,ASTM A182 F304,RF,ASME B16.5
ONGC-MAT-0001838,ONGC,"VALVE, GLOBE, 10 INCH, CLASS 300, ASTM A105, BS 1873, RF FACING",CAN-001967,DEPOT-ONGC-RJM,"Rajahmundry Asset, Andhra Pradesh",0,833740,0,GLOBE_VALVE,250.0,300,ASTM A105,RF,BS 1873
ONGC-MAT-0001839,ONGC,"FLANGE, WELDING NECK, 3 INCH, CLASS 600, ASTM A182 F316, ASME B16.5, RF FACING",CAN-000183,DEPOT-ONGC-HZR,"Hazira Gas Processing Plant, Gujarat",7,96800,112,FLANGE_WELD_NECK,80.0,600,ASTM A182 F316,RF,ASME B16.5
ONGC-MAT-0001840,ONGC,"FLANGE, SLIP-ON, 1/2 INCH, CLASS 150, ASTM A105, ASME B16.5, RF FACING",CAN-000701,DEPOT-ONGC-RJM,"Rajahmundry Asset, Andhra Pradesh",24,820,30,FLANGE_SLIP_ON,15.0,150,ASTM A105,RF,ASME B16.5
ONGC-MAT-0001841,ONGC,"FLANGE, SLIP-ON, 12 INCH, CLASS 300, ASTM A105, ASME B16.5, FF FACING",CAN-000978,DEPOT-ONGC-MBO,"Mumbai Offshore Logistics Base, Maharashtra",34,70440,76,FLANGE_SLIP_ON,300.0,300,ASTM A105,FF,ASME B16.5
ONGC-MAT-0001842,ONGC,"FLANGE, WELDING NECK, 4 INCH, CLASS 150, ASTM A182 F304, ASME B16.5, RTJ FACING",CAN-000206,DEPOT-ONGC-RJM,"Rajahmundry Asset, Andhra Pradesh",131,32010,402,FLANGE_WELD_NECK,100.0,150,ASTM A182 F304,RTJ,ASME B16.5
ONGC-MAT-0001843,ONGC,"FLANGE, BLIND, 1.5 INCH, CLASS 1500, ASTM A182 F316, ASME B16.5, RTJ FACING",CAN-000490,DEPOT-ONGC-ANK,"Ankleshwar Asset, Gujarat",35,66950,67,FLANGE_BLIND,40.0,1500,ASTM A182 F316,RTJ,ASME B16.5
ONGC-MAT-0001844,ONGC,"VALVE, GATE, 8 INCH, CLASS 900, ASTM A105, API 600, RF FACING",CAN-001461,DEPOT-ONGC-ANK,"Ankleshwar Asset, Gujarat",108,1126700,310,GATE_VALVE,200.0,900,ASTM A105,RF,API 600
ONGC-MAT-0001845,ONGC,"FLANGE, WELDING NECK, 2 INCH, CLASS 1500, ASTM A105, ASME B16.5, RF FACING",CAN-000153,DEPOT-ONGC-MBO,"Mumbai Offshore Logistics Base, Maharashtra",0,34170,0,FLANGE_WELD_NECK,50.0,1500,ASTM A105,RF,ASME B16.5
ONGC-MAT-0001846,ONGC,"VALVE, GATE, 3 INCH, CLASS 1500, ASTM A105, API 6D, RF FACING",CAN-001294,DEPOT-ONGC-ANK,"Ankleshwar Asset, Gujarat",39,515190,28,GATE_VALVE,80.0,1500,ASTM A105,RF,API 6D
ONGC-MAT-0001847,ONGC,"VALVE, GATE, 2 INCH, CLASS 600, ASTM A182 F316, API 600, BW FACING",CAN-001215,DEPOT-ONGC-URN,"Uran Plant, Maharashtra",146,429940,332,GATE_VALVE,50.0,600,ASTM A182 F316,BW,API 600
ONGC-MAT-0001848,ONGC,"FLANGE, WELDING NECK, 8 INCH, CLASS 900, ASTM A182 F304, ASME B16.5, RF FACING",CAN-000309,DEPOT-ONGC-ANK,"Ankleshwar Asset, Gujarat",16,330500,26,FLANGE_WELD_NECK,200.0,900,ASTM A182 F304,RF,ASME B16.5
ONGC-MAT-0001849,ONGC,"FLANGE, BLIND, 1.5 INCH, CLASS 900, ASTM A182 F316, ASME B16.5, RTJ FACING",CAN-000484,DEPOT-ONGC-ANK,"Ankleshwar Asset, Gujarat",0,44490,0,FLANGE_BLIND,40.0,900,ASTM A182 F316,RTJ,ASME B16.5
ONGC-MAT-0001850,ONGC,"FLANGE, WELDING NECK, 1 INCH, CLASS 150, ASTM A182 F304, ASME B16.5, RTJ FACING",CAN-000046,DEPOT-ONGC-HZR,"Hazira Gas Processing Plant, Gujarat",0,5280,0,FLANGE_WELD_NECK,25.0,150,ASTM A182 F304,RTJ,ASME B16.5
ONGC-MAT-0001851,ONGC,"FLANGE, BLIND, 8 INCH, CLASS 300, ASTM A105, ASME B16.5, RF FACING",CAN-000617,DEPOT-ONGC-MBO,"Mumbai Offshore Logistics Base, Maharashtra",67,46780,746,FLANGE_BLIND,200.0,300,ASTM A105,RF,ASME B16.5
ONGC-MAT-0001852,ONGC,"VALVE, GATE, 1/2 INCH, CLASS 1500, ASTM A105, API 6D, RF FACING",CAN-001054,DEPOT-ONGC-HZR,"Hazira Gas Processing Plant, Gujarat",20,58460,42,GATE_VALVE,15.0,1500,ASTM A105,RF,API 6D
ONGC-MAT-0001853,ONGC,"FLANGE, SLIP-ON, 4 INCH, CLASS 1500, ASTM A182 F304, ASME B16.5, RF FACING",CAN-000877,DEPOT-ONGC-ANK,"Ankleshwar Asset, Gujarat",40,146890,104,FLANGE_SLIP_ON,100.0,1500,ASTM A182 F304,RF,ASME B16.5
ONGC-MAT-0001854,ONGC,"VALVE, GATE, 4 INCH, CLASS 1500, ASTM A216 WCB, API 600, BW FACING",CAN-001351,DEPOT-ONGC-RJM,"Rajahmundry Asset, Andhra Pradesh",0,688570,0,GATE_VALVE,100.0,1500,ASTM A216 WCB,BW,API 600
ONGC-MAT-0001855,ONGC,"VALVE, GATE, 6 INCH, CLASS 1500, ASTM A216 WCB, API 600, RF FACING",CAN-001409,DEPOT-ONGC-MBO,"Mumbai Offshore Logistics Base, Maharashtra",0,1166450,0,GATE_VALVE,150.0,1500,ASTM A216 WCB,RF,API 600
ONGC-MAT-0001856,ONGC,"VALVE, GLOBE, 2 INCH, CLASS 300, ASTM A105, ASME B16.34, RF FACING",CAN-001868,DEPOT-ONGC-ANK,"Ankleshwar Asset, Gujarat",35,102890,65,GLOBE_VALVE,50.0,300,ASTM A105,RF,ASME B16.34
ONGC-MAT-0001857,ONGC,"FLANGE, BLIND, 10 INCH, CLASS 300, ASTM A182 F316, ASME B16.5, RF FACING",CAN-000651,DEPOT-ONGC-MBO,"Mumbai Offshore Logistics Base, Maharashtra",31,200090,725,FLANGE_BLIND,250.0,300,ASTM A182 F316,RF,ASME B16.5
ONGC-MAT-0001858,ONGC,"FLANGE, BLIND, 10 INCH, CLASS 900, ASTM A182 F316, ASME B16.5, RF FACING",CAN-000663,DEPOT-ONGC-URN,"Uran Plant, Maharashtra",36,481880,48,FLANGE_BLIND,250.0,900,ASTM A182 F316,RF,ASME B16.5
ONGC-MAT-0001859,ONGC,"VALVE, BALL, 4 INCH, CLASS 150, ASTM A182 F316, API 6D, RF FACING",CAN-001703,DEPOT-ONGC-ANK,"Ankleshwar Asset, Gujarat",148,426820,637,BALL_VALVE,100.0,150,ASTM A182 F316,RF,API 6D
ONGC-MAT-0001860,ONGC,"VALVE, GATE, 1 INCH, CLASS 900, ASTM A216 WCB, API 6D, RF FACING",CAN-001098,DEPOT-ONGC-HZR,"Hazira Gas Processing Plant, Gujarat",53,75470,236,GATE_VALVE,25.0,900,ASTM A216 WCB,RF,API 6D
ONGC-MAT-0001861,ONGC,"GASKET, SPIRAL WOUND, 1/2 INCH, CLASS 150, SS316 / GRAPHITE, ASME B16.20, RF FACING",CAN-002001,DEPOT-ONGC-MBO,"Mumbai Offshore Logistics Base, Maharashtra",9,1070,97,SPIRAL_WOUND_GASKET,15.0,150,SS316 / GRAPHITE,RF,ASME B16.20
ONGC-MAT-0001862,ONGC,"FLANGE, SLIP-ON, 1/2 INCH, CLASS 300, ASTM A182 F316, ASME B16.5, RF FACING",CAN-000711,DEPOT-ONGC-URN,"Uran Plant, Maharashtra",119,4580,748,FLANGE_SLIP_ON,15.0,300,ASTM A182 F316,RF,ASME B16.5
ONGC-MAT-0001863,ONGC,"VALVE, GLOBE, 6 INCH, CLASS 600, ASTM A216 WCB, BS 1873, RF FACING",CAN-001929,DEPOT-ONGC-ANK,"Ankleshwar Asset, Gujarat",11,747230,57,GLOBE_VALVE,150.0,600,ASTM A216 WCB,RF,BS 1873
ONGC-MAT-0001864,ONGC,"FLANGE, WELDING NECK, 1/2 INCH, CLASS 600, ASTM A182 F304, ASME B16.5, RF FACING",CAN-000021,DEPOT-ONGC-URN,"Uran Plant, Maharashtra",11,8230,94,FLANGE_WELD_NECK,15.0,600,ASTM A182 F304,RF,ASME B16.5
ONGC-MAT-0001865,ONGC,"FLANGE, BLIND, 8 INCH, CLASS 300, ASTM A182 F316, ASME B16.5, RF FACING",CAN-000621,DEPOT-ONGC-HZR,"Hazira Gas Processing Plant, Gujarat",23,149710,101,FLANGE_BLIND,200.0,300,ASTM A182 F316,RF,ASME B16.5
ONGC-MAT-0001866,ONGC,"FLANGE, BLIND, 1/2 INCH, CLASS 150, ASTM A182 F316, ASME B16.5, RTJ FACING",CAN-000406,DEPOT-ONGC-HZR,"Hazira Gas Processing Plant, Gujarat",21,2960,38,FLANGE_BLIND,15.0,150,ASTM A182 F316,RTJ,ASME B16.5
ONGC-MAT-0001867,ONGC,"VALVE, BALL, 1 INCH, CLASS 1500, ASTM A216 WCB, API 6D, RF FACING",CAN-001637,DEPOT-ONGC-HZR,"Hazira Gas Processing Plant, Gujarat",12,138810,11,BALL_VALVE,25.0,1500,ASTM A216 WCB,RF,API 6D
ONGC-MAT-0001868,ONGC,"VALVE, GLOBE, 12 INCH, CLASS 150, ASTM A105, BS 1873, RF FACING",CAN-001983,DEPOT-ONGC-MBO,"Mumbai Offshore Logistics Base, Maharashtra",0,606940,0,GLOBE_VALVE,300.0,150,ASTM A105,RF,BS 1873
ONGC-MAT-0001869,ONGC,"FLANGE, WELDING NECK, 12 INCH, CLASS 600, ASTM A182 F316, ASME B16.5, RTJ FACING",CAN-000384,DEPOT-ONGC-ANK,"Ankleshwar Asset, Gujarat",42,539700,110,FLANGE_WELD_NECK,300.0,600,ASTM A182 F316,RTJ,ASME B16.5
ONGC-MAT-0001870,ONGC,"FLANGE, BLIND, 10 INCH, CLASS 900, ASTM A182 F316, ASME B16.5, RTJ FACING",CAN-000664,DEPOT-ONGC-RJM,"Rajahmundry Asset, Andhra Pradesh",24,481880,55,FLANGE_BLIND,250.0,900,ASTM A182 F316,RTJ,ASME B16.5
ONGC-MAT-0001871,ONGC,"FLANGE, WELDING NECK, 1/2 INCH, CLASS 300, ASTM A350 LF2, ASME B16.5, RF FACING",CAN-000011,DEPOT-ONGC-MBO,"Mumbai Offshore Logistics Base, Maharashtra",18,3150,37,FLANGE_WELD_NECK,15.0,300,ASTM A350 LF2,RF,ASME B16.5
ONGC-MAT-0001872,ONGC,"FLANGE, WELDING NECK, 1 INCH, CLASS 900, ASTM A182 F316, ASME B16.5, RF FACING",CAN-000071,DEPOT-ONGC-HZR,"Hazira Gas Processing Plant, Gujarat",44,29510,118,FLANGE_WELD_NECK,25.0,900,ASTM A182 F316,RF,ASME B16.5
ONGC-MAT-0001873,ONGC,"FLANGE, WELDING NECK, 3 INCH, CLASS 600, ASTM A105, ASME B16.5, RF FACING",CAN-000177,DEPOT-ONGC-MBO,"Mumbai Offshore Logistics Base, Maharashtra",0,30250,0,FLANGE_WELD_NECK,80.0,600,ASTM A105,RF,ASME B16.5
ONGC-MAT-0001874,ONGC,"VALVE, GATE, 12 INCH, CLASS 300, ASTM A182 F316, API 600, RF FACING",CAN-001561,DEPOT-ONGC-HZR,"Hazira Gas Processing Plant, Gujarat",28,2536190,39,GATE_VALVE,300.0,300,ASTM A182 F316,RF,API 600
ONGC-MAT-0001875,ONGC,"FLANGE, BLIND, 12 INCH, CLASS 300, ASTM A105, ASME B16.5, RTJ FACING",CAN-000678,DEPOT-ONGC-URN,"Uran Plant, Maharashtra",90,79250,641,FLANGE_BLIND,300.0,300,ASTM A105,RTJ,ASME B16.5
ONGC-MAT-0001876,ONGC,"VALVE, GATE, 12 INCH, CLASS 900, ASTM A182 F316, API 600, RF FACING",CAN-001585,DEPOT-ONGC-URN,"Uran Plant, Maharashtra",44,6107710,69,GATE_VALVE,300.0,900,ASTM A182 F316,RF,API 600
ONGC-MAT-0001877,ONGC,"FLANGE, SLIP-ON, 1 INCH, CLASS 900, ASTM A182 F316, ASME B16.5, RF FACING",CAN-000753,DEPOT-ONGC-HZR,"Hazira Gas Processing Plant, Gujarat",0,21460,0,FLANGE_SLIP_ON,25.0,900,ASTM A182 F316,RF,ASME B16.5
ONGC-MAT-0001878,ONGC,"GASKET, SPIRAL WOUND, 8 INCH, CLASS 300, SS304 / GRAPHITE, ASME B16.20, RF FACING",CAN-002074,DEPOT-ONGC-HZR,"Hazira Gas Processing Plant, Gujarat",97,40540,411,SPIRAL_WOUND_GASKET,200.0,300,SS304 / GRAPHITE,RF,ASME B16.20
ONGC-MAT-0001879,ONGC,"FLANGE, SLIP-ON, 4 INCH, CLASS 1500, ASTM A182 F304, ASME B16.5, RF FACING",CAN-000877,DEPOT-ONGC-ANK,"Ankleshwar Asset, Gujarat",43,146890,73,FLANGE_SLIP_ON,100.0,1500,ASTM A182 F304,RF,ASME B16.5
ONGC-MAT-0001880,ONGC,"FLANGE, WELDING NECK, 4 INCH, CLASS 1500, ASTM A182 F304, ASME B16.5, RTJ FACING",CAN-000238,DEPOT-ONGC-ANK,"Ankleshwar Asset, Gujarat",111,201980,744,FLANGE_WELD_NECK,100.0,1500,ASTM A182 F304,RTJ,ASME B16.5
ONGC-MAT-0001881,ONGC,"VALVE, GATE, 1.5 INCH, CLASS 1500, ASTM A182 F316, API 600, RF FACING",CAN-001177,DEPOT-ONGC-MBO,"Mumbai Offshore Logistics Base, Maharashtra",38,669540,77,GATE_VALVE,40.0,1500,ASTM A182 F316,RF,API 600
ONGC-MAT-0001882,ONGC,"FLANGE, BLIND, 12 INCH, CLASS 900, ASTM A182 F316, ASME B16.5, RTJ FACING",CAN-000694,DEPOT-ONGC-RJM,"Rajahmundry Asset, Andhra Pradesh",0,610770,0,FLANGE_BLIND,300.0,900,ASTM A182 F316,RTJ,ASME B16.5
ONGC-MAT-0001883,ONGC,"FLANGE, BLIND, 8 INCH, CLASS 300, ASTM A350 LF2, ASME B16.5, RTJ FACING",CAN-000620,DEPOT-ONGC-MBO,"Mumbai Offshore Logistics Base, Maharashtra",8,74850,100,FLANGE_BLIND,200.0,300,ASTM A350 LF2,RTJ,ASME B16.5
ONGC-MAT-0001884,ONGC,"STUD BOLT WITH NUTS, 1/2 INCH, CLASS 600, ASTM A193 B7 / A194 2H, ASME B18.2.1, THRD FACING",CAN-002105,DEPOT-ONGC-URN,"Uran Plant, Maharashtra",0,540,0,STUD_BOLT,15.0,600,ASTM A193 B7 / A194 2H,THRD,ASME B18.2.1
ONGC-MAT-0001885,ONGC,"GASKET, SPIRAL WOUND, 3 INCH, CLASS 150, SS304 / GRAPHITE, ASME B16.20, RF FACING",CAN-002042,DEPOT-ONGC-RJM,"Rajahmundry Asset, Andhra Pradesh",36,7070,87,SPIRAL_WOUND_GASKET,80.0,150,SS304 / GRAPHITE,RF,ASME B16.20
ONGC-MAT-0001886,ONGC,"FLANGE, SLIP-ON, 3 INCH, CLASS 1500, ASTM A105, ASME B16.5, FF FACING",CAN-000846,DEPOT-ONGC-ANK,"Ankleshwar Asset, Gujarat",0,45790,0,FLANGE_SLIP_ON,80.0,1500,ASTM A105,FF,ASME B16.5
ONGC-MAT-0001887,ONGC,"VALVE, GLOBE, 1 INCH, CLASS 900, ASTM A105, ASME B16.34, RF FACING",CAN-001836,DEPOT-ONGC-MBO,"Mumbai Offshore Logistics Base, Maharashtra",76,100630,707,GLOBE_VALVE,25.0,900,ASTM A105,RF,ASME B16.34
ONGC-MAT-0001888,ONGC,"VALVE, GATE, 2 INCH, CLASS 1500, ASTM A182 F316, API 600, BW FACING",CAN-001239,DEPOT-ONGC-URN,"Uran Plant, Maharashtra",23,894870,84,GATE_VALVE,50.0,1500,ASTM A182 F316,BW,API 600
ONGC-MAT-0001889,ONGC,"FLANGE, SLIP-ON, 3 INCH, CLASS 600, ASTM A105, ASME B16.5, FF FACING",CAN-000834,DEPOT-ONGC-HZR,"Hazira Gas Processing Plant, Gujarat",73,22000,399,FLANGE_SLIP_ON,80.0,600,ASTM A105,FF,ASME B16.5
ONGC-MAT-0001890,ONGC,"FLANGE, WELDING NECK, 10 INCH, CLASS 1500, ASTM A182 F304, ASME B16.5, RF FACING",CAN-000357,DEPOT-ONGC-HZR,"Hazira Gas Processing Plant, Gujarat",0,664710,0,FLANGE_WELD_NECK,250.0,1500,ASTM A182 F304,RF,ASME B16.5
ONGC-MAT-0001891,ONGC,"FLANGE, WELDING NECK, 12 INCH, CLASS 150, ASTM A105, ASME B16.5, RTJ FACING",CAN-000362,DEPOT-ONGC-URN,"Uran Plant, Maharashtra",0,55630,0,FLANGE_WELD_NECK,300.0,150,ASTM A105,RTJ,ASME B16.5
ONGC-MAT-0001892,ONGC,"FLANGE, SLIP-ON, 12 INCH, CLASS 1500, ASTM A105, ASME B16.5, RF FACING",CAN-000995,DEPOT-ONGC-RJM,"Rajahmundry Asset, Andhra Pradesh",40,255300,15,FLANGE_SLIP_ON,300.0,1500,ASTM A105,RF,ASME B16.5
ONGC-MAT-0001893,ONGC,"FLANGE, BLIND, 3 INCH, CLASS 300, ASTM A105, ASME B16.5, RF FACING",CAN-000527,DEPOT-ONGC-MBO,"Mumbai Offshore Logistics Base, Maharashtra",0,14210,0,FLANGE_BLIND,80.0,300,ASTM A105,RF,ASME B16.5
ONGC-MAT-0001894,ONGC,"VALVE, BALL, 2 INCH, CLASS 1500, ASTM A182 F316, API 6D, RF FACING",CAN-001679,DEPOT-ONGC-MBO,"Mumbai Offshore Logistics Base, Maharashtra",0,1093730,0,BALL_VALVE,50.0,1500,ASTM A182 F316,RF,API 6D
ONGC-MAT-0001895,ONGC,"FLANGE, BLIND, 1.5 INCH, CLASS 1500, ASTM A350 LF2, ASME B16.5, RTJ FACING",CAN-000488,DEPOT-ONGC-HZR,"Hazira Gas Processing Plant, Gujarat",75,33470,585,FLANGE_BLIND,40.0,1500,ASTM A350 LF2,RTJ,ASME B16.5
ONGC-MAT-0001896,ONGC,"FLANGE, WELDING NECK, 8 INCH, CLASS 1500, ASTM A182 F304, ASME B16.5, RTJ FACING",CAN-000318,DEPOT-ONGC-RJM,"Rajahmundry Asset, Andhra Pradesh",34,497330,70,FLANGE_WELD_NECK,200.0,1500,ASTM A182 F304,RTJ,ASME B16.5
ONGC-MAT-0001897,ONGC,"VALVE, BALL, 8 INCH, CLASS 600, ASTM A216 WCB, API 6D, RF FACING",CAN-001749,DEPOT-ONGC-MBO,"Mumbai Offshore Logistics Base, Maharashtra",34,995600,12,BALL_VALVE,200.0,600,ASTM A216 WCB,RF,API 6D
ONGC-MAT-0001898,ONGC,"VALVE, GATE, 10 INCH, CLASS 150, ASTM A105, API 600, BW FACING",CAN-001487,DEPOT-ONGC-URN,"Uran Plant, Maharashtra",31,359140,120,GATE_VALVE,250.0,150,ASTM A105,BW,API 600
ONGC-MAT-0001899,ONGC,"FLANGE, BLIND, 10 INCH, CLASS 150, ASTM A105, ASME B16.5, RF FACING",CAN-000641,DEPOT-ONGC-ANK,"Ankleshwar Asset, Gujarat",5,35910,96,FLANGE_BLIND,250.0,150,ASTM A105,RF,ASME B16.5
ONGC-MAT-0001900,ONGC,"FLANGE, WELDING NECK, 12 INCH, CLASS 1500, ASTM A182 F316, ASME B16.5, RF FACING",CAN-000399,DEPOT-ONGC-MBO,"Mumbai Offshore Logistics Base, Maharashtra",50,1123330,27,FLANGE_WELD_NECK,300.0,1500,ASTM A182 F316,RF,ASME B16.5
ONGC-MAT-0001901,ONGC,"FLANGE, BLIND, 1.5 INCH, CLASS 1500, ASTM A182 F316, ASME B16.5, RF FACING",CAN-000489,DEPOT-ONGC-URN,"Uran Plant, Maharashtra",59,66950,303,FLANGE_BLIND,40.0,1500,ASTM A182 F316,RF,ASME B16.5
ONGC-MAT-0001902,ONGC,"FLANGE, WELDING NECK, 3 INCH, CLASS 600, ASTM A182 F304, ASME B16.5, RTJ FACING",CAN-000182,DEPOT-ONGC-URN,"Uran Plant, Maharashtra",52,72600,303,FLANGE_WELD_NECK,80.0,600,ASTM A182 F304,RTJ,ASME B16.5
ONGC-MAT-0001903,ONGC,"VALVE, GATE, 6 INCH, CLASS 1500, ASTM A216 WCB, API 600, RF FACING",CAN-001409,DEPOT-ONGC-RJM,"Rajahmundry Asset, Andhra Pradesh",74,1166450,695,GATE_VALVE,150.0,1500,ASTM A216 WCB,RF,API 600
ONGC-MAT-0001904,ONGC,"GASKET, SPIRAL WOUND, 1.5 INCH, CLASS 900, SS304 / GRAPHITE, ASME B16.20, RF FACING",CAN-002028,DEPOT-ONGC-MBO,"Mumbai Offshore Logistics Base, Maharashtra",62,12050,672,SPIRAL_WOUND_GASKET,40.0,900,SS304 / GRAPHITE,RF,ASME B16.20
ONGC-MAT-0001905,ONGC,"FLANGE, WELDING NECK, 8 INCH, CLASS 900, ASTM A350 LF2, ASME B16.5, RF FACING",CAN-000307,DEPOT-ONGC-RJM,"Rajahmundry Asset, Andhra Pradesh",132,220330,316,FLANGE_WELD_NECK,200.0,900,ASTM A350 LF2,RF,ASME B16.5
ONGC-MAT-0001906,ONGC,"FLANGE, SLIP-ON, 4 INCH, CLASS 150, ASTM A105, ASME B16.5, FF FACING",CAN-000852,DEPOT-ONGC-MBO,"Mumbai Offshore Logistics Base, Maharashtra",18,9700,86,FLANGE_SLIP_ON,100.0,150,ASTM A105,FF,ASME B16.5
ONGC-MAT-0001907,ONGC,"FLANGE, WELDING NECK, 1.5 INCH, CLASS 600, ASTM A182 F304, ASME B16.5, RTJ FACING",CAN-000102,DEPOT-ONGC-URN,"Uran Plant, Maharashtra",0,29480,0,FLANGE_WELD_NECK,40.0,600,ASTM A182 F304,RTJ,ASME B16.5
ONGC-MAT-0001908,ONGC,"FLANGE, WELDING NECK, 1 INCH, CLASS 150, ASTM A182 F304, ASME B16.5, RF FACING",CAN-000045,DEPOT-ONGC-HZR,"Hazira Gas Processing Plant, Gujarat",112,5280,621,FLANGE_WELD_NECK,25.0,150,ASTM A182 F304,RF,ASME B16.5
ONGC-MAT-0001909,ONGC,"VALVE, GLOBE, 1 INCH, CLASS 150, ASTM A216 WCB, ASME B16.34, RF FACING",CAN-001822,DEPOT-ONGC-RJM,"Rajahmundry Asset, Andhra Pradesh",0,24000,0,GLOBE_VALVE,25.0,150,ASTM A216 WCB,RF,ASME B16.34
ONGC-MAT-0001910,ONGC,"VALVE, GATE, 4 INCH, CLASS 600, ASTM A105, API 6D, BW FACING",CAN-001332,DEPOT-ONGC-HZR,"Hazira Gas Processing Plant, Gujarat",122,330820,586,GATE_VALVE,100.0,600,ASTM A105,BW,API 6D
ONGC-MAT-0001911,ONGC,"FLANGE, SLIP-ON, 4 INCH, CLASS 600, ASTM A105, ASME B16.5, FF FACING",CAN-000864,DEPOT-ONGC-HZR,"Hazira Gas Processing Plant, Gujarat",110,29400,417,FLANGE_SLIP_ON,100.0,600,ASTM A105,FF,ASME B16.5
ONGC-MAT-0001912,ONGC,"VALVE, GLOBE, 12 INCH, CLASS 600, ASTM A105, BS 1873, RF FACING",CAN-001991,DEPOT-ONGC-HZR,"Hazira Gas Processing Plant, Gujarat",0,1839900,0,GLOBE_VALVE,300.0,600,ASTM A105,RF,BS 1873
ONGC-MAT-0001913,ONGC,"VALVE, GATE, 10 INCH, CLASS 900, ASTM A216 WCB, API 600, BW FACING",CAN-001519,DEPOT-ONGC-ANK,"Ankleshwar Asset, Gujarat",21,1505890,36,GATE_VALVE,250.0,900,ASTM A216 WCB,BW,API 600
ONGC-MAT-0001914,ONGC,"VALVE, GATE, 4 INCH, CLASS 300, ASTM A182 F316, API 600, RF FACING",CAN-001321,DEPOT-ONGC-ANK,"Ankleshwar Asset, Gujarat",22,608020,84,GATE_VALVE,100.0,300,ASTM A182 F316,RF,API 600
ONGC-MAT-0001915,ONGC,"FLANGE, SLIP-ON, 12 INCH, CLASS 150, ASTM A182 F304, ASME B16.5, FF FACING",CAN-000974,DEPOT-ONGC-RJM,"Rajahmundry Asset, Andhra Pradesh",0,97110,0,FLANGE_SLIP_ON,300.0,150,ASTM A182 F304,FF,ASME B16.5
ONGC-MAT-0001916,ONGC,"FLANGE, WELDING NECK, 4 INCH, CLASS 600, ASTM A350 LF2, ASME B16.5, RF FACING",CAN-000219,DEPOT-ONGC-RJM,"Rajahmundry Asset, Andhra Pradesh",32,64690,54,FLANGE_WELD_NECK,100.0,600,ASTM A350 LF2,RF,ASME B16.5
ONGC-MAT-0001917,ONGC,"FLANGE, BLIND, 10 INCH, CLASS 300, ASTM A182 F316, ASME B16.5, RF FACING",CAN-000651,DEPOT-ONGC-HZR,"Hazira Gas Processing Plant, Gujarat",0,200090,0,FLANGE_BLIND,250.0,300,ASTM A182 F316,RF,ASME B16.5
ONGC-MAT-0001918,ONGC,"FLANGE, WELDING NECK, 10 INCH, CLASS 900, ASTM A105, ASME B16.5, RTJ FACING",CAN-000346,DEPOT-ONGC-ANK,"Ankleshwar Asset, Gujarat",0,184050,0,FLANGE_WELD_NECK,250.0,900,ASTM A105,RTJ,ASME B16.5
ONGC-MAT-0001919,ONGC,"FLANGE, WELDING NECK, 8 INCH, CLASS 900, ASTM A105, ASME B16.5, RTJ FACING",CAN-000306,DEPOT-ONGC-HZR,"Hazira Gas Processing Plant, Gujarat",80,137700,658,FLANGE_WELD_NECK,200.0,900,ASTM A105,RTJ,ASME B16.5
ONGC-MAT-0001920,ONGC,"FLANGE, WELDING NECK, 8 INCH, CLASS 300, ASTM A105, ASME B16.5, RF FACING",CAN-000289,DEPOT-ONGC-RJM,"Rajahmundry Asset, Andhra Pradesh",35,57180,106,FLANGE_WELD_NECK,200.0,300,ASTM A105,RF,ASME B16.5
ONGC-MAT-0001921,ONGC,"FLANGE, BLIND, 10 INCH, CLASS 1500, ASTM A105, ASME B16.5, RF FACING",CAN-000665,DEPOT-ONGC-HZR,"Hazira Gas Processing Plant, Gujarat",50,226600,102,FLANGE_BLIND,250.0,1500,ASTM A105,RF,ASME B16.5
ONGC-MAT-0001922,ONGC,"FLANGE, SLIP-ON, 6 INCH, CLASS 600, ASTM A182 F304, ASME B16.5, FF FACING",CAN-000896,DEPOT-ONGC-URN,"Uran Plant, Maharashtra",84,119550,721,FLANGE_SLIP_ON,150.0,600,ASTM A182 F304,FF,ASME B16.5
ONGC-MAT-0001923,ONGC,"VALVE, GATE, 2 INCH, CLASS 150, ASTM A182 F316, API 6D, BW FACING",CAN-001192,DEPOT-ONGC-HZR,"Hazira Gas Processing Plant, Gujarat",0,141820,0,GATE_VALVE,50.0,150,ASTM A182 F316,BW,API 6D
ONGC-MAT-0001924,ONGC,"VALVE, BALL, 3 INCH, CLASS 900, ASTM A216 WCB, API 6D, RF FACING",CAN-001693,DEPOT-ONGC-MBO,"Mumbai Offshore Logistics Base, Maharashtra",109,418440,550,BALL_VALVE,80.0,900,ASTM A216 WCB,RF,API 6D
ONGC-MAT-0001925,ONGC,"VALVE, GLOBE, 12 INCH, CLASS 600, ASTM A105, ASME B16.34, RF FACING",CAN-001992,DEPOT-ONGC-RJM,"Rajahmundry Asset, Andhra Pradesh",115,1839900,444,GLOBE_VALVE,300.0,600,ASTM A105,RF,ASME B16.34
ONGC-MAT-0001926,ONGC,"FLANGE, SLIP-ON, 2 INCH, CLASS 150, ASTM A105, ASME B16.5, RF FACING",CAN-000791,DEPOT-ONGC-URN,"Uran Plant, Maharashtra",0,3930,0,FLANGE_SLIP_ON,50.0,150,ASTM A105,RF,ASME B16.5
ONGC-MAT-0001927,ONGC,"FLANGE, BLIND, 3 INCH, CLASS 300, ASTM A350 LF2, ASME B16.5, RTJ FACING",CAN-000530,DEPOT-ONGC-URN,"Uran Plant, Maharashtra",17,22740,23,FLANGE_BLIND,80.0,300,ASTM A350 LF2,RTJ,ASME B16.5
ONGC-MAT-0001928,ONGC,"FLANGE, WELDING NECK, 12 INCH, CLASS 900, ASTM A350 LF2, ASME B16.5, RTJ FACING",CAN-000388,DEPOT-ONGC-URN,"Uran Plant, Maharashtra",124,373240,378,FLANGE_WELD_NECK,300.0,900,ASTM A350 LF2,RTJ,ASME B16.5
ONGC-MAT-0001929,ONGC,"FLANGE, SLIP-ON, 6 INCH, CLASS 600, ASTM A105, ASME B16.5, FF FACING",CAN-000894,DEPOT-ONGC-MBO,"Mumbai Offshore Logistics Base, Maharashtra",36,49810,32,FLANGE_SLIP_ON,150.0,600,ASTM A105,FF,ASME B16.5
ONGC-MAT-0001930,ONGC,"VALVE, GATE, 4 INCH, CLASS 600, ASTM A105, API 6D, RF FACING",CAN-001330,DEPOT-ONGC-MBO,"Mumbai Offshore Logistics Base, Maharashtra",32,330820,76,GATE_VALVE,100.0,600,ASTM A105,RF,API 6D
ONGC-MAT-0001931,ONGC,"VALVE, GATE, 1/2 INCH, CLASS 900, ASTM A182 F316, API 600, RF FACING",CAN-001045,DEPOT-ONGC-MBO,"Mumbai Offshore Logistics Base, Maharashtra",28,124310,82,GATE_VALVE,15.0,900,ASTM A182 F316,RF,API 600
ONGC-MAT-0001932,ONGC,"STUD BOLT WITH NUTS, 8 INCH, CLASS 1500, ASTM A320 L7 / A194 7, ASME B18.2.1, THRD FACING",CAN-002180,DEPOT-ONGC-URN,"Uran Plant, Maharashtra",40,52740,64,STUD_BOLT,200.0,1500,ASTM A320 L7 / A194 7,THRD,ASME B18.2.1
ONGC-MAT-0001933,ONGC,"FLANGE, WELDING NECK, 1/2 INCH, CLASS 300, ASTM A350 LF2, ASME B16.5, RF FACING",CAN-000011,DEPOT-ONGC-HZR,"Hazira Gas Processing Plant, Gujarat",0,3150,0,FLANGE_WELD_NECK,15.0,300,ASTM A350 LF2,RF,ASME B16.5
ONGC-MAT-0001934,ONGC,"FLANGE, BLIND, 1.5 INCH, CLASS 1500, ASTM A350 LF2, ASME B16.5, RF FACING",CAN-000487,DEPOT-ONGC-ANK,"Ankleshwar Asset, Gujarat",0,33470,0,FLANGE_BLIND,40.0,1500,ASTM A350 LF2,RF,ASME B16.5
ONGC-MAT-0001935,ONGC,"FLANGE, WELDING NECK, 6 INCH, CLASS 1500, ASTM A182 F304, ASME B16.5, RTJ FACING",CAN-000278,DEPOT-ONGC-ANK,"Ankleshwar Asset, Gujarat",38,342160,534,FLANGE_WELD_NECK,150.0,1500,ASTM A182 F304,RTJ,ASME B16.5
ONGC-MAT-0001936,ONGC,"FLANGE, SLIP-ON, 1.5 INCH, CLASS 900, ASTM A182 F304, ASME B16.5, RF FACING",CAN-000781,DEPOT-ONGC-URN,"Uran Plant, Maharashtra",26,29660,740,FLANGE_SLIP_ON,40.0,900,ASTM A182 F304,RF,ASME B16.5
ONGC-MAT-0001937,ONGC,"FLANGE, WELDING NECK, 1 INCH, CLASS 1500, ASTM A105, ASME B16.5, RF FACING",CAN-000073,DEPOT-ONGC-RJM,"Rajahmundry Asset, Andhra Pradesh",65,13880,622,FLANGE_WELD_NECK,25.0,1500,ASTM A105,RF,ASME B16.5
ONGC-MAT-0001938,ONGC,"FLANGE, BLIND, 1.5 INCH, CLASS 600, ASTM A105, ASME B16.5, RTJ FACING",CAN-000474,DEPOT-ONGC-MBO,"Mumbai Offshore Logistics Base, Maharashtra",69,10050,385,FLANGE_BLIND,40.0,600,ASTM A105,RTJ,ASME B16.5
ONGC-MAT-0001939,ONGC,"VALVE, GLOBE, 1.5 INCH, CLASS 300, ASTM A216 WCB, ASME B16.34, RF FACING",CAN-001846,DEPOT-ONGC-RJM,"Rajahmundry Asset, Andhra Pradesh",48,76980,113,GLOBE_VALVE,40.0,300,ASTM A216 WCB,RF,ASME B16.34
ONGC-MAT-0001940,ONGC,"VALVE, GATE, 3 INCH, CLASS 1500, ASTM A216 WCB, API 600, BW FACING",CAN-001291,DEPOT-ONGC-MBO,"Mumbai Offshore Logistics Base, Maharashtra",49,515190,552,GATE_VALVE,80.0,1500,ASTM A216 WCB,BW,API 600
ONGC-MAT-0001941,ONGC,"VALVE, GATE, 1 INCH, CLASS 900, ASTM A105, API 600, RF FACING",CAN-001101,DEPOT-ONGC-HZR,"Hazira Gas Processing Plant, Gujarat",0,75470,0,GATE_VALVE,25.0,900,ASTM A105,RF,API 600
ONGC-MAT-0001942,ONGC,"FLANGE, BLIND, 10 INCH, CLASS 1500, ASTM A105, ASME B16.5, RF FACING",CAN-000665,DEPOT-ONGC-HZR,"Hazira Gas Processing Plant, Gujarat",0,226600,0,FLANGE_BLIND,250.0,1500,ASTM A105,RF,ASME B16.5
ONGC-MAT-0001943,ONGC,"VALVE, BALL, 4 INCH, CLASS 1500, ASTM A216 WCB, API 6D, RF FACING",CAN-001717,DEPOT-ONGC-RJM,"Rajahmundry Asset, Andhra Pradesh",0,841590,0,BALL_VALVE,100.0,1500,ASTM A216 WCB,RF,API 6D
ONGC-MAT-0001944,ONGC,"VALVE, GLOBE, 1/2 INCH, CLASS 300, ASTM A105, BS 1873, RF FACING",CAN-001807,DEPOT-ONGC-ANK,"Ankleshwar Asset, Gujarat",5,21500,49,GLOBE_VALVE,15.0,300,ASTM A105,RF,BS 1873
ONGC-MAT-0001945,ONGC,"FLANGE, WELDING NECK, 1/2 INCH, CLASS 600, ASTM A105, ASME B16.5, RF FACING",CAN-000017,DEPOT-ONGC-ANK,"Ankleshwar Asset, Gujarat",0,3430,0,FLANGE_WELD_NECK,15.0,600,ASTM A105,RF,ASME B16.5
ONGC-MAT-0001946,ONGC,"FLANGE, WELDING NECK, 10 INCH, CLASS 300, ASTM A182 F304, ASME B16.5, RF FACING",CAN-000333,DEPOT-ONGC-URN,"Uran Plant, Maharashtra",21,183420,73,FLANGE_WELD_NECK,250.0,300,ASTM A182 F304,RF,ASME B16.5
ONGC-MAT-0001947,ONGC,"FLANGE, SLIP-ON, 8 INCH, CLASS 300, ASTM A182 F304, ASME B16.5, FF FACING",CAN-000920,DEPOT-ONGC-RJM,"Rajahmundry Asset, Andhra Pradesh",0,99800,0,FLANGE_SLIP_ON,200.0,300,ASTM A182 F304,FF,ASME B16.5
ONGC-MAT-0001948,ONGC,"VALVE, GATE, 8 INCH, CLASS 1500, ASTM A182 F316, API 6D, RF FACING",CAN-001478,DEPOT-ONGC-HZR,"Hazira Gas Processing Plant, Gujarat",42,5425490,87,GATE_VALVE,200.0,1500,ASTM A182 F316,RF,API 6D
ONGC-MAT-0001949,ONGC,"FLANGE, WELDING NECK, 1.5 INCH, CLASS 900, ASTM A350 LF2, ASME B16.5, RTJ FACING",CAN-000108,DEPOT-ONGC-HZR,"Hazira Gas Processing Plant, Gujarat",0,27190,0,FLANGE_WELD_NECK,40.0,900,ASTM A350 LF2,RTJ,ASME B16.5
ONGC-MAT-0001950,ONGC,"VALVE, GATE, 3 INCH, CLASS 600, ASTM A105, API 600, RF FACING",CAN-001269,DEPOT-ONGC-RJM,"Rajahmundry Asset, Andhra Pradesh",44,247520,573,GATE_VALVE,80.0,600,ASTM A105,RF,API 600
ONGC-MAT-0001951,ONGC,"VALVE, GATE, 6 INCH, CLASS 1500, ASTM A105, API 600, BW FACING",CAN-001415,DEPOT-ONGC-ANK,"Ankleshwar Asset, Gujarat",24,1166450,499,GATE_VALVE,150.0,1500,ASTM A105,BW,API 600
ONGC-MAT-0001952,ONGC,"FLANGE, BLIND, 1.5 INCH, CLASS 150, ASTM A182 F316, ASME B16.5, RTJ FACING",CAN-000466,DEPOT-ONGC-RJM,"Rajahmundry Asset, Andhra Pradesh",10,10610,53,FLANGE_BLIND,40.0,150,ASTM A182 F316,RTJ,ASME B16.5
ONGC-MAT-0001953,ONGC,"VALVE, GATE, 6 INCH, CLASS 150, ASTM A216 WCB, API 6D, RF FACING",CAN-001362,DEPOT-ONGC-MBO,"Mumbai Offshore Logistics Base, Maharashtra",0,184870,0,GATE_VALVE,150.0,150,ASTM A216 WCB,RF,API 6D
ONGC-MAT-0001954,ONGC,"VALVE, GATE, 1 INCH, CLASS 300, ASTM A105, API 600, RF FACING",CAN-001077,DEPOT-ONGC-HZR,"Hazira Gas Processing Plant, Gujarat",44,31330,83,GATE_VALVE,25.0,300,ASTM A105,RF,API 600
ONGC-MAT-0001955,ONGC,"VALVE, GATE, 1 INCH, CLASS 150, ASTM A182 F316, API 6D, BW FACING",CAN-001072,DEPOT-ONGC-MBO,"Mumbai Offshore Logistics Base, Maharashtra",19,57600,59,GATE_VALVE,25.0,150,ASTM A182 F316,BW,API 6D
ONGC-MAT-0001956,ONGC,"VALVE, GATE, 4 INCH, CLASS 600, ASTM A105, API 600, RF FACING",CAN-001329,DEPOT-ONGC-MBO,"Mumbai Offshore Logistics Base, Maharashtra",0,330820,0,GATE_VALVE,100.0,600,ASTM A105,RF,API 600
ONGC-MAT-0001957,ONGC,"FLANGE, WELDING NECK, 1/2 INCH, CLASS 150, ASTM A182 F304, ASME B16.5, RF FACING",CAN-000005,DEPOT-ONGC-HZR,"Hazira Gas Processing Plant, Gujarat",30,2710,25,FLANGE_WELD_NECK,15.0,150,ASTM A182 F304,RF,ASME B16.5
ONGC-MAT-0001958,ONGC,"VALVE, GATE, 8 INCH, CLASS 150, ASTM A216 WCB, API 6D, RF FACING",CAN-001422,DEPOT-ONGC-HZR,"Hazira Gas Processing Plant, Gujarat",69,268710,649,GATE_VALVE,200.0,150,ASTM A216 WCB,RF,API 6D
ONGC-MAT-0001959,ONGC,"FLANGE, BLIND, 1/2 INCH, CLASS 150, ASTM A182 F316, ASME B16.5, RF FACING",CAN-000405,DEPOT-ONGC-URN,"Uran Plant, Maharashtra",19,2960,96,FLANGE_BLIND,15.0,150,ASTM A182 F316,RF,ASME B16.5
ONGC-MAT-0001960,ONGC,"VALVE, GATE, 3 INCH, CLASS 900, ASTM A216 WCB, API 6D, BW FACING",CAN-001280,DEPOT-ONGC-URN,"Uran Plant, Maharashtra",0,342360,0,GATE_VALVE,80.0,900,ASTM A216 WCB,BW,API 6D
ONGC-MAT-0001961,ONGC,"FLANGE, SLIP-ON, 1 INCH, CLASS 900, ASTM A182 F304, ASME B16.5, FF FACING",CAN-000752,DEPOT-ONGC-RJM,"Rajahmundry Asset, Andhra Pradesh",132,16100,342,FLANGE_SLIP_ON,25.0,900,ASTM A182 F304,FF,ASME B16.5
ONGC-MAT-0001962,ONGC,"FLANGE, WELDING NECK, 4 INCH, CLASS 600, ASTM A350 LF2, ASME B16.5, RF FACING",CAN-000219,DEPOT-ONGC-ANK,"Ankleshwar Asset, Gujarat",140,64690,286,FLANGE_WELD_NECK,100.0,600,ASTM A350 LF2,RF,ASME B16.5
ONGC-MAT-0001963,ONGC,"FLANGE, WELDING NECK, 10 INCH, CLASS 150, ASTM A105, ASME B16.5, RTJ FACING",CAN-000322,DEPOT-ONGC-ANK,"Ankleshwar Asset, Gujarat",48,43890,66,FLANGE_WELD_NECK,250.0,150,ASTM A105,RTJ,ASME B16.5
ONGC-MAT-0001964,ONGC,"VALVE, GLOBE, 1.5 INCH, CLASS 600, ASTM A105, ASME B16.34, RF FACING",CAN-001852,DEPOT-ONGC-RJM,"Rajahmundry Asset, Andhra Pradesh",0,134030,0,GLOBE_VALVE,40.0,600,ASTM A105,RF,ASME B16.34
ONGC-MAT-0001965,ONGC,"FLANGE, SLIP-ON, 3 INCH, CLASS 300, ASTM A182 F304, ASME B16.5, RF FACING",CAN-000829,DEPOT-ONGC-MBO,"Mumbai Offshore Logistics Base, Maharashtra",12,30320,24,FLANGE_SLIP_ON,80.0,300,ASTM A182 F304,RF,ASME B16.5
ONGC-MAT-0001966,ONGC,"VALVE, GATE, 12 INCH, CLASS 900, ASTM A216 WCB, API 6D, BW FACING",CAN-001580,DEPOT-ONGC-ANK,"Ankleshwar Asset, Gujarat",44,1908660,22,GATE_VALVE,300.0,900,ASTM A216 WCB,BW,API 6D
ONGC-MAT-0001967,ONGC,"FLANGE, BLIND, 8 INCH, CLASS 300, ASTM A105, ASME B16.5, RTJ FACING",CAN-000618,DEPOT-ONGC-MBO,"Mumbai Offshore Logistics Base, Maharashtra",18,46780,90,FLANGE_BLIND,200.0,300,ASTM A105,RTJ,ASME B16.5
ONGC-MAT-0001968,ONGC,"VALVE, GATE, 1 INCH, CLASS 300, ASTM A182 F316, API 600, BW FACING",CAN-001083,DEPOT-ONGC-URN,"Uran Plant, Maharashtra",125,100280,184,GATE_VALVE,25.0,300,ASTM A182 F316,BW,API 600
ONGC-MAT-0001969,ONGC,"VALVE, GATE, 1.5 INCH, CLASS 150, ASTM A182 F316, API 6D, BW FACING",CAN-001132,DEPOT-ONGC-RJM,"Rajahmundry Asset, Andhra Pradesh",26,106110,62,GATE_VALVE,40.0,150,ASTM A182 F316,BW,API 6D
ONGC-MAT-0001970,ONGC,"FLANGE, SLIP-ON, 2 INCH, CLASS 900, ASTM A182 F304, ASME B16.5, RF FACING",CAN-000811,DEPOT-ONGC-RJM,"Rajahmundry Asset, Andhra Pradesh",39,39640,92,FLANGE_SLIP_ON,50.0,900,ASTM A182 F304,RF,ASME B16.5
ONGC-MAT-0001971,ONGC,"STUD BOLT WITH NUTS, 2 INCH, CLASS 300, ASTM A320 L7 / A194 7, ASME B18.2.1, THRD FACING",CAN-002134,DEPOT-ONGC-RJM,"Rajahmundry Asset, Andhra Pradesh",9,2400,14,STUD_BOLT,50.0,300,ASTM A320 L7 / A194 7,THRD,ASME B18.2.1
ONGC-MAT-0001972,ONGC,"FLANGE, BLIND, 12 INCH, CLASS 300, ASTM A182 F316, ASME B16.5, RF FACING",CAN-000681,DEPOT-ONGC-RJM,"Rajahmundry Asset, Andhra Pradesh",43,253610,70,FLANGE_BLIND,300.0,300,ASTM A182 F316,RF,ASME B16.5
ONGC-MAT-0001973,ONGC,"VALVE, GATE, 12 INCH, CLASS 1500, ASTM A182 F316, API 6D, BW FACING",CAN-001600,DEPOT-ONGC-URN,"Uran Plant, Maharashtra",148,9190900,567,GATE_VALVE,300.0,1500,ASTM A182 F316,BW,API 6D
ONGC-MAT-0001974,ONGC,"VALVE, GATE, 3 INCH, CLASS 600, ASTM A182 F316, API 600, BW FACING",CAN-001275,DEPOT-ONGC-MBO,"Mumbai Offshore Logistics Base, Maharashtra",95,792070,397,GATE_VALVE,80.0,600,ASTM A182 F316,BW,API 600
ONGC-MAT-0001975,ONGC,"VALVE, GATE, 6 INCH, CLASS 150, ASTM A105, API 6D, BW FACING",CAN-001368,DEPOT-ONGC-URN,"Uran Plant, Maharashtra",125,184870,460,GATE_VALVE,150.0,150,ASTM A105,BW,API 6D
ONGC-MAT-0001976,ONGC,"VALVE, GLOBE, 10 INCH, CLASS 1500, ASTM A216 WCB, BS 1873, RF FACING",CAN-001977,DEPOT-ONGC-ANK,"Ankleshwar Asset, Gujarat",33,3021420,352,GLOBE_VALVE,250.0,1500,ASTM A216 WCB,RF,BS 1873
ONGC-MAT-0001977,ONGC,"FLANGE, BLIND, 2 INCH, CLASS 300, ASTM A350 LF2, ASME B16.5, RTJ FACING",CAN-000500,DEPOT-ONGC-MBO,"Mumbai Offshore Logistics Base, Maharashtra",0,12340,0,FLANGE_BLIND,50.0,300,ASTM A350 LF2,RTJ,ASME B16.5
ONGC-MAT-0001978,ONGC,"FLANGE, BLIND, 8 INCH, CLASS 900, ASTM A105, ASME B16.5, RF FACING",CAN-000629,DEPOT-ONGC-MBO,"Mumbai Offshore Logistics Base, Maharashtra",36,112670,94,FLANGE_BLIND,200.0,900,ASTM A105,RF,ASME B16.5
ONGC-MAT-0001979,ONGC,"VALVE, BALL, 4 INCH, CLASS 900, ASTM A182 F316, API 6D, BW FACING",CAN-001716,DEPOT-ONGC-MBO,"Mumbai Offshore Logistics Base, Maharashtra",109,1789660,583,BALL_VALVE,100.0,900,ASTM A182 F316,BW,API 6D
ONGC-MAT-0001980,ONGC,"VALVE, GATE, 12 INCH, CLASS 1500, ASTM A182 F316, API 6D, BW FACING",CAN-001600,DEPOT-ONGC-ANK,"Ankleshwar Asset, Gujarat",133,9190900,576,GATE_VALVE,300.0,1500,ASTM A182 F316,BW,API 6D
ONGC-MAT-0001981,ONGC,"STUD BOLT WITH NUTS, 4 INCH, CLASS 150, ASTM A193 B7 / A194 2H, ASME B18.2.1, THRD FACING",CAN-002151,DEPOT-ONGC-MBO,"Mumbai Offshore Logistics Base, Maharashtra",42,2120,91,STUD_BOLT,100.0,150,ASTM A193 B7 / A194 2H,THRD,ASME B18.2.1
ONGC-MAT-0001982,ONGC,"FLANGE, WELDING NECK, 8 INCH, CLASS 600, ASTM A182 F304, ASME B16.5, RF FACING",CAN-000301,DEPOT-ONGC-ANK,"Ankleshwar Asset, Gujarat",40,238940,537,FLANGE_WELD_NECK,200.0,600,ASTM A182 F304,RF,ASME B16.5
ONGC-MAT-0001983,ONGC,"FLANGE, BLIND, 2 INCH, CLASS 1500, ASTM A105, ASME B16.5, RTJ FACING",CAN-000516,DEPOT-ONGC-ANK,"Ankleshwar Asset, Gujarat",81,27960,461,FLANGE_BLIND,50.0,1500,ASTM A105,RTJ,ASME B16.5
ONGC-MAT-0001984,ONGC,"STUD BOLT WITH NUTS, 1 INCH, CLASS 900, ASTM A320 L7 / A194 7, ASME B18.2.1, THRD FACING",CAN-002118,DEPOT-ONGC-MBO,"Mumbai Offshore Logistics Base, Maharashtra",101,2340,216,STUD_BOLT,25.0,900,ASTM A320 L7 / A194 7,THRD,ASME B18.2.1
ONGC-MAT-0001985,ONGC,"VALVE, GATE, 8 INCH, CLASS 150, ASTM A182 F316, API 6D, BW FACING",CAN-001432,DEPOT-ONGC-URN,"Uran Plant, Maharashtra",28,859880,40,GATE_VALVE,200.0,150,ASTM A182 F316,BW,API 6D
ONGC-MAT-0001986,ONGC,"VALVE, GATE, 1/2 INCH, CLASS 600, ASTM A105, API 6D, BW FACING",CAN-001032,DEPOT-ONGC-MBO,"Mumbai Offshore Logistics Base, Maharashtra",43,28080,92,GATE_VALVE,15.0,600,ASTM A105,BW,API 6D
ONGC-MAT-0001987,ONGC,"GASKET, SPIRAL WOUND, 1 INCH, CLASS 600, SS304 / GRAPHITE, ASME B16.20, RF FACING",CAN-002016,DEPOT-ONGC-HZR,"Hazira Gas Processing Plant, Gujarat",22,4720,96,SPIRAL_WOUND_GASKET,25.0,600,SS304 / GRAPHITE,RF,ASME B16.20
ONGC-MAT-0001988,ONGC,"VALVE, GATE, 1.5 INCH, CLASS 1500, ASTM A105, API 6D, BW FACING",CAN-001176,DEPOT-ONGC-RJM,"Rajahmundry Asset, Andhra Pradesh",25,209230,39,GATE_VALVE,40.0,1500,ASTM A105,BW,API 6D
ONGC-MAT-0001989,ONGC,"FLANGE, WELDING NECK, 3 INCH, CLASS 150, ASTM A182 F316, ASME B16.5, RF FACING",CAN-000167,DEPOT-ONGC-RJM,"Rajahmundry Asset, Andhra Pradesh",6,31930,40,FLANGE_WELD_NECK,80.0,150,ASTM A182 F316,RF,ASME B16.5
ONGC-MAT-0001990,ONGC,"FLANGE, SLIP-ON, 1/2 INCH, CLASS 1500, ASTM A182 F316, ASME B16.5, FF FACING",CAN-000730,DEPOT-ONGC-MBO,"Mumbai Offshore Logistics Base, Maharashtra",109,16620,466,FLANGE_SLIP_ON,15.0,1500,ASTM A182 F316,FF,ASME B16.5
ONGC-MAT-0001991,ONGC,"FLANGE, BLIND, 8 INCH, CLASS 1500, ASTM A350 LF2, ASME B16.5, RTJ FACING",CAN-000638,DEPOT-ONGC-RJM,"Rajahmundry Asset, Andhra Pradesh",28,271270,673,FLANGE_BLIND,200.0,1500,ASTM A350 LF2,RTJ,ASME B16.5
ONGC-MAT-0001992,ONGC,"VALVE, BALL, 1/2 INCH, CLASS 900, ASTM A182 F316, API 6D, RF FACING",CAN-001615,DEPOT-ONGC-RJM,"Rajahmundry Asset, Andhra Pradesh",0,151940,0,BALL_VALVE,15.0,900,ASTM A182 F316,RF,API 6D
ONGC-MAT-0001993,ONGC,"VALVE, GLOBE, 1.5 INCH, CLASS 150, ASTM A105, ASME B16.34, RF FACING",CAN-001844,DEPOT-ONGC-URN,"Uran Plant, Maharashtra",17,44210,103,GLOBE_VALVE,40.0,150,ASTM A105,RF,ASME B16.34
ONGC-MAT-0001994,ONGC,"FLANGE, SLIP-ON, 12 INCH, CLASS 300, ASTM A105, ASME B16.5, RF FACING",CAN-000977,DEPOT-ONGC-RJM,"Rajahmundry Asset, Andhra Pradesh",30,70440,84,FLANGE_SLIP_ON,300.0,300,ASTM A105,RF,ASME B16.5
ONGC-MAT-0001995,ONGC,"VALVE, BALL, 6 INCH, CLASS 150, ASTM A216 WCB, API 6D, BW FACING",CAN-001722,DEPOT-ONGC-URN,"Uran Plant, Maharashtra",0,225950,0,BALL_VALVE,150.0,150,ASTM A216 WCB,BW,API 6D
ONGC-MAT-0001996,ONGC,"FLANGE, WELDING NECK, 6 INCH, CLASS 600, ASTM A182 F304, ASME B16.5, RF FACING",CAN-000261,DEPOT-ONGC-RJM,"Rajahmundry Asset, Andhra Pradesh",0,164390,0,FLANGE_WELD_NECK,150.0,600,ASTM A182 F304,RF,ASME B16.5
ONGC-MAT-0001997,ONGC,"FLANGE, BLIND, 10 INCH, CLASS 300, ASTM A182 F316, ASME B16.5, RF FACING",CAN-000651,DEPOT-ONGC-MBO,"Mumbai Offshore Logistics Base, Maharashtra",24,200090,104,FLANGE_BLIND,250.0,300,ASTM A182 F316,RF,ASME B16.5
ONGC-MAT-0001998,ONGC,"VALVE, BALL, 2 INCH, CLASS 300, ASTM A216 WCB, API 6D, BW FACING",CAN-001666,DEPOT-ONGC-RJM,"Rajahmundry Asset, Andhra Pradesh",0,94310,0,BALL_VALVE,50.0,300,ASTM A216 WCB,BW,API 6D
ONGC-MAT-0001999,ONGC,"FLANGE, BLIND, 1 INCH, CLASS 150, ASTM A105, ASME B16.5, RF FACING",CAN-000431,DEPOT-ONGC-ANK,"Ankleshwar Asset, Gujarat",27,1800,666,FLANGE_BLIND,25.0,150,ASTM A105,RF,ASME B16.5
ONGC-MAT-0002000,ONGC,"VALVE, GATE, 4 INCH, CLASS 1500, ASTM A216 WCB, API 6D, BW FACING",CAN-001352,DEPOT-ONGC-URN,"Uran Plant, Maharashtra",8,688570,112,GATE_VALVE,100.0,1500,ASTM A216 WCB,BW,API 6D
ONGC-MAT-0002001,ONGC,"GASKET, SPIRAL WOUND, 1/2 INCH, CLASS 900, SS304 / GRAPHITE, ASME B16.20, RF FACING",CAN-002008,DEPOT-ONGC-ANK,"Ankleshwar Asset, Gujarat",0,3360,0,SPIRAL_WOUND_GASKET,15.0,900,SS304 / GRAPHITE,RF,ASME B16.20
ONGC-MAT-0002002,ONGC,"GASKET, SPIRAL WOUND, 1.5 INCH, CLASS 300, SS304 / GRAPHITE, ASME B16.20, RF FACING",CAN-002024,DEPOT-ONGC-HZR,"Hazira Gas Processing Plant, Gujarat",118,5000,403,SPIRAL_WOUND_GASKET,40.0,300,SS304 / GRAPHITE,RF,ASME B16.20
ONGC-MAT-0002003,ONGC,"VALVE, GATE, 8 INCH, CLASS 1500, ASTM A105, API 600, BW FACING",CAN-001475,DEPOT-ONGC-URN,"Uran Plant, Maharashtra",85,1695460,210,GATE_VALVE,200.0,1500,ASTM A105,BW,API 600
ONGC-MAT-0002004,ONGC,"STUD BOLT WITH NUTS, 3 INCH, CLASS 300, ASTM A193 B7 / A194 2H, ASME B18.2.1, THRD FACING",CAN-002143,DEPOT-ONGC-ANK,"Ankleshwar Asset, Gujarat",0,2760,0,STUD_BOLT,80.0,300,ASTM A193 B7 / A194 2H,THRD,ASME B18.2.1
ONGC-MAT-0002005,ONGC,"FLANGE, SLIP-ON, 10 INCH, CLASS 150, ASTM A105, ASME B16.5, FF FACING",CAN-000942,DEPOT-ONGC-URN,"Uran Plant, Maharashtra",38,31920,39,FLANGE_SLIP_ON,250.0,150,ASTM A105,FF,ASME B16.5
ONGC-MAT-0002006,ONGC,"FLANGE, SLIP-ON, 8 INCH, CLASS 600, ASTM A182 F304, ASME B16.5, FF FACING",CAN-000926,DEPOT-ONGC-RJM,"Rajahmundry Asset, Andhra Pradesh",42,173770,65,FLANGE_SLIP_ON,200.0,600,ASTM A182 F304,FF,ASME B16.5
ONGC-MAT-0002007,ONGC,"FLANGE, SLIP-ON, 10 INCH, CLASS 150, ASTM A105, ASME B16.5, FF FACING",CAN-000942,DEPOT-ONGC-URN,"Uran Plant, Maharashtra",0,31920,0,FLANGE_SLIP_ON,250.0,150,ASTM A105,FF,ASME B16.5
ONGC-MAT-0002008,ONGC,"FLANGE, WELDING NECK, 2 INCH, CLASS 300, ASTM A105, ASME B16.5, RF FACING",CAN-000129,DEPOT-ONGC-ANK,"Ankleshwar Asset, Gujarat",139,9430,467,FLANGE_WELD_NECK,50.0,300,ASTM A105,RF,ASME B16.5
ONGC-MAT-0002009,ONGC,"FLANGE, WELDING NECK, 12 INCH, CLASS 900, ASTM A182 F304, ASME B16.5, RF FACING",CAN-000389,DEPOT-ONGC-MBO,"Mumbai Offshore Logistics Base, Maharashtra",30,559870,120,FLANGE_WELD_NECK,300.0,900,ASTM A182 F304,RF,ASME B16.5
ONGC-MAT-0002010,ONGC,"VALVE, GATE, 1/2 INCH, CLASS 900, ASTM A216 WCB, API 600, RF FACING",CAN-001037,DEPOT-ONGC-MBO,"Mumbai Offshore Logistics Base, Maharashtra",83,38840,403,GATE_VALVE,15.0,900,ASTM A216 WCB,RF,API 600
ONGC-MAT-0002011,ONGC,"VALVE, GLOBE, 10 INCH, CLASS 600, ASTM A105, ASME B16.34, RF FACING",CAN-001972,DEPOT-ONGC-URN,"Uran Plant, Maharashtra",70,1451640,665,GLOBE_VALVE,250.0,600,ASTM A105,RF,ASME B16.34
ONGC-MAT-0002012,ONGC,"FLANGE, SLIP-ON, 8 INCH, CLASS 300, ASTM A182 F304, ASME B16.5, FF FACING",CAN-000920,DEPOT-ONGC-ANK,"Ankleshwar Asset, Gujarat",0,99800,0,FLANGE_SLIP_ON,200.0,300,ASTM A182 F304,FF,ASME B16.5
ONGC-MAT-0002013,ONGC,"FLANGE, WELDING NECK, 6 INCH, CLASS 1500, ASTM A350 LF2, ASME B16.5, RTJ FACING",CAN-000276,DEPOT-ONGC-RJM,"Rajahmundry Asset, Andhra Pradesh",0,228100,0,FLANGE_WELD_NECK,150.0,1500,ASTM A350 LF2,RTJ,ASME B16.5
ONGC-MAT-0002014,ONGC,"VALVE, BALL, 6 INCH, CLASS 300, ASTM A216 WCB, API 6D, RF FACING",CAN-001725,DEPOT-ONGC-HZR,"Hazira Gas Processing Plant, Gujarat",92,393400,251,BALL_VALVE,150.0,300,ASTM A216 WCB,RF,API 6D
ONGC-MAT-0002015,ONGC,"FLANGE, WELDING NECK, 10 INCH, CLASS 1500, ASTM A105, ASME B16.5, RF FACING",CAN-000353,DEPOT-ONGC-HZR,"Hazira Gas Processing Plant, Gujarat",25,276960,363,FLANGE_WELD_NECK,250.0,1500,ASTM A105,RF,ASME B16.5
ONGC-MAT-0002016,ONGC,"FLANGE, WELDING NECK, 3 INCH, CLASS 900, ASTM A182 F316, ASME B16.5, RF FACING",CAN-000191,DEPOT-ONGC-MBO,"Mumbai Offshore Logistics Base, Maharashtra",35,133900,112,FLANGE_WELD_NECK,80.0,900,ASTM A182 F316,RF,ASME B16.5
ONGC-MAT-0002017,ONGC,"VALVE, GATE, 12 INCH, CLASS 150, ASTM A216 WCB, API 600, RF FACING",CAN-001541,DEPOT-ONGC-RJM,"Rajahmundry Asset, Andhra Pradesh",0,455200,0,GATE_VALVE,300.0,150,ASTM A216 WCB,RF,API 600
ONGC-MAT-0002018,ONGC,"FLANGE, SLIP-ON, 1/2 INCH, CLASS 300, ASTM A105, ASME B16.5, RF FACING",CAN-000707,DEPOT-ONGC-RJM,"Rajahmundry Asset, Andhra Pradesh",30,1430,48,FLANGE_SLIP_ON,15.0,300,ASTM A105,RF,ASME B16.5
ONGC-MAT-0002019,ONGC,"VALVE, GATE, 2 INCH, CLASS 600, ASTM A216 WCB, API 600, RF FACING",CAN-001205,DEPOT-ONGC-RJM,"Rajahmundry Asset, Andhra Pradesh",34,134350,70,GATE_VALVE,50.0,600,ASTM A216 WCB,RF,API 600
ONGC-MAT-0002020,ONGC,"FLANGE, SLIP-ON, 6 INCH, CLASS 600, ASTM A182 F304, ASME B16.5, RF FACING",CAN-000895,DEPOT-ONGC-RJM,"Rajahmundry Asset, Andhra Pradesh",17,119550,76,FLANGE_SLIP_ON,150.0,600,ASTM A182 F304,RF,ASME B16.5
ONGC-MAT-0002021,ONGC,"FLANGE, WELDING NECK, 3 INCH, CLASS 150, ASTM A350 LF2, ASME B16.5, RTJ FACING",CAN-000164,DEPOT-ONGC-URN,"Uran Plant, Maharashtra",25,15960,617,FLANGE_WELD_NECK,80.0,150,ASTM A350 LF2,RTJ,ASME B16.5
ONGC-MAT-0002022,ONGC,"VALVE, GATE, 12 INCH, CLASS 900, ASTM A182 F316, API 600, BW FACING",CAN-001587,DEPOT-ONGC-HZR,"Hazira Gas Processing Plant, Gujarat",18,6107710,51,GATE_VALVE,300.0,900,ASTM A182 F316,BW,API 600
ONGC-MAT-0002023,ONGC,"FLANGE, WELDING NECK, 2 INCH, CLASS 300, ASTM A350 LF2, ASME B16.5, RTJ FACING",CAN-000132,DEPOT-ONGC-MBO,"Mumbai Offshore Logistics Base, Maharashtra",115,15090,456,FLANGE_WELD_NECK,50.0,300,ASTM A350 LF2,RTJ,ASME B16.5
ONGC-MAT-0002024,ONGC,"FLANGE, WELDING NECK, 8 INCH, CLASS 300, ASTM A350 LF2, ASME B16.5, RF FACING",CAN-000291,DEPOT-ONGC-MBO,"Mumbai Offshore Logistics Base, Maharashtra",18,91490,119,FLANGE_WELD_NECK,200.0,300,ASTM A350 LF2,RF,ASME B16.5
ONGC-MAT-0002025,ONGC,"FLANGE, WELDING NECK, 2 INCH, CLASS 1500, ASTM A105, ASME B16.5, RF FACING",CAN-000153,DEPOT-ONGC-ANK,"Ankleshwar Asset, Gujarat",0,34170,0,FLANGE_WELD_NECK,50.0,1500,ASTM A105,RF,ASME B16.5
ONGC-MAT-0002026,ONGC,"FLANGE, WELDING NECK, 6 INCH, CLASS 300, ASTM A350 LF2, ASME B16.5, RF FACING",CAN-000251,DEPOT-ONGC-ANK,"Ankleshwar Asset, Gujarat",46,62940,97,FLANGE_WELD_NECK,150.0,300,ASTM A350 LF2,RF,ASME B16.5
ONGC-MAT-0002027,ONGC,"VALVE, GATE, 1/2 INCH, CLASS 1500, ASTM A105, API 600, RF FACING",CAN-001053,DEPOT-ONGC-URN,"Uran Plant, Maharashtra",16,58460,107,GATE_VALVE,15.0,1500,ASTM A105,RF,API 600
ONGC-MAT-0002028,ONGC,"VALVE, GATE, 2 INCH, CLASS 300, ASTM A182 F316, API 6D, BW FACING",CAN-001204,DEPOT-ONGC-MBO,"Mumbai Offshore Logistics Base, Maharashtra",0,246930,0,GATE_VALVE,50.0,300,ASTM A182 F316,BW,API 6D
ONGC-MAT-0002029,ONGC,"GASKET, SPIRAL WOUND, 3 INCH, CLASS 150, SS316 / GRAPHITE, ASME B16.20, RF FACING",CAN-002041,DEPOT-ONGC-MBO,"Mumbai Offshore Logistics Base, Maharashtra",140,9430,522,SPIRAL_WOUND_GASKET,80.0,150,SS316 / GRAPHITE,RF,ASME B16.20
ONGC-MAT-0002030,ONGC,"FLANGE, WELDING NECK, 1 INCH, CLASS 300, ASTM A182 F304, ASME B16.5, RF FACING",CAN-000053,DEPOT-ONGC-MBO,"Mumbai Offshore Logistics Base, Maharashtra",35,9190,672,FLANGE_WELD_NECK,25.0,300,ASTM A182 F304,RF,ASME B16.5
ONGC-MAT-0002031,ONGC,"VALVE, GATE, 6 INCH, CLASS 600, ASTM A216 WCB, API 600, RF FACING",CAN-001385,DEPOT-ONGC-HZR,"Hazira Gas Processing Plant, Gujarat",49,560420,79,GATE_VALVE,150.0,600,ASTM A216 WCB,RF,API 600
ONGC-MAT-0002032,ONGC,"VALVE, GATE, 1/2 INCH, CLASS 1500, ASTM A216 WCB, API 6D, BW FACING",CAN-001052,DEPOT-ONGC-HZR,"Hazira Gas Processing Plant, Gujarat",66,58460,424,GATE_VALVE,15.0,1500,ASTM A216 WCB,BW,API 6D
ONGC-MAT-0002033,ONGC,"FLANGE, SLIP-ON, 10 INCH, CLASS 150, ASTM A105, ASME B16.5, RF FACING",CAN-000941,DEPOT-ONGC-MBO,"Mumbai Offshore Logistics Base, Maharashtra",75,31920,292,FLANGE_SLIP_ON,250.0,150,ASTM A105,RF,ASME B16.5
ONGC-MAT-0002034,ONGC,"FLANGE, SLIP-ON, 1 INCH, CLASS 300, ASTM A105, ASME B16.5, FF FACING",CAN-000738,DEPOT-ONGC-URN,"Uran Plant, Maharashtra",0,2780,0,FLANGE_SLIP_ON,25.0,300,ASTM A105,FF,ASME B16.5
ONGC-MAT-0002035,ONGC,"FLANGE, WELDING NECK, 8 INCH, CLASS 600, ASTM A350 LF2, ASME B16.5, RF FACING",CAN-000299,DEPOT-ONGC-MBO,"Mumbai Offshore Logistics Base, Maharashtra",43,159290,92,FLANGE_WELD_NECK,200.0,600,ASTM A350 LF2,RF,ASME B16.5
ONGC-MAT-0002036,ONGC,"FLANGE, BLIND, 1 INCH, CLASS 300, ASTM A105, ASME B16.5, RF FACING",CAN-000437,DEPOT-ONGC-RJM,"Rajahmundry Asset, Andhra Pradesh",24,3130,96,FLANGE_BLIND,25.0,300,ASTM A105,RF,ASME B16.5
ONGC-MAT-0002037,ONGC,"VALVE, GATE, 1 INCH, CLASS 150, ASTM A182 F316, API 6D, RF FACING",CAN-001070,DEPOT-ONGC-HZR,"Hazira Gas Processing Plant, Gujarat",18,57600,41,GATE_VALVE,25.0,150,ASTM A182 F316,RF,API 6D
ONGC-MAT-0002038,ONGC,"VALVE, GATE, 2 INCH, CLASS 150, ASTM A105, API 600, BW FACING",CAN-001187,DEPOT-ONGC-MBO,"Mumbai Offshore Logistics Base, Maharashtra",37,44320,67,GATE_VALVE,50.0,150,ASTM A105,BW,API 600
ONGC-MAT-0002039,ONGC,"VALVE, GATE, 3 INCH, CLASS 1500, ASTM A216 WCB, API 600, RF FACING",CAN-001289,DEPOT-ONGC-HZR,"Hazira Gas Processing Plant, Gujarat",49,515190,74,GATE_VALVE,80.0,1500,ASTM A216 WCB,RF,API 600
ONGC-MAT-0002040,ONGC,"FLANGE, WELDING NECK, 2 INCH, CLASS 1500, ASTM A182 F304, ASME B16.5, RTJ FACING",CAN-000158,DEPOT-ONGC-HZR,"Hazira Gas Processing Plant, Gujarat",9,82030,107,FLANGE_WELD_NECK,50.0,1500,ASTM A182 F304,RTJ,ASME B16.5
ONGC-MAT-0002041,ONGC,"FLANGE, WELDING NECK, 8 INCH, CLASS 600, ASTM A182 F316, ASME B16.5, RTJ FACING",CAN-000304,DEPOT-ONGC-HZR,"Hazira Gas Processing Plant, Gujarat",30,318590,118,FLANGE_WELD_NECK,200.0,600,ASTM A182 F316,RTJ,ASME B16.5
ONGC-MAT-0002042,ONGC,"VALVE, GLOBE, 1/2 INCH, CLASS 150, ASTM A216 WCB, ASME B16.34, RF FACING",CAN-001802,DEPOT-ONGC-ANK,"Ankleshwar Asset, Gujarat",0,12350,0,GLOBE_VALVE,15.0,150,ASTM A216 WCB,RF,ASME B16.34
ONGC-MAT-0002043,ONGC,"VALVE, GATE, 1.5 INCH, CLASS 300, ASTM A105, API 600, RF FACING",CAN-001137,DEPOT-ONGC-HZR,"Hazira Gas Processing Plant, Gujarat",88,57730,221,GATE_VALVE,40.0,300,ASTM A105,RF,API 600
ONGC-MAT-0002044,ONGC,"FLANGE, BLIND, 8 INCH, CLASS 600, ASTM A350 LF2, ASME B16.5, RTJ FACING",CAN-000626,DEPOT-ONGC-MBO,"Mumbai Offshore Logistics Base, Maharashtra",0,130330,0,FLANGE_BLIND,200.0,600,ASTM A350 LF2,RTJ,ASME B16.5
ONGC-MAT-0002045,ONGC,"VALVE, GATE, 1.5 INCH, CLASS 150, ASTM A105, API 6D, BW FACING",CAN-001128,DEPOT-ONGC-MBO,"Mumbai Offshore Logistics Base, Maharashtra",39,33160,97,GATE_VALVE,40.0,150,ASTM A105,BW,API 6D
ONGC-MAT-0002046,ONGC,"FLANGE, SLIP-ON, 8 INCH, CLASS 150, ASTM A105, ASME B16.5, RF FACING",CAN-000911,DEPOT-ONGC-ANK,"Ankleshwar Asset, Gujarat",22,23880,75,FLANGE_SLIP_ON,200.0,150,ASTM A105,RF,ASME B16.5
ONGC-MAT-0002047,ONGC,"GASKET, SPIRAL WOUND, 1/2 INCH, CLASS 600, SS304 / GRAPHITE, ASME B16.20, RF FACING",CAN-002006,DEPOT-ONGC-URN,"Uran Plant, Maharashtra",78,2430,440,SPIRAL_WOUND_GASKET,15.0,600,SS304 / GRAPHITE,RF,ASME B16.20
ONGC-MAT-0002048,ONGC,"FLANGE, WELDING NECK, 3 INCH, CLASS 900, ASTM A105, ASME B16.5, RF FACING",CAN-000185,DEPOT-ONGC-RJM,"Rajahmundry Asset, Andhra Pradesh",109,41840,653,FLANGE_WELD_NECK,80.0,900,ASTM A105,RF,ASME B16.5
ONGC-MAT-0002049,ONGC,"FLANGE, BLIND, 8 INCH, CLASS 900, ASTM A105, ASME B16.5, RTJ FACING",CAN-000630,DEPOT-ONGC-URN,"Uran Plant, Maharashtra",26,112670,94,FLANGE_BLIND,200.0,900,ASTM A105,RTJ,ASME B16.5
ONGC-MAT-0002050,ONGC,"FLANGE, WELDING NECK, 10 INCH, CLASS 300, ASTM A182 F316, ASME B16.5, RF FACING",CAN-000335,DEPOT-ONGC-ANK,"Ankleshwar Asset, Gujarat",5,244560,47,FLANGE_WELD_NECK,250.0,300,ASTM A182 F316,RF,ASME B16.5
ONGC-MAT-0002051,ONGC,"FLANGE, BLIND, 12 INCH, CLASS 600, ASTM A350 LF2, ASME B16.5, RTJ FACING",CAN-000686,DEPOT-ONGC-ANK,"Ankleshwar Asset, Gujarat",35,220780,33,FLANGE_BLIND,300.0,600,ASTM A350 LF2,RTJ,ASME B16.5
ONGC-MAT-0002052,ONGC,"FLANGE, WELDING NECK, 1 INCH, CLASS 150, ASTM A182 F316, ASME B16.5, RTJ FACING",CAN-000048,DEPOT-ONGC-RJM,"Rajahmundry Asset, Andhra Pradesh",0,7040,0,FLANGE_WELD_NECK,25.0,150,ASTM A182 F316,RTJ,ASME B16.5
ONGC-MAT-0002053,ONGC,"FLANGE, WELDING NECK, 1 INCH, CLASS 600, ASTM A182 F316, ASME B16.5, RTJ FACING",CAN-000064,DEPOT-ONGC-HZR,"Hazira Gas Processing Plant, Gujarat",0,21340,0,FLANGE_WELD_NECK,25.0,600,ASTM A182 F316,RTJ,ASME B16.5
ONGC-MAT-0002054,ONGC,"VALVE, BALL, 1.5 INCH, CLASS 150, ASTM A182 F316, API 6D, RF FACING",CAN-001643,DEPOT-ONGC-MBO,"Mumbai Offshore Logistics Base, Maharashtra",37,129690,41,BALL_VALVE,40.0,150,ASTM A182 F316,RF,API 6D
ONGC-MAT-0002055,ONGC,"FLANGE, SLIP-ON, 12 INCH, CLASS 1500, ASTM A182 F304, ASME B16.5, FF FACING",CAN-000998,DEPOT-ONGC-MBO,"Mumbai Offshore Logistics Base, Maharashtra",85,612720,431,FLANGE_SLIP_ON,300.0,1500,ASTM A182 F304,FF,ASME B16.5
ONGC-MAT-0002056,ONGC,"FLANGE, SLIP-ON, 1 INCH, CLASS 300, ASTM A182 F316, ASME B16.5, RF FACING",CAN-000741,DEPOT-ONGC-HZR,"Hazira Gas Processing Plant, Gujarat",38,8910,51,FLANGE_SLIP_ON,25.0,300,ASTM A182 F316,RF,ASME B16.5
ONGC-MAT-0002057,ONGC,"VALVE, GLOBE, 12 INCH, CLASS 1500, ASTM A105, BS 1873, RF FACING",CAN-001999,DEPOT-ONGC-RJM,"Rajahmundry Asset, Andhra Pradesh",22,3829540,43,GLOBE_VALVE,300.0,1500,ASTM A105,RF,BS 1873
ONGC-MAT-0002058,ONGC,"VALVE, GATE, 3 INCH, CLASS 300, ASTM A216 WCB, API 6D, RF FACING",CAN-001254,DEPOT-ONGC-ANK,"Ankleshwar Asset, Gujarat",100,142160,400,GATE_VALVE,80.0,300,ASTM A216 WCB,RF,API 6D
ONGC-MAT-0002059,ONGC,"VALVE, GATE, 2 INCH, CLASS 150, ASTM A216 WCB, API 6D, BW FACING",CAN-001184,DEPOT-ONGC-HZR,"Hazira Gas Processing Plant, Gujarat",0,44320,0,GATE_VALVE,50.0,150,ASTM A216 WCB,BW,API 6D
ONGC-MAT-0002060,ONGC,"VALVE, GLOBE, 12 INCH, CLASS 1500, ASTM A216 WCB, ASME B16.34, RF FACING",CAN-001998,DEPOT-ONGC-URN,"Uran Plant, Maharashtra",28,3829540,652,GLOBE_VALVE,300.0,1500,ASTM A216 WCB,RF,ASME B16.34
ONGC-MAT-0002061,ONGC,"FLANGE, WELDING NECK, 10 INCH, CLASS 150, ASTM A182 F316, ASME B16.5, RF FACING",CAN-000327,DEPOT-ONGC-ANK,"Ankleshwar Asset, Gujarat",50,140460,115,FLANGE_WELD_NECK,250.0,150,ASTM A182 F316,RF,ASME B16.5
ONGC-MAT-0002062,ONGC,"FLANGE, BLIND, 3 INCH, CLASS 600, ASTM A350 LF2, ASME B16.5, RTJ FACING",CAN-000536,DEPOT-ONGC-ANK,"Ankleshwar Asset, Gujarat",0,39600,0,FLANGE_BLIND,80.0,600,ASTM A350 LF2,RTJ,ASME B16.5
ONGC-MAT-0002063,ONGC,"VALVE, GATE, 10 INCH, CLASS 1500, ASTM A105, API 600, BW FACING",CAN-001535,DEPOT-ONGC-RJM,"Rajahmundry Asset, Andhra Pradesh",8,2266060,25,GATE_VALVE,250.0,1500,ASTM A105,BW,API 600
ONGC-MAT-0002064,ONGC,"FLANGE, BLIND, 1 INCH, CLASS 1500, ASTM A105, ASME B16.5, RTJ FACING",CAN-000456,DEPOT-ONGC-ANK,"Ankleshwar Asset, Gujarat",0,11350,0,FLANGE_BLIND,25.0,1500,ASTM A105,RTJ,ASME B16.5
ONGC-MAT-0002065,ONGC,"FLANGE, BLIND, 4 INCH, CLASS 900, ASTM A350 LF2, ASME B16.5, RTJ FACING",CAN-000572,DEPOT-ONGC-HZR,"Hazira Gas Processing Plant, Gujarat",122,73210,570,FLANGE_BLIND,100.0,900,ASTM A350 LF2,RTJ,ASME B16.5
ONGC-MAT-0002066,ONGC,"FLANGE, SLIP-ON, 1 INCH, CLASS 1500, ASTM A182 F316, ASME B16.5, RF FACING",CAN-000759,DEPOT-ONGC-URN,"Uran Plant, Maharashtra",0,32300,0,FLANGE_SLIP_ON,25.0,1500,ASTM A182 F316,RF,ASME B16.5
ONGC-MAT-0002067,ONGC,"VALVE, GATE, 8 INCH, CLASS 600, ASTM A105, API 6D, RF FACING",CAN-001450,DEPOT-ONGC-RJM,"Rajahmundry Asset, Andhra Pradesh",62,814580,431,GATE_VALVE,200.0,600,ASTM A105,RF,API 6D
ONGC-MAT-0002068,ONGC,"VALVE, GATE, 1 INCH, CLASS 900, ASTM A182 F316, API 600, RF FACING",CAN-001105,DEPOT-ONGC-ANK,"Ankleshwar Asset, Gujarat",122,241510,541,GATE_VALVE,25.0,900,ASTM A182 F316,RF,API 600
ONGC-MAT-0002069,ONGC,"FLANGE, SLIP-ON, 3 INCH, CLASS 600, ASTM A182 F316, ASME B16.5, RF FACING",CAN-000837,DEPOT-ONGC-ANK,"Ankleshwar Asset, Gujarat",82,70400,210,FLANGE_SLIP_ON,80.0,600,ASTM A182 F316,RF,ASME B16.5
ONGC-MAT-0002070,ONGC,"VALVE, GATE, 4 INCH, CLASS 900, ASTM A182 F316, API 6D, BW FACING",CAN-001348,DEPOT-ONGC-MBO,"Mumbai Offshore Logistics Base, Maharashtra",42,1464270,25,GATE_VALVE,100.0,900,ASTM A182 F316,BW,API 6D
ONGC-MAT-0002071,ONGC,"FLANGE, WELDING NECK, 6 INCH, CLASS 1500, ASTM A182 F316, ASME B16.5, RF FACING",CAN-000279,DEPOT-ONGC-ANK,"Ankleshwar Asset, Gujarat",8,456210,112,FLANGE_WELD_NECK,150.0,1500,ASTM A182 F316,RF,ASME B16.5
ONGC-MAT-0002072,ONGC,"VALVE, GATE, 1/2 INCH, CLASS 1500, ASTM A105, API 6D, RF FACING",CAN-001054,DEPOT-ONGC-URN,"Uran Plant, Maharashtra",18,58460,30,GATE_VALVE,15.0,1500,ASTM A105,RF,API 6D
ONGC-MAT-0002073,ONGC,"STUD BOLT WITH NUTS, 1.5 INCH, CLASS 150, ASTM A320 L7 / A194 7, ASME B18.2.1, THRD FACING",CAN-002122,DEPOT-ONGC-HZR,"Hazira Gas Processing Plant, Gujarat",0,1030,0,STUD_BOLT,40.0,150,ASTM A320 L7 / A194 7,THRD,ASME B18.2.1
ONGC-MAT-0002074,ONGC,"VALVE, GATE, 12 INCH, CLASS 600, ASTM A105, API 6D, RF FACING",CAN-001570,DEPOT-ONGC-RJM,"Rajahmundry Asset, Andhra Pradesh",10,1379920,81,GATE_VALVE,300.0,600,ASTM A105,RF,API 6D
ONGC-MAT-0002075,ONGC,"FLANGE, WELDING NECK, 4 INCH, CLASS 900, ASTM A350 LF2, ASME B16.5, RTJ FACING",CAN-000228,DEPOT-ONGC-ANK,"Ankleshwar Asset, Gujarat",0,89480,0,FLANGE_WELD_NECK,100.0,900,ASTM A350 LF2,RTJ,ASME B16.5
ONGC-MAT-0002076,ONGC,"VALVE, GATE, 8 INCH, CLASS 600, ASTM A105, API 600, BW FACING",CAN-001451,DEPOT-ONGC-ANK,"Ankleshwar Asset, Gujarat",0,814580,0,GATE_VALVE,200.0,600,ASTM A105,BW,API 600
ONGC-MAT-0002077,ONGC,"FLANGE, BLIND, 1 INCH, CLASS 600, ASTM A105, ASME B16.5, RTJ FACING",CAN-000444,DEPOT-ONGC-HZR,"Hazira Gas Processing Plant, Gujarat",39,5450,27,FLANGE_BLIND,25.0,600,ASTM A105,RTJ,ASME B16.5
ONGC-MAT-0002078,ONGC,"VALVE, GATE, 10 INCH, CLASS 300, ASTM A182 F316, API 600, BW FACING",CAN-001503,DEPOT-ONGC-HZR,"Hazira Gas Processing Plant, Gujarat",118,2000990,709,GATE_VALVE,250.0,300,ASTM A182 F316,BW,API 600
ONGC-MAT-0002079,ONGC,"FLANGE, SLIP-ON, 6 INCH, CLASS 1500, ASTM A182 F316, ASME B16.5, RF FACING",CAN-000909,DEPOT-ONGC-URN,"Uran Plant, Maharashtra",34,331790,488,FLANGE_SLIP_ON,150.0,1500,ASTM A182 F316,RF,ASME B16.5
ONGC-MAT-0002080,ONGC,"VALVE, GATE, 3 INCH, CLASS 300, ASTM A216 WCB, API 600, BW FACING",CAN-001255,DEPOT-ONGC-RJM,"Rajahmundry Asset, Andhra Pradesh",28,142160,423,GATE_VALVE,80.0,300,ASTM A216 WCB,BW,API 600
ONGC-MAT-0002081,ONGC,"VALVE, GLOBE, 8 INCH, CLASS 150, ASTM A216 WCB, ASME B16.34, RF FACING",CAN-001942,DEPOT-ONGC-HZR,"Hazira Gas Processing Plant, Gujarat",108,358280,484,GLOBE_VALVE,200.0,150,ASTM A216 WCB,RF,ASME B16.34
ONGC-MAT-0002082,ONGC,"FLANGE, SLIP-ON, 1 INCH, CLASS 900, ASTM A105, ASME B16.5, FF FACING",CAN-000750,DEPOT-ONGC-RJM,"Rajahmundry Asset, Andhra Pradesh",33,6700,37,FLANGE_SLIP_ON,25.0,900,ASTM A105,FF,ASME B16.5
ONGC-MAT-0002083,ONGC,"FLANGE, BLIND, 1.5 INCH, CLASS 150, ASTM A350 LF2, ASME B16.5, RF FACING",CAN-000463,DEPOT-ONGC-RJM,"Rajahmundry Asset, Andhra Pradesh",36,5300,86,FLANGE_BLIND,40.0,150,ASTM A350 LF2,RF,ASME B16.5
ONGC-MAT-0002084,ONGC,"VALVE, GATE, 1.5 INCH, CLASS 600, ASTM A182 F316, API 600, RF FACING",CAN-001153,DEPOT-ONGC-MBO,"Mumbai Offshore Logistics Base, Maharashtra",58,321680,457,GATE_VALVE,40.0,600,ASTM A182 F316,RF,API 600
ONGC-MAT-0002085,ONGC,"FLANGE, WELDING NECK, 1.5 INCH, CLASS 300, ASTM A350 LF2, ASME B16.5, RF FACING",CAN-000091,DEPOT-ONGC-ANK,"Ankleshwar Asset, Gujarat",25,11290,40,FLANGE_WELD_NECK,40.0,300,ASTM A350 LF2,RF,ASME B16.5
ONGC-MAT-0002086,ONGC,"FLANGE, WELDING NECK, 4 INCH, CLASS 600, ASTM A105, ASME B16.5, RF FACING",CAN-000217,DEPOT-ONGC-RJM,"Rajahmundry Asset, Andhra Pradesh",115,40430,266,FLANGE_WELD_NECK,100.0,600,ASTM A105,RF,ASME B16.5
ONGC-MAT-0002087,ONGC,"FLANGE, BLIND, 6 INCH, CLASS 1500, ASTM A105, ASME B16.5, RF FACING",CAN-000605,DEPOT-ONGC-RJM,"Rajahmundry Asset, Andhra Pradesh",0,116640,0,FLANGE_BLIND,150.0,1500,ASTM A105,RF,ASME B16.5
ONGC-MAT-0002088,ONGC,"VALVE, GLOBE, 4 INCH, CLASS 900, ASTM A105, ASME B16.34, RF FACING",CAN-001916,DEPOT-ONGC-URN,"Uran Plant, Maharashtra",68,610110,707,GLOBE_VALVE,100.0,900,ASTM A105,RF,ASME B16.34
ONGC-MAT-0002089,ONGC,"VALVE, BALL, 12 INCH, CLASS 600, ASTM A182 F316, API 6D, BW FACING",CAN-001792,DEPOT-ONGC-URN,"Uran Plant, Maharashtra",22,5397040,119,BALL_VALVE,300.0,600,ASTM A182 F316,BW,API 6D
ONGC-MAT-0002090,ONGC,"VALVE, BALL, 10 INCH, CLASS 600, ASTM A216 WCB, API 6D, RF FACING",CAN-001769,DEPOT-ONGC-URN,"Uran Plant, Maharashtra",11,1330670,74,BALL_VALVE,250.0,600,ASTM A216 WCB,RF,API 6D
ONGC-MAT-0002091,ONGC,"FLANGE, WELDING NECK, 12 INCH, CLASS 150, ASTM A105, ASME B16.5, RF FACING",CAN-000361,DEPOT-ONGC-ANK,"Ankleshwar Asset, Gujarat",0,55630,0,FLANGE_WELD_NECK,300.0,150,ASTM A105,RF,ASME B16.5
ONGC-MAT-0002092,ONGC,"FLANGE, SLIP-ON, 10 INCH, CLASS 150, ASTM A105, ASME B16.5, FF FACING",CAN-000942,DEPOT-ONGC-ANK,"Ankleshwar Asset, Gujarat",34,31920,97,FLANGE_SLIP_ON,250.0,150,ASTM A105,FF,ASME B16.5
ONGC-MAT-0002093,ONGC,"FLANGE, BLIND, 10 INCH, CLASS 150, ASTM A182 F316, ASME B16.5, RF FACING",CAN-000645,DEPOT-ONGC-MBO,"Mumbai Offshore Logistics Base, Maharashtra",40,114920,524,FLANGE_BLIND,250.0,150,ASTM A182 F316,RF,ASME B16.5
ONGC-MAT-0002094,ONGC,"FLANGE, SLIP-ON, 10 INCH, CLASS 300, ASTM A182 F304, ASME B16.5, RF FACING",CAN-000949,DEPOT-ONGC-ANK,"Ankleshwar Asset, Gujarat",20,133390,16,FLANGE_SLIP_ON,250.0,300,ASTM A182 F304,RF,ASME B16.5
ONGC-MAT-0002095,ONGC,"VALVE, GLOBE, 4 INCH, CLASS 300, ASTM A216 WCB, BS 1873, RF FACING",CAN-001905,DEPOT-ONGC-RJM,"Rajahmundry Asset, Andhra Pradesh",0,253340,0,GLOBE_VALVE,100.0,300,ASTM A216 WCB,RF,BS 1873
ONGC-MAT-0002096,ONGC,"VALVE, GLOBE, 6 INCH, CLASS 600, ASTM A216 WCB, ASME B16.34, RF FACING",CAN-001930,DEPOT-ONGC-MBO,"Mumbai Offshore Logistics Base, Maharashtra",104,747230,490,GLOBE_VALVE,150.0,600,ASTM A216 WCB,RF,ASME B16.34
ONGC-MAT-0002097,ONGC,"VALVE, GLOBE, 4 INCH, CLASS 1500, ASTM A216 WCB, ASME B16.34, RF FACING",CAN-001918,DEPOT-ONGC-ANK,"Ankleshwar Asset, Gujarat",136,918090,576,GLOBE_VALVE,100.0,1500,ASTM A216 WCB,RF,ASME B16.34
ONGC-MAT-0002098,ONGC,"FLANGE, SLIP-ON, 2 INCH, CLASS 900, ASTM A182 F304, ASME B16.5, FF FACING",CAN-000812,DEPOT-ONGC-HZR,"Hazira Gas Processing Plant, Gujarat",26,39640,11,FLANGE_SLIP_ON,50.0,900,ASTM A182 F304,FF,ASME B16.5
ONGC-MAT-0002099,ONGC,"VALVE, BALL, 10 INCH, CLASS 900, ASTM A216 WCB, API 6D, RF FACING",CAN-001773,DEPOT-ONGC-ANK,"Ankleshwar Asset, Gujarat",23,1840530,84,BALL_VALVE,250.0,900,ASTM A216 WCB,RF,API 6D
ONGC-MAT-0002100,ONGC,"VALVE, GATE, 1 INCH, CLASS 300, ASTM A216 WCB, API 6D, RF FACING",CAN-001074,DEPOT-ONGC-HZR,"Hazira Gas Processing Plant, Gujarat",103,31330,211,GATE_VALVE,25.0,300,ASTM A216 WCB,RF,API 6D
ONGC-MAT-0002101,ONGC,"STUD BOLT WITH NUTS, 10 INCH, CLASS 600, ASTM A320 L7 / A194 7, ASME B18.2.1, THRD FACING",CAN-002186,DEPOT-ONGC-RJM,"Rajahmundry Asset, Andhra Pradesh",46,33870,42,STUD_BOLT,250.0,600,ASTM A320 L7 / A194 7,THRD,ASME B18.2.1
ONGC-MAT-0002102,ONGC,"FLANGE, BLIND, 12 INCH, CLASS 1500, ASTM A105, ASME B16.5, RTJ FACING",CAN-000696,DEPOT-ONGC-ANK,"Ankleshwar Asset, Gujarat",23,287210,15,FLANGE_BLIND,300.0,1500,ASTM A105,RTJ,ASME B16.5
ONGC-MAT-0002103,ONGC,"FLANGE, SLIP-ON, 1 INCH, CLASS 1500, ASTM A182 F316, ASME B16.5, FF FACING",CAN-000760,DEPOT-ONGC-URN,"Uran Plant, Maharashtra",26,32300,634,FLANGE_SLIP_ON,25.0,1500,ASTM A182 F316,FF,ASME B16.5
ONGC-MAT-0002104,ONGC,"STUD BOLT WITH NUTS, 1 INCH, CLASS 900, ASTM A193 B7 / A194 2H, ASME B18.2.1, THRD FACING",CAN-002117,DEPOT-ONGC-MBO,"Mumbai Offshore Logistics Base, Maharashtra",28,1460,54,STUD_BOLT,25.0,900,ASTM A193 B7 / A194 2H,THRD,ASME B18.2.1
ONGC-MAT-0002105,ONGC,"GASKET, SPIRAL WOUND, 1/2 INCH, CLASS 150, SS304 / GRAPHITE, ASME B16.20, RF FACING",CAN-002002,DEPOT-ONGC-ANK,"Ankleshwar Asset, Gujarat",18,800,57,SPIRAL_WOUND_GASKET,15.0,150,SS304 / GRAPHITE,RF,ASME B16.20
ONGC-MAT-0002106,ONGC,"VALVE, GATE, 1 INCH, CLASS 300, ASTM A216 WCB, API 6D, BW FACING",CAN-001076,DEPOT-ONGC-ANK,"Ankleshwar Asset, Gujarat",9,31330,119,GATE_VALVE,25.0,300,ASTM A216 WCB,BW,API 6D
ONGC-MAT-0002107,ONGC,"VALVE, GLOBE, 1 INCH, CLASS 900, ASTM A105, ASME B16.34, RF FACING",CAN-001836,DEPOT-ONGC-HZR,"Hazira Gas Processing Plant, Gujarat",50,100630,27,GLOBE_VALVE,25.0,900,ASTM A105,RF,ASME B16.34
ONGC-MAT-0002108,ONGC,"VALVE, GATE, 8 INCH, CLASS 1500, ASTM A182 F316, API 6D, BW FACING",CAN-001480,DEPOT-ONGC-URN,"Uran Plant, Maharashtra",26,5425490,48,GATE_VALVE,200.0,1500,ASTM A182 F316,BW,API 6D
ONGC-MAT-0002109,ONGC,"FLANGE, BLIND, 12 INCH, CLASS 900, ASTM A350 LF2, ASME B16.5, RF FACING",CAN-000691,DEPOT-ONGC-MBO,"Mumbai Offshore Logistics Base, Maharashtra",135,305380,688,FLANGE_BLIND,300.0,900,ASTM A350 LF2,RF,ASME B16.5
ONGC-MAT-0002110,ONGC,"VALVE, BALL, 1.5 INCH, CLASS 900, ASTM A216 WCB, API 6D, BW FACING",CAN-001654,DEPOT-ONGC-MBO,"Mumbai Offshore Logistics Base, Maharashtra",41,169940,33,BALL_VALVE,40.0,900,ASTM A216 WCB,BW,API 6D
ONGC-MAT-0002111,ONGC,"VALVE, GATE, 4 INCH, CLASS 1500, ASTM A216 WCB, API 6D, RF FACING",CAN-001350,DEPOT-ONGC-ANK,"Ankleshwar Asset, Gujarat",50,688570,25,GATE_VALVE,100.0,1500,ASTM A216 WCB,RF,API 6D
ONGC-MAT-0002112,ONGC,"STUD BOLT WITH NUTS, 4 INCH, CLASS 150, ASTM A193 B7 / A194 2H, ASME B18.2.1, THRD FACING",CAN-002151,DEPOT-ONGC-URN,"Uran Plant, Maharashtra",0,2120,0,STUD_BOLT,100.0,150,ASTM A193 B7 / A194 2H,THRD,ASME B18.2.1
ONGC-MAT-0002113,ONGC,"FLANGE, BLIND, 4 INCH, CLASS 900, ASTM A182 F316, ASME B16.5, RF FACING",CAN-000573,DEPOT-ONGC-MBO,"Mumbai Offshore Logistics Base, Maharashtra",0,146420,0,FLANGE_BLIND,100.0,900,ASTM A182 F316,RF,ASME B16.5
ONGC-MAT-0002114,ONGC,"FLANGE, SLIP-ON, 12 INCH, CLASS 150, ASTM A105, ASME B16.5, RF FACING",CAN-000971,DEPOT-ONGC-ANK,"Ankleshwar Asset, Gujarat",83,40460,674,FLANGE_SLIP_ON,300.0,150,ASTM A105,RF,ASME B16.5
ONGC-MAT-0002115,ONGC,"FLANGE, BLIND, 10 INCH, CLASS 150, ASTM A182 F316, ASME B16.5, RTJ FACING",CAN-000646,DEPOT-ONGC-RJM,"Rajahmundry Asset, Andhra Pradesh",7,114920,12,FLANGE_BLIND,250.0,150,ASTM A182 F316,RTJ,ASME B16.5
ONGC-MAT-0002116,ONGC,"FLANGE, SLIP-ON, 8 INCH, CLASS 1500, ASTM A182 F304, ASME B16.5, RF FACING",CAN-000937,DEPOT-ONGC-MBO,"Mumbai Offshore Logistics Base, Maharashtra",0,361690,0,FLANGE_SLIP_ON,200.0,1500,ASTM A182 F304,RF,ASME B16.5
ONGC-MAT-0002117,ONGC,"FLANGE, WELDING NECK, 12 INCH, CLASS 150, ASTM A350 LF2, ASME B16.5, RF FACING",CAN-000363,DEPOT-ONGC-ANK,"Ankleshwar Asset, Gujarat",113,89010,471,FLANGE_WELD_NECK,300.0,150,ASTM A350 LF2,RF,ASME B16.5
ONGC-MAT-0002118,ONGC,"VALVE, BALL, 12 INCH, CLASS 600, ASTM A182 F316, API 6D, BW FACING",CAN-001792,DEPOT-ONGC-RJM,"Rajahmundry Asset, Andhra Pradesh",126,5397040,652,BALL_VALVE,300.0,600,ASTM A182 F316,BW,API 6D
ONGC-MAT-0002119,ONGC,"VALVE, GATE, 3 INCH, CLASS 600, ASTM A105, API 6D, BW FACING",CAN-001272,DEPOT-ONGC-ANK,"Ankleshwar Asset, Gujarat",47,247520,626,GATE_VALVE,80.0,600,ASTM A105,BW,API 6D
ONGC-MAT-0002120,ONGC,"VALVE, GATE, 12 INCH, CLASS 300, ASTM A105, API 6D, RF FACING",CAN-001558,DEPOT-ONGC-MBO,"Mumbai Offshore Logistics Base, Maharashtra",0,792550,0,GATE_VALVE,300.0,300,ASTM A105,RF,API 6D
ONGC-MAT-0002121,ONGC,"VALVE, GLOBE, 1 INCH, CLASS 300, ASTM A105, ASME B16.34, RF FACING",CAN-001828,DEPOT-ONGC-RJM,"Rajahmundry Asset, Andhra Pradesh",31,41780,94,GLOBE_VALVE,25.0,300,ASTM A105,RF,ASME B16.34
ONGC-MAT-0002122,ONGC,"FLANGE, WELDING NECK, 1 INCH, CLASS 150, ASTM A182 F316, ASME B16.5, RTJ FACING",CAN-000048,DEPOT-ONGC-MBO,"Mumbai Offshore Logistics Base, Maharashtra",0,7040,0,FLANGE_WELD_NECK,25.0,150,ASTM A182 F316,RTJ,ASME B16.5
ONGC-MAT-0002123,ONGC,"FLANGE, SLIP-ON, 6 INCH, CLASS 600, ASTM A182 F304, ASME B16.5, RF FACING",CAN-000895,DEPOT-ONGC-ANK,"Ankleshwar Asset, Gujarat",19,119550,53,FLANGE_SLIP_ON,150.0,600,ASTM A182 F304,RF,ASME B16.5
ONGC-MAT-0002124,ONGC,"FLANGE, WELDING NECK, 8 INCH, CLASS 600, ASTM A182 F316, ASME B16.5, RTJ FACING",CAN-000304,DEPOT-ONGC-HZR,"Hazira Gas Processing Plant, Gujarat",135,318590,621,FLANGE_WELD_NECK,200.0,600,ASTM A182 F316,RTJ,ASME B16.5
ONGC-MAT-0002125,ONGC,"FLANGE, WELDING NECK, 1/2 INCH, CLASS 300, ASTM A182 F304, ASME B16.5, RF FACING",CAN-000013,DEPOT-ONGC-MBO,"Mumbai Offshore Logistics Base, Maharashtra",6,4730,58,FLANGE_WELD_NECK,15.0,300,ASTM A182 F304,RF,ASME B16.5
ONGC-MAT-0002126,ONGC,"FLANGE, SLIP-ON, 6 INCH, CLASS 1500, ASTM A182 F316, ASME B16.5, FF FACING",CAN-000910,DEPOT-ONGC-ANK,"Ankleshwar Asset, Gujarat",0,331790,0,FLANGE_SLIP_ON,150.0,1500,ASTM A182 F316,FF,ASME B16.5
ONGC-MAT-0002127,ONGC,"FLANGE, WELDING NECK, 8 INCH, CLASS 150, ASTM A182 F304, ASME B16.5, RTJ FACING",CAN-000286,DEPOT-ONGC-URN,"Uran Plant, Maharashtra",59,78820,682,FLANGE_WELD_NECK,200.0,150,ASTM A182 F304,RTJ,ASME B16.5
ONGC-MAT-0002128,ONGC,"VALVE, GATE, 3 INCH, CLASS 150, ASTM A182 F316, API 600, RF FACING",CAN-001249,DEPOT-ONGC-URN,"Uran Plant, Maharashtra",30,261280,56,GATE_VALVE,80.0,150,ASTM A182 F316,RF,API 600
ONGC-MAT-0002129,ONGC,"FLANGE, SLIP-ON, 1/2 INCH, CLASS 900, ASTM A105, ASME B16.5, FF FACING",CAN-000720,DEPOT-ONGC-URN,"Uran Plant, Maharashtra",92,3450,556,FLANGE_SLIP_ON,15.0,900,ASTM A105,FF,ASME B16.5
ONGC-MAT-0002130,ONGC,"VALVE, GATE, 1.5 INCH, CLASS 1500, ASTM A105, API 600, BW FACING",CAN-001175,DEPOT-ONGC-HZR,"Hazira Gas Processing Plant, Gujarat",17,209230,45,GATE_VALVE,40.0,1500,ASTM A105,BW,API 600
ONGC-MAT-0002131,ONGC,"FLANGE, SLIP-ON, 1 INCH, CLASS 150, ASTM A182 F316, ASME B16.5, RF FACING",CAN-000735,DEPOT-ONGC-HZR,"Hazira Gas Processing Plant, Gujarat",45,5120,114,FLANGE_SLIP_ON,25.0,150,ASTM A182 F316,RF,ASME B16.5
ONGC-MAT-0002132,ONGC,"FLANGE, WELDING NECK, 6 INCH, CLASS 150, ASTM A105, ASME B16.5, RTJ FACING",CAN-000242,DEPOT-ONGC-HZR,"Hazira Gas Processing Plant, Gujarat",0,22590,0,FLANGE_WELD_NECK,150.0,150,ASTM A105,RTJ,ASME B16.5
ONGC-MAT-0002133,ONGC,"VALVE, GLOBE, 1/2 INCH, CLASS 150, ASTM A216 WCB, BS 1873, RF FACING",CAN-001801,DEPOT-ONGC-ANK,"Ankleshwar Asset, Gujarat",106,12350,749,GLOBE_VALVE,15.0,150,ASTM A216 WCB,RF,BS 1873
ONGC-MAT-0002134,ONGC,"FLANGE, WELDING NECK, 1.5 INCH, CLASS 1500, ASTM A182 F316, ASME B16.5, RTJ FACING",CAN-000120,DEPOT-ONGC-URN,"Uran Plant, Maharashtra",110,81830,544,FLANGE_WELD_NECK,40.0,1500,ASTM A182 F316,RTJ,ASME B16.5
ONGC-MAT-0002135,ONGC,"FLANGE, SLIP-ON, 8 INCH, CLASS 600, ASTM A182 F316, ASME B16.5, FF FACING",CAN-000928,DEPOT-ONGC-RJM,"Rajahmundry Asset, Andhra Pradesh",113,231700,625,FLANGE_SLIP_ON,200.0,600,ASTM A182 F316,FF,ASME B16.5
ONGC-MAT-0002136,ONGC,"FLANGE, WELDING NECK, 6 INCH, CLASS 1500, ASTM A182 F316, ASME B16.5, RF FACING",CAN-000279,DEPOT-ONGC-URN,"Uran Plant, Maharashtra",128,456210,399,FLANGE_WELD_NECK,150.0,1500,ASTM A182 F316,RF,ASME B16.5
ONGC-MAT-0002137,ONGC,"FLANGE, SLIP-ON, 12 INCH, CLASS 600, ASTM A182 F304, ASME B16.5, RF FACING",CAN-000985,DEPOT-ONGC-URN,"Uran Plant, Maharashtra",47,294380,71,FLANGE_SLIP_ON,300.0,600,ASTM A182 F304,RF,ASME B16.5
ONGC-MAT-0002138,ONGC,"FLANGE, SLIP-ON, 8 INCH, CLASS 300, ASTM A182 F304, ASME B16.5, FF FACING",CAN-000920,DEPOT-ONGC-MBO,"Mumbai Offshore Logistics Base, Maharashtra",8,99800,81,FLANGE_SLIP_ON,200.0,300,ASTM A182 F304,FF,ASME B16.5
ONGC-MAT-0002139,ONGC,"VALVE, GATE, 1 INCH, CLASS 300, ASTM A182 F316, API 600, BW FACING",CAN-001083,DEPOT-ONGC-RJM,"Rajahmundry Asset, Andhra Pradesh",5,100280,48,GATE_VALVE,25.0,300,ASTM A182 F316,BW,API 600
ONGC-MAT-0002140,ONGC,"VALVE, GATE, 4 INCH, CLASS 300, ASTM A216 WCB, API 600, BW FACING",CAN-001315,DEPOT-ONGC-RJM,"Rajahmundry Asset, Andhra Pradesh",0,190000,0,GATE_VALVE,100.0,300,ASTM A216 WCB,BW,API 600
ONGC-MAT-0002141,ONGC,"FLANGE, BLIND, 2 INCH, CLASS 900, ASTM A105, ASME B16.5, RTJ FACING",CAN-000510,DEPOT-ONGC-RJM,"Rajahmundry Asset, Andhra Pradesh",50,18580,16,FLANGE_BLIND,50.0,900,ASTM A105,RTJ,ASME B16.5
ONGC-MAT-0002142,ONGC,"FLANGE, SLIP-ON, 1/2 INCH, CLASS 150, ASTM A182 F304, ASME B16.5, FF FACING",CAN-000704,DEPOT-ONGC-ANK,"Ankleshwar Asset, Gujarat",0,1970,0,FLANGE_SLIP_ON,15.0,150,ASTM A182 F304,FF,ASME B16.5
ONGC-MAT-0002143,ONGC,"FLANGE, WELDING NECK, 1 INCH, CLASS 150, ASTM A182 F316, ASME B16.5, RTJ FACING",CAN-000048,DEPOT-ONGC-MBO,"Mumbai Offshore Logistics Base, Maharashtra",0,7040,0,FLANGE_WELD_NECK,25.0,150,ASTM A182 F316,RTJ,ASME B16.5
ONGC-MAT-0002144,ONGC,"FLANGE, SLIP-ON, 10 INCH, CLASS 1500, ASTM A182 F316, ASME B16.5, FF FACING",CAN-000970,DEPOT-ONGC-ANK,"Ankleshwar Asset, Gujarat",40,644560,51,FLANGE_SLIP_ON,250.0,1500,ASTM A182 F316,FF,ASME B16.5
ONGC-MAT-0002145,ONGC,"VALVE, BALL, 4 INCH, CLASS 600, ASTM A182 F316, API 6D, RF FACING",CAN-001711,DEPOT-ONGC-URN,"Uran Plant, Maharashtra",0,1293890,0,BALL_VALVE,100.0,600,ASTM A182 F316,RF,API 6D
ONGC-MAT-0002146,ONGC,"FLANGE, BLIND, 4 INCH, CLASS 600, ASTM A182 F316, ASME B16.5, RF FACING",CAN-000567,DEPOT-ONGC-RJM,"Rajahmundry Asset, Andhra Pradesh",19,105860,38,FLANGE_BLIND,100.0,600,ASTM A182 F316,RF,ASME B16.5
ONGC-MAT-0002147,ONGC,"VALVE, GLOBE, 6 INCH, CLASS 600, ASTM A105, BS 1873, RF FACING",CAN-001931,DEPOT-ONGC-MBO,"Mumbai Offshore Logistics Base, Maharashtra",7,747230,109,GLOBE_VALVE,150.0,600,ASTM A105,RF,BS 1873
ONGC-MAT-0002148,ONGC,"VALVE, GLOBE, 4 INCH, CLASS 300, ASTM A105, BS 1873, RF FACING",CAN-001907,DEPOT-ONGC-RJM,"Rajahmundry Asset, Andhra Pradesh",20,253340,18,GLOBE_VALVE,100.0,300,ASTM A105,RF,BS 1873
ONGC-MAT-0002149,ONGC,"FLANGE, WELDING NECK, 3 INCH, CLASS 150, ASTM A105, ASME B16.5, RF FACING",CAN-000161,DEPOT-ONGC-MBO,"Mumbai Offshore Logistics Base, Maharashtra",0,9970,0,FLANGE_WELD_NECK,80.0,150,ASTM A105,RF,ASME B16.5
ONGC-MAT-0002150,ONGC,"VALVE, GATE, 3 INCH, CLASS 600, ASTM A216 WCB, API 600, BW FACING",CAN-001267,DEPOT-ONGC-RJM,"Rajahmundry Asset, Andhra Pradesh",149,247520,739,GATE_VALVE,80.0,600,ASTM A216 WCB,BW,API 600
ONGC-MAT-0002151,ONGC,"FLANGE, BLIND, 10 INCH, CLASS 900, ASTM A182 F316, ASME B16.5, RF FACING",CAN-000663,DEPOT-ONGC-ANK,"Ankleshwar Asset, Gujarat",6,481880,21,FLANGE_BLIND,250.0,900,ASTM A182 F316,RF,ASME B16.5
ONGC-MAT-0002152,ONGC,"VALVE, GLOBE, 4 INCH, CLASS 600, ASTM A105, ASME B16.34, RF FACING",CAN-001912,DEPOT-ONGC-HZR,"Hazira Gas Processing Plant, Gujarat",40,441100,35,GLOBE_VALVE,100.0,600,ASTM A105,RF,ASME B16.34
ONGC-MAT-0002153,ONGC,"VALVE, GATE, 8 INCH, CLASS 600, ASTM A216 WCB, API 600, RF FACING",CAN-001445,DEPOT-ONGC-RJM,"Rajahmundry Asset, Andhra Pradesh",0,814580,0,GATE_VALVE,200.0,600,ASTM A216 WCB,RF,API 600
ONGC-MAT-0002154,ONGC,"VALVE, GLOBE, 12 INCH, CLASS 150, ASTM A105, BS 1873, RF FACING",CAN-001983,DEPOT-ONGC-HZR,"Hazira Gas Processing Plant, Gujarat",18,606940,32,GLOBE_VALVE,300.0,150,ASTM A105,RF,BS 1873
ONGC-MAT-0002155,ONGC,"FLANGE, BLIND, 1/2 INCH, CLASS 300, ASTM A350 LF2, ASME B16.5, RTJ FACING",CAN-000410,DEPOT-ONGC-HZR,"Hazira Gas Processing Plant, Gujarat",0,2580,0,FLANGE_BLIND,15.0,300,ASTM A350 LF2,RTJ,ASME B16.5
ONGC-MAT-0002156,ONGC,"VALVE, BALL, 6 INCH, CLASS 900, ASTM A216 WCB, API 6D, RF FACING",CAN-001733,DEPOT-ONGC-ANK,"Ankleshwar Asset, Gujarat",0,947410,0,BALL_VALVE,150.0,900,ASTM A216 WCB,RF,API 6D
ONGC-MAT-0002157,ONGC,"FLANGE, BLIND, 10 INCH, CLASS 150, ASTM A350 LF2, ASME B16.5, RTJ FACING",CAN-000644,DEPOT-ONGC-RJM,"Rajahmundry Asset, Andhra Pradesh",80,57460,402,FLANGE_BLIND,250.0,150,ASTM A350 LF2,RTJ,ASME B16.5
ONGC-MAT-0002158,ONGC,"VALVE, GATE, 1 INCH, CLASS 600, ASTM A216 WCB, API 6D, RF FACING",CAN-001086,DEPOT-ONGC-RJM,"Rajahmundry Asset, Andhra Pradesh",36,54560,85,GATE_VALVE,25.0,600,ASTM A216 WCB,RF,API 6D
ONGC-MAT-0002159,ONGC,"VALVE, GATE, 2 INCH, CLASS 600, ASTM A105, API 600, BW FACING",CAN-001211,DEPOT-ONGC-HZR,"Hazira Gas Processing Plant, Gujarat",0,134350,0,GATE_VALVE,50.0,600,ASTM A105,BW,API 600
ONGC-MAT-0002160,ONGC,"VALVE, GLOBE, 3 INCH, CLASS 300, ASTM A216 WCB, ASME B16.34, RF FACING",CAN-001886,DEPOT-ONGC-HZR,"Hazira Gas Processing Plant, Gujarat",20,189550,79,GLOBE_VALVE,80.0,300,ASTM A216 WCB,RF,ASME B16.34
ONGC-MAT-0002161,ONGC,"GASKET, SPIRAL WOUND, 4 INCH, CLASS 900, SS316 / GRAPHITE, ASME B16.20, RF FACING",CAN-002057,DEPOT-ONGC-RJM,"Rajahmundry Asset, Andhra Pradesh",38,52870,31,SPIRAL_WOUND_GASKET,100.0,900,SS316 / GRAPHITE,RF,ASME B16.20
ONGC-MAT-0002162,ONGC,"VALVE, GATE, 10 INCH, CLASS 1500, ASTM A182 F316, API 600, BW FACING",CAN-001539,DEPOT-ONGC-HZR,"Hazira Gas Processing Plant, Gujarat",44,7251410,37,GATE_VALVE,250.0,1500,ASTM A182 F316,BW,API 600
ONGC-MAT-0002163,ONGC,"VALVE, BALL, 1/2 INCH, CLASS 300, ASTM A216 WCB, API 6D, BW FACING",CAN-001606,DEPOT-ONGC-RJM,"Rajahmundry Asset, Andhra Pradesh",33,19710,76,BALL_VALVE,15.0,300,ASTM A216 WCB,BW,API 6D
ONGC-MAT-0002164,ONGC,"FLANGE, WELDING NECK, 1/2 INCH, CLASS 300, ASTM A182 F304, ASME B16.5, RTJ FACING",CAN-000014,DEPOT-ONGC-HZR,"Hazira Gas Processing Plant, Gujarat",125,4730,643,FLANGE_WELD_NECK,15.0,300,ASTM A182 F304,RTJ,ASME B16.5
ONGC-MAT-0002165,ONGC,"GASKET, SPIRAL WOUND, 1/2 INCH, CLASS 300, SS304 / GRAPHITE, ASME B16.20, RF FACING",CAN-002004,DEPOT-ONGC-MBO,"Mumbai Offshore Logistics Base, Maharashtra",22,1390,117,SPIRAL_WOUND_GASKET,15.0,300,SS304 / GRAPHITE,RF,ASME B16.20
ONGC-MAT-0002166,ONGC,"STUD BOLT WITH NUTS, 2 INCH, CLASS 1500, ASTM A320 L7 / A194 7, ASME B18.2.1, THRD FACING",CAN-002140,DEPOT-ONGC-URN,"Uran Plant, Maharashtra",79,8700,486,STUD_BOLT,50.0,1500,ASTM A320 L7 / A194 7,THRD,ASME B18.2.1
ONGC-MAT-0002167,ONGC,"VALVE, GATE, 12 INCH, CLASS 1500, ASTM A216 WCB, API 600, BW FACING",CAN-001591,DEPOT-ONGC-RJM,"Rajahmundry Asset, Andhra Pradesh",16,2872150,47,GATE_VALVE,300.0,1500,ASTM A216 WCB,BW,API 600
ONGC-MAT-0002168,ONGC,"VALVE, GATE, 1/2 INCH, CLASS 300, ASTM A182 F316, API 600, RF FACING",CAN-001021,DEPOT-ONGC-URN,"Uran Plant, Maharashtra",123,51620,625,GATE_VALVE,15.0,300,ASTM A182 F316,RF,API 600
ONGC-MAT-0002169,ONGC,"VALVE, GLOBE, 6 INCH, CLASS 600, ASTM A216 WCB, ASME B16.34, RF FACING",CAN-001930,DEPOT-ONGC-ANK,"Ankleshwar Asset, Gujarat",14,747230,103,GLOBE_VALVE,150.0,600,ASTM A216 WCB,RF,ASME B16.34
ONGC-MAT-0002170,ONGC,"FLANGE, SLIP-ON, 3 INCH, CLASS 150, ASTM A105, ASME B16.5, FF FACING",CAN-000822,DEPOT-ONGC-MBO,"Mumbai Offshore Logistics Base, Maharashtra",6,7250,42,FLANGE_SLIP_ON,80.0,150,ASTM A105,FF,ASME B16.5
ONGC-MAT-0002171,ONGC,"VALVE, GLOBE, 4 INCH, CLASS 150, ASTM A216 WCB, BS 1873, RF FACING",CAN-001901,DEPOT-ONGC-MBO,"Mumbai Offshore Logistics Base, Maharashtra",17,145500,108,GLOBE_VALVE,100.0,150,ASTM A216 WCB,RF,BS 1873
ONGC-MAT-0002172,ONGC,"FLANGE, BLIND, 10 INCH, CLASS 150, ASTM A105, ASME B16.5, RF FACING",CAN-000641,DEPOT-ONGC-URN,"Uran Plant, Maharashtra",131,35910,596,FLANGE_BLIND,250.0,150,ASTM A105,RF,ASME B16.5
ONGC-MAT-0002173,ONGC,"VALVE, GATE, 8 INCH, CLASS 300, ASTM A182 F316, API 6D, RF FACING",CAN-001442,DEPOT-ONGC-URN,"Uran Plant, Maharashtra",46,1497140,51,GATE_VALVE,200.0,300,ASTM A182 F316,RF,API 6D
ONGC-MAT-0002174,ONGC,"VALVE, GATE, 1/2 INCH, CLASS 150, ASTM A182 F316, API 6D, RF FACING",CAN-001010,DEPOT-ONGC-RJM,"Rajahmundry Asset, Andhra Pradesh",0,29640,0,GATE_VALVE,15.0,150,ASTM A182 F316,RF,API 6D
ONGC-MAT-0002175,ONGC,"FLANGE, BLIND, 1 INCH, CLASS 600, ASTM A182 F316, ASME B16.5, RTJ FACING",CAN-000448,DEPOT-ONGC-RJM,"Rajahmundry Asset, Andhra Pradesh",24,17460,44,FLANGE_BLIND,25.0,600,ASTM A182 F316,RTJ,ASME B16.5
ONGC-MAT-0002176,ONGC,"VALVE, GATE, 8 INCH, CLASS 150, ASTM A182 F316, API 6D, RF FACING",CAN-001430,DEPOT-ONGC-RJM,"Rajahmundry Asset, Andhra Pradesh",24,859880,59,GATE_VALVE,200.0,150,ASTM A182 F316,RF,API 6D
ONGC-MAT-0002177,ONGC,"VALVE, GATE, 1.5 INCH, CLASS 900, ASTM A182 F316, API 6D, RF FACING",CAN-001166,DEPOT-ONGC-RJM,"Rajahmundry Asset, Andhra Pradesh",10,444930,49,GATE_VALVE,40.0,900,ASTM A182 F316,RF,API 6D
ONGC-MAT-0002178,ONGC,"FLANGE, WELDING NECK, 4 INCH, CLASS 150, ASTM A182 F304, ASME B16.5, RTJ FACING",CAN-000206,DEPOT-ONGC-ANK,"Ankleshwar Asset, Gujarat",44,32010,37,FLANGE_WELD_NECK,100.0,150,ASTM A182 F304,RTJ,ASME B16.5
ONGC-MAT-0002179,ONGC,"FLANGE, SLIP-ON, 12 INCH, CLASS 1500, ASTM A182 F304, ASME B16.5, RF FACING",CAN-000997,DEPOT-ONGC-RJM,"Rajahmundry Asset, Andhra Pradesh",26,612720,41,FLANGE_SLIP_ON,300.0,1500,ASTM A182 F304,RF,ASME B16.5
ONGC-MAT-0002180,ONGC,"VALVE, GATE, 10 INCH, CLASS 300, ASTM A105, API 6D, RF FACING",CAN-001498,DEPOT-ONGC-HZR,"Hazira Gas Processing Plant, Gujarat",104,625310,627,GATE_VALVE,250.0,300,ASTM A105,RF,API 6D
ONGC-MAT-0002181,ONGC,"GASKET, SPIRAL WOUND, 10 INCH, CLASS 300, SS304 / GRAPHITE, ASME B16.20, RF FACING",CAN-002084,DEPOT-ONGC-MBO,"Mumbai Offshore Logistics Base, Maharashtra",14,54190,35,SPIRAL_WOUND_GASKET,250.0,300,SS304 / GRAPHITE,RF,ASME B16.20
ONGC-MAT-0002182,ONGC,"STUD BOLT WITH NUTS, 6 INCH, CLASS 900, ASTM A320 L7 / A194 7, ASME B18.2.1, THRD FACING",CAN-002168,DEPOT-ONGC-RJM,"Rajahmundry Asset, Andhra Pradesh",14,24110,90,STUD_BOLT,150.0,900,ASTM A320 L7 / A194 7,THRD,ASME B18.2.1
ONGC-MAT-0002183,ONGC,"FLANGE, WELDING NECK, 8 INCH, CLASS 1500, ASTM A182 F304, ASME B16.5, RF FACING",CAN-000317,DEPOT-ONGC-MBO,"Mumbai Offshore Logistics Base, Maharashtra",22,497330,748,FLANGE_WELD_NECK,200.0,1500,ASTM A182 F304,RF,ASME B16.5
ONGC-MAT-0002184,ONGC,"FLANGE, BLIND, 3 INCH, CLASS 600, ASTM A350 LF2, ASME B16.5, RF FACING",CAN-000535,DEPOT-ONGC-RJM,"Rajahmundry Asset, Andhra Pradesh",88,39600,577,FLANGE_BLIND,80.0,600,ASTM A350 LF2,RF,ASME B16.5
ONGC-MAT-0002185,ONGC,"FLANGE, SLIP-ON, 12 INCH, CLASS 300, ASTM A182 F304, ASME B16.5, RF FACING",CAN-000979,DEPOT-ONGC-MBO,"Mumbai Offshore Logistics Base, Maharashtra",38,169070,18,FLANGE_SLIP_ON,300.0,300,ASTM A182 F304,RF,ASME B16.5
ONGC-MAT-0002186,ONGC,"VALVE, BALL, 1/2 INCH, CLASS 600, ASTM A216 WCB, API 6D, RF FACING",CAN-001609,DEPOT-ONGC-HZR,"Hazira Gas Processing Plant, Gujarat",39,34320,33,BALL_VALVE,15.0,600,ASTM A216 WCB,RF,API 6D
ONGC-MAT-0002187,ONGC,"FLANGE, WELDING NECK, 10 INCH, CLASS 600, ASTM A182 F316, ASME B16.5, RTJ FACING",CAN-000344,DEPOT-ONGC-URN,"Uran Plant, Maharashtra",14,425810,41,FLANGE_WELD_NECK,250.0,600,ASTM A182 F316,RTJ,ASME B16.5
ONGC-MAT-0002188,ONGC,"FLANGE, WELDING NECK, 2 INCH, CLASS 150, ASTM A350 LF2, ASME B16.5, RTJ FACING",CAN-000124,DEPOT-ONGC-URN,"Uran Plant, Maharashtra",40,8660,72,FLANGE_WELD_NECK,50.0,150,ASTM A350 LF2,RTJ,ASME B16.5
ONGC-MAT-0002189,ONGC,"VALVE, GATE, 3 INCH, CLASS 150, ASTM A182 F316, API 600, RF FACING",CAN-001249,DEPOT-ONGC-URN,"Uran Plant, Maharashtra",0,261280,0,GATE_VALVE,80.0,150,ASTM A182 F316,RF,API 600
ONGC-MAT-0002190,ONGC,"VALVE, GATE, 12 INCH, CLASS 150, ASTM A105, API 600, BW FACING",CAN-001547,DEPOT-ONGC-HZR,"Hazira Gas Processing Plant, Gujarat",0,455200,0,GATE_VALVE,300.0,150,ASTM A105,BW,API 600
ONGC-MAT-0002191,ONGC,"FLANGE, BLIND, 12 INCH, CLASS 1500, ASTM A350 LF2, ASME B16.5, RF FACING",CAN-000697,DEPOT-ONGC-URN,"Uran Plant, Maharashtra",0,459540,0,FLANGE_BLIND,300.0,1500,ASTM A350 LF2,RF,ASME B16.5
ONGC-MAT-0002192,ONGC,"VALVE, GATE, 12 INCH, CLASS 900, ASTM A216 WCB, API 6D, BW FACING",CAN-001580,DEPOT-ONGC-RJM,"Rajahmundry Asset, Andhra Pradesh",33,1908660,576,GATE_VALVE,300.0,900,ASTM A216 WCB,BW,API 6D
ONGC-MAT-0002193,ONGC,"FLANGE, SLIP-ON, 4 INCH, CLASS 900, ASTM A105, ASME B16.5, RF FACING",CAN-000869,DEPOT-ONGC-HZR,"Hazira Gas Processing Plant, Gujarat",0,40670,0,FLANGE_SLIP_ON,100.0,900,ASTM A105,RF,ASME B16.5
ONGC-MAT-0002194,ONGC,"FLANGE, SLIP-ON, 6 INCH, CLASS 150, ASTM A105, ASME B16.5, RF FACING",CAN-000881,DEPOT-ONGC-MBO,"Mumbai Offshore Logistics Base, Maharashtra",24,16430,100,FLANGE_SLIP_ON,150.0,150,ASTM A105,RF,ASME B16.5
ONGC-MAT-0002195,ONGC,"VALVE, BALL, 1/2 INCH, CLASS 300, ASTM A216 WCB, API 6D, BW FACING",CAN-001606,DEPOT-ONGC-RJM,"Rajahmundry Asset, Andhra Pradesh",146,19710,693,BALL_VALVE,15.0,300,ASTM A216 WCB,BW,API 6D
ONGC-MAT-0002196,ONGC,"FLANGE, WELDING NECK, 1/2 INCH, CLASS 900, ASTM A105, ASME B16.5, RTJ FACING",CAN-000026,DEPOT-ONGC-URN,"Uran Plant, Maharashtra",0,4740,0,FLANGE_WELD_NECK,15.0,900,ASTM A105,RTJ,ASME B16.5
ONGC-MAT-0002197,ONGC,"FLANGE, BLIND, 1 INCH, CLASS 150, ASTM A350 LF2, ASME B16.5, RTJ FACING",CAN-000434,DEPOT-ONGC-ANK,"Ankleshwar Asset, Gujarat",103,2880,574,FLANGE_BLIND,25.0,150,ASTM A350 LF2,RTJ,ASME B16.5
ONGC-MAT-0002198,ONGC,"VALVE, GATE, 6 INCH, CLASS 600, ASTM A216 WCB, API 600, BW FACING",CAN-001387,DEPOT-ONGC-ANK,"Ankleshwar Asset, Gujarat",33,560420,94,GATE_VALVE,150.0,600,ASTM A216 WCB,BW,API 600
ONGC-MAT-0002199,ONGC,"VALVE, GATE, 8 INCH, CLASS 1500, ASTM A105, API 6D, BW FACING",CAN-001476,DEPOT-ONGC-MBO,"Mumbai Offshore Logistics Base, Maharashtra",47,1695460,111,GATE_VALVE,200.0,1500,ASTM A105,BW,API 6D
ONGC-MAT-0002200,ONGC,"VALVE, GLOBE, 2 INCH, CLASS 300, ASTM A105, ASME B16.34, RF FACING",CAN-001868,DEPOT-ONGC-ANK,"Ankleshwar Asset, Gujarat",137,102890,694,GLOBE_VALVE,50.0,300,ASTM A105,RF,ASME B16.34
ONGC-MAT-0002201,ONGC,"VALVE, BALL, 6 INCH, CLASS 300, ASTM A216 WCB, API 6D, RF FACING",CAN-001725,DEPOT-ONGC-MBO,"Mumbai Offshore Logistics Base, Maharashtra",5,393400,16,BALL_VALVE,150.0,300,ASTM A216 WCB,RF,API 6D
ONGC-MAT-0002202,ONGC,"VALVE, BALL, 10 INCH, CLASS 1500, ASTM A216 WCB, API 6D, BW FACING",CAN-001778,DEPOT-ONGC-ANK,"Ankleshwar Asset, Gujarat",13,2769630,60,BALL_VALVE,250.0,1500,ASTM A216 WCB,BW,API 6D
ONGC-MAT-0002203,ONGC,"FLANGE, SLIP-ON, 8 INCH, CLASS 1500, ASTM A182 F304, ASME B16.5, FF FACING",CAN-000938,DEPOT-ONGC-MBO,"Mumbai Offshore Logistics Base, Maharashtra",21,361690,91,FLANGE_SLIP_ON,200.0,1500,ASTM A182 F304,FF,ASME B16.5
ONGC-MAT-0002204,ONGC,"FLANGE, WELDING NECK, 1/2 INCH, CLASS 300, ASTM A105, ASME B16.5, RTJ FACING",CAN-000010,DEPOT-ONGC-ANK,"Ankleshwar Asset, Gujarat",87,1970,399,FLANGE_WELD_NECK,15.0,300,ASTM A105,RTJ,ASME B16.5
ONGC-MAT-0002205,ONGC,"FLANGE, WELDING NECK, 2 INCH, CLASS 900, ASTM A182 F304, ASME B16.5, RF FACING",CAN-000149,DEPOT-ONGC-MBO,"Mumbai Offshore Logistics Base, Maharashtra",62,54510,658,FLANGE_WELD_NECK,50.0,900,ASTM A182 F304,RF,ASME B16.5
ONGC-MAT-0002206,ONGC,"FLANGE, WELDING NECK, 8 INCH, CLASS 900, ASTM A105, ASME B16.5, RF FACING",CAN-000305,DEPOT-ONGC-HZR,"Hazira Gas Processing Plant, Gujarat",11,137700,42,FLANGE_WELD_NECK,200.0,900,ASTM A105,RF,ASME B16.5
ONGC-MAT-0002207,ONGC,"VALVE, BALL, 8 INCH, CLASS 300, ASTM A182 F316, API 6D, RF FACING",CAN-001747,DEPOT-ONGC-MBO,"Mumbai Offshore Logistics Base, Maharashtra",21,1829840,112,BALL_VALVE,200.0,300,ASTM A182 F316,RF,API 6D
ONGC-MAT-0002208,ONGC,"FLANGE, WELDING NECK, 10 INCH, CLASS 300, ASTM A182 F304, ASME B16.5, RTJ FACING",CAN-000334,DEPOT-ONGC-ANK,"Ankleshwar Asset, Gujarat",0,183420,0,FLANGE_WELD_NECK,250.0,300,ASTM A182 F304,RTJ,ASME B16.5
ONGC-MAT-0002209,ONGC,"VALVE, GLOBE, 1/2 INCH, CLASS 300, ASTM A105, ASME B16.34, RF FACING",CAN-001808,DEPOT-ONGC-HZR,"Hazira Gas Processing Plant, Gujarat",10,21500,97,GLOBE_VALVE,15.0,300,ASTM A105,RF,ASME B16.34
ONGC-MAT-0002210,ONGC,"VALVE, GLOBE, 1.5 INCH, CLASS 600, ASTM A105, BS 1873, RF FACING",CAN-001851,DEPOT-ONGC-RJM,"Rajahmundry Asset, Andhra Pradesh",21,134030,68,GLOBE_VALVE,40.0,600,ASTM A105,RF,BS 1873
ONGC-MAT-0002211,ONGC,"VALVE, GLOBE, 10 INCH, CLASS 150, ASTM A216 WCB, BS 1873, RF FACING",CAN-001961,DEPOT-ONGC-HZR,"Hazira Gas Processing Plant, Gujarat",55,478860,231,GLOBE_VALVE,250.0,150,ASTM A216 WCB,RF,BS 1873
ONGC-MAT-0002212,ONGC,"VALVE, GATE, 12 INCH, CLASS 900, ASTM A182 F316, API 600, RF FACING",CAN-001585,DEPOT-ONGC-URN,"Uran Plant, Maharashtra",45,6107710,83,GATE_VALVE,300.0,900,ASTM A182 F316,RF,API 600
ONGC-MAT-0002213,ONGC,"VALVE, GATE, 1.5 INCH, CLASS 300, ASTM A105, API 6D, BW FACING",CAN-001140,DEPOT-ONGC-HZR,"Hazira Gas Processing Plant, Gujarat",38,57730,54,GATE_VALVE,40.0,300,ASTM A105,BW,API 6D
ONGC-MAT-0002214,ONGC,"VALVE, GATE, 1 INCH, CLASS 900, ASTM A182 F316, API 6D, BW FACING",CAN-001108,DEPOT-ONGC-HZR,"Hazira Gas Processing Plant, Gujarat",124,241510,563,GATE_VALVE,25.0,900,ASTM A182 F316,BW,API 6D
ONGC-MAT-0002215,ONGC,"FLANGE, BLIND, 6 INCH, CLASS 300, ASTM A182 F316, ASME B16.5, RF FACING",CAN-000591,DEPOT-ONGC-HZR,"Hazira Gas Processing Plant, Gujarat",0,103000,0,FLANGE_BLIND,150.0,300,ASTM A182 F316,RF,ASME B16.5
ONGC-MAT-0002216,ONGC,"FLANGE, SLIP-ON, 4 INCH, CLASS 150, ASTM A182 F304, ASME B16.5, RF FACING",CAN-000853,DEPOT-ONGC-ANK,"Ankleshwar Asset, Gujarat",101,23280,230,FLANGE_SLIP_ON,100.0,150,ASTM A182 F304,RF,ASME B16.5
ONGC-MAT-0002217,ONGC,"FLANGE, BLIND, 4 INCH, CLASS 300, ASTM A105, ASME B16.5, RF FACING",CAN-000557,DEPOT-ONGC-RJM,"Rajahmundry Asset, Andhra Pradesh",0,19000,0,FLANGE_BLIND,100.0,300,ASTM A105,RF,ASME B16.5
ONGC-MAT-0002218,ONGC,"STUD BOLT WITH NUTS, 1.5 INCH, CLASS 300, ASTM A193 B7 / A194 2H, ASME B18.2.1, THRD FACING",CAN-002123,DEPOT-ONGC-ANK,"Ankleshwar Asset, Gujarat",67,1120,370,STUD_BOLT,40.0,300,ASTM A193 B7 / A194 2H,THRD,ASME B18.2.1
ONGC-MAT-0002219,ONGC,"VALVE, GATE, 2 INCH, CLASS 300, ASTM A216 WCB, API 600, BW FACING",CAN-001195,DEPOT-ONGC-RJM,"Rajahmundry Asset, Andhra Pradesh",35,77160,64,GATE_VALVE,50.0,300,ASTM A216 WCB,BW,API 600
ONGC-MAT-0002220,ONGC,"FLANGE, BLIND, 1 INCH, CLASS 900, ASTM A350 LF2, ASME B16.5, RF FACING",CAN-000451,DEPOT-ONGC-MBO,"Mumbai Offshore Logistics Base, Maharashtra",72,12070,370,FLANGE_BLIND,25.0,900,ASTM A350 LF2,RF,ASME B16.5
ONGC-MAT-0002221,ONGC,"VALVE, BALL, 1.5 INCH, CLASS 1500, ASTM A216 WCB, API 6D, RF FACING",CAN-001657,DEPOT-ONGC-MBO,"Mumbai Offshore Logistics Base, Maharashtra",49,255720,101,BALL_VALVE,40.0,1500,ASTM A216 WCB,RF,API 6D
ONGC-MAT-0002222,ONGC,"FLANGE, SLIP-ON, 8 INCH, CLASS 900, ASTM A182 F304, ASME B16.5, RF FACING",CAN-000931,DEPOT-ONGC-HZR,"Hazira Gas Processing Plant, Gujarat",52,240360,392,FLANGE_SLIP_ON,200.0,900,ASTM A182 F304,RF,ASME B16.5
ONGC-MAT-0002223,ONGC,"FLANGE, SLIP-ON, 12 INCH, CLASS 900, ASTM A182 F316, ASME B16.5, RF FACING",CAN-000993,DEPOT-ONGC-URN,"Uran Plant, Maharashtra",5,542900,61,FLANGE_SLIP_ON,300.0,900,ASTM A182 F316,RF,ASME B16.5
ONGC-MAT-0002224,ONGC,"VALVE, GATE, 3 INCH, CLASS 600, ASTM A216 WCB, API 6D, BW FACING",CAN-001268,DEPOT-ONGC-HZR,"Hazira Gas Processing Plant, Gujarat",149,247520,259,GATE_VALVE,80.0,600,ASTM A216 WCB,BW,API 6D
ONGC-MAT-0002225,ONGC,"FLANGE, WELDING NECK, 1 INCH, CLASS 300, ASTM A350 LF2, ASME B16.5, RF FACING",CAN-000051,DEPOT-ONGC-MBO,"Mumbai Offshore Logistics Base, Maharashtra",0,6120,0,FLANGE_WELD_NECK,25.0,300,ASTM A350 LF2,RF,ASME B16.5
ONGC-MAT-0002226,ONGC,"VALVE, BALL, 6 INCH, CLASS 1500, ASTM A216 WCB, API 6D, BW FACING",CAN-001738,DEPOT-ONGC-ANK,"Ankleshwar Asset, Gujarat",0,1425670,0,BALL_VALVE,150.0,1500,ASTM A216 WCB,BW,API 6D
ONGC-MAT-0002227,ONGC,"FLANGE, WELDING NECK, 12 INCH, CLASS 150, ASTM A182 F316, ASME B16.5, RF FACING",CAN-000367,DEPOT-ONGC-RJM,"Rajahmundry Asset, Andhra Pradesh",0,178030,0,FLANGE_WELD_NECK,300.0,150,ASTM A182 F316,RF,ASME B16.5
ONGC-MAT-0002228,ONGC,"STUD BOLT WITH NUTS, 4 INCH, CLASS 150, ASTM A193 B7 / A194 2H, ASME B18.2.1, THRD FACING",CAN-002151,DEPOT-ONGC-ANK,"Ankleshwar Asset, Gujarat",46,2120,109,STUD_BOLT,100.0,150,ASTM A193 B7 / A194 2H,THRD,ASME B18.2.1
ONGC-MAT-0002229,ONGC,"VALVE, GATE, 2 INCH, CLASS 150, ASTM A182 F316, API 600, RF FACING",CAN-001189,DEPOT-ONGC-ANK,"Ankleshwar Asset, Gujarat",31,141820,56,GATE_VALVE,50.0,150,ASTM A182 F316,RF,API 600
ONGC-MAT-0002230,ONGC,"FLANGE, SLIP-ON, 6 INCH, CLASS 600, ASTM A105, ASME B16.5, RF FACING",CAN-000893,DEPOT-ONGC-RJM,"Rajahmundry Asset, Andhra Pradesh",26,49810,118,FLANGE_SLIP_ON,150.0,600,ASTM A105,RF,ASME B16.5
ONGC-MAT-0002231,ONGC,"VALVE, GATE, 12 INCH, CLASS 1500, ASTM A105, API 600, RF FACING",CAN-001593,DEPOT-ONGC-URN,"Uran Plant, Maharashtra",50,2872150,33,GATE_VALVE,300.0,1500,ASTM A105,RF,API 600
ONGC-MAT-0002232,ONGC,"VALVE, GATE, 6 INCH, CLASS 900, ASTM A105, API 6D, BW FACING",CAN-001404,DEPOT-ONGC-ANK,"Ankleshwar Asset, Gujarat",32,775150,22,GATE_VALVE,150.0,900,ASTM A105,BW,API 6D
ONGC-MAT-0002233,ONGC,"VALVE, GATE, 10 INCH, CLASS 1500, ASTM A105, API 600, BW FACING",CAN-001535,DEPOT-ONGC-HZR,"Hazira Gas Processing Plant, Gujarat",75,2266060,504,GATE_VALVE,250.0,1500,ASTM A105,BW,API 600
ONGC-MAT-0002234,ONGC,"FLANGE, SLIP-ON, 3 INCH, CLASS 900, ASTM A105, ASME B16.5, RF FACING",CAN-000839,DEPOT-ONGC-RJM,"Rajahmundry Asset, Andhra Pradesh",31,30430,499,FLANGE_SLIP_ON,80.0,900,ASTM A105,RF,ASME B16.5
ONGC-MAT-0002235,ONGC,"VALVE, GLOBE, 2 INCH, CLASS 900, ASTM A105, BS 1873, RF FACING",CAN-001875,DEPOT-ONGC-HZR,"Hazira Gas Processing Plant, Gujarat",35,247780,103,GLOBE_VALVE,50.0,900,ASTM A105,RF,BS 1873
ONGC-MAT-0002236,ONGC,"VALVE, GATE, 6 INCH, CLASS 1500, ASTM A216 WCB, API 600, RF FACING",CAN-001409,DEPOT-ONGC-ANK,"Ankleshwar Asset, Gujarat",0,1166450,0,GATE_VALVE,150.0,1500,ASTM A216 WCB,RF,API 600
ONGC-MAT-0002237,ONGC,"FLANGE, BLIND, 4 INCH, CLASS 300, ASTM A105, ASME B16.5, RTJ FACING",CAN-000558,DEPOT-ONGC-HZR,"Hazira Gas Processing Plant, Gujarat",5,19000,86,FLANGE_BLIND,100.0,300,ASTM A105,RTJ,ASME B16.5
ONGC-MAT-0002238,ONGC,"GASKET, SPIRAL WOUND, 1 INCH, CLASS 1500, SS316 / GRAPHITE, ASME B16.20, RF FACING",CAN-002019,DEPOT-ONGC-URN,"Uran Plant, Maharashtra",55,13120,291,SPIRAL_WOUND_GASKET,25.0,1500,SS316 / GRAPHITE,RF,ASME B16.20
ONGC-MAT-0002239,ONGC,"VALVE, GLOBE, 8 INCH, CLASS 1500, ASTM A105, ASME B16.34, RF FACING",CAN-001960,DEPOT-ONGC-MBO,"Mumbai Offshore Logistics Base, Maharashtra",34,2260620,46,GLOBE_VALVE,200.0,1500,ASTM A105,RF,ASME B16.34
ONGC-MAT-0002240,ONGC,"VALVE, GLOBE, 6 INCH, CLASS 600, ASTM A216 WCB, BS 1873, RF FACING",CAN-001929,DEPOT-ONGC-ANK,"Ankleshwar Asset, Gujarat",71,747230,650,GLOBE_VALVE,150.0,600,ASTM A216 WCB,RF,BS 1873
ONGC-MAT-0002241,ONGC,"VALVE, GATE, 4 INCH, CLASS 300, ASTM A105, API 600, BW FACING",CAN-001319,DEPOT-ONGC-HZR,"Hazira Gas Processing Plant, Gujarat",33,190000,40,GATE_VALVE,100.0,300,ASTM A105,BW,API 600
ONGC-MAT-0002242,ONGC,"FLANGE, WELDING NECK, 1 INCH, CLASS 300, ASTM A182 F304, ASME B16.5, RF FACING",CAN-000053,DEPOT-ONGC-URN,"Uran Plant, Maharashtra",0,9190,0,FLANGE_WELD_NECK,25.0,300,ASTM A182 F304,RF,ASME B16.5
ONGC-MAT-0002243,ONGC,"STUD BOLT WITH NUTS, 6 INCH, CLASS 900, ASTM A320 L7 / A194 7, ASME B18.2.1, THRD FACING",CAN-002168,DEPOT-ONGC-URN,"Uran Plant, Maharashtra",0,24110,0,STUD_BOLT,150.0,900,ASTM A320 L7 / A194 7,THRD,ASME B18.2.1
ONGC-MAT-0002244,ONGC,"GASKET, SPIRAL WOUND, 1 INCH, CLASS 900, SS304 / GRAPHITE, ASME B16.20, RF FACING",CAN-002018,DEPOT-ONGC-URN,"Uran Plant, Maharashtra",20,6540,112,SPIRAL_WOUND_GASKET,25.0,900,SS304 / GRAPHITE,RF,ASME B16.20
ONGC-MAT-0002245,ONGC,"FLANGE, BLIND, 8 INCH, CLASS 150, ASTM A182 F316, ASME B16.5, RTJ FACING",CAN-000616,DEPOT-ONGC-HZR,"Hazira Gas Processing Plant, Gujarat",0,85980,0,FLANGE_BLIND,200.0,150,ASTM A182 F316,RTJ,ASME B16.5
ONGC-MAT-0002246,ONGC,"VALVE, GATE, 12 INCH, CLASS 600, ASTM A182 F316, API 6D, RF FACING",CAN-001574,DEPOT-ONGC-MBO,"Mumbai Offshore Logistics Base, Maharashtra",30,4415760,119,GATE_VALVE,300.0,600,ASTM A182 F316,RF,API 6D
ONGC-MAT-0002247,ONGC,"FLANGE, WELDING NECK, 1.5 INCH, CLASS 1500, ASTM A350 LF2, ASME B16.5, RF FACING",CAN-000115,DEPOT-ONGC-HZR,"Hazira Gas Processing Plant, Gujarat",0,40910,0,FLANGE_WELD_NECK,40.0,1500,ASTM A350 LF2,RF,ASME B16.5
ONGC-MAT-0002248,ONGC,"VALVE, GLOBE, 4 INCH, CLASS 300, ASTM A105, ASME B16.34, RF FACING",CAN-001908,DEPOT-ONGC-URN,"Uran Plant, Maharashtra",31,253340,55,GLOBE_VALVE,100.0,300,ASTM A105,RF,ASME B16.34
ONGC-MAT-0002249,ONGC,"FLANGE, WELDING NECK, 10 INCH, CLASS 150, ASTM A105, ASME B16.5, RF FACING",CAN-000321,DEPOT-ONGC-ANK,"Ankleshwar Asset, Gujarat",31,43890,107,FLANGE_WELD_NECK,250.0,150,ASTM A105,RF,ASME B16.5
ONGC-MAT-0002250,ONGC,"VALVE, GATE, 6 INCH, CLASS 150, ASTM A105, API 6D, BW FACING",CAN-001368,DEPOT-ONGC-URN,"Uran Plant, Maharashtra",25,184870,52,GATE_VALVE,150.0,150,ASTM A105,BW,API 6D
ONGC-MAT-0002251,ONGC,"VALVE, BALL, 2 INCH, CLASS 1500, ASTM A182 F316, API 6D, BW FACING",CAN-001680,DEPOT-ONGC-ANK,"Ankleshwar Asset, Gujarat",0,1093730,0,BALL_VALVE,50.0,1500,ASTM A182 F316,BW,API 6D
ONGC-MAT-0002252,ONGC,"FLANGE, WELDING NECK, 4 INCH, CLASS 150, ASTM A182 F304, ASME B16.5, RTJ FACING",CAN-000206,DEPOT-ONGC-MBO,"Mumbai Offshore Logistics Base, Maharashtra",33,32010,427,FLANGE_WELD_NECK,100.0,150,ASTM A182 F304,RTJ,ASME B16.5
ONGC-MAT-0002253,ONGC,"VALVE, GATE, 3 INCH, CLASS 150, ASTM A216 WCB, API 600, RF FACING",CAN-001241,DEPOT-ONGC-MBO,"Mumbai Offshore Logistics Base, Maharashtra",35,81650,105,GATE_VALVE,80.0,150,ASTM A216 WCB,RF,API 600
ONGC-MAT-0002254,ONGC,"FLANGE, BLIND, 1.5 INCH, CLASS 600, ASTM A105, ASME B16.5, RTJ FACING",CAN-000474,DEPOT-ONGC-HZR,"Hazira Gas Processing Plant, Gujarat",0,10050,0,FLANGE_BLIND,40.0,600,ASTM A105,RTJ,ASME B16.5
ONGC-MAT-0002255,ONGC,"FLANGE, WELDING NECK, 1.5 INCH, CLASS 900, ASTM A182 F304, ASME B16.5, RTJ FACING",CAN-000110,DEPOT-ONGC-ANK,"Ankleshwar Asset, Gujarat",0,40780,0,FLANGE_WELD_NECK,40.0,900,ASTM A182 F304,RTJ,ASME B16.5
ONGC-MAT-0002256,ONGC,"VALVE, GATE, 8 INCH, CLASS 300, ASTM A105, API 600, RF FACING",CAN-001437,DEPOT-ONGC-HZR,"Hazira Gas Processing Plant, Gujarat",111,467850,627,GATE_VALVE,200.0,300,ASTM A105,RF,API 600
ONGC-MAT-0002257,ONGC,"VALVE, GLOBE, 8 INCH, CLASS 1500, ASTM A216 WCB, ASME B16.34, RF FACING",CAN-001958,DEPOT-ONGC-RJM,"Rajahmundry Asset, Andhra Pradesh",32,2260620,84,GLOBE_VALVE,200.0,1500,ASTM A216 WCB,RF,ASME B16.34
ONGC-MAT-0002258,ONGC,"FLANGE, WELDING NECK, 1/2 INCH, CLASS 150, ASTM A350 LF2, ASME B16.5, RF FACING",CAN-000003,DEPOT-ONGC-HZR,"Hazira Gas Processing Plant, Gujarat",9,1810,108,FLANGE_WELD_NECK,15.0,150,ASTM A350 LF2,RF,ASME B16.5
ONGC-MAT-0002259,ONGC,"FLANGE, WELDING NECK, 4 INCH, CLASS 1500, ASTM A182 F316, ASME B16.5, RF FACING",CAN-000239,DEPOT-ONGC-HZR,"Hazira Gas Processing Plant, Gujarat",41,269300,715,FLANGE_WELD_NECK,100.0,1500,ASTM A182 F316,RF,ASME B16.5
ONGC-MAT-0002260,ONGC,"FLANGE, SLIP-ON, 1/2 INCH, CLASS 1500, ASTM A182 F316, ASME B16.5, FF FACING",CAN-000730,DEPOT-ONGC-HZR,"Hazira Gas Processing Plant, Gujarat",136,16620,387,FLANGE_SLIP_ON,15.0,1500,ASTM A182 F316,FF,ASME B16.5
ONGC-MAT-0002261,ONGC,"FLANGE, SLIP-ON, 4 INCH, CLASS 300, ASTM A182 F316, ASME B16.5, FF FACING",CAN-000862,DEPOT-ONGC-URN,"Uran Plant, Maharashtra",113,54040,372,FLANGE_SLIP_ON,100.0,300,ASTM A182 F316,FF,ASME B16.5
ONGC-MAT-0002262,ONGC,"VALVE, GATE, 1/2 INCH, CLASS 900, ASTM A182 F316, API 6D, RF FACING",CAN-001046,DEPOT-ONGC-RJM,"Rajahmundry Asset, Andhra Pradesh",79,124310,197,GATE_VALVE,15.0,900,ASTM A182 F316,RF,API 6D
ONGC-MAT-0002263,ONGC,"VALVE, BALL, 6 INCH, CLASS 600, ASTM A182 F316, API 6D, BW FACING",CAN-001732,DEPOT-ONGC-ANK,"Ankleshwar Asset, Gujarat",23,2191880,103,BALL_VALVE,150.0,600,ASTM A182 F316,BW,API 6D
ONGC-MAT-0002264,ONGC,"VALVE, GATE, 1.5 INCH, CLASS 900, ASTM A182 F316, API 6D, BW FACING",CAN-001168,DEPOT-ONGC-RJM,"Rajahmundry Asset, Andhra Pradesh",40,444930,608,GATE_VALVE,40.0,900,ASTM A182 F316,BW,API 6D
ONGC-MAT-0002265,ONGC,"VALVE, GATE, 10 INCH, CLASS 900, ASTM A105, API 600, RF FACING",CAN-001521,DEPOT-ONGC-ANK,"Ankleshwar Asset, Gujarat",8,1505890,66,GATE_VALVE,250.0,900,ASTM A105,RF,API 600
ONGC-MAT-0002266,ONGC,"VALVE, GATE, 12 INCH, CLASS 300, ASTM A105, API 600, BW FACING",CAN-001559,DEPOT-ONGC-RJM,"Rajahmundry Asset, Andhra Pradesh",14,792550,120,GATE_VALVE,300.0,300,ASTM A105,BW,API 600
ONGC-MAT-0002267,ONGC,"FLANGE, WELDING NECK, 2 INCH, CLASS 300, ASTM A182 F304, ASME B16.5, RF FACING",CAN-000133,DEPOT-ONGC-HZR,"Hazira Gas Processing Plant, Gujarat",78,22630,212,FLANGE_WELD_NECK,50.0,300,ASTM A182 F304,RF,ASME B16.5
ONGC-MAT-0002268,ONGC,"VALVE, GLOBE, 6 INCH, CLASS 600, ASTM A105, ASME B16.34, RF FACING",CAN-001932,DEPOT-ONGC-URN,"Uran Plant, Maharashtra",30,747230,97,GLOBE_VALVE,150.0,600,ASTM A105,RF,ASME B16.34
ONGC-MAT-0002269,ONGC,"FLANGE, BLIND, 1.5 INCH, CLASS 600, ASTM A182 F316, ASME B16.5, RF FACING",CAN-000477,DEPOT-ONGC-ANK,"Ankleshwar Asset, Gujarat",38,32160,110,FLANGE_BLIND,40.0,600,ASTM A182 F316,RF,ASME B16.5
ONGC-MAT-0002270,ONGC,"VALVE, GATE, 1.5 INCH, CLASS 600, ASTM A182 F316, API 600, RF FACING",CAN-001153,DEPOT-ONGC-ANK,"Ankleshwar Asset, Gujarat",48,321680,52,GATE_VALVE,40.0,600,ASTM A182 F316,RF,API 600
ONGC-MAT-0002271,ONGC,"VALVE, GATE, 1.5 INCH, CLASS 150, ASTM A216 WCB, API 6D, RF FACING",CAN-001122,DEPOT-ONGC-HZR,"Hazira Gas Processing Plant, Gujarat",14,33160,102,GATE_VALVE,40.0,150,ASTM A216 WCB,RF,API 6D
ONGC-MAT-0002272,ONGC,"VALVE, GATE, 6 INCH, CLASS 900, ASTM A182 F316, API 6D, RF FACING",CAN-001406,DEPOT-ONGC-HZR,"Hazira Gas Processing Plant, Gujarat",46,2480500,18,GATE_VALVE,150.0,900,ASTM A182 F316,RF,API 6D
ONGC-MAT-0002273,ONGC,"VALVE, BALL, 1/2 INCH, CLASS 150, ASTM A182 F316, API 6D, RF FACING",CAN-001603,DEPOT-ONGC-ANK,"Ankleshwar Asset, Gujarat",149,36230,213,BALL_VALVE,15.0,150,ASTM A182 F316,RF,API 6D
ONGC-MAT-0002274,ONGC,"FLANGE, WELDING NECK, 1 INCH, CLASS 1500, ASTM A182 F316, ASME B16.5, RF FACING",CAN-000079,DEPOT-ONGC-ANK,"Ankleshwar Asset, Gujarat",0,44410,0,FLANGE_WELD_NECK,25.0,1500,ASTM A182 F316,RF,ASME B16.5
ONGC-MAT-0002275,ONGC,"FLANGE, BLIND, 4 INCH, CLASS 300, ASTM A182 F316, ASME B16.5, RTJ FACING",CAN-000562,DEPOT-ONGC-RJM,"Rajahmundry Asset, Andhra Pradesh",0,60800,0,FLANGE_BLIND,100.0,300,ASTM A182 F316,RTJ,ASME B16.5
ONGC-MAT-0002276,ONGC,"FLANGE, WELDING NECK, 2 INCH, CLASS 900, ASTM A182 F304, ASME B16.5, RTJ FACING",CAN-000150,DEPOT-ONGC-ANK,"Ankleshwar Asset, Gujarat",28,54510,102,FLANGE_WELD_NECK,50.0,900,ASTM A182 F304,RTJ,ASME B16.5
ONGC-MAT-0002277,ONGC,"FLANGE, BLIND, 8 INCH, CLASS 300, ASTM A182 F316, ASME B16.5, RF FACING",CAN-000621,DEPOT-ONGC-URN,"Uran Plant, Maharashtra",0,149710,0,FLANGE_BLIND,200.0,300,ASTM A182 F316,RF,ASME B16.5
ONGC-MAT-0002278,ONGC,"FLANGE, BLIND, 6 INCH, CLASS 900, ASTM A105, ASME B16.5, RF FACING",CAN-000599,DEPOT-ONGC-MBO,"Mumbai Offshore Logistics Base, Maharashtra",0,77510,0,FLANGE_BLIND,150.0,900,ASTM A105,RF,ASME B16.5
ONGC-MAT-0002279,ONGC,"FLANGE, WELDING NECK, 2 INCH, CLASS 600, ASTM A182 F304, ASME B16.5, RF FACING",CAN-000141,DEPOT-ONGC-URN,"Uran Plant, Maharashtra",0,39410,0,FLANGE_WELD_NECK,50.0,600,ASTM A182 F304,RF,ASME B16.5
ONGC-MAT-0002280,ONGC,"FLANGE, SLIP-ON, 6 INCH, CLASS 600, ASTM A105, ASME B16.5, RF FACING",CAN-000893,DEPOT-ONGC-MBO,"Mumbai Offshore Logistics Base, Maharashtra",114,49810,489,FLANGE_SLIP_ON,150.0,600,ASTM A105,RF,ASME B16.5
ONGC-MAT-0002281,ONGC,"VALVE, GLOBE, 10 INCH, CLASS 300, ASTM A216 WCB, ASME B16.34, RF FACING",CAN-001966,DEPOT-ONGC-URN,"Uran Plant, Maharashtra",8,833740,10,GLOBE_VALVE,250.0,300,ASTM A216 WCB,RF,ASME B16.34
ONGC-MAT-0002282,ONGC,"FLANGE, SLIP-ON, 1 INCH, CLASS 600, ASTM A182 F316, ASME B16.5, FF FACING",CAN-000748,DEPOT-ONGC-RJM,"Rajahmundry Asset, Andhra Pradesh",92,15520,302,FLANGE_SLIP_ON,25.0,600,ASTM A182 F316,FF,ASME B16.5
ONGC-MAT-0002283,ONGC,"VALVE, GATE, 10 INCH, CLASS 600, ASTM A105, API 6D, BW FACING",CAN-001512,DEPOT-ONGC-MBO,"Mumbai Offshore Logistics Base, Maharashtra",87,1088730,418,GATE_VALVE,250.0,600,ASTM A105,BW,API 6D
ONGC-MAT-0002284,ONGC,"VALVE, GLOBE, 1 INCH, CLASS 900, ASTM A105, BS 1873, RF FACING",CAN-001835,DEPOT-ONGC-MBO,"Mumbai Offshore Logistics Base, Maharashtra",28,100630,330,GLOBE_VALVE,25.0,900,ASTM A105,RF,BS 1873
ONGC-MAT-0002285,ONGC,"FLANGE, BLIND, 1/2 INCH, CLASS 900, ASTM A350 LF2, ASME B16.5, RF FACING",CAN-000421,DEPOT-ONGC-HZR,"Hazira Gas Processing Plant, Gujarat",22,6210,456,FLANGE_BLIND,15.0,900,ASTM A350 LF2,RF,ASME B16.5
ONGC-MAT-0002286,ONGC,"VALVE, GATE, 6 INCH, CLASS 600, ASTM A182 F316, API 6D, BW FACING",CAN-001396,DEPOT-ONGC-MBO,"Mumbai Offshore Logistics Base, Maharashtra",0,1793350,0,GATE_VALVE,150.0,600,ASTM A182 F316,BW,API 6D
ONGC-MAT-0002287,ONGC,"FLANGE, WELDING NECK, 4 INCH, CLASS 900, ASTM A350 LF2, ASME B16.5, RF FACING",CAN-000227,DEPOT-ONGC-URN,"Uran Plant, Maharashtra",49,89480,89,FLANGE_WELD_NECK,100.0,900,ASTM A350 LF2,RF,ASME B16.5
ONGC-MAT-0002288,ONGC,"VALVE, GATE, 1.5 INCH, CLASS 300, ASTM A216 WCB, API 6D, RF FACING",CAN-001134,DEPOT-ONGC-URN,"Uran Plant, Maharashtra",48,57730,116,GATE_VALVE,40.0,300,ASTM A216 WCB,RF,API 6D
ONGC-MAT-0002289,ONGC,"FLANGE, BLIND, 1.5 INCH, CLASS 600, ASTM A182 F316, ASME B16.5, RTJ FACING",CAN-000478,DEPOT-ONGC-URN,"Uran Plant, Maharashtra",140,32160,274,FLANGE_BLIND,40.0,600,ASTM A182 F316,RTJ,ASME B16.5
ONGC-MAT-0002290,ONGC,"FLANGE, BLIND, 12 INCH, CLASS 600, ASTM A105, ASME B16.5, RF FACING",CAN-000683,DEPOT-ONGC-MBO,"Mumbai Offshore Logistics Base, Maharashtra",39,137990,57,FLANGE_BLIND,300.0,600,ASTM A105,RF,ASME B16.5
ONGC-MAT-0002291,ONGC,"FLANGE, SLIP-ON, 1/2 INCH, CLASS 150, ASTM A182 F304, ASME B16.5, FF FACING",CAN-000704,DEPOT-ONGC-MBO,"Mumbai Offshore Logistics Base, Maharashtra",34,1970,58,FLANGE_SLIP_ON,15.0,150,ASTM A182 F304,FF,ASME B16.5
ONGC-MAT-0002292,ONGC,"VALVE, GATE, 1 INCH, CLASS 1500, ASTM A105, API 600, RF FACING",CAN-001113,DEPOT-ONGC-RJM,"Rajahmundry Asset, Andhra Pradesh",7,113570,55,GATE_VALVE,25.0,1500,ASTM A105,RF,API 600
ONGC-MAT-0002293,ONGC,"FLANGE, BLIND, 1 INCH, CLASS 150, ASTM A350 LF2, ASME B16.5, RTJ FACING",CAN-000434,DEPOT-ONGC-RJM,"Rajahmundry Asset, Andhra Pradesh",0,2880,0,FLANGE_BLIND,25.0,150,ASTM A350 LF2,RTJ,ASME B16.5
ONGC-MAT-0002294,ONGC,"VALVE, GATE, 6 INCH, CLASS 300, ASTM A216 WCB, API 6D, RF FACING",CAN-001374,DEPOT-ONGC-URN,"Uran Plant, Maharashtra",81,321870,211,GATE_VALVE,150.0,300,ASTM A216 WCB,RF,API 6D
ONGC-MAT-0002295,ONGC,"FLANGE, WELDING NECK, 1/2 INCH, CLASS 900, ASTM A350 LF2, ASME B16.5, RF FACING",CAN-000027,DEPOT-ONGC-HZR,"Hazira Gas Processing Plant, Gujarat",108,7590,551,FLANGE_WELD_NECK,15.0,900,ASTM A350 LF2,RF,ASME B16.5
ONGC-MAT-0002296,ONGC,"GASKET, SPIRAL WOUND, 1.5 INCH, CLASS 1500, SS316 / GRAPHITE, ASME B16.20, RF FACING",CAN-002029,DEPOT-ONGC-RJM,"Rajahmundry Asset, Andhra Pradesh",0,24170,0,SPIRAL_WOUND_GASKET,40.0,1500,SS316 / GRAPHITE,RF,ASME B16.20
ONGC-MAT-0002297,ONGC,"VALVE, GATE, 1.5 INCH, CLASS 300, ASTM A216 WCB, API 6D, BW FACING",CAN-001136,DEPOT-ONGC-MBO,"Mumbai Offshore Logistics Base, Maharashtra",40,57730,34,GATE_VALVE,40.0,300,ASTM A216 WCB,BW,API 6D
ONGC-MAT-0002298,ONGC,"FLANGE, BLIND, 12 INCH, CLASS 1500, ASTM A182 F316, ASME B16.5, RTJ FACING",CAN-000700,DEPOT-ONGC-URN,"Uran Plant, Maharashtra",38,919090,679,FLANGE_BLIND,300.0,1500,ASTM A182 F316,RTJ,ASME B16.5
ONGC-MAT-0002299,ONGC,"FLANGE, BLIND, 8 INCH, CLASS 300, ASTM A182 F316, ASME B16.5, RF FACING",CAN-000621,DEPOT-ONGC-RJM,"Rajahmundry Asset, Andhra Pradesh",0,149710,0,FLANGE_BLIND,200.0,300,ASTM A182 F316,RF,ASME B16.5
ONGC-MAT-0002300,ONGC,"FLANGE, WELDING NECK, 6 INCH, CLASS 150, ASTM A105, ASME B16.5, RTJ FACING",CAN-000242,DEPOT-ONGC-MBO,"Mumbai Offshore Logistics Base, Maharashtra",36,22590,13,FLANGE_WELD_NECK,150.0,150,ASTM A105,RTJ,ASME B16.5
ONGC-MAT-0002301,ONGC,"VALVE, GLOBE, 1.5 INCH, CLASS 600, ASTM A216 WCB, ASME B16.34, RF FACING",CAN-001850,DEPOT-ONGC-RJM,"Rajahmundry Asset, Andhra Pradesh",21,134030,102,GLOBE_VALVE,40.0,600,ASTM A216 WCB,RF,ASME B16.34
ONGC-MAT-0002302,ONGC,"FLANGE, SLIP-ON, 12 INCH, CLASS 900, ASTM A182 F304, ASME B16.5, FF FACING",CAN-000992,DEPOT-ONGC-ANK,"Ankleshwar Asset, Gujarat",0,407180,0,FLANGE_SLIP_ON,300.0,900,ASTM A182 F304,FF,ASME B16.5
ONGC-MAT-0002303,ONGC,"FLANGE, BLIND, 4 INCH, CLASS 1500, ASTM A350 LF2, ASME B16.5, RF FACING",CAN-000577,DEPOT-ONGC-ANK,"Ankleshwar Asset, Gujarat",95,110170,543,FLANGE_BLIND,100.0,1500,ASTM A350 LF2,RF,ASME B16.5
ONGC-MAT-0002304,ONGC,"FLANGE, WELDING NECK, 4 INCH, CLASS 150, ASTM A105, ASME B16.5, RF FACING",CAN-000201,DEPOT-ONGC-URN,"Uran Plant, Maharashtra",105,13330,387,FLANGE_WELD_NECK,100.0,150,ASTM A105,RF,ASME B16.5
ONGC-MAT-0002305,ONGC,"GASKET, SPIRAL WOUND, 2 INCH, CLASS 1500, SS304 / GRAPHITE, ASME B16.20, RF FACING",CAN-002040,DEPOT-ONGC-ANK,"Ankleshwar Asset, Gujarat",47,24230,73,SPIRAL_WOUND_GASKET,50.0,1500,SS304 / GRAPHITE,RF,ASME B16.20
ONGC-MAT-0002306,ONGC,"FLANGE, WELDING NECK, 1.5 INCH, CLASS 150, ASTM A105, ASME B16.5, RTJ FACING",CAN-000082,DEPOT-ONGC-MBO,"Mumbai Offshore Logistics Base, Maharashtra",21,4050,447,FLANGE_WELD_NECK,40.0,150,ASTM A105,RTJ,ASME B16.5
ONGC-MAT-0002307,ONGC,"VALVE, GLOBE, 8 INCH, CLASS 900, ASTM A105, BS 1873, RF FACING",CAN-001955,DEPOT-ONGC-MBO,"Mumbai Offshore Logistics Base, Maharashtra",0,1502270,0,GLOBE_VALVE,200.0,900,ASTM A105,RF,BS 1873
ONGC-MAT-0002308,ONGC,"VALVE, BALL, 6 INCH, CLASS 1500, ASTM A182 F316, API 6D, RF FACING",CAN-001739,DEPOT-ONGC-HZR,"Hazira Gas Processing Plant, Gujarat",46,4562140,51,BALL_VALVE,150.0,1500,ASTM A182 F316,RF,API 6D
ONGC-MAT-0002309,ONGC,"VALVE, GATE, 8 INCH, CLASS 600, ASTM A216 WCB, API 6D, RF FACING",CAN-001446,DEPOT-ONGC-MBO,"Mumbai Offshore Logistics Base, Maharashtra",0,814580,0,GATE_VALVE,200.0,600,ASTM A216 WCB,RF,API 6D
ONGC-MAT-0002310,ONGC,"FLANGE, SLIP-ON, 6 INCH, CLASS 300, ASTM A182 F316, ASME B16.5, RF FACING",CAN-000891,DEPOT-ONGC-URN,"Uran Plant, Maharashtra",42,91550,94,FLANGE_SLIP_ON,150.0,300,ASTM A182 F316,RF,ASME B16.5
ONGC-MAT-0002311,ONGC,"VALVE, GATE, 4 INCH, CLASS 600, ASTM A182 F316, API 6D, RF FACING",CAN-001334,DEPOT-ONGC-URN,"Uran Plant, Maharashtra",13,1058640,116,GATE_VALVE,100.0,600,ASTM A182 F316,RF,API 6D
ONGC-MAT-0002312,ONGC,"VALVE, GATE, 10 INCH, CLASS 900, ASTM A182 F316, API 600, BW FACING",CAN-001527,DEPOT-ONGC-MBO,"Mumbai Offshore Logistics Base, Maharashtra",36,4818850,304,GATE_VALVE,250.0,900,ASTM A182 F316,BW,API 600
ONGC-MAT-0002313,ONGC,"VALVE, GATE, 8 INCH, CLASS 150, ASTM A216 WCB, API 600, RF FACING",CAN-001421,DEPOT-ONGC-RJM,"Rajahmundry Asset, Andhra Pradesh",6,268710,104,GATE_VALVE,200.0,150,ASTM A216 WCB,RF,API 600
ONGC-MAT-0002314,ONGC,"FLANGE, BLIND, 1 INCH, CLASS 900, ASTM A105, ASME B16.5, RTJ FACING",CAN-000450,DEPOT-ONGC-HZR,"Hazira Gas Processing Plant, Gujarat",0,7540,0,FLANGE_BLIND,25.0,900,ASTM A105,RTJ,ASME B16.5
ONGC-MAT-0002315,ONGC,"VALVE, GATE, 12 INCH, CLASS 150, ASTM A216 WCB, API 6D, BW FACING",CAN-001544,DEPOT-ONGC-RJM,"Rajahmundry Asset, Andhra Pradesh",76,455200,626,GATE_VALVE,300.0,150,ASTM A216 WCB,BW,API 6D
ONGC-MAT-0002316,ONGC,"FLANGE, SLIP-ON, 10 INCH, CLASS 900, ASTM A105, ASME B16.5, FF FACING",CAN-000960,DEPOT-ONGC-HZR,"Hazira Gas Processing Plant, Gujarat",9,133850,85,FLANGE_SLIP_ON,250.0,900,ASTM A105,FF,ASME B16.5
ONGC-MAT-0002317,ONGC,"FLANGE, WELDING NECK, 4 INCH, CLASS 1500, ASTM A350 LF2, ASME B16.5, RF FACING",CAN-000235,DEPOT-ONGC-ANK,"Ankleshwar Asset, Gujarat",20,134650,749,FLANGE_WELD_NECK,100.0,1500,ASTM A350 LF2,RF,ASME B16.5
ONGC-MAT-0002318,ONGC,"VALVE, GATE, 1.5 INCH, CLASS 300, ASTM A216 WCB, API 6D, BW FACING",CAN-001136,DEPOT-ONGC-HZR,"Hazira Gas Processing Plant, Gujarat",8,57730,16,GATE_VALVE,40.0,300,ASTM A216 WCB,BW,API 6D
ONGC-MAT-0002319,ONGC,"FLANGE, SLIP-ON, 4 INCH, CLASS 300, ASTM A105, ASME B16.5, RF FACING",CAN-000857,DEPOT-ONGC-URN,"Uran Plant, Maharashtra",147,16880,595,FLANGE_SLIP_ON,100.0,300,ASTM A105,RF,ASME B16.5
ONGC-MAT-0002320,ONGC,"STUD BOLT WITH NUTS, 4 INCH, CLASS 1500, ASTM A193 B7 / A194 2H, ASME B18.2.1, THRD FACING",CAN-002159,DEPOT-ONGC-URN,"Uran Plant, Maharashtra",27,13380,118,STUD_BOLT,100.0,1500,ASTM A193 B7 / A194 2H,THRD,ASME B18.2.1
ONGC-MAT-0002321,ONGC,"VALVE, GATE, 1.5 INCH, CLASS 300, ASTM A105, API 600, BW FACING",CAN-001139,DEPOT-ONGC-RJM,"Rajahmundry Asset, Andhra Pradesh",36,57730,118,GATE_VALVE,40.0,300,ASTM A105,BW,API 600
ONGC-MAT-0002322,ONGC,"FLANGE, SLIP-ON, 8 INCH, CLASS 900, ASTM A105, ASME B16.5, FF FACING",CAN-000930,DEPOT-ONGC-MBO,"Mumbai Offshore Logistics Base, Maharashtra",41,100150,464,FLANGE_SLIP_ON,200.0,900,ASTM A105,FF,ASME B16.5
ONGC-MAT-0002323,ONGC,"FLANGE, WELDING NECK, 3 INCH, CLASS 900, ASTM A350 LF2, ASME B16.5, RTJ FACING",CAN-000188,DEPOT-ONGC-RJM,"Rajahmundry Asset, Andhra Pradesh",49,66950,59,FLANGE_WELD_NECK,80.0,900,ASTM A350 LF2,RTJ,ASME B16.5
ONGC-MAT-0002324,ONGC,"VALVE, GATE, 3 INCH, CLASS 300, ASTM A105, API 600, RF FACING",CAN-001257,DEPOT-ONGC-RJM,"Rajahmundry Asset, Andhra Pradesh",0,142160,0,GATE_VALVE,80.0,300,ASTM A105,RF,API 600
ONGC-MAT-0002325,ONGC,"VALVE, GLOBE, 1/2 INCH, CLASS 1500, ASTM A105, BS 1873, RF FACING",CAN-001819,DEPOT-ONGC-HZR,"Hazira Gas Processing Plant, Gujarat",0,77940,0,GLOBE_VALVE,15.0,1500,ASTM A105,RF,BS 1873
ONGC-MAT-0002326,ONGC,"FLANGE, SLIP-ON, 3 INCH, CLASS 1500, ASTM A182 F304, ASME B16.5, FF FACING",CAN-000848,DEPOT-ONGC-ANK,"Ankleshwar Asset, Gujarat",46,109900,108,FLANGE_SLIP_ON,80.0,1500,ASTM A182 F304,FF,ASME B16.5
ONGC-MAT-0002327,ONGC,"FLANGE, SLIP-ON, 1.5 INCH, CLASS 900, ASTM A182 F316, ASME B16.5, FF FACING",CAN-000784,DEPOT-ONGC-RJM,"Rajahmundry Asset, Andhra Pradesh",98,39550,624,FLANGE_SLIP_ON,40.0,900,ASTM A182 F316,FF,ASME B16.5
ONGC-MAT-0002328,ONGC,"VALVE, BALL, 1/2 INCH, CLASS 1500, ASTM A182 F316, API 6D, RF FACING",CAN-001619,DEPOT-ONGC-HZR,"Hazira Gas Processing Plant, Gujarat",135,228640,387,BALL_VALVE,15.0,1500,ASTM A182 F316,RF,API 6D
ONGC-MAT-0002329,ONGC,"VALVE, GATE, 1.5 INCH, CLASS 600, ASTM A216 WCB, API 600, BW FACING",CAN-001147,DEPOT-ONGC-ANK,"Ankleshwar Asset, Gujarat",112,100520,579,GATE_VALVE,40.0,600,ASTM A216 WCB,BW,API 600
ONGC-MAT-0002330,ONGC,"VALVE, GATE, 8 INCH, CLASS 900, ASTM A105, API 600, RF FACING",CAN-001461,DEPOT-ONGC-RJM,"Rajahmundry Asset, Andhra Pradesh",42,1126700,114,GATE_VALVE,200.0,900,ASTM A105,RF,API 600
ONGC-MAT-0002331,ONGC,"FLANGE, WELDING NECK, 10 INCH, CLASS 900, ASTM A182 F316, ASME B16.5, RTJ FACING",CAN-000352,DEPOT-ONGC-URN,"Uran Plant, Maharashtra",0,588970,0,FLANGE_WELD_NECK,250.0,900,ASTM A182 F316,RTJ,ASME B16.5
ONGC-MAT-0002332,ONGC,"FLANGE, WELDING NECK, 2 INCH, CLASS 900, ASTM A105, ASME B16.5, RF FACING",CAN-000145,DEPOT-ONGC-ANK,"Ankleshwar Asset, Gujarat",50,22710,389,FLANGE_WELD_NECK,50.0,900,ASTM A105,RF,ASME B16.5
ONGC-MAT-0002333,ONGC,"VALVE, GLOBE, 4 INCH, CLASS 900, ASTM A216 WCB, ASME B16.34, RF FACING",CAN-001914,DEPOT-ONGC-ANK,"Ankleshwar Asset, Gujarat",41,610110,104,GLOBE_VALVE,100.0,900,ASTM A216 WCB,RF,ASME B16.34
ONGC-MAT-0002334,ONGC,"VALVE, GATE, 12 INCH, CLASS 900, ASTM A105, API 600, BW FACING",CAN-001583,DEPOT-ONGC-MBO,"Mumbai Offshore Logistics Base, Maharashtra",64,1908660,540,GATE_VALVE,300.0,900,ASTM A105,BW,API 600
ONGC-MAT-0002335,ONGC,"VALVE, GLOBE, 4 INCH, CLASS 150, ASTM A105, BS 1873, RF FACING",CAN-001903,DEPOT-ONGC-HZR,"Hazira Gas Processing Plant, Gujarat",0,145500,0,GLOBE_VALVE,100.0,150,ASTM A105,RF,BS 1873
ONGC-MAT-0002336,ONGC,"FLANGE, SLIP-ON, 1 INCH, CLASS 150, ASTM A182 F304, ASME B16.5, RF FACING",CAN-000733,DEPOT-ONGC-ANK,"Ankleshwar Asset, Gujarat",0,3840,0,FLANGE_SLIP_ON,25.0,150,ASTM A182 F304,RF,ASME B16.5
ONGC-MAT-0002337,ONGC,"STUD BOLT WITH NUTS, 4 INCH, CLASS 300, ASTM A320 L7 / A194 7, ASME B18.2.1, THRD FACING",CAN-002154,DEPOT-ONGC-MBO,"Mumbai Offshore Logistics Base, Maharashtra",126,5910,664,STUD_BOLT,100.0,300,ASTM A320 L7 / A194 7,THRD,ASME B18.2.1
ONGC-MAT-0002338,ONGC,"FLANGE, BLIND, 1 INCH, CLASS 1500, ASTM A350 LF2, ASME B16.5, RF FACING",CAN-000457,DEPOT-ONGC-URN,"Uran Plant, Maharashtra",12,18170,80,FLANGE_BLIND,25.0,1500,ASTM A350 LF2,RF,ASME B16.5
ONGC-MAT-0002339,ONGC,"FLANGE, BLIND, 1/2 INCH, CLASS 600, ASTM A182 F316, ASME B16.5, RTJ FACING",CAN-000418,DEPOT-ONGC-URN,"Uran Plant, Maharashtra",145,8980,688,FLANGE_BLIND,15.0,600,ASTM A182 F316,RTJ,ASME B16.5
ONGC-MAT-0002340,ONGC,"FLANGE, SLIP-ON, 1.5 INCH, CLASS 1500, ASTM A105, ASME B16.5, RF FACING",CAN-000785,DEPOT-ONGC-ANK,"Ankleshwar Asset, Gujarat",23,18590,73,FLANGE_SLIP_ON,40.0,1500,ASTM A105,RF,ASME B16.5
ONGC-MAT-0002341,ONGC,"VALVE, GATE, 2 INCH, CLASS 150, ASTM A105, API 600, BW FACING",CAN-001187,DEPOT-ONGC-MBO,"Mumbai Offshore Logistics Base, Maharashtra",28,44320,120,GATE_VALVE,50.0,150,ASTM A105,BW,API 600
ONGC-MAT-0002342,ONGC,"VALVE, GATE, 3 INCH, CLASS 1500, ASTM A105, API 6D, RF FACING",CAN-001294,DEPOT-ONGC-RJM,"Rajahmundry Asset, Andhra Pradesh",105,515190,743,GATE_VALVE,80.0,1500,ASTM A105,RF,API 6D
ONGC-MAT-0002343,ONGC,"FLANGE, SLIP-ON, 8 INCH, CLASS 900, ASTM A105, ASME B16.5, RF FACING",CAN-000929,DEPOT-ONGC-ANK,"Ankleshwar Asset, Gujarat",0,100150,0,FLANGE_SLIP_ON,200.0,900,ASTM A105,RF,ASME B16.5
ONGC-MAT-0002344,ONGC,"FLANGE, SLIP-ON, 10 INCH, CLASS 1500, ASTM A182 F304, ASME B16.5, FF FACING",CAN-000968,DEPOT-ONGC-URN,"Uran Plant, Maharashtra",43,483420,84,FLANGE_SLIP_ON,250.0,1500,ASTM A182 F304,FF,ASME B16.5
ONGC-MAT-0002345,ONGC,"FLANGE, WELDING NECK, 10 INCH, CLASS 300, ASTM A105, ASME B16.5, RTJ FACING",CAN-000330,DEPOT-ONGC-RJM,"Rajahmundry Asset, Andhra Pradesh",12,76420,32,FLANGE_WELD_NECK,250.0,300,ASTM A105,RTJ,ASME B16.5
ONGC-MAT-0002346,ONGC,"FLANGE, SLIP-ON, 2 INCH, CLASS 900, ASTM A182 F316, ASME B16.5, FF FACING",CAN-000814,DEPOT-ONGC-ANK,"Ankleshwar Asset, Gujarat",0,52860,0,FLANGE_SLIP_ON,50.0,900,ASTM A182 F316,FF,ASME B16.5
ONGC-MAT-0002347,ONGC,"FLANGE, SLIP-ON, 2 INCH, CLASS 600, ASTM A105, ASME B16.5, RF FACING",CAN-000803,DEPOT-ONGC-HZR,"Hazira Gas Processing Plant, Gujarat",71,11940,243,FLANGE_SLIP_ON,50.0,600,ASTM A105,RF,ASME B16.5
ONGC-MAT-0002348,ONGC,"FLANGE, BLIND, 3 INCH, CLASS 300, ASTM A105, ASME B16.5, RF FACING",CAN-000527,DEPOT-ONGC-MBO,"Mumbai Offshore Logistics Base, Maharashtra",129,14210,306,FLANGE_BLIND,80.0,300,ASTM A105,RF,ASME B16.5
ONGC-MAT-0002349,ONGC,"FLANGE, BLIND, 3 INCH, CLASS 1500, ASTM A105, ASME B16.5, RF FACING",CAN-000545,DEPOT-ONGC-URN,"Uran Plant, Maharashtra",36,51510,24,FLANGE_BLIND,80.0,1500,ASTM A105,RF,ASME B16.5
ONGC-MAT-0002350,ONGC,"VALVE, GATE, 8 INCH, CLASS 300, ASTM A182 F316, API 6D, BW FACING",CAN-001444,DEPOT-ONGC-RJM,"Rajahmundry Asset, Andhra Pradesh",0,1497140,0,GATE_VALVE,200.0,300,ASTM A182 F316,BW,API 6D
ONGC-MAT-0002351,ONGC,"VALVE, BALL, 3 INCH, CLASS 900, ASTM A182 F316, API 6D, BW FACING",CAN-001696,DEPOT-ONGC-MBO,"Mumbai Offshore Logistics Base, Maharashtra",68,1339020,395,BALL_VALVE,80.0,900,ASTM A182 F316,BW,API 6D
ONGC-MAT-0002352,ONGC,"VALVE, GATE, 1.5 INCH, CLASS 150, ASTM A216 WCB, API 600, RF FACING",CAN-001121,DEPOT-ONGC-ANK,"Ankleshwar Asset, Gujarat",0,33160,0,GATE_VALVE,40.0,150,ASTM A216 WCB,RF,API 600
ONGC-MAT-0002353,ONGC,"FLANGE, BLIND, 8 INCH, CLASS 300, ASTM A182 F316, ASME B16.5, RTJ FACING",CAN-000622,DEPOT-ONGC-HZR,"Hazira Gas Processing Plant, Gujarat",0,149710,0,FLANGE_BLIND,200.0,300,ASTM A182 F316,RTJ,ASME B16.5
ONGC-MAT-0002354,ONGC,"FLANGE, SLIP-ON, 4 INCH, CLASS 150, ASTM A182 F304, ASME B16.5, FF FACING",CAN-000854,DEPOT-ONGC-HZR,"Hazira Gas Processing Plant, Gujarat",0,23280,0,FLANGE_SLIP_ON,100.0,150,ASTM A182 F304,FF,ASME B16.5
ONGC-MAT-0002355,ONGC,"VALVE, GATE, 8 INCH, CLASS 600, ASTM A105, API 600, BW FACING",CAN-001451,DEPOT-ONGC-RJM,"Rajahmundry Asset, Andhra Pradesh",18,814580,15,GATE_VALVE,200.0,600,ASTM A105,BW,API 600
ONGC-MAT-0002356,ONGC,"FLANGE, WELDING NECK, 4 INCH, CLASS 150, ASTM A182 F316, ASME B16.5, RTJ FACING",CAN-000208,DEPOT-ONGC-ANK,"Ankleshwar Asset, Gujarat",38,42680,26,FLANGE_WELD_NECK,100.0,150,ASTM A182 F316,RTJ,ASME B16.5
ONGC-MAT-0002357,ONGC,"VALVE, GLOBE, 12 INCH, CLASS 600, ASTM A105, ASME B16.34, RF FACING",CAN-001992,DEPOT-ONGC-RJM,"Rajahmundry Asset, Andhra Pradesh",142,1839900,562,GLOBE_VALVE,300.0,600,ASTM A105,RF,ASME B16.34
ONGC-MAT-0002358,ONGC,"VALVE, GATE, 12 INCH, CLASS 150, ASTM A216 WCB, API 600, RF FACING",CAN-001541,DEPOT-ONGC-URN,"Uran Plant, Maharashtra",0,455200,0,GATE_VALVE,300.0,150,ASTM A216 WCB,RF,API 600
ONGC-MAT-0002359,ONGC,"FLANGE, SLIP-ON, 1 INCH, CLASS 300, ASTM A105, ASME B16.5, FF FACING",CAN-000738,DEPOT-ONGC-ANK,"Ankleshwar Asset, Gujarat",0,2780,0,FLANGE_SLIP_ON,25.0,300,ASTM A105,FF,ASME B16.5
ONGC-MAT-0002360,ONGC,"FLANGE, WELDING NECK, 1.5 INCH, CLASS 300, ASTM A182 F316, ASME B16.5, RTJ FACING",CAN-000096,DEPOT-ONGC-URN,"Uran Plant, Maharashtra",0,22580,0,FLANGE_WELD_NECK,40.0,300,ASTM A182 F316,RTJ,ASME B16.5
ONGC-MAT-0002361,ONGC,"VALVE, GATE, 10 INCH, CLASS 300, ASTM A105, API 600, BW FACING",CAN-001499,DEPOT-ONGC-RJM,"Rajahmundry Asset, Andhra Pradesh",40,625310,72,GATE_VALVE,250.0,300,ASTM A105,BW,API 600
ONGC-MAT-0002362,ONGC,"VALVE, GATE, 2 INCH, CLASS 150, ASTM A105, API 600, BW FACING",CAN-001187,DEPOT-ONGC-ANK,"Ankleshwar Asset, Gujarat",12,44320,24,GATE_VALVE,50.0,150,ASTM A105,BW,API 600
ONGC-MAT-0002363,ONGC,"FLANGE, BLIND, 6 INCH, CLASS 300, ASTM A350 LF2, ASME B16.5, RF FACING",CAN-000589,DEPOT-ONGC-URN,"Uran Plant, Maharashtra",30,51500,85,FLANGE_BLIND,150.0,300,ASTM A350 LF2,RF,ASME B16.5
ONGC-MAT-0002364,ONGC,"FLANGE, SLIP-ON, 8 INCH, CLASS 1500, ASTM A105, ASME B16.5, FF FACING",CAN-000936,DEPOT-ONGC-RJM,"Rajahmundry Asset, Andhra Pradesh",0,150700,0,FLANGE_SLIP_ON,200.0,1500,ASTM A105,FF,ASME B16.5
ONGC-MAT-0002365,ONGC,"VALVE, GATE, 2 INCH, CLASS 600, ASTM A216 WCB, API 6D, RF FACING",CAN-001206,DEPOT-ONGC-ANK,"Ankleshwar Asset, Gujarat",0,134350,0,GATE_VALVE,50.0,600,ASTM A216 WCB,RF,API 6D
ONGC-MAT-0002366,ONGC,"VALVE, GATE, 4 INCH, CLASS 600, ASTM A105, API 600, BW FACING",CAN-001331,DEPOT-ONGC-URN,"Uran Plant, Maharashtra",15,330820,112,GATE_VALVE,100.0,600,ASTM A105,BW,API 600
ONGC-MAT-0002367,ONGC,"FLANGE, BLIND, 1 INCH, CLASS 1500, ASTM A350 LF2, ASME B16.5, RTJ FACING",CAN-000458,DEPOT-ONGC-URN,"Uran Plant, Maharashtra",0,18170,0,FLANGE_BLIND,25.0,1500,ASTM A350 LF2,RTJ,ASME B16.5
ONGC-MAT-0002368,ONGC,"VALVE, BALL, 12 INCH, CLASS 900, ASTM A216 WCB, API 6D, RF FACING",CAN-001793,DEPOT-ONGC-URN,"Uran Plant, Maharashtra",0,2332800,0,BALL_VALVE,300.0,900,ASTM A216 WCB,RF,API 6D
ONGC-MAT-0002369,ONGC,"VALVE, BALL, 4 INCH, CLASS 600, ASTM A216 WCB, API 6D, RF FACING",CAN-001709,DEPOT-ONGC-MBO,"Mumbai Offshore Logistics Base, Maharashtra",26,404340,11,BALL_VALVE,100.0,600,ASTM A216 WCB,RF,API 6D
ONGC-MAT-0002370,ONGC,"FLANGE, WELDING NECK, 1/2 INCH, CLASS 300, ASTM A182 F316, ASME B16.5, RF FACING",CAN-000015,DEPOT-ONGC-URN,"Uran Plant, Maharashtra",22,6300,97,FLANGE_WELD_NECK,15.0,300,ASTM A182 F316,RF,ASME B16.5
ONGC-MAT-0002371,ONGC,"VALVE, BALL, 6 INCH, CLASS 900, ASTM A182 F316, API 6D, BW FACING",CAN-001736,DEPOT-ONGC-MBO,"Mumbai Offshore Logistics Base, Maharashtra",46,3031720,92,BALL_VALVE,150.0,900,ASTM A182 F316,BW,API 6D
ONGC-MAT-0002372,ONGC,"FLANGE, SLIP-ON, 1 INCH, CLASS 900, ASTM A182 F304, ASME B16.5, RF FACING",CAN-000751,DEPOT-ONGC-HZR,"Hazira Gas Processing Plant, Gujarat",35,16100,98,FLANGE_SLIP_ON,25.0,900,ASTM A182 F304,RF,ASME B16.5
ONGC-MAT-0002373,ONGC,"FLANGE, WELDING NECK, 10 INCH, CLASS 900, ASTM A350 LF2, ASME B16.5, RF FACING",CAN-000347,DEPOT-ONGC-MBO,"Mumbai Offshore Logistics Base, Maharashtra",40,294480,649,FLANGE_WELD_NECK,250.0,900,ASTM A350 LF2,RF,ASME B16.5
ONGC-MAT-0002374,ONGC,"VALVE, GLOBE, 1/2 INCH, CLASS 1500, ASTM A216 WCB, BS 1873, RF FACING",CAN-001817,DEPOT-ONGC-ANK,"Ankleshwar Asset, Gujarat",0,77940,0,GLOBE_VALVE,15.0,1500,ASTM A216 WCB,RF,BS 1873
ONGC-MAT-0002375,ONGC,"FLANGE, WELDING NECK, 12 INCH, CLASS 1500, ASTM A105, ASME B16.5, RTJ FACING",CAN-000394,DEPOT-ONGC-URN,"Uran Plant, Maharashtra",18,351040,48,FLANGE_WELD_NECK,300.0,1500,ASTM A105,RTJ,ASME B16.5
ONGC-MAT-0002376,ONGC,"VALVE, BALL, 1.5 INCH, CLASS 1500, ASTM A182 F316, API 6D, RF FACING",CAN-001659,DEPOT-ONGC-ANK,"Ankleshwar Asset, Gujarat",0,818330,0,BALL_VALVE,40.0,1500,ASTM A182 F316,RF,API 6D
ONGC-MAT-0002377,ONGC,"FLANGE, SLIP-ON, 10 INCH, CLASS 150, ASTM A182 F316, ASME B16.5, FF FACING",CAN-000946,DEPOT-ONGC-URN,"Uran Plant, Maharashtra",49,102150,19,FLANGE_SLIP_ON,250.0,150,ASTM A182 F316,FF,ASME B16.5
ONGC-MAT-0002378,ONGC,"VALVE, GATE, 2 INCH, CLASS 1500, ASTM A105, API 600, RF FACING",CAN-001233,DEPOT-ONGC-HZR,"Hazira Gas Processing Plant, Gujarat",36,279640,55,GATE_VALVE,50.0,1500,ASTM A105,RF,API 600
ONGC-MAT-0002379,ONGC,"VALVE, GATE, 8 INCH, CLASS 150, ASTM A105, API 600, RF FACING",CAN-001425,DEPOT-ONGC-HZR,"Hazira Gas Processing Plant, Gujarat",56,268710,650,GATE_VALVE,200.0,150,ASTM A105,RF,API 600
ONGC-MAT-0002380,ONGC,"FLANGE, BLIND, 4 INCH, CLASS 300, ASTM A182 F316, ASME B16.5, RTJ FACING",CAN-000562,DEPOT-ONGC-URN,"Uran Plant, Maharashtra",0,60800,0,FLANGE_BLIND,100.0,300,ASTM A182 F316,RTJ,ASME B16.5
ONGC-MAT-0002381,ONGC,"FLANGE, WELDING NECK, 2 INCH, CLASS 1500, ASTM A105, ASME B16.5, RTJ FACING",CAN-000154,DEPOT-ONGC-ANK,"Ankleshwar Asset, Gujarat",17,34170,58,FLANGE_WELD_NECK,50.0,1500,ASTM A105,RTJ,ASME B16.5
ONGC-MAT-0002382,ONGC,"FLANGE, SLIP-ON, 2 INCH, CLASS 1500, ASTM A182 F304, ASME B16.5, RF FACING",CAN-000817,DEPOT-ONGC-RJM,"Rajahmundry Asset, Andhra Pradesh",115,59650,641,FLANGE_SLIP_ON,50.0,1500,ASTM A182 F304,RF,ASME B16.5
ONGC-MAT-0002383,ONGC,"VALVE, BALL, 1 INCH, CLASS 300, ASTM A216 WCB, API 6D, BW FACING",CAN-001626,DEPOT-ONGC-ANK,"Ankleshwar Asset, Gujarat",67,38300,442,BALL_VALVE,25.0,300,ASTM A216 WCB,BW,API 6D
ONGC-MAT-0002384,ONGC,"FLANGE, WELDING NECK, 2 INCH, CLASS 300, ASTM A182 F316, ASME B16.5, RF FACING",CAN-000135,DEPOT-ONGC-URN,"Uran Plant, Maharashtra",0,30180,0,FLANGE_WELD_NECK,50.0,300,ASTM A182 F316,RF,ASME B16.5
ONGC-MAT-0002385,ONGC,"FLANGE, SLIP-ON, 1/2 INCH, CLASS 150, ASTM A182 F304, ASME B16.5, FF FACING",CAN-000704,DEPOT-ONGC-HZR,"Hazira Gas Processing Plant, Gujarat",29,1970,115,FLANGE_SLIP_ON,15.0,150,ASTM A182 F304,FF,ASME B16.5
ONGC-MAT-0002386,ONGC,"VALVE, GLOBE, 6 INCH, CLASS 300, ASTM A216 WCB, BS 1873, RF FACING",CAN-001925,DEPOT-ONGC-MBO,"Mumbai Offshore Logistics Base, Maharashtra",100,429170,512,GLOBE_VALVE,150.0,300,ASTM A216 WCB,RF,BS 1873
ONGC-MAT-0002387,ONGC,"FLANGE, SLIP-ON, 2 INCH, CLASS 1500, ASTM A105, ASME B16.5, FF FACING",CAN-000816,DEPOT-ONGC-HZR,"Hazira Gas Processing Plant, Gujarat",22,24850,39,FLANGE_SLIP_ON,50.0,1500,ASTM A105,FF,ASME B16.5
ONGC-MAT-0002388,ONGC,"FLANGE, BLIND, 10 INCH, CLASS 900, ASTM A105, ASME B16.5, RTJ FACING",CAN-000660,DEPOT-ONGC-RJM,"Rajahmundry Asset, Andhra Pradesh",22,150580,44,FLANGE_BLIND,250.0,900,ASTM A105,RTJ,ASME B16.5
ONGC-MAT-0002389,ONGC,"FLANGE, WELDING NECK, 4 INCH, CLASS 1500, ASTM A350 LF2, ASME B16.5, RF FACING",CAN-000235,DEPOT-ONGC-HZR,"Hazira Gas Processing Plant, Gujarat",0,134650,0,FLANGE_WELD_NECK,100.0,1500,ASTM A350 LF2,RF,ASME B16.5
ONGC-MAT-0002390,ONGC,"FLANGE, BLIND, 3 INCH, CLASS 150, ASTM A182 F316, ASME B16.5, RF FACING",CAN-000525,DEPOT-ONGC-HZR,"Hazira Gas Processing Plant, Gujarat",0,26120,0,FLANGE_BLIND,80.0,150,ASTM A182 F316,RF,ASME B16.5
ONGC-MAT-0002391,ONGC,"VALVE, BALL, 10 INCH, CLASS 600, ASTM A216 WCB, API 6D, RF FACING",CAN-001769,DEPOT-ONGC-URN,"Uran Plant, Maharashtra",141,1330670,446,BALL_VALVE,250.0,600,ASTM A216 WCB,RF,API 6D
ONGC-MAT-0002392,ONGC,"VALVE, GATE, 1/2 INCH, CLASS 600, ASTM A216 WCB, API 6D, BW FACING",CAN-001028,DEPOT-ONGC-RJM,"Rajahmundry Asset, Andhra Pradesh",0,28080,0,GATE_VALVE,15.0,600,ASTM A216 WCB,BW,API 6D
ONGC-MAT-0002393,ONGC,"FLANGE, BLIND, 1/2 INCH, CLASS 900, ASTM A105, ASME B16.5, RF FACING",CAN-000419,DEPOT-ONGC-ANK,"Ankleshwar Asset, Gujarat",58,3880,297,FLANGE_BLIND,15.0,900,ASTM A105,RF,ASME B16.5
ONGC-MAT-0002394,ONGC,"GASKET, SPIRAL WOUND, 1 INCH, CLASS 300, SS304 / GRAPHITE, ASME B16.20, RF FACING",CAN-002014,DEPOT-ONGC-HZR,"Hazira Gas Processing Plant, Gujarat",0,2710,0,SPIRAL_WOUND_GASKET,25.0,300,SS304 / GRAPHITE,RF,ASME B16.20
ONGC-MAT-0002395,ONGC,"VALVE, GATE, 1.5 INCH, CLASS 1500, ASTM A182 F316, API 6D, RF FACING",CAN-001178,DEPOT-ONGC-RJM,"Rajahmundry Asset, Andhra Pradesh",149,669540,738,GATE_VALVE,40.0,1500,ASTM A182 F316,RF,API 6D
ONGC-MAT-0002396,ONGC,"VALVE, GATE, 3 INCH, CLASS 150, ASTM A216 WCB, API 6D, RF FACING",CAN-001242,DEPOT-ONGC-RJM,"Rajahmundry Asset, Andhra Pradesh",44,81650,92,GATE_VALVE,80.0,150,ASTM A216 WCB,RF,API 6D
ONGC-MAT-0002397,ONGC,"VALVE, GATE, 1/2 INCH, CLASS 900, ASTM A216 WCB, API 600, BW FACING",CAN-001039,DEPOT-ONGC-HZR,"Hazira Gas Processing Plant, Gujarat",0,38840,0,GATE_VALVE,15.0,900,ASTM A216 WCB,BW,API 600
ONGC-MAT-0002398,ONGC,"VALVE, GLOBE, 8 INCH, CLASS 600, ASTM A216 WCB, ASME B16.34, RF FACING",CAN-001950,DEPOT-ONGC-URN,"Uran Plant, Maharashtra",82,1086110,558,GLOBE_VALVE,200.0,600,ASTM A216 WCB,RF,ASME B16.34
ONGC-MAT-0002399,ONGC,"VALVE, GLOBE, 1.5 INCH, CLASS 900, ASTM A216 WCB, ASME B16.34, RF FACING",CAN-001854,DEPOT-ONGC-MBO,"Mumbai Offshore Logistics Base, Maharashtra",102,185390,395,GLOBE_VALVE,40.0,900,ASTM A216 WCB,RF,ASME B16.34
ONGC-MAT-0002400,ONGC,"VALVE, GATE, 6 INCH, CLASS 900, ASTM A182 F316, API 6D, RF FACING",CAN-001406,DEPOT-ONGC-RJM,"Rajahmundry Asset, Andhra Pradesh",37,2480500,91,GATE_VALVE,150.0,900,ASTM A182 F316,RF,API 6D
ONGC-MAT-0002401,ONGC,"VALVE, BALL, 3 INCH, CLASS 300, ASTM A216 WCB, API 6D, RF FACING",CAN-001685,DEPOT-ONGC-HZR,"Hazira Gas Processing Plant, Gujarat",0,173750,0,BALL_VALVE,80.0,300,ASTM A216 WCB,RF,API 6D
ONGC-MAT-0002402,ONGC,"FLANGE, BLIND, 2 INCH, CLASS 150, ASTM A350 LF2, ASME B16.5, RF FACING",CAN-000493,DEPOT-ONGC-ANK,"Ankleshwar Asset, Gujarat",29,7090,373,FLANGE_BLIND,50.0,150,ASTM A350 LF2,RF,ASME B16.5
ONGC-MAT-0002403,ONGC,"VALVE, GLOBE, 4 INCH, CLASS 150, ASTM A105, ASME B16.34, RF FACING",CAN-001904,DEPOT-ONGC-ANK,"Ankleshwar Asset, Gujarat",30,145500,16,GLOBE_VALVE,100.0,150,ASTM A105,RF,ASME B16.34
ONGC-MAT-0002404,ONGC,"VALVE, GLOBE, 1.5 INCH, CLASS 1500, ASTM A105, BS 1873, RF FACING",CAN-001859,DEPOT-ONGC-HZR,"Hazira Gas Processing Plant, Gujarat",125,278970,473,GLOBE_VALVE,40.0,1500,ASTM A105,RF,BS 1873
ONGC-MAT-0002405,ONGC,"GASKET, SPIRAL WOUND, 12 INCH, CLASS 150, SS316 / GRAPHITE, ASME B16.20, RF FACING",CAN-002091,DEPOT-ONGC-URN,"Uran Plant, Maharashtra",24,52600,116,SPIRAL_WOUND_GASKET,300.0,150,SS316 / GRAPHITE,RF,ASME B16.20
ONGC-MAT-0002406,ONGC,"VALVE, BALL, 8 INCH, CLASS 300, ASTM A216 WCB, API 6D, BW FACING",CAN-001746,DEPOT-ONGC-ANK,"Ankleshwar Asset, Gujarat",92,571820,606,BALL_VALVE,200.0,300,ASTM A216 WCB,BW,API 6D
ONGC-MAT-0002407,ONGC,"VALVE, GATE, 1/2 INCH, CLASS 600, ASTM A182 F316, API 600, RF FACING",CAN-001033,DEPOT-ONGC-URN,"Uran Plant, Maharashtra",0,89880,0,GATE_VALVE,15.0,600,ASTM A182 F316,RF,API 600
ONGC-MAT-0002408,ONGC,"GASKET, SPIRAL WOUND, 1.5 INCH, CLASS 300, SS304 / GRAPHITE, ASME B16.20, RF FACING",CAN-002024,DEPOT-ONGC-URN,"Uran Plant, Maharashtra",79,5000,529,SPIRAL_WOUND_GASKET,40.0,300,SS304 / GRAPHITE,RF,ASME B16.20
ONGC-MAT-0002409,ONGC,"GASKET, SPIRAL WOUND, 12 INCH, CLASS 150, SS316 / GRAPHITE, ASME B16.20, RF FACING",CAN-002091,DEPOT-ONGC-ANK,"Ankleshwar Asset, Gujarat",63,52600,327,SPIRAL_WOUND_GASKET,300.0,150,SS316 / GRAPHITE,RF,ASME B16.20
ONGC-MAT-0002410,ONGC,"FLANGE, WELDING NECK, 6 INCH, CLASS 300, ASTM A182 F316, ASME B16.5, RTJ FACING",CAN-000256,DEPOT-ONGC-URN,"Uran Plant, Maharashtra",5,125890,72,FLANGE_WELD_NECK,150.0,300,ASTM A182 F316,RTJ,ASME B16.5
ONGC-MAT-0002411,ONGC,"VALVE, GLOBE, 6 INCH, CLASS 900, ASTM A216 WCB, ASME B16.34, RF FACING",CAN-001934,DEPOT-ONGC-HZR,"Hazira Gas Processing Plant, Gujarat",83,1033540,482,GLOBE_VALVE,150.0,900,ASTM A216 WCB,RF,ASME B16.34
ONGC-MAT-0002412,ONGC,"VALVE, GATE, 1 INCH, CLASS 900, ASTM A105, API 600, BW FACING",CAN-001103,DEPOT-ONGC-URN,"Uran Plant, Maharashtra",29,75470,17,GATE_VALVE,25.0,900,ASTM A105,BW,API 600
ONGC-MAT-0002413,ONGC,"FLANGE, WELDING NECK, 8 INCH, CLASS 900, ASTM A182 F304, ASME B16.5, RF FACING",CAN-000309,DEPOT-ONGC-RJM,"Rajahmundry Asset, Andhra Pradesh",86,330500,663,FLANGE_WELD_NECK,200.0,900,ASTM A182 F304,RF,ASME B16.5
ONGC-MAT-0002414,ONGC,"FLANGE, WELDING NECK, 8 INCH, CLASS 150, ASTM A350 LF2, ASME B16.5, RF FACING",CAN-000283,DEPOT-ONGC-HZR,"Hazira Gas Processing Plant, Gujarat",32,52540,607,FLANGE_WELD_NECK,200.0,150,ASTM A350 LF2,RF,ASME B16.5
ONGC-MAT-0002415,ONGC,"VALVE, BALL, 1/2 INCH, CLASS 600, ASTM A182 F316, API 6D, BW FACING",CAN-001612,DEPOT-ONGC-HZR,"Hazira Gas Processing Plant, Gujarat",83,109850,718,BALL_VALVE,15.0,600,ASTM A182 F316,BW,API 6D
ONGC-MAT-0002416,ONGC,"VALVE, GATE, 8 INCH, CLASS 300, ASTM A216 WCB, API 6D, BW FACING",CAN-001436,DEPOT-ONGC-HZR,"Hazira Gas Processing Plant, Gujarat",0,467850,0,GATE_VALVE,200.0,300,ASTM A216 WCB,BW,API 6D
ONGC-MAT-0002417,ONGC,"GASKET, SPIRAL WOUND, 1.5 INCH, CLASS 900, SS304 / GRAPHITE, ASME B16.20, RF FACING",CAN-002028,DEPOT-ONGC-RJM,"Rajahmundry Asset, Andhra Pradesh",111,12050,290,SPIRAL_WOUND_GASKET,40.0,900,SS304 / GRAPHITE,RF,ASME B16.20
ONGC-MAT-0002418,ONGC,"FLANGE, BLIND, 1 INCH, CLASS 300, ASTM A105, ASME B16.5, RF FACING",CAN-000437,DEPOT-ONGC-MBO,"Mumbai Offshore Logistics Base, Maharashtra",0,3130,0,FLANGE_BLIND,25.0,300,ASTM A105,RF,ASME B16.5
ONGC-MAT-0002419,ONGC,"VALVE, BALL, 4 INCH, CLASS 1500, ASTM A216 WCB, API 6D, RF FACING",CAN-001717,DEPOT-ONGC-URN,"Uran Plant, Maharashtra",0,841590,0,BALL_VALVE,100.0,1500,ASTM A216 WCB,RF,API 6D
ONGC-MAT-0002420,ONGC,"FLANGE, WELDING NECK, 2 INCH, CLASS 300, ASTM A182 F316, ASME B16.5, RTJ FACING",CAN-000136,DEPOT-ONGC-HZR,"Hazira Gas Processing Plant, Gujarat",20,30180,354,FLANGE_WELD_NECK,50.0,300,ASTM A182 F316,RTJ,ASME B16.5
ONGC-MAT-0002421,ONGC,"FLANGE, SLIP-ON, 12 INCH, CLASS 150, ASTM A182 F304, ASME B16.5, FF FACING",CAN-000974,DEPOT-ONGC-URN,"Uran Plant, Maharashtra",11,97110,72,FLANGE_SLIP_ON,300.0,150,ASTM A182 F304,FF,ASME B16.5
ONGC-MAT-0002422,ONGC,"FLANGE, WELDING NECK, 3 INCH, CLASS 600, ASTM A182 F316, ASME B16.5, RF FACING",CAN-000183,DEPOT-ONGC-ANK,"Ankleshwar Asset, Gujarat",29,96800,75,FLANGE_WELD_NECK,80.0,600,ASTM A182 F316,RF,ASME B16.5
ONGC-MAT-0002423,ONGC,"FLANGE, WELDING NECK, 3 INCH, CLASS 150, ASTM A105, ASME B16.5, RTJ FACING",CAN-000162,DEPOT-ONGC-HZR,"Hazira Gas Processing Plant, Gujarat",106,9970,626,FLANGE_WELD_NECK,80.0,150,ASTM A105,RTJ,ASME B16.5
ONGC-MAT-0002424,ONGC,"VALVE, GLOBE, 1 INCH, CLASS 150, ASTM A216 WCB, BS 1873, RF FACING",CAN-001821,DEPOT-ONGC-ANK,"Ankleshwar Asset, Gujarat",10,24000,77,GLOBE_VALVE,25.0,150,ASTM A216 WCB,RF,BS 1873
ONGC-MAT-0002425,ONGC,"VALVE, GATE, 12 INCH, CLASS 600, ASTM A182 F316, API 6D, BW FACING",CAN-001576,DEPOT-ONGC-ANK,"Ankleshwar Asset, Gujarat",17,4415760,37,GATE_VALVE,300.0,600,ASTM A182 F316,BW,API 6D
ONGC-MAT-0002426,ONGC,"FLANGE, BLIND, 8 INCH, CLASS 150, ASTM A350 LF2, ASME B16.5, RTJ FACING",CAN-000614,DEPOT-ONGC-URN,"Uran Plant, Maharashtra",28,42990,103,FLANGE_BLIND,200.0,150,ASTM A350 LF2,RTJ,ASME B16.5
ONGC-MAT-0002427,ONGC,"FLANGE, BLIND, 1/2 INCH, CLASS 1500, ASTM A105, ASME B16.5, RTJ FACING",CAN-000426,DEPOT-ONGC-HZR,"Hazira Gas Processing Plant, Gujarat",0,5840,0,FLANGE_BLIND,15.0,1500,ASTM A105,RTJ,ASME B16.5
ONGC-MAT-0002428,ONGC,"VALVE, GATE, 10 INCH, CLASS 150, ASTM A105, API 6D, RF FACING",CAN-001486,DEPOT-ONGC-ANK,"Ankleshwar Asset, Gujarat",37,359140,516,GATE_VALVE,250.0,150,ASTM A105,RF,API 6D
ONGC-MAT-0002429,ONGC,"VALVE, GATE, 1 INCH, CLASS 300, ASTM A216 WCB, API 6D, BW FACING",CAN-001076,DEPOT-ONGC-MBO,"Mumbai Offshore Logistics Base, Maharashtra",25,31330,80,GATE_VALVE,25.0,300,ASTM A216 WCB,BW,API 6D
ONGC-MAT-0002430,ONGC,"VALVE, GLOBE, 8 INCH, CLASS 900, ASTM A105, BS 1873, RF FACING",CAN-001955,DEPOT-ONGC-HZR,"Hazira Gas Processing Plant, Gujarat",44,1502270,22,GLOBE_VALVE,200.0,900,ASTM A105,RF,BS 1873
ONGC-MAT-0002431,ONGC,"STUD BOLT WITH NUTS, 1.5 INCH, CLASS 150, ASTM A320 L7 / A194 7, ASME B18.2.1, THRD FACING",CAN-002122,DEPOT-ONGC-ANK,"Ankleshwar Asset, Gujarat",63,1030,240,STUD_BOLT,40.0,150,ASTM A320 L7 / A194 7,THRD,ASME B18.2.1
ONGC-MAT-0002432,ONGC,"FLANGE, SLIP-ON, 1.5 INCH, CLASS 300, ASTM A105, ASME B16.5, FF FACING",CAN-000768,DEPOT-ONGC-ANK,"Ankleshwar Asset, Gujarat",0,5130,0,FLANGE_SLIP_ON,40.0,300,ASTM A105,FF,ASME B16.5
ONGC-MAT-0002433,ONGC,"VALVE, GATE, 8 INCH, CLASS 600, ASTM A105, API 6D, RF FACING",CAN-001450,DEPOT-ONGC-ANK,"Ankleshwar Asset, Gujarat",15,814580,20,GATE_VALVE,200.0,600,ASTM A105,RF,API 6D
ONGC-MAT-0002434,ONGC,"VALVE, GLOBE, 2 INCH, CLASS 300, ASTM A105, ASME B16.34, RF FACING",CAN-001868,DEPOT-ONGC-RJM,"Rajahmundry Asset, Andhra Pradesh",46,102890,469,GLOBE_VALVE,50.0,300,ASTM A105,RF,ASME B16.34
ONGC-MAT-0002435,ONGC,"VALVE, GATE, 10 INCH, CLASS 900, ASTM A105, API 6D, RF FACING",CAN-001522,DEPOT-ONGC-URN,"Uran Plant, Maharashtra",43,1505890,44,GATE_VALVE,250.0,900,ASTM A105,RF,API 6D
ONGC-MAT-0002436,ONGC,"FLANGE, SLIP-ON, 12 INCH, CLASS 600, ASTM A105, ASME B16.5, FF FACING",CAN-000984,DEPOT-ONGC-RJM,"Rajahmundry Asset, Andhra Pradesh",0,122660,0,FLANGE_SLIP_ON,300.0,600,ASTM A105,FF,ASME B16.5
ONGC-MAT-0002437,ONGC,"VALVE, GATE, 1/2 INCH, CLASS 600, ASTM A182 F316, API 6D, RF FACING",CAN-001034,DEPOT-ONGC-HZR,"Hazira Gas Processing Plant, Gujarat",10,89880,37,GATE_VALVE,15.0,600,ASTM A182 F316,RF,API 6D
ONGC-MAT-0002438,ONGC,"VALVE, BALL, 2 INCH, CLASS 300, ASTM A182 F316, API 6D, RF FACING",CAN-001667,DEPOT-ONGC-RJM,"Rajahmundry Asset, Andhra Pradesh",121,301810,374,BALL_VALVE,50.0,300,ASTM A182 F316,RF,API 6D
ONGC-MAT-0002439,ONGC,"VALVE, GLOBE, 1 INCH, CLASS 900, ASTM A105, ASME B16.34, RF FACING",CAN-001836,DEPOT-ONGC-RJM,"Rajahmundry Asset, Andhra Pradesh",0,100630,0,GLOBE_VALVE,25.0,900,ASTM A105,RF,ASME B16.34
ONGC-MAT-0002440,ONGC,"VALVE, BALL, 6 INCH, CLASS 300, ASTM A216 WCB, API 6D, RF FACING",CAN-001725,DEPOT-ONGC-URN,"Uran Plant, Maharashtra",14,393400,10,BALL_VALVE,150.0,300,ASTM A216 WCB,RF,API 6D
ONGC-MAT-0002441,ONGC,"VALVE, GLOBE, 12 INCH, CLASS 300, ASTM A105, ASME B16.34, RF FACING",CAN-001988,DEPOT-ONGC-HZR,"Hazira Gas Processing Plant, Gujarat",27,1056740,290,GLOBE_VALVE,300.0,300,ASTM A105,RF,ASME B16.34
ONGC-MAT-0002442,ONGC,"GASKET, SPIRAL WOUND, 4 INCH, CLASS 900, SS316 / GRAPHITE, ASME B16.20, RF FACING",CAN-002057,DEPOT-ONGC-MBO,"Mumbai Offshore Logistics Base, Maharashtra",7,52870,29,SPIRAL_WOUND_GASKET,100.0,900,SS316 / GRAPHITE,RF,ASME B16.20
ONGC-MAT-0002443,ONGC,"VALVE, GATE, 10 INCH, CLASS 150, ASTM A182 F316, API 6D, BW FACING",CAN-001492,DEPOT-ONGC-HZR,"Hazira Gas Processing Plant, Gujarat",37,1149270,92,GATE_VALVE,250.0,150,ASTM A182 F316,BW,API 6D
ONGC-MAT-0002444,ONGC,"VALVE, GATE, 3 INCH, CLASS 900, ASTM A105, API 6D, RF FACING",CAN-001282,DEPOT-ONGC-ANK,"Ankleshwar Asset, Gujarat",131,342360,695,GATE_VALVE,80.0,900,ASTM A105,RF,API 6D
ONGC-MAT-0002445,ONGC,"VALVE, GATE, 1/2 INCH, CLASS 900, ASTM A182 F316, API 600, RF FACING",CAN-001045,DEPOT-ONGC-RJM,"Rajahmundry Asset, Andhra Pradesh",120,124310,592,GATE_VALVE,15.0,900,ASTM A182 F316,RF,API 600
ONGC-MAT-0002446,ONGC,"FLANGE, SLIP-ON, 3 INCH, CLASS 300, ASTM A105, ASME B16.5, FF FACING",CAN-000828,DEPOT-ONGC-ANK,"Ankleshwar Asset, Gujarat",39,12630,19,FLANGE_SLIP_ON,80.0,300,ASTM A105,FF,ASME B16.5
ONGC-MAT-0002447,ONGC,"VALVE, GATE, 12 INCH, CLASS 300, ASTM A182 F316, API 6D, RF FACING",CAN-001562,DEPOT-ONGC-RJM,"Rajahmundry Asset, Andhra Pradesh",0,2536190,0,GATE_VALVE,300.0,300,ASTM A182 F316,RF,API 6D
ONGC-MAT-0002448,ONGC,"FLANGE, SLIP-ON, 10 INCH, CLASS 600, ASTM A182 F304, ASME B16.5, FF FACING",CAN-000956,DEPOT-ONGC-URN,"Uran Plant, Maharashtra",51,232260,433,FLANGE_SLIP_ON,250.0,600,ASTM A182 F304,FF,ASME B16.5
ONGC-MAT-0002449,ONGC,"VALVE, BALL, 3 INCH, CLASS 1500, ASTM A182 F316, API 6D, RF FACING",CAN-001699,DEPOT-ONGC-MBO,"Mumbai Offshore Logistics Base, Maharashtra",47,2014960,51,BALL_VALVE,80.0,1500,ASTM A182 F316,RF,API 6D
ONGC-MAT-0002450,ONGC,"FLANGE, SLIP-ON, 6 INCH, CLASS 150, ASTM A182 F316, ASME B16.5, FF FACING",CAN-000886,DEPOT-ONGC-RJM,"Rajahmundry Asset, Andhra Pradesh",126,52580,499,FLANGE_SLIP_ON,150.0,150,ASTM A182 F316,FF,ASME B16.5
ONGC-MAT-0002451,ONGC,"VALVE, GATE, 1/2 INCH, CLASS 150, ASTM A216 WCB, API 6D, RF FACING",CAN-001002,DEPOT-ONGC-ANK,"Ankleshwar Asset, Gujarat",41,9260,25,GATE_VALVE,15.0,150,ASTM A216 WCB,RF,API 6D
ONGC-MAT-0002452,ONGC,"FLANGE, BLIND, 10 INCH, CLASS 300, ASTM A182 F316, ASME B16.5, RTJ FACING",CAN-000652,DEPOT-ONGC-ANK,"Ankleshwar Asset, Gujarat",0,200090,0,FLANGE_BLIND,250.0,300,ASTM A182 F316,RTJ,ASME B16.5
ONGC-MAT-0002453,ONGC,"VALVE, GATE, 4 INCH, CLASS 600, ASTM A182 F316, API 6D, BW FACING",CAN-001336,DEPOT-ONGC-URN,"Uran Plant, Maharashtra",26,1058640,277,GATE_VALVE,100.0,600,ASTM A182 F316,BW,API 6D
ONGC-MAT-0002454,ONGC,"VALVE, GATE, 12 INCH, CLASS 1500, ASTM A216 WCB, API 6D, BW FACING",CAN-001592,DEPOT-ONGC-HZR,"Hazira Gas Processing Plant, Gujarat",0,2872150,0,GATE_VALVE,300.0,1500,ASTM A216 WCB,BW,API 6D
ONGC-MAT-0002455,ONGC,"FLANGE, SLIP-ON, 3 INCH, CLASS 300, ASTM A182 F316, ASME B16.5, RF FACING",CAN-000831,DEPOT-ONGC-RJM,"Rajahmundry Asset, Andhra Pradesh",13,40430,37,FLANGE_SLIP_ON,80.0,300,ASTM A182 F316,RF,ASME B16.5
ONGC-MAT-0002456,ONGC,"VALVE, GLOBE, 3 INCH, CLASS 150, ASTM A216 WCB, BS 1873, RF FACING",CAN-001881,DEPOT-ONGC-HZR,"Hazira Gas Processing Plant, Gujarat",39,108860,108,GLOBE_VALVE,80.0,150,ASTM A216 WCB,RF,BS 1873
ONGC-MAT-0002457,ONGC,"FLANGE, BLIND, 1/2 INCH, CLASS 1500, ASTM A182 F316, ASME B16.5, RF FACING",CAN-000429,DEPOT-ONGC-URN,"Uran Plant, Maharashtra",80,18700,476,FLANGE_BLIND,15.0,1500,ASTM A182 F316,RF,ASME B16.5
ONGC-MAT-0002458,ONGC,"VALVE, BALL, 4 INCH, CLASS 900, ASTM A216 WCB, API 6D, BW FACING",CAN-001714,DEPOT-ONGC-URN,"Uran Plant, Maharashtra",50,559270,11,BALL_VALVE,100.0,900,ASTM A216 WCB,BW,API 6D
ONGC-MAT-0002459,ONGC,"FLANGE, WELDING NECK, 1/2 INCH, CLASS 1500, ASTM A350 LF2, ASME B16.5, RTJ FACING",CAN-000036,DEPOT-ONGC-URN,"Uran Plant, Maharashtra",0,11430,0,FLANGE_WELD_NECK,15.0,1500,ASTM A350 LF2,RTJ,ASME B16.5
ONGC-MAT-0002460,ONGC,"VALVE, GATE, 4 INCH, CLASS 1500, ASTM A105, API 600, RF FACING",CAN-001353,DEPOT-ONGC-ANK,"Ankleshwar Asset, Gujarat",30,688570,71,GATE_VALVE,100.0,1500,ASTM A105,RF,API 600
ONGC-MAT-0002461,ONGC,"FLANGE, SLIP-ON, 2 INCH, CLASS 600, ASTM A182 F316, ASME B16.5, RF FACING",CAN-000807,DEPOT-ONGC-HZR,"Hazira Gas Processing Plant, Gujarat",15,38210,11,FLANGE_SLIP_ON,50.0,600,ASTM A182 F316,RF,ASME B16.5
ONGC-MAT-0002462,ONGC,"FLANGE, WELDING NECK, 10 INCH, CLASS 1500, ASTM A350 LF2, ASME B16.5, RTJ FACING",CAN-000356,DEPOT-ONGC-URN,"Uran Plant, Maharashtra",21,443140,30,FLANGE_WELD_NECK,250.0,1500,ASTM A350 LF2,RTJ,ASME B16.5
ONGC-MAT-0002463,ONGC,"VALVE, GLOBE, 1/2 INCH, CLASS 900, ASTM A216 WCB, ASME B16.34, RF FACING",CAN-001814,DEPOT-ONGC-URN,"Uran Plant, Maharashtra",33,51790,112,GLOBE_VALVE,15.0,900,ASTM A216 WCB,RF,ASME B16.34
ONGC-MAT-0002464,ONGC,"FLANGE, BLIND, 8 INCH, CLASS 300, ASTM A350 LF2, ASME B16.5, RTJ FACING",CAN-000620,DEPOT-ONGC-HZR,"Hazira Gas Processing Plant, Gujarat",141,74850,574,FLANGE_BLIND,200.0,300,ASTM A350 LF2,RTJ,ASME B16.5
ONGC-MAT-0002465,ONGC,"FLANGE, WELDING NECK, 8 INCH, CLASS 900, ASTM A105, ASME B16.5, RF FACING",CAN-000305,DEPOT-ONGC-HZR,"Hazira Gas Processing Plant, Gujarat",13,137700,89,FLANGE_WELD_NECK,200.0,900,ASTM A105,RF,ASME B16.5
ONGC-MAT-0002466,ONGC,"VALVE, GATE, 10 INCH, CLASS 150, ASTM A216 WCB, API 6D, BW FACING",CAN-001484,DEPOT-ONGC-URN,"Uran Plant, Maharashtra",45,359140,94,GATE_VALVE,250.0,150,ASTM A216 WCB,BW,API 6D
ONGC-MAT-0002467,ONGC,"VALVE, GATE, 10 INCH, CLASS 300, ASTM A182 F316, API 600, RF FACING",CAN-001501,DEPOT-ONGC-RJM,"Rajahmundry Asset, Andhra Pradesh",146,2000990,616,GATE_VALVE,250.0,300,ASTM A182 F316,RF,API 600
ONGC-MAT-0002468,ONGC,"FLANGE, SLIP-ON, 2 INCH, CLASS 300, ASTM A182 F316, ASME B16.5, FF FACING",CAN-000802,DEPOT-ONGC-MBO,"Mumbai Offshore Logistics Base, Maharashtra",97,21940,233,FLANGE_SLIP_ON,50.0,300,ASTM A182 F316,FF,ASME B16.5
ONGC-MAT-0002469,ONGC,"VALVE, BALL, 4 INCH, CLASS 1500, ASTM A216 WCB, API 6D, RF FACING",CAN-001717,DEPOT-ONGC-RJM,"Rajahmundry Asset, Andhra Pradesh",147,841590,678,BALL_VALVE,100.0,1500,ASTM A216 WCB,RF,API 6D
ONGC-MAT-0002470,ONGC,"VALVE, GATE, 6 INCH, CLASS 300, ASTM A216 WCB, API 6D, RF FACING",CAN-001374,DEPOT-ONGC-URN,"Uran Plant, Maharashtra",0,321870,0,GATE_VALVE,150.0,300,ASTM A216 WCB,RF,API 6D
ONGC-MAT-0002471,ONGC,"STUD BOLT WITH NUTS, 1/2 INCH, CLASS 600, ASTM A320 L7 / A194 7, ASME B18.2.1, THRD FACING",CAN-002106,DEPOT-ONGC-MBO,"Mumbai Offshore Logistics Base, Maharashtra",16,870,111,STUD_BOLT,15.0,600,ASTM A320 L7 / A194 7,THRD,ASME B18.2.1
ONGC-MAT-0002472,ONGC,"FLANGE, BLIND, 1/2 INCH, CLASS 150, ASTM A105, ASME B16.5, RTJ FACING",CAN-000402,DEPOT-ONGC-ANK,"Ankleshwar Asset, Gujarat",33,920,200,FLANGE_BLIND,15.0,150,ASTM A105,RTJ,ASME B16.5
ONGC-MAT-0002473,ONGC,"VALVE, GLOBE, 1.5 INCH, CLASS 150, ASTM A105, ASME B16.34, RF FACING",CAN-001844,DEPOT-ONGC-URN,"Uran Plant, Maharashtra",29,44210,559,GLOBE_VALVE,40.0,150,ASTM A105,RF,ASME B16.34
ONGC-MAT-0002474,ONGC,"VALVE, GATE, 3 INCH, CLASS 600, ASTM A182 F316, API 600, BW FACING",CAN-001275,DEPOT-ONGC-HZR,"Hazira Gas Processing Plant, Gujarat",0,792070,0,GATE_VALVE,80.0,600,ASTM A182 F316,BW,API 600
ONGC-MAT-0002475,ONGC,"VALVE, BALL, 2 INCH, CLASS 900, ASTM A216 WCB, API 6D, RF FACING",CAN-001673,DEPOT-ONGC-RJM,"Rajahmundry Asset, Andhra Pradesh",146,227130,328,BALL_VALVE,50.0,900,ASTM A216 WCB,RF,API 6D
ONGC-MAT-0002476,ONGC,"FLANGE, BLIND, 3 INCH, CLASS 600, ASTM A182 F316, ASME B16.5, RF FACING",CAN-000537,DEPOT-ONGC-ANK,"Ankleshwar Asset, Gujarat",55,79200,532,FLANGE_BLIND,80.0,600,ASTM A182 F316,RF,ASME B16.5
ONGC-MAT-0002477,ONGC,"VALVE, GATE, 6 INCH, CLASS 300, ASTM A216 WCB, API 600, RF FACING",CAN-001373,DEPOT-ONGC-ANK,"Ankleshwar Asset, Gujarat",0,321870,0,GATE_VALVE,150.0,300,ASTM A216 WCB,RF,API 600
ONGC-MAT-0002478,ONGC,"FLANGE, WELDING NECK, 1/2 INCH, CLASS 900, ASTM A182 F304, ASME B16.5, RTJ FACING",CAN-000030,DEPOT-ONGC-ANK,"Ankleshwar Asset, Gujarat",9,11390,65,FLANGE_WELD_NECK,15.0,900,ASTM A182 F304,RTJ,ASME B16.5
ONGC-MAT-0002479,ONGC,"FLANGE, WELDING NECK, 1 INCH, CLASS 150, ASTM A182 F316, ASME B16.5, RF FACING",CAN-000047,DEPOT-ONGC-RJM,"Rajahmundry Asset, Andhra Pradesh",18,7040,85,FLANGE_WELD_NECK,25.0,150,ASTM A182 F316,RF,ASME B16.5
ONGC-MAT-0002480,ONGC,"VALVE, GATE, 10 INCH, CLASS 900, ASTM A182 F316, API 6D, RF FACING",CAN-001526,DEPOT-ONGC-URN,"Uran Plant, Maharashtra",32,4818850,106,GATE_VALVE,250.0,900,ASTM A182 F316,RF,API 6D
ONGC-MAT-0002481,ONGC,"VALVE, GATE, 1/2 INCH, CLASS 1500, ASTM A105, API 600, RF FACING",CAN-001053,DEPOT-ONGC-URN,"Uran Plant, Maharashtra",25,58460,99,GATE_VALVE,15.0,1500,ASTM A105,RF,API 600
ONGC-MAT-0002482,ONGC,"FLANGE, BLIND, 3 INCH, CLASS 600, ASTM A350 LF2, ASME B16.5, RTJ FACING",CAN-000536,DEPOT-ONGC-URN,"Uran Plant, Maharashtra",0,39600,0,FLANGE_BLIND,80.0,600,ASTM A350 LF2,RTJ,ASME B16.5
ONGC-MAT-0002483,ONGC,"FLANGE, WELDING NECK, 1.5 INCH, CLASS 900, ASTM A182 F316, ASME B16.5, RF FACING",CAN-000111,DEPOT-ONGC-HZR,"Hazira Gas Processing Plant, Gujarat",63,54380,703,FLANGE_WELD_NECK,40.0,900,ASTM A182 F316,RF,ASME B16.5
ONGC-MAT-0002484,ONGC,"FLANGE, WELDING NECK, 6 INCH, CLASS 300, ASTM A350 LF2, ASME B16.5, RF FACING",CAN-000251,DEPOT-ONGC-RJM,"Rajahmundry Asset, Andhra Pradesh",0,62940,0,FLANGE_WELD_NECK,150.0,300,ASTM A350 LF2,RF,ASME B16.5
ONGC-MAT-0002485,ONGC,"VALVE, GATE, 1 INCH, CLASS 600, ASTM A216 WCB, API 600, RF FACING",CAN-001085,DEPOT-ONGC-MBO,"Mumbai Offshore Logistics Base, Maharashtra",47,54560,90,GATE_VALVE,25.0,600,ASTM A216 WCB,RF,API 600
ONGC-MAT-0002486,ONGC,"VALVE, GATE, 6 INCH, CLASS 1500, ASTM A216 WCB, API 6D, RF FACING",CAN-001410,DEPOT-ONGC-URN,"Uran Plant, Maharashtra",137,1166450,742,GATE_VALVE,150.0,1500,ASTM A216 WCB,RF,API 6D
ONGC-MAT-0002487,ONGC,"FLANGE, WELDING NECK, 6 INCH, CLASS 300, ASTM A350 LF2, ASME B16.5, RTJ FACING",CAN-000252,DEPOT-ONGC-MBO,"Mumbai Offshore Logistics Base, Maharashtra",35,62940,104,FLANGE_WELD_NECK,150.0,300,ASTM A350 LF2,RTJ,ASME B16.5
ONGC-MAT-0002488,ONGC,"VALVE, GLOBE, 12 INCH, CLASS 1500, ASTM A216 WCB, ASME B16.34, RF FACING",CAN-001998,DEPOT-ONGC-HZR,"Hazira Gas Processing Plant, Gujarat",46,3829540,39,GLOBE_VALVE,300.0,1500,ASTM A216 WCB,RF,ASME B16.34
ONGC-MAT-0002489,ONGC,"FLANGE, SLIP-ON, 1/2 INCH, CLASS 900, ASTM A182 F316, ASME B16.5, FF FACING",CAN-000724,DEPOT-ONGC-ANK,"Ankleshwar Asset, Gujarat",136,11050,416,FLANGE_SLIP_ON,15.0,900,ASTM A182 F316,FF,ASME B16.5
ONGC-MAT-0002490,ONGC,"VALVE, BALL, 1 INCH, CLASS 1500, ASTM A182 F316, API 6D, BW FACING",CAN-001640,DEPOT-ONGC-HZR,"Hazira Gas Processing Plant, Gujarat",43,444190,57,BALL_VALVE,25.0,1500,ASTM A182 F316,BW,API 6D
ONGC-MAT-0002491,ONGC,"FLANGE, WELDING NECK, 4 INCH, CLASS 300, ASTM A350 LF2, ASME B16.5, RTJ FACING",CAN-000212,DEPOT-ONGC-RJM,"Rajahmundry Asset, Andhra Pradesh",0,37150,0,FLANGE_WELD_NECK,100.0,300,ASTM A350 LF2,RTJ,ASME B16.5
ONGC-MAT-0002492,ONGC,"FLANGE, WELDING NECK, 2 INCH, CLASS 1500, ASTM A105, ASME B16.5, RF FACING",CAN-000153,DEPOT-ONGC-HZR,"Hazira Gas Processing Plant, Gujarat",67,34170,262,FLANGE_WELD_NECK,50.0,1500,ASTM A105,RF,ASME B16.5
ONGC-MAT-0002493,ONGC,"VALVE, GATE, 12 INCH, CLASS 300, ASTM A105, API 6D, BW FACING",CAN-001560,DEPOT-ONGC-URN,"Uran Plant, Maharashtra",24,792550,100,GATE_VALVE,300.0,300,ASTM A105,BW,API 6D
ONGC-MAT-0002494,ONGC,"GASKET, SPIRAL WOUND, 1/2 INCH, CLASS 150, SS316 / GRAPHITE, ASME B16.20, RF FACING",CAN-002001,DEPOT-ONGC-MBO,"Mumbai Offshore Logistics Base, Maharashtra",108,1070,187,SPIRAL_WOUND_GASKET,15.0,150,SS316 / GRAPHITE,RF,ASME B16.20
ONGC-MAT-0002495,ONGC,"FLANGE, SLIP-ON, 8 INCH, CLASS 300, ASTM A182 F316, ASME B16.5, FF FACING",CAN-000922,DEPOT-ONGC-MBO,"Mumbai Offshore Logistics Base, Maharashtra",20,133070,687,FLANGE_SLIP_ON,200.0,300,ASTM A182 F316,FF,ASME B16.5
ONGC-MAT-0002496,ONGC,"FLANGE, WELDING NECK, 1 INCH, CLASS 900, ASTM A350 LF2, ASME B16.5, RTJ FACING",CAN-000068,DEPOT-ONGC-MBO,"Mumbai Offshore Logistics Base, Maharashtra",40,14750,80,FLANGE_WELD_NECK,25.0,900,ASTM A350 LF2,RTJ,ASME B16.5
ONGC-MAT-0002497,ONGC,"FLANGE, WELDING NECK, 1 INCH, CLASS 900, ASTM A182 F316, ASME B16.5, RTJ FACING",CAN-000072,DEPOT-ONGC-ANK,"Ankleshwar Asset, Gujarat",47,29510,83,FLANGE_WELD_NECK,25.0,900,ASTM A182 F316,RTJ,ASME B16.5
ONGC-MAT-0002498,ONGC,"FLANGE, SLIP-ON, 6 INCH, CLASS 150, ASTM A182 F304, ASME B16.5, RF FACING",CAN-000883,DEPOT-ONGC-RJM,"Rajahmundry Asset, Andhra Pradesh",30,39430,35,FLANGE_SLIP_ON,150.0,150,ASTM A182 F304,RF,ASME B16.5
ONGC-MAT-0002499,ONGC,"VALVE, GATE, 2 INCH, CLASS 1500, ASTM A105, API 6D, RF FACING",CAN-001234,DEPOT-ONGC-ANK,"Ankleshwar Asset, Gujarat",37,279640,63,GATE_VALVE,50.0,1500,ASTM A105,RF,API 6D
ONGC-MAT-0002500,ONGC,"VALVE, GATE, 12 INCH, CLASS 900, ASTM A216 WCB, API 6D, BW FACING",CAN-001580,DEPOT-ONGC-MBO,"Mumbai Offshore Logistics Base, Maharashtra",0,1908660,0,GATE_VALVE,300.0,900,ASTM A216 WCB,BW,API 6D
ONGC-MAT-0002501,ONGC,"VALVE, GATE, 8 INCH, CLASS 1500, ASTM A105, API 600, RF FACING",CAN-001473,DEPOT-ONGC-HZR,"Hazira Gas Processing Plant, Gujarat",0,1695460,0,GATE_VALVE,200.0,1500,ASTM A105,RF,API 600
ONGC-MAT-0002502,ONGC,"VALVE, GLOBE, 1.5 INCH, CLASS 1500, ASTM A105, BS 1873, RF FACING",CAN-001859,DEPOT-ONGC-HZR,"Hazira Gas Processing Plant, Gujarat",111,278970,254,GLOBE_VALVE,40.0,1500,ASTM A105,RF,BS 1873
ONGC-MAT-0002503,ONGC,"GASKET, SPIRAL WOUND, 1/2 INCH, CLASS 150, SS304 / GRAPHITE, ASME B16.20, RF FACING",CAN-002002,DEPOT-ONGC-RJM,"Rajahmundry Asset, Andhra Pradesh",85,800,745,SPIRAL_WOUND_GASKET,15.0,150,SS304 / GRAPHITE,RF,ASME B16.20
ONGC-MAT-0002504,ONGC,"VALVE, GATE, 4 INCH, CLASS 300, ASTM A216 WCB, API 6D, BW FACING",CAN-001316,DEPOT-ONGC-ANK,"Ankleshwar Asset, Gujarat",91,190000,355,GATE_VALVE,100.0,300,ASTM A216 WCB,BW,API 6D
ONGC-MAT-0002505,ONGC,"VALVE, GLOBE, 3 INCH, CLASS 1500, ASTM A105, ASME B16.34, RF FACING",CAN-001900,DEPOT-ONGC-URN,"Uran Plant, Maharashtra",105,686920,524,GLOBE_VALVE,80.0,1500,ASTM A105,RF,ASME B16.34
ONGC-MAT-0002506,ONGC,"GASKET, SPIRAL WOUND, 1.5 INCH, CLASS 150, SS316 / GRAPHITE, ASME B16.20, RF FACING",CAN-002021,DEPOT-ONGC-HZR,"Hazira Gas Processing Plant, Gujarat",0,3830,0,SPIRAL_WOUND_GASKET,40.0,150,SS316 / GRAPHITE,RF,ASME B16.20
ONGC-MAT-0002507,ONGC,"FLANGE, BLIND, 1 INCH, CLASS 600, ASTM A182 F316, ASME B16.5, RTJ FACING",CAN-000448,DEPOT-ONGC-URN,"Uran Plant, Maharashtra",103,17460,248,FLANGE_BLIND,25.0,600,ASTM A182 F316,RTJ,ASME B16.5
ONGC-MAT-0002508,ONGC,"FLANGE, SLIP-ON, 1/2 INCH, CLASS 150, ASTM A105, ASME B16.5, FF FACING",CAN-000702,DEPOT-ONGC-ANK,"Ankleshwar Asset, Gujarat",42,820,62,FLANGE_SLIP_ON,15.0,150,ASTM A105,FF,ASME B16.5
ONGC-MAT-0002509,ONGC,"VALVE, GATE, 1 INCH, CLASS 1500, ASTM A182 F316, API 600, RF FACING",CAN-001117,DEPOT-ONGC-URN,"Uran Plant, Maharashtra",27,363430,24,GATE_VALVE,25.0,1500,ASTM A182 F316,RF,API 600
ONGC-MAT-0002510,ONGC,"VALVE, GATE, 12 INCH, CLASS 600, ASTM A105, API 600, BW FACING",CAN-001571,DEPOT-ONGC-HZR,"Hazira Gas Processing Plant, Gujarat",0,1379920,0,GATE_VALVE,300.0,600,ASTM A105,BW,API 600
ONGC-MAT-0002511,ONGC,"FLANGE, SLIP-ON, 1.5 INCH, CLASS 1500, ASTM A182 F304, ASME B16.5, FF FACING",CAN-000788,DEPOT-ONGC-MBO,"Mumbai Offshore Logistics Base, Maharashtra",26,44630,23,FLANGE_SLIP_ON,40.0,1500,ASTM A182 F304,FF,ASME B16.5
ONGC-MAT-0002512,ONGC,"VALVE, GLOBE, 10 INCH, CLASS 300, ASTM A105, ASME B16.34, RF FACING",CAN-001968,DEPOT-ONGC-URN,"Uran Plant, Maharashtra",129,833740,414,GLOBE_VALVE,250.0,300,ASTM A105,RF,ASME B16.34
ONGC-MAT-0002513,ONGC,"VALVE, GATE, 4 INCH, CLASS 300, ASTM A182 F316, API 600, RF FACING",CAN-001321,DEPOT-ONGC-MBO,"Mumbai Offshore Logistics Base, Maharashtra",22,608020,523,GATE_VALVE,100.0,300,ASTM A182 F316,RF,API 600
ONGC-MAT-0002514,ONGC,"FLANGE, WELDING NECK, 4 INCH, CLASS 1500, ASTM A182 F304, ASME B16.5, RTJ FACING",CAN-000238,DEPOT-ONGC-HZR,"Hazira Gas Processing Plant, Gujarat",36,201980,40,FLANGE_WELD_NECK,100.0,1500,ASTM A182 F304,RTJ,ASME B16.5
ONGC-MAT-0002515,ONGC,"VALVE, GATE, 3 INCH, CLASS 300, ASTM A216 WCB, API 6D, BW FACING",CAN-001256,DEPOT-ONGC-MBO,"Mumbai Offshore Logistics Base, Maharashtra",56,142160,324,GATE_VALVE,80.0,300,ASTM A216 WCB,BW,API 6D
ONGC-MAT-0002516,ONGC,"VALVE, GATE, 1/2 INCH, CLASS 900, ASTM A216 WCB, API 600, BW FACING",CAN-001039,DEPOT-ONGC-URN,"Uran Plant, Maharashtra",31,38840,120,GATE_VALVE,15.0,900,ASTM A216 WCB,BW,API 600
ONGC-MAT-0002517,ONGC,"FLANGE, WELDING NECK, 4 INCH, CLASS 150, ASTM A105, ASME B16.5, RF FACING",CAN-000201,DEPOT-ONGC-MBO,"Mumbai Offshore Logistics Base, Maharashtra",139,13330,220,FLANGE_WELD_NECK,100.0,150,ASTM A105,RF,ASME B16.5
ONGC-MAT-0002518,ONGC,"FLANGE, BLIND, 4 INCH, CLASS 150, ASTM A182 F316, ASME B16.5, RF FACING",CAN-000555,DEPOT-ONGC-URN,"Uran Plant, Maharashtra",64,34920,401,FLANGE_BLIND,100.0,150,ASTM A182 F316,RF,ASME B16.5
ONGC-MAT-0002519,ONGC,"FLANGE, BLIND, 3 INCH, CLASS 600, ASTM A105, ASME B16.5, RTJ FACING",CAN-000534,DEPOT-ONGC-RJM,"Rajahmundry Asset, Andhra Pradesh",0,24750,0,FLANGE_BLIND,80.0,600,ASTM A105,RTJ,ASME B16.5
ONGC-MAT-0002520,ONGC,"VALVE, GLOBE, 10 INCH, CLASS 600, ASTM A105, ASME B16.34, RF FACING",CAN-001972,DEPOT-ONGC-RJM,"Rajahmundry Asset, Andhra Pradesh",0,1451640,0,GLOBE_VALVE,250.0,600,ASTM A105,RF,ASME B16.34
ONGC-MAT-0002521,ONGC,"VALVE, GATE, 1 INCH, CLASS 1500, ASTM A216 WCB, API 6D, BW FACING",CAN-001112,DEPOT-ONGC-HZR,"Hazira Gas Processing Plant, Gujarat",78,113570,541,GATE_VALVE,25.0,1500,ASTM A216 WCB,BW,API 6D
ONGC-MAT-0002522,ONGC,"FLANGE, SLIP-ON, 6 INCH, CLASS 1500, ASTM A182 F316, ASME B16.5, RF FACING",CAN-000909,DEPOT-ONGC-ANK,"Ankleshwar Asset, Gujarat",48,331790,119,FLANGE_SLIP_ON,150.0,1500,ASTM A182 F316,RF,ASME B16.5
ONGC-MAT-0002523,ONGC,"VALVE, GATE, 6 INCH, CLASS 600, ASTM A182 F316, API 6D, RF FACING",CAN-001394,DEPOT-ONGC-ANK,"Ankleshwar Asset, Gujarat",50,1793350,252,GATE_VALVE,150.0,600,ASTM A182 F316,RF,API 6D
ONGC-MAT-0002524,ONGC,"VALVE, GLOBE, 2 INCH, CLASS 1500, ASTM A216 WCB, BS 1873, RF FACING",CAN-001877,DEPOT-ONGC-URN,"Uran Plant, Maharashtra",25,372860,84,GLOBE_VALVE,50.0,1500,ASTM A216 WCB,RF,BS 1873
ONGC-MAT-0002525,ONGC,"VALVE, GATE, 10 INCH, CLASS 300, ASTM A216 WCB, API 6D, RF FACING",CAN-001494,DEPOT-ONGC-MBO,"Mumbai Offshore Logistics Base, Maharashtra",0,625310,0,GATE_VALVE,250.0,300,ASTM A216 WCB,RF,API 6D
ONGC-MAT-0002526,ONGC,"FLANGE, BLIND, 3 INCH, CLASS 300, ASTM A350 LF2, ASME B16.5, RF FACING",CAN-000529,DEPOT-ONGC-MBO,"Mumbai Offshore Logistics Base, Maharashtra",75,22740,252,FLANGE_BLIND,80.0,300,ASTM A350 LF2,RF,ASME B16.5
ONGC-MAT-0002527,ONGC,"FLANGE, WELDING NECK, 10 INCH, CLASS 600, ASTM A182 F316, ASME B16.5, RF FACING",CAN-000343,DEPOT-ONGC-HZR,"Hazira Gas Processing Plant, Gujarat",18,425810,40,FLANGE_WELD_NECK,250.0,600,ASTM A182 F316,RF,ASME B16.5
ONGC-MAT-0002528,ONGC,"VALVE, GLOBE, 6 INCH, CLASS 600, ASTM A216 WCB, BS 1873, RF FACING",CAN-001929,DEPOT-ONGC-HZR,"Hazira Gas Processing Plant, Gujarat",148,747230,592,GLOBE_VALVE,150.0,600,ASTM A216 WCB,RF,BS 1873
ONGC-MAT-0002529,ONGC,"FLANGE, WELDING NECK, 4 INCH, CLASS 150, ASTM A105, ASME B16.5, RTJ FACING",CAN-000202,DEPOT-ONGC-URN,"Uran Plant, Maharashtra",33,13330,622,FLANGE_WELD_NECK,100.0,150,ASTM A105,RTJ,ASME B16.5
ONGC-MAT-0002530,ONGC,"STUD BOLT WITH NUTS, 10 INCH, CLASS 1500, ASTM A193 B7 / A194 2H, ASME B18.2.1, THRD FACING",CAN-002189,DEPOT-ONGC-ANK,"Ankleshwar Asset, Gujarat",86,44060,206,STUD_BOLT,250.0,1500,ASTM A193 B7 / A194 2H,THRD,ASME B18.2.1
ONGC-MAT-0002531,ONGC,"VALVE, GATE, 1 INCH, CLASS 600, ASTM A105, API 600, RF FACING",CAN-001089,DEPOT-ONGC-HZR,"Hazira Gas Processing Plant, Gujarat",0,54560,0,GATE_VALVE,25.0,600,ASTM A105,RF,API 600
ONGC-MAT-0002532,ONGC,"FLANGE, WELDING NECK, 8 INCH, CLASS 900, ASTM A105, ASME B16.5, RTJ FACING",CAN-000306,DEPOT-ONGC-RJM,"Rajahmundry Asset, Andhra Pradesh",0,137700,0,FLANGE_WELD_NECK,200.0,900,ASTM A105,RTJ,ASME B16.5
ONGC-MAT-0002533,ONGC,"VALVE, GATE, 8 INCH, CLASS 600, ASTM A216 WCB, API 600, BW FACING",CAN-001447,DEPOT-ONGC-HZR,"Hazira Gas Processing Plant, Gujarat",0,814580,0,GATE_VALVE,200.0,600,ASTM A216 WCB,BW,API 600
ONGC-MAT-0002534,ONGC,"FLANGE, SLIP-ON, 8 INCH, CLASS 900, ASTM A182 F304, ASME B16.5, FF FACING",CAN-000932,DEPOT-ONGC-MBO,"Mumbai Offshore Logistics Base, Maharashtra",28,240360,101,FLANGE_SLIP_ON,200.0,900,ASTM A182 F304,FF,ASME B16.5
ONGC-MAT-0002535,ONGC,"FLANGE, WELDING NECK, 10 INCH, CLASS 150, ASTM A105, ASME B16.5, RTJ FACING",CAN-000322,DEPOT-ONGC-HZR,"Hazira Gas Processing Plant, Gujarat",7,43890,26,FLANGE_WELD_NECK,250.0,150,ASTM A105,RTJ,ASME B16.5
ONGC-MAT-0002536,ONGC,"VALVE, GATE, 1.5 INCH, CLASS 300, ASTM A182 F316, API 600, RF FACING",CAN-001141,DEPOT-ONGC-HZR,"Hazira Gas Processing Plant, Gujarat",24,184750,19,GATE_VALVE,40.0,300,ASTM A182 F316,RF,API 600
ONGC-MAT-0002537,ONGC,"FLANGE, BLIND, 12 INCH, CLASS 600, ASTM A105, ASME B16.5, RF FACING",CAN-000683,DEPOT-ONGC-ANK,"Ankleshwar Asset, Gujarat",0,137990,0,FLANGE_BLIND,300.0,600,ASTM A105,RF,ASME B16.5
ONGC-MAT-0002538,ONGC,"VALVE, GATE, 2 INCH, CLASS 150, ASTM A105, API 6D, RF FACING",CAN-001186,DEPOT-ONGC-HZR,"Hazira Gas Processing Plant, Gujarat",13,44320,76,GATE_VALVE,50.0,150,ASTM A105,RF,API 6D
ONGC-MAT-0002539,ONGC,"FLANGE, BLIND, 6 INCH, CLASS 150, ASTM A105, ASME B16.5, RF FACING",CAN-000581,DEPOT-ONGC-ANK,"Ankleshwar Asset, Gujarat",36,18480,614,FLANGE_BLIND,150.0,150,ASTM A105,RF,ASME B16.5
ONGC-MAT-0002540,ONGC,"VALVE, GLOBE, 8 INCH, CLASS 900, ASTM A105, ASME B16.34, RF FACING",CAN-001956,DEPOT-ONGC-RJM,"Rajahmundry Asset, Andhra Pradesh",33,1502270,92,GLOBE_VALVE,200.0,900,ASTM A105,RF,ASME B16.34
ONGC-MAT-0002541,ONGC,"VALVE, GLOBE, 12 INCH, CLASS 150, ASTM A105, ASME B16.34, RF FACING",CAN-001984,DEPOT-ONGC-URN,"Uran Plant, Maharashtra",0,606940,0,GLOBE_VALVE,300.0,150,ASTM A105,RF,ASME B16.34
ONGC-MAT-0002542,ONGC,"STUD BOLT WITH NUTS, 8 INCH, CLASS 600, ASTM A193 B7 / A194 2H, ASME B18.2.1, THRD FACING",CAN-002175,DEPOT-ONGC-HZR,"Hazira Gas Processing Plant, Gujarat",43,15830,83,STUD_BOLT,200.0,600,ASTM A193 B7 / A194 2H,THRD,ASME B18.2.1
ONGC-MAT-0002543,ONGC,"VALVE, GATE, 1 INCH, CLASS 600, ASTM A182 F316, API 6D, BW FACING",CAN-001096,DEPOT-ONGC-MBO,"Mumbai Offshore Logistics Base, Maharashtra",22,174610,394,GATE_VALVE,25.0,600,ASTM A182 F316,BW,API 6D
ONGC-MAT-0002544,ONGC,"FLANGE, WELDING NECK, 8 INCH, CLASS 150, ASTM A350 LF2, ASME B16.5, RF FACING",CAN-000283,DEPOT-ONGC-URN,"Uran Plant, Maharashtra",91,52540,372,FLANGE_WELD_NECK,200.0,150,ASTM A350 LF2,RF,ASME B16.5
ONGC-MAT-0002545,ONGC,"FLANGE, WELDING NECK, 1/2 INCH, CLASS 150, ASTM A182 F304, ASME B16.5, RTJ FACING",CAN-000006,DEPOT-ONGC-ANK,"Ankleshwar Asset, Gujarat",21,2710,37,FLANGE_WELD_NECK,15.0,150,ASTM A182 F304,RTJ,ASME B16.5
ONGC-MAT-0002546,ONGC,"VALVE, BALL, 12 INCH, CLASS 150, ASTM A182 F316, API 6D, BW FACING",CAN-001784,DEPOT-ONGC-URN,"Uran Plant, Maharashtra",13,1780360,23,BALL_VALVE,300.0,150,ASTM A182 F316,BW,API 6D
ONGC-MAT-0002547,ONGC,"VALVE, GATE, 10 INCH, CLASS 900, ASTM A216 WCB, API 600, RF FACING",CAN-001517,DEPOT-ONGC-HZR,"Hazira Gas Processing Plant, Gujarat",9,1505890,15,GATE_VALVE,250.0,900,ASTM A216 WCB,RF,API 600
ONGC-MAT-0002548,ONGC,"VALVE, BALL, 1/2 INCH, CLASS 1500, ASTM A216 WCB, API 6D, RF FACING",CAN-001617,DEPOT-ONGC-HZR,"Hazira Gas Processing Plant, Gujarat",30,71450,10,BALL_VALVE,15.0,1500,ASTM A216 WCB,RF,API 6D
ONGC-MAT-0002549,ONGC,"VALVE, GATE, 8 INCH, CLASS 600, ASTM A216 WCB, API 6D, BW FACING",CAN-001448,DEPOT-ONGC-HZR,"Hazira Gas Processing Plant, Gujarat",0,814580,0,GATE_VALVE,200.0,600,ASTM A216 WCB,BW,API 6D
ONGC-MAT-0002550,ONGC,"FLANGE, WELDING NECK, 1 INCH, CLASS 150, ASTM A182 F304, ASME B16.5, RTJ FACING",CAN-000046,DEPOT-ONGC-ANK,"Ankleshwar Asset, Gujarat",0,5280,0,FLANGE_WELD_NECK,25.0,150,ASTM A182 F304,RTJ,ASME B16.5
ONGC-MAT-0002551,ONGC,"FLANGE, SLIP-ON, 4 INCH, CLASS 300, ASTM A182 F316, ASME B16.5, RF FACING",CAN-000861,DEPOT-ONGC-HZR,"Hazira Gas Processing Plant, Gujarat",0,54040,0,FLANGE_SLIP_ON,100.0,300,ASTM A182 F316,RF,ASME B16.5
ONGC-MAT-0002552,ONGC,"FLANGE, WELDING NECK, 1.5 INCH, CLASS 900, ASTM A182 F304, ASME B16.5, RTJ FACING",CAN-000110,DEPOT-ONGC-ANK,"Ankleshwar Asset, Gujarat",34,40780,83,FLANGE_WELD_NECK,40.0,900,ASTM A182 F304,RTJ,ASME B16.5
ONGC-MAT-0002553,ONGC,"FLANGE, BLIND, 10 INCH, CLASS 1500, ASTM A182 F316, ASME B16.5, RTJ FACING",CAN-000670,DEPOT-ONGC-ANK,"Ankleshwar Asset, Gujarat",0,725140,0,FLANGE_BLIND,250.0,1500,ASTM A182 F316,RTJ,ASME B16.5
ONGC-MAT-0002554,ONGC,"VALVE, BALL, 1.5 INCH, CLASS 150, ASTM A216 WCB, API 6D, BW FACING",CAN-001642,DEPOT-ONGC-MBO,"Mumbai Offshore Logistics Base, Maharashtra",57,40530,310,BALL_VALVE,40.0,150,ASTM A216 WCB,BW,API 6D
ONGC-MAT-0002555,ONGC,"VALVE, BALL, 6 INCH, CLASS 1500, ASTM A216 WCB, API 6D, BW FACING",CAN-001738,DEPOT-ONGC-URN,"Uran Plant, Maharashtra",27,1425670,64,BALL_VALVE,150.0,1500,ASTM A216 WCB,BW,API 6D
ONGC-MAT-0002556,ONGC,"FLANGE, SLIP-ON, 1/2 INCH, CLASS 150, ASTM A182 F304, ASME B16.5, FF FACING",CAN-000704,DEPOT-ONGC-MBO,"Mumbai Offshore Logistics Base, Maharashtra",0,1970,0,FLANGE_SLIP_ON,15.0,150,ASTM A182 F304,FF,ASME B16.5
ONGC-MAT-0002557,ONGC,"VALVE, GATE, 3 INCH, CLASS 1500, ASTM A182 F316, API 600, RF FACING",CAN-001297,DEPOT-ONGC-HZR,"Hazira Gas Processing Plant, Gujarat",9,1648600,100,GATE_VALVE,80.0,1500,ASTM A182 F316,RF,API 600
ONGC-MAT-0002558,ONGC,"VALVE, GATE, 2 INCH, CLASS 1500, ASTM A216 WCB, API 600, BW FACING",CAN-001231,DEPOT-ONGC-RJM,"Rajahmundry Asset, Andhra Pradesh",147,279640,747,GATE_VALVE,50.0,1500,ASTM A216 WCB,BW,API 600
ONGC-MAT-0002559,ONGC,"FLANGE, SLIP-ON, 1 INCH, CLASS 600, ASTM A105, ASME B16.5, FF FACING",CAN-000744,DEPOT-ONGC-MBO,"Mumbai Offshore Logistics Base, Maharashtra",35,4850,104,FLANGE_SLIP_ON,25.0,600,ASTM A105,FF,ASME B16.5
ONGC-MAT-0002560,ONGC,"FLANGE, BLIND, 1 INCH, CLASS 1500, ASTM A182 F316, ASME B16.5, RF FACING",CAN-000459,DEPOT-ONGC-MBO,"Mumbai Offshore Logistics Base, Maharashtra",36,36340,402,FLANGE_BLIND,25.0,1500,ASTM A182 F316,RF,ASME B16.5
ONGC-MAT-0002561,ONGC,"FLANGE, WELDING NECK, 8 INCH, CLASS 1500, ASTM A350 LF2, ASME B16.5, RTJ FACING",CAN-000316,DEPOT-ONGC-RJM,"Rajahmundry Asset, Andhra Pradesh",47,331550,19,FLANGE_WELD_NECK,200.0,1500,ASTM A350 LF2,RTJ,ASME B16.5
ONGC-MAT-0002562,ONGC,"VALVE, GLOBE, 6 INCH, CLASS 600, ASTM A105, BS 1873, RF FACING",CAN-001931,DEPOT-ONGC-URN,"Uran Plant, Maharashtra",41,747230,725,GLOBE_VALVE,150.0,600,ASTM A105,RF,BS 1873
ONGC-MAT-0002563,ONGC,"FLANGE, SLIP-ON, 6 INCH, CLASS 150, ASTM A105, ASME B16.5, FF FACING",CAN-000882,DEPOT-ONGC-RJM,"Rajahmundry Asset, Andhra Pradesh",0,16430,0,FLANGE_SLIP_ON,150.0,150,ASTM A105,FF,ASME B16.5
ONGC-MAT-0002564,ONGC,"VALVE, GATE, 8 INCH, CLASS 300, ASTM A216 WCB, API 6D, RF FACING",CAN-001434,DEPOT-ONGC-MBO,"Mumbai Offshore Logistics Base, Maharashtra",15,467850,15,GATE_VALVE,200.0,300,ASTM A216 WCB,RF,API 6D
ONGC-MAT-0002565,ONGC,"VALVE, BALL, 1/2 INCH, CLASS 300, ASTM A216 WCB, API 6D, BW FACING",CAN-001606,DEPOT-ONGC-ANK,"Ankleshwar Asset, Gujarat",19,19710,14,BALL_VALVE,15.0,300,ASTM A216 WCB,BW,API 6D
ONGC-MAT-0002566,ONGC,"VALVE, GLOBE, 6 INCH, CLASS 900, ASTM A105, BS 1873, RF FACING",CAN-001935,DEPOT-ONGC-ANK,"Ankleshwar Asset, Gujarat",42,1033540,42,GLOBE_VALVE,150.0,900,ASTM A105,RF,BS 1873
ONGC-MAT-0002567,ONGC,"VALVE, GATE, 10 INCH, CLASS 1500, ASTM A216 WCB, API 6D, BW FACING",CAN-001532,DEPOT-ONGC-ANK,"Ankleshwar Asset, Gujarat",37,2266060,62,GATE_VALVE,250.0,1500,ASTM A216 WCB,BW,API 6D
ONGC-MAT-0002568,ONGC,"FLANGE, BLIND, 1 INCH, CLASS 150, ASTM A182 F316, ASME B16.5, RTJ FACING",CAN-000436,DEPOT-ONGC-RJM,"Rajahmundry Asset, Andhra Pradesh",41,5760,647,FLANGE_BLIND,25.0,150,ASTM A182 F316,RTJ,ASME B16.5
ONGC-MAT-0002569,ONGC,"FLANGE, BLIND, 2 INCH, CLASS 1500, ASTM A105, ASME B16.5, RTJ FACING",CAN-000516,DEPOT-ONGC-URN,"Uran Plant, Maharashtra",39,27960,81,FLANGE_BLIND,50.0,1500,ASTM A105,RTJ,ASME B16.5
ONGC-MAT-0002570,ONGC,"VALVE, GLOBE, 10 INCH, CLASS 1500, ASTM A216 WCB, BS 1873, RF FACING",CAN-001977,DEPOT-ONGC-HZR,"Hazira Gas Processing Plant, Gujarat",42,3021420,94,GLOBE_VALVE,250.0,1500,ASTM A216 WCB,RF,BS 1873
ONGC-MAT-0002571,ONGC,"VALVE, GLOBE, 1.5 INCH, CLASS 1500, ASTM A105, ASME B16.34, RF FACING",CAN-001860,DEPOT-ONGC-MBO,"Mumbai Offshore Logistics Base, Maharashtra",30,278970,433,GLOBE_VALVE,40.0,1500,ASTM A105,RF,ASME B16.34
ONGC-MAT-0002572,ONGC,"GASKET, SPIRAL WOUND, 1/2 INCH, CLASS 150, SS304 / GRAPHITE, ASME B16.20, RF FACING",CAN-002002,DEPOT-ONGC-HZR,"Hazira Gas Processing Plant, Gujarat",36,800,113,SPIRAL_WOUND_GASKET,15.0,150,SS304 / GRAPHITE,RF,ASME B16.20
ONGC-MAT-0002573,ONGC,"FLANGE, SLIP-ON, 3 INCH, CLASS 900, ASTM A105, ASME B16.5, FF FACING",CAN-000840,DEPOT-ONGC-ANK,"Ankleshwar Asset, Gujarat",44,30430,34,FLANGE_SLIP_ON,80.0,900,ASTM A105,FF,ASME B16.5
ONGC-MAT-0002574,ONGC,"VALVE, GATE, 12 INCH, CLASS 600, ASTM A105, API 600, RF FACING",CAN-001569,DEPOT-ONGC-RJM,"Rajahmundry Asset, Andhra Pradesh",0,1379920,0,GATE_VALVE,300.0,600,ASTM A105,RF,API 600
ONGC-MAT-0002575,ONGC,"VALVE, GLOBE, 1 INCH, CLASS 600, ASTM A105, ASME B16.34, RF FACING",CAN-001832,DEPOT-ONGC-RJM,"Rajahmundry Asset, Andhra Pradesh",20,72750,94,GLOBE_VALVE,25.0,600,ASTM A105,RF,ASME B16.34
ONGC-MAT-0002576,ONGC,"FLANGE, BLIND, 1 INCH, CLASS 300, ASTM A182 F316, ASME B16.5, RTJ FACING",CAN-000442,DEPOT-ONGC-MBO,"Mumbai Offshore Logistics Base, Maharashtra",28,10020,550,FLANGE_BLIND,25.0,300,ASTM A182 F316,RTJ,ASME B16.5
ONGC-MAT-0002577,ONGC,"FLANGE, WELDING NECK, 1/2 INCH, CLASS 900, ASTM A182 F304, ASME B16.5, RF FACING",CAN-000029,DEPOT-ONGC-ANK,"Ankleshwar Asset, Gujarat",68,11390,421,FLANGE_WELD_NECK,15.0,900,ASTM A182 F304,RF,ASME B16.5
ONGC-MAT-0002578,ONGC,"VALVE, GLOBE, 12 INCH, CLASS 900, ASTM A105, ASME B16.34, RF FACING",CAN-001996,DEPOT-ONGC-RJM,"Rajahmundry Asset, Andhra Pradesh",0,2544880,0,GLOBE_VALVE,300.0,900,ASTM A105,RF,ASME B16.34
ONGC-MAT-0002579,ONGC,"FLANGE, WELDING NECK, 2 INCH, CLASS 150, ASTM A182 F304, ASME B16.5, RTJ FACING",CAN-000126,DEPOT-ONGC-HZR,"Hazira Gas Processing Plant, Gujarat",25,13000,42,FLANGE_WELD_NECK,50.0,150,ASTM A182 F304,RTJ,ASME B16.5
ONGC-MAT-0002580,ONGC,"FLANGE, WELDING NECK, 1.5 INCH, CLASS 150, ASTM A350 LF2, ASME B16.5, RF FACING",CAN-000083,DEPOT-ONGC-HZR,"Hazira Gas Processing Plant, Gujarat",78,6480,708,FLANGE_WELD_NECK,40.0,150,ASTM A350 LF2,RF,ASME B16.5
ONGC-MAT-0002581,ONGC,"FLANGE, WELDING NECK, 1.5 INCH, CLASS 1500, ASTM A350 LF2, ASME B16.5, RTJ FACING",CAN-000116,DEPOT-ONGC-ANK,"Ankleshwar Asset, Gujarat",136,40910,188,FLANGE_WELD_NECK,40.0,1500,ASTM A350 LF2,RTJ,ASME B16.5
ONGC-MAT-0002582,ONGC,"VALVE, GLOBE, 1/2 INCH, CLASS 300, ASTM A216 WCB, ASME B16.34, RF FACING",CAN-001806,DEPOT-ONGC-URN,"Uran Plant, Maharashtra",139,21500,256,GLOBE_VALVE,15.0,300,ASTM A216 WCB,RF,ASME B16.34
ONGC-MAT-0002583,ONGC,"VALVE, GATE, 3 INCH, CLASS 1500, ASTM A105, API 6D, BW FACING",CAN-001296,DEPOT-ONGC-ANK,"Ankleshwar Asset, Gujarat",0,515190,0,GATE_VALVE,80.0,1500,ASTM A105,BW,API 6D
ONGC-MAT-0002584,ONGC,"FLANGE, WELDING NECK, 2 INCH, CLASS 900, ASTM A105, ASME B16.5, RTJ FACING",CAN-000146,DEPOT-ONGC-RJM,"Rajahmundry Asset, Andhra Pradesh",16,22710,17,FLANGE_WELD_NECK,50.0,900,ASTM A105,RTJ,ASME B16.5
ONGC-MAT-0002585,ONGC,"FLANGE, SLIP-ON, 12 INCH, CLASS 150, ASTM A182 F316, ASME B16.5, FF FACING",CAN-000976,DEPOT-ONGC-ANK,"Ankleshwar Asset, Gujarat",46,129480,54,FLANGE_SLIP_ON,300.0,150,ASTM A182 F316,FF,ASME B16.5
ONGC-MAT-0002586,ONGC,"FLANGE, WELDING NECK, 6 INCH, CLASS 300, ASTM A350 LF2, ASME B16.5, RF FACING",CAN-000251,DEPOT-ONGC-ANK,"Ankleshwar Asset, Gujarat",101,62940,453,FLANGE_WELD_NECK,150.0,300,ASTM A350 LF2,RF,ASME B16.5
ONGC-MAT-0002587,ONGC,"FLANGE, WELDING NECK, 1/2 INCH, CLASS 150, ASTM A182 F316, ASME B16.5, RTJ FACING",CAN-000008,DEPOT-ONGC-ANK,"Ankleshwar Asset, Gujarat",29,3620,640,FLANGE_WELD_NECK,15.0,150,ASTM A182 F316,RTJ,ASME B16.5
ONGC-MAT-0002588,ONGC,"GASKET, SPIRAL WOUND, 6 INCH, CLASS 1500, SS304 / GRAPHITE, ASME B16.20, RF FACING",CAN-002070,DEPOT-ONGC-RJM,"Rajahmundry Asset, Andhra Pradesh",125,101090,646,SPIRAL_WOUND_GASKET,150.0,1500,SS304 / GRAPHITE,RF,ASME B16.20
ONGC-MAT-0002589,ONGC,"VALVE, GLOBE, 2 INCH, CLASS 1500, ASTM A216 WCB, ASME B16.34, RF FACING",CAN-001878,DEPOT-ONGC-MBO,"Mumbai Offshore Logistics Base, Maharashtra",37,372860,77,GLOBE_VALVE,50.0,1500,ASTM A216 WCB,RF,ASME B16.34
ONGC-MAT-0002590,ONGC,"VALVE, GATE, 1.5 INCH, CLASS 1500, ASTM A216 WCB, API 6D, RF FACING",CAN-001170,DEPOT-ONGC-RJM,"Rajahmundry Asset, Andhra Pradesh",62,209230,318,GATE_VALVE,40.0,1500,ASTM A216 WCB,RF,API 6D
ONGC-MAT-0002591,ONGC,"FLANGE, WELDING NECK, 1.5 INCH, CLASS 600, ASTM A350 LF2, ASME B16.5, RF FACING",CAN-000099,DEPOT-ONGC-HZR,"Hazira Gas Processing Plant, Gujarat",28,19650,219,FLANGE_WELD_NECK,40.0,600,ASTM A350 LF2,RF,ASME B16.5
ONGC-MAT-0002592,ONGC,"VALVE, GATE, 1.5 INCH, CLASS 900, ASTM A216 WCB, API 600, BW FACING",CAN-001159,DEPOT-ONGC-MBO,"Mumbai Offshore Logistics Base, Maharashtra",22,139040,463,GATE_VALVE,40.0,900,ASTM A216 WCB,BW,API 600
ONGC-MAT-0002593,ONGC,"STUD BOLT WITH NUTS, 6 INCH, CLASS 150, ASTM A320 L7 / A194 7, ASME B18.2.1, THRD FACING",CAN-002162,DEPOT-ONGC-HZR,"Hazira Gas Processing Plant, Gujarat",99,5750,686,STUD_BOLT,150.0,150,ASTM A320 L7 / A194 7,THRD,ASME B18.2.1
ONGC-MAT-0002594,ONGC,"FLANGE, BLIND, 2 INCH, CLASS 600, ASTM A182 F316, ASME B16.5, RTJ FACING",CAN-000508,DEPOT-ONGC-HZR,"Hazira Gas Processing Plant, Gujarat",64,42990,482,FLANGE_BLIND,50.0,600,ASTM A182 F316,RTJ,ASME B16.5
ONGC-MAT-0002595,ONGC,"VALVE, GATE, 10 INCH, CLASS 1500, ASTM A182 F316, API 6D, RF FACING",CAN-001538,DEPOT-ONGC-MBO,"Mumbai Offshore Logistics Base, Maharashtra",0,7251410,0,GATE_VALVE,250.0,1500,ASTM A182 F316,RF,API 6D
ONGC-MAT-0002596,ONGC,"FLANGE, BLIND, 8 INCH, CLASS 150, ASTM A350 LF2, ASME B16.5, RTJ FACING",CAN-000614,DEPOT-ONGC-MBO,"Mumbai Offshore Logistics Base, Maharashtra",36,42990,78,FLANGE_BLIND,200.0,150,ASTM A350 LF2,RTJ,ASME B16.5
ONGC-MAT-0002597,ONGC,"FLANGE, SLIP-ON, 1 INCH, CLASS 300, ASTM A105, ASME B16.5, FF FACING",CAN-000738,DEPOT-ONGC-HZR,"Hazira Gas Processing Plant, Gujarat",91,2780,277,FLANGE_SLIP_ON,25.0,300,ASTM A105,FF,ASME B16.5
ONGC-MAT-0002598,ONGC,"VALVE, GLOBE, 6 INCH, CLASS 1500, ASTM A216 WCB, ASME B16.34, RF FACING",CAN-001938,DEPOT-ONGC-HZR,"Hazira Gas Processing Plant, Gujarat",99,1555270,745,GLOBE_VALVE,150.0,1500,ASTM A216 WCB,RF,ASME B16.34
ONGC-MAT-0002599,ONGC,"VALVE, GATE, 4 INCH, CLASS 300, ASTM A182 F316, API 600, RF FACING",CAN-001321,DEPOT-ONGC-MBO,"Mumbai Offshore Logistics Base, Maharashtra",10,608020,76,GATE_VALVE,100.0,300,ASTM A182 F316,RF,API 600
ONGC-MAT-0002600,ONGC,"FLANGE, WELDING NECK, 12 INCH, CLASS 1500, ASTM A350 LF2, ASME B16.5, RTJ FACING",CAN-000396,DEPOT-ONGC-MBO,"Mumbai Offshore Logistics Base, Maharashtra",22,561660,29,FLANGE_WELD_NECK,300.0,1500,ASTM A350 LF2,RTJ,ASME B16.5
ONGC-MAT-0002601,ONGC,"VALVE, GATE, 10 INCH, CLASS 300, ASTM A182 F316, API 600, BW FACING",CAN-001503,DEPOT-ONGC-MBO,"Mumbai Offshore Logistics Base, Maharashtra",0,2000990,0,GATE_VALVE,250.0,300,ASTM A182 F316,BW,API 600
ONGC-MAT-0002602,ONGC,"VALVE, GATE, 6 INCH, CLASS 150, ASTM A105, API 6D, BW FACING",CAN-001368,DEPOT-ONGC-ANK,"Ankleshwar Asset, Gujarat",36,184870,17,GATE_VALVE,150.0,150,ASTM A105,BW,API 6D
ONGC-MAT-0002603,ONGC,"FLANGE, BLIND, 2 INCH, CLASS 600, ASTM A182 F316, ASME B16.5, RF FACING",CAN-000507,DEPOT-ONGC-ANK,"Ankleshwar Asset, Gujarat",31,42990,70,FLANGE_BLIND,50.0,600,ASTM A182 F316,RF,ASME B16.5
ONGC-MAT-0002604,ONGC,"GASKET, SPIRAL WOUND, 2 INCH, CLASS 150, SS304 / GRAPHITE, ASME B16.20, RF FACING",CAN-002032,DEPOT-ONGC-HZR,"Hazira Gas Processing Plant, Gujarat",0,3840,0,SPIRAL_WOUND_GASKET,50.0,150,SS304 / GRAPHITE,RF,ASME B16.20
ONGC-MAT-0002605,ONGC,"VALVE, GATE, 12 INCH, CLASS 300, ASTM A216 WCB, API 6D, RF FACING",CAN-001554,DEPOT-ONGC-HZR,"Hazira Gas Processing Plant, Gujarat",148,792550,654,GATE_VALVE,300.0,300,ASTM A216 WCB,RF,API 6D
ONGC-MAT-0002606,ONGC,"VALVE, GATE, 6 INCH, CLASS 600, ASTM A182 F316, API 6D, RF FACING",CAN-001394,DEPOT-ONGC-MBO,"Mumbai Offshore Logistics Base, Maharashtra",79,1793350,428,GATE_VALVE,150.0,600,ASTM A182 F316,RF,API 6D
ONGC-MAT-0002607,ONGC,"FLANGE, SLIP-ON, 8 INCH, CLASS 300, ASTM A105, ASME B16.5, FF FACING",CAN-000918,DEPOT-ONGC-URN,"Uran Plant, Maharashtra",8,41580,98,FLANGE_SLIP_ON,200.0,300,ASTM A105,FF,ASME B16.5
ONGC-MAT-0002608,ONGC,"FLANGE, WELDING NECK, 3 INCH, CLASS 1500, ASTM A350 LF2, ASME B16.5, RF FACING",CAN-000195,DEPOT-ONGC-ANK,"Ankleshwar Asset, Gujarat",19,100740,110,FLANGE_WELD_NECK,80.0,1500,ASTM A350 LF2,RF,ASME B16.5
ONGC-MAT-0002609,ONGC,"VALVE, BALL, 3 INCH, CLASS 900, ASTM A182 F316, API 6D, RF FACING",CAN-001695,DEPOT-ONGC-HZR,"Hazira Gas Processing Plant, Gujarat",13,1339020,49,BALL_VALVE,80.0,900,ASTM A182 F316,RF,API 6D
ONGC-MAT-0002610,ONGC,"FLANGE, SLIP-ON, 4 INCH, CLASS 600, ASTM A182 F316, ASME B16.5, RF FACING",CAN-000867,DEPOT-ONGC-MBO,"Mumbai Offshore Logistics Base, Maharashtra",38,94100,82,FLANGE_SLIP_ON,100.0,600,ASTM A182 F316,RF,ASME B16.5
ONGC-MAT-0002611,ONGC,"VALVE, GATE, 1.5 INCH, CLASS 1500, ASTM A105, API 600, BW FACING",CAN-001175,DEPOT-ONGC-RJM,"Rajahmundry Asset, Andhra Pradesh",85,209230,241,GATE_VALVE,40.0,1500,ASTM A105,BW,API 600
ONGC-MAT-0002612,ONGC,"VALVE, GATE, 6 INCH, CLASS 1500, ASTM A105, API 6D, RF FACING",CAN-001414,DEPOT-ONGC-URN,"Uran Plant, Maharashtra",8,1166450,43,GATE_VALVE,150.0,1500,ASTM A105,RF,API 6D
ONGC-MAT-0002613,ONGC,"VALVE, GATE, 1.5 INCH, CLASS 150, ASTM A105, API 600, BW FACING",CAN-001127,DEPOT-ONGC-URN,"Uran Plant, Maharashtra",11,33160,112,GATE_VALVE,40.0,150,ASTM A105,BW,API 600
ONGC-MAT-0002614,ONGC,"VALVE, BALL, 12 INCH, CLASS 150, ASTM A182 F316, API 6D, BW FACING",CAN-001784,DEPOT-ONGC-MBO,"Mumbai Offshore Logistics Base, Maharashtra",43,1780360,104,BALL_VALVE,300.0,150,ASTM A182 F316,BW,API 6D
ONGC-MAT-0002615,ONGC,"FLANGE, WELDING NECK, 8 INCH, CLASS 900, ASTM A182 F304, ASME B16.5, RF FACING",CAN-000309,DEPOT-ONGC-RJM,"Rajahmundry Asset, Andhra Pradesh",56,330500,447,FLANGE_WELD_NECK,200.0,900,ASTM A182 F304,RF,ASME B16.5
ONGC-MAT-0002616,ONGC,"FLANGE, WELDING NECK, 8 INCH, CLASS 600, ASTM A182 F304, ASME B16.5, RTJ FACING",CAN-000302,DEPOT-ONGC-MBO,"Mumbai Offshore Logistics Base, Maharashtra",61,238940,470,FLANGE_WELD_NECK,200.0,600,ASTM A182 F304,RTJ,ASME B16.5
ONGC-MAT-0002617,ONGC,"VALVE, GATE, 6 INCH, CLASS 900, ASTM A216 WCB, API 6D, RF FACING",CAN-001398,DEPOT-ONGC-MBO,"Mumbai Offshore Logistics Base, Maharashtra",0,775150,0,GATE_VALVE,150.0,900,ASTM A216 WCB,RF,API 6D
ONGC-MAT-0002618,ONGC,"VALVE, GATE, 1.5 INCH, CLASS 300, ASTM A182 F316, API 6D, BW FACING",CAN-001144,DEPOT-ONGC-RJM,"Rajahmundry Asset, Andhra Pradesh",0,184750,0,GATE_VALVE,40.0,300,ASTM A182 F316,BW,API 6D
ONGC-MAT-0002619,ONGC,"FLANGE, SLIP-ON, 1.5 INCH, CLASS 300, ASTM A105, ASME B16.5, FF FACING",CAN-000768,DEPOT-ONGC-URN,"Uran Plant, Maharashtra",0,5130,0,FLANGE_SLIP_ON,40.0,300,ASTM A105,FF,ASME B16.5
ONGC-MAT-0002620,ONGC,"STUD BOLT WITH NUTS, 6 INCH, CLASS 600, ASTM A320 L7 / A194 7, ASME B18.2.1, THRD FACING",CAN-002166,DEPOT-ONGC-RJM,"Rajahmundry Asset, Andhra Pradesh",23,17430,41,STUD_BOLT,150.0,600,ASTM A320 L7 / A194 7,THRD,ASME B18.2.1
ONGC-MAT-0002621,ONGC,"VALVE, BALL, 2 INCH, CLASS 900, ASTM A182 F316, API 6D, RF FACING",CAN-001675,DEPOT-ONGC-URN,"Uran Plant, Maharashtra",0,726820,0,BALL_VALVE,50.0,900,ASTM A182 F316,RF,API 6D
ONGC-MAT-0002622,ONGC,"FLANGE, BLIND, 10 INCH, CLASS 1500, ASTM A350 LF2, ASME B16.5, RF FACING",CAN-000667,DEPOT-ONGC-ANK,"Ankleshwar Asset, Gujarat",117,362570,560,FLANGE_BLIND,250.0,1500,ASTM A350 LF2,RF,ASME B16.5
ONGC-MAT-0002623,ONGC,"VALVE, GATE, 1/2 INCH, CLASS 150, ASTM A182 F316, API 6D, RF FACING",CAN-001010,DEPOT-ONGC-HZR,"Hazira Gas Processing Plant, Gujarat",12,29640,31,GATE_VALVE,15.0,150,ASTM A182 F316,RF,API 6D
ONGC-MAT-0002624,ONGC,"VALVE, GATE, 10 INCH, CLASS 1500, ASTM A105, API 600, BW FACING",CAN-001535,DEPOT-ONGC-MBO,"Mumbai Offshore Logistics Base, Maharashtra",10,2266060,114,GATE_VALVE,250.0,1500,ASTM A105,BW,API 600
ONGC-MAT-0002625,ONGC,"FLANGE, BLIND, 4 INCH, CLASS 600, ASTM A350 LF2, ASME B16.5, RF FACING",CAN-000565,DEPOT-ONGC-MBO,"Mumbai Offshore Logistics Base, Maharashtra",0,52930,0,FLANGE_BLIND,100.0,600,ASTM A350 LF2,RF,ASME B16.5
ONGC-MAT-0002626,ONGC,"VALVE, GATE, 1/2 INCH, CLASS 150, ASTM A105, API 6D, BW FACING",CAN-001008,DEPOT-ONGC-URN,"Uran Plant, Maharashtra",34,9260,44,GATE_VALVE,15.0,150,ASTM A105,BW,API 6D
ONGC-MAT-0002627,ONGC,"FLANGE, WELDING NECK, 1/2 INCH, CLASS 300, ASTM A105, ASME B16.5, RF FACING",CAN-000009,DEPOT-ONGC-URN,"Uran Plant, Maharashtra",59,1970,542,FLANGE_WELD_NECK,15.0,300,ASTM A105,RF,ASME B16.5
ONGC-MAT-0002628,ONGC,"FLANGE, SLIP-ON, 1.5 INCH, CLASS 150, ASTM A182 F316, ASME B16.5, RF FACING",CAN-000765,DEPOT-ONGC-MBO,"Mumbai Offshore Logistics Base, Maharashtra",140,9430,483,FLANGE_SLIP_ON,40.0,150,ASTM A182 F316,RF,ASME B16.5
ONGC-MAT-0002629,ONGC,"VALVE, GATE, 12 INCH, CLASS 900, ASTM A216 WCB, API 6D, BW FACING",CAN-001580,DEPOT-ONGC-HZR,"Hazira Gas Processing Plant, Gujarat",104,1908660,395,GATE_VALVE,300.0,900,ASTM A216 WCB,BW,API 6D
ONGC-MAT-0002630,ONGC,"FLANGE, WELDING NECK, 3 INCH, CLASS 150, ASTM A350 LF2, ASME B16.5, RF FACING",CAN-000163,DEPOT-ONGC-MBO,"Mumbai Offshore Logistics Base, Maharashtra",0,15960,0,FLANGE_WELD_NECK,80.0,150,ASTM A350 LF2,RF,ASME B16.5
ONGC-MAT-0002631,ONGC,"VALVE, GLOBE, 1 INCH, CLASS 150, ASTM A105, BS 1873, RF FACING",CAN-001823,DEPOT-ONGC-HZR,"Hazira Gas Processing Plant, Gujarat",59,24000,390,GLOBE_VALVE,25.0,150,ASTM A105,RF,BS 1873
ONGC-MAT-0002632,ONGC,"STUD BOLT WITH NUTS, 12 INCH, CLASS 600, ASTM A320 L7 / A194 7, ASME B18.2.1, THRD FACING",CAN-002196,DEPOT-ONGC-HZR,"Hazira Gas Processing Plant, Gujarat",0,42930,0,STUD_BOLT,300.0,600,ASTM A320 L7 / A194 7,THRD,ASME B18.2.1
ONGC-MAT-0002633,ONGC,"FLANGE, WELDING NECK, 1 INCH, CLASS 1500, ASTM A182 F316, ASME B16.5, RTJ FACING",CAN-000080,DEPOT-ONGC-ANK,"Ankleshwar Asset, Gujarat",45,44410,18,FLANGE_WELD_NECK,25.0,1500,ASTM A182 F316,RTJ,ASME B16.5
ONGC-MAT-0002634,ONGC,"FLANGE, SLIP-ON, 1.5 INCH, CLASS 300, ASTM A105, ASME B16.5, FF FACING",CAN-000768,DEPOT-ONGC-HZR,"Hazira Gas Processing Plant, Gujarat",6,5130,91,FLANGE_SLIP_ON,40.0,300,ASTM A105,FF,ASME B16.5
ONGC-MAT-0002635,ONGC,"VALVE, GATE, 2 INCH, CLASS 600, ASTM A216 WCB, API 600, BW FACING",CAN-001207,DEPOT-ONGC-URN,"Uran Plant, Maharashtra",0,134350,0,GATE_VALVE,50.0,600,ASTM A216 WCB,BW,API 600
ONGC-MAT-0002636,ONGC,"FLANGE, BLIND, 1.5 INCH, CLASS 300, ASTM A105, ASME B16.5, RF FACING",CAN-000467,DEPOT-ONGC-HZR,"Hazira Gas Processing Plant, Gujarat",20,5770,104,FLANGE_BLIND,40.0,300,ASTM A105,RF,ASME B16.5
ONGC-MAT-0002637,ONGC,"VALVE, BALL, 4 INCH, CLASS 900, ASTM A182 F316, API 6D, BW FACING",CAN-001716,DEPOT-ONGC-MBO,"Mumbai Offshore Logistics Base, Maharashtra",18,1789660,16,BALL_VALVE,100.0,900,ASTM A182 F316,BW,API 6D
ONGC-MAT-0002638,ONGC,"FLANGE, BLIND, 3 INCH, CLASS 600, ASTM A182 F316, ASME B16.5, RTJ FACING",CAN-000538,DEPOT-ONGC-HZR,"Hazira Gas Processing Plant, Gujarat",13,79200,32,FLANGE_BLIND,80.0,600,ASTM A182 F316,RTJ,ASME B16.5
ONGC-MAT-0002639,ONGC,"VALVE, GLOBE, 3 INCH, CLASS 1500, ASTM A216 WCB, BS 1873, RF FACING",CAN-001897,DEPOT-ONGC-HZR,"Hazira Gas Processing Plant, Gujarat",99,686920,451,GLOBE_VALVE,80.0,1500,ASTM A216 WCB,RF,BS 1873
ONGC-MAT-0002640,ONGC,"FLANGE, SLIP-ON, 10 INCH, CLASS 300, ASTM A182 F316, ASME B16.5, FF FACING",CAN-000952,DEPOT-ONGC-URN,"Uran Plant, Maharashtra",32,177860,110,FLANGE_SLIP_ON,250.0,300,ASTM A182 F316,FF,ASME B16.5
ONGC-MAT-0002641,ONGC,"GASKET, SPIRAL WOUND, 3 INCH, CLASS 600, SS304 / GRAPHITE, ASME B16.20, RF FACING",CAN-002046,DEPOT-ONGC-MBO,"Mumbai Offshore Logistics Base, Maharashtra",20,21450,105,SPIRAL_WOUND_GASKET,80.0,600,SS304 / GRAPHITE,RF,ASME B16.20
ONGC-MAT-0002642,ONGC,"VALVE, GATE, 4 INCH, CLASS 600, ASTM A105, API 600, BW FACING",CAN-001331,DEPOT-ONGC-ANK,"Ankleshwar Asset, Gujarat",87,330820,319,GATE_VALVE,100.0,600,ASTM A105,BW,API 600
ONGC-MAT-0002643,ONGC,"VALVE, GATE, 6 INCH, CLASS 150, ASTM A216 WCB, API 6D, RF FACING",CAN-001362,DEPOT-ONGC-ANK,"Ankleshwar Asset, Gujarat",50,184870,306,GATE_VALVE,150.0,150,ASTM A216 WCB,RF,API 6D
ONGC-MAT-0002644,ONGC,"FLANGE, BLIND, 8 INCH, CLASS 1500, ASTM A182 F316, ASME B16.5, RF FACING",CAN-000639,DEPOT-ONGC-MBO,"Mumbai Offshore Logistics Base, Maharashtra",0,542540,0,FLANGE_BLIND,200.0,1500,ASTM A182 F316,RF,ASME B16.5
ONGC-MAT-0002645,ONGC,"FLANGE, WELDING NECK, 8 INCH, CLASS 900, ASTM A350 LF2, ASME B16.5, RF FACING",CAN-000307,DEPOT-ONGC-ANK,"Ankleshwar Asset, Gujarat",44,220330,83,FLANGE_WELD_NECK,200.0,900,ASTM A350 LF2,RF,ASME B16.5
ONGC-MAT-0002646,ONGC,"VALVE, GATE, 2 INCH, CLASS 900, ASTM A182 F316, API 600, BW FACING",CAN-001227,DEPOT-ONGC-RJM,"Rajahmundry Asset, Andhra Pradesh",14,594670,62,GATE_VALVE,50.0,900,ASTM A182 F316,BW,API 600
ONGC-MAT-0002647,ONGC,"STUD BOLT WITH NUTS, 8 INCH, CLASS 300, ASTM A193 B7 / A194 2H, ASME B18.2.1, THRD FACING",CAN-002173,DEPOT-ONGC-HZR,"Hazira Gas Processing Plant, Gujarat",26,9090,50,STUD_BOLT,200.0,300,ASTM A193 B7 / A194 2H,THRD,ASME B18.2.1
ONGC-MAT-0002648,ONGC,"VALVE, BALL, 1.5 INCH, CLASS 150, ASTM A182 F316, API 6D, BW FACING",CAN-001644,DEPOT-ONGC-URN,"Uran Plant, Maharashtra",25,129690,78,BALL_VALVE,40.0,150,ASTM A182 F316,BW,API 6D
ONGC-MAT-0002649,ONGC,"FLANGE, WELDING NECK, 8 INCH, CLASS 900, ASTM A350 LF2, ASME B16.5, RTJ FACING",CAN-000308,DEPOT-ONGC-URN,"Uran Plant, Maharashtra",13,220330,102,FLANGE_WELD_NECK,200.0,900,ASTM A350 LF2,RTJ,ASME B16.5
ONGC-MAT-0002650,ONGC,"FLANGE, SLIP-ON, 8 INCH, CLASS 900, ASTM A105, ASME B16.5, RF FACING",CAN-000929,DEPOT-ONGC-RJM,"Rajahmundry Asset, Andhra Pradesh",39,100150,23,FLANGE_SLIP_ON,200.0,900,ASTM A105,RF,ASME B16.5
ONGC-MAT-0002651,ONGC,"FLANGE, BLIND, 2 INCH, CLASS 900, ASTM A182 F316, ASME B16.5, RF FACING",CAN-000513,DEPOT-ONGC-ANK,"Ankleshwar Asset, Gujarat",99,59460,212,FLANGE_BLIND,50.0,900,ASTM A182 F316,RF,ASME B16.5
ONGC-MAT-0002652,ONGC,"STUD BOLT WITH NUTS, 12 INCH, CLASS 900, ASTM A320 L7 / A194 7, ASME B18.2.1, THRD FACING",CAN-002198,DEPOT-ONGC-URN,"Uran Plant, Maharashtra",54,59380,379,STUD_BOLT,300.0,900,ASTM A320 L7 / A194 7,THRD,ASME B18.2.1
ONGC-MAT-0002653,ONGC,"VALVE, BALL, 1/2 INCH, CLASS 900, ASTM A216 WCB, API 6D, BW FACING",CAN-001614,DEPOT-ONGC-ANK,"Ankleshwar Asset, Gujarat",42,47480,39,BALL_VALVE,15.0,900,ASTM A216 WCB,BW,API 6D
ONGC-MAT-0002654,ONGC,"FLANGE, SLIP-ON, 1.5 INCH, CLASS 900, ASTM A182 F316, ASME B16.5, FF FACING",CAN-000784,DEPOT-ONGC-ANK,"Ankleshwar Asset, Gujarat",49,39550,36,FLANGE_SLIP_ON,40.0,900,ASTM A182 F316,FF,ASME B16.5
ONGC-MAT-0002655,ONGC,"FLANGE, WELDING NECK, 1 INCH, CLASS 600, ASTM A182 F316, ASME B16.5, RTJ FACING",CAN-000064,DEPOT-ONGC-ANK,"Ankleshwar Asset, Gujarat",63,21340,700,FLANGE_WELD_NECK,25.0,600,ASTM A182 F316,RTJ,ASME B16.5
ONGC-MAT-0002656,ONGC,"VALVE, BALL, 1/2 INCH, CLASS 150, ASTM A182 F316, API 6D, RF FACING",CAN-001603,DEPOT-ONGC-RJM,"Rajahmundry Asset, Andhra Pradesh",0,36230,0,BALL_VALVE,15.0,150,ASTM A182 F316,RF,API 6D
ONGC-MAT-0002657,ONGC,"FLANGE, SLIP-ON, 6 INCH, CLASS 600, ASTM A105, ASME B16.5, RF FACING",CAN-000893,DEPOT-ONGC-HZR,"Hazira Gas Processing Plant, Gujarat",146,49810,503,FLANGE_SLIP_ON,150.0,600,ASTM A105,RF,ASME B16.5
ONGC-MAT-0002658,ONGC,"VALVE, GATE, 1 INCH, CLASS 150, ASTM A182 F316, API 600, RF FACING",CAN-001069,DEPOT-ONGC-HZR,"Hazira Gas Processing Plant, Gujarat",150,57600,270,GATE_VALVE,25.0,150,ASTM A182 F316,RF,API 600
ONGC-MAT-0002659,ONGC,"VALVE, GATE, 1/2 INCH, CLASS 1500, ASTM A105, API 6D, RF FACING",CAN-001054,DEPOT-ONGC-RJM,"Rajahmundry Asset, Andhra Pradesh",45,58460,115,GATE_VALVE,15.0,1500,ASTM A105,RF,API 6D
ONGC-MAT-0002660,ONGC,"VALVE, GLOBE, 4 INCH, CLASS 300, ASTM A105, BS 1873, RF FACING",CAN-001907,DEPOT-ONGC-MBO,"Mumbai Offshore Logistics Base, Maharashtra",112,253340,445,GLOBE_VALVE,100.0,300,ASTM A105,RF,BS 1873
ONGC-MAT-0002661,ONGC,"VALVE, GATE, 1 INCH, CLASS 1500, ASTM A182 F316, API 6D, BW FACING",CAN-001120,DEPOT-ONGC-ANK,"Ankleshwar Asset, Gujarat",111,363430,365,GATE_VALVE,25.0,1500,ASTM A182 F316,BW,API 6D
ONGC-MAT-0002662,ONGC,"VALVE, GATE, 1/2 INCH, CLASS 1500, ASTM A105, API 6D, RF FACING",CAN-001054,DEPOT-ONGC-ANK,"Ankleshwar Asset, Gujarat",141,58460,684,GATE_VALVE,15.0,1500,ASTM A105,RF,API 6D
ONGC-MAT-0002663,ONGC,"VALVE, GLOBE, 4 INCH, CLASS 900, ASTM A216 WCB, ASME B16.34, RF FACING",CAN-001914,DEPOT-ONGC-MBO,"Mumbai Offshore Logistics Base, Maharashtra",23,610110,109,GLOBE_VALVE,100.0,900,ASTM A216 WCB,RF,ASME B16.34
ONGC-MAT-0002664,ONGC,"FLANGE, WELDING NECK, 6 INCH, CLASS 1500, ASTM A350 LF2, ASME B16.5, RTJ FACING",CAN-000276,DEPOT-ONGC-ANK,"Ankleshwar Asset, Gujarat",21,228100,111,FLANGE_WELD_NECK,150.0,1500,ASTM A350 LF2,RTJ,ASME B16.5
ONGC-MAT-0002665,ONGC,"VALVE, GATE, 1.5 INCH, CLASS 900, ASTM A182 F316, API 6D, BW FACING",CAN-001168,DEPOT-ONGC-RJM,"Rajahmundry Asset, Andhra Pradesh",0,444930,0,GATE_VALVE,40.0,900,ASTM A182 F316,BW,API 6D
ONGC-MAT-0002666,ONGC,"VALVE, BALL, 12 INCH, CLASS 150, ASTM A182 F316, API 6D, BW FACING",CAN-001784,DEPOT-ONGC-ANK,"Ankleshwar Asset, Gujarat",8,1780360,16,BALL_VALVE,300.0,150,ASTM A182 F316,BW,API 6D
ONGC-MAT-0002667,ONGC,"FLANGE, BLIND, 1.5 INCH, CLASS 600, ASTM A182 F316, ASME B16.5, RF FACING",CAN-000477,DEPOT-ONGC-MBO,"Mumbai Offshore Logistics Base, Maharashtra",0,32160,0,FLANGE_BLIND,40.0,600,ASTM A182 F316,RF,ASME B16.5
ONGC-MAT-0002668,ONGC,"GASKET, SPIRAL WOUND, 2 INCH, CLASS 1500, SS304 / GRAPHITE, ASME B16.20, RF FACING",CAN-002040,DEPOT-ONGC-RJM,"Rajahmundry Asset, Andhra Pradesh",37,24230,27,SPIRAL_WOUND_GASKET,50.0,1500,SS304 / GRAPHITE,RF,ASME B16.20
ONGC-MAT-0002669,ONGC,"FLANGE, SLIP-ON, 10 INCH, CLASS 300, ASTM A182 F316, ASME B16.5, FF FACING",CAN-000952,DEPOT-ONGC-MBO,"Mumbai Offshore Logistics Base, Maharashtra",32,177860,26,FLANGE_SLIP_ON,250.0,300,ASTM A182 F316,FF,ASME B16.5
ONGC-MAT-0002670,ONGC,"VALVE, GATE, 1.5 INCH, CLASS 900, ASTM A216 WCB, API 6D, RF FACING",CAN-001158,DEPOT-ONGC-MBO,"Mumbai Offshore Logistics Base, Maharashtra",28,139040,112,GATE_VALVE,40.0,900,ASTM A216 WCB,RF,API 6D
ONGC-MAT-0002671,ONGC,"VALVE, GATE, 8 INCH, CLASS 900, ASTM A105, API 600, BW FACING",CAN-001463,DEPOT-ONGC-URN,"Uran Plant, Maharashtra",42,1126700,39,GATE_VALVE,200.0,900,ASTM A105,BW,API 600
ONGC-MAT-0002672,ONGC,"FLANGE, SLIP-ON, 1.5 INCH, CLASS 1500, ASTM A182 F304, ASME B16.5, RF FACING",CAN-000787,DEPOT-ONGC-RJM,"Rajahmundry Asset, Andhra Pradesh",46,44630,120,FLANGE_SLIP_ON,40.0,1500,ASTM A182 F304,RF,ASME B16.5
ONGC-MAT-0002673,ONGC,"FLANGE, WELDING NECK, 3 INCH, CLASS 1500, ASTM A105, ASME B16.5, RTJ FACING",CAN-000194,DEPOT-ONGC-ANK,"Ankleshwar Asset, Gujarat",29,62960,12,FLANGE_WELD_NECK,80.0,1500,ASTM A105,RTJ,ASME B16.5
ONGC-MAT-0002674,ONGC,"VALVE, GATE, 8 INCH, CLASS 300, ASTM A182 F316, API 600, RF FACING",CAN-001441,DEPOT-ONGC-RJM,"Rajahmundry Asset, Andhra Pradesh",0,1497140,0,GATE_VALVE,200.0,300,ASTM A182 F316,RF,API 600
ONGC-MAT-0002675,ONGC,"VALVE, GLOBE, 6 INCH, CLASS 900, ASTM A105, BS 1873, RF FACING",CAN-001935,DEPOT-ONGC-HZR,"Hazira Gas Processing Plant, Gujarat",0,1033540,0,GLOBE_VALVE,150.0,900,ASTM A105,RF,BS 1873
ONGC-MAT-0002676,ONGC,"VALVE, BALL, 6 INCH, CLASS 150, ASTM A216 WCB, API 6D, BW FACING",CAN-001722,DEPOT-ONGC-ANK,"Ankleshwar Asset, Gujarat",0,225950,0,BALL_VALVE,150.0,150,ASTM A216 WCB,BW,API 6D
ONGC-MAT-0002677,ONGC,"FLANGE, WELDING NECK, 10 INCH, CLASS 1500, ASTM A350 LF2, ASME B16.5, RTJ FACING",CAN-000356,DEPOT-ONGC-URN,"Uran Plant, Maharashtra",84,443140,542,FLANGE_WELD_NECK,250.0,1500,ASTM A350 LF2,RTJ,ASME B16.5
ONGC-MAT-0002678,ONGC,"GASKET, SPIRAL WOUND, 2 INCH, CLASS 300, SS304 / GRAPHITE, ASME B16.20, RF FACING",CAN-002034,DEPOT-ONGC-URN,"Uran Plant, Maharashtra",7,6680,21,SPIRAL_WOUND_GASKET,50.0,300,SS304 / GRAPHITE,RF,ASME B16.20
ONGC-MAT-0002679,ONGC,"FLANGE, WELDING NECK, 12 INCH, CLASS 600, ASTM A350 LF2, ASME B16.5, RF FACING",CAN-000379,DEPOT-ONGC-MBO,"Mumbai Offshore Logistics Base, Maharashtra",0,269850,0,FLANGE_WELD_NECK,300.0,600,ASTM A350 LF2,RF,ASME B16.5
ONGC-MAT-0002680,ONGC,"FLANGE, WELDING NECK, 10 INCH, CLASS 900, ASTM A182 F304, ASME B16.5, RTJ FACING",CAN-000350,DEPOT-ONGC-RJM,"Rajahmundry Asset, Andhra Pradesh",76,441720,324,FLANGE_WELD_NECK,250.0,900,ASTM A182 F304,RTJ,ASME B16.5
ONGC-MAT-0002681,ONGC,"FLANGE, SLIP-ON, 8 INCH, CLASS 1500, ASTM A105, ASME B16.5, FF FACING",CAN-000936,DEPOT-ONGC-ANK,"Ankleshwar Asset, Gujarat",33,150700,82,FLANGE_SLIP_ON,200.0,1500,ASTM A105,FF,ASME B16.5
ONGC-MAT-0002682,ONGC,"FLANGE, SLIP-ON, 10 INCH, CLASS 600, ASTM A182 F316, ASME B16.5, RF FACING",CAN-000957,DEPOT-ONGC-URN,"Uran Plant, Maharashtra",13,309680,56,FLANGE_SLIP_ON,250.0,600,ASTM A182 F316,RF,ASME B16.5
ONGC-MAT-0002683,ONGC,"VALVE, GATE, 1.5 INCH, CLASS 300, ASTM A216 WCB, API 600, RF FACING",CAN-001133,DEPOT-ONGC-HZR,"Hazira Gas Processing Plant, Gujarat",95,57730,386,GATE_VALVE,40.0,300,ASTM A216 WCB,RF,API 600
ONGC-MAT-0002684,ONGC,"VALVE, GATE, 10 INCH, CLASS 900, ASTM A105, API 600, RF FACING",CAN-001521,DEPOT-ONGC-HZR,"Hazira Gas Processing Plant, Gujarat",8,1505890,37,GATE_VALVE,250.0,900,ASTM A105,RF,API 600
ONGC-MAT-0002685,ONGC,"FLANGE, WELDING NECK, 1/2 INCH, CLASS 900, ASTM A105, ASME B16.5, RF FACING",CAN-000025,DEPOT-ONGC-URN,"Uran Plant, Maharashtra",46,4740,115,FLANGE_WELD_NECK,15.0,900,ASTM A105,RF,ASME B16.5
ONGC-MAT-0002686,ONGC,"VALVE, GATE, 10 INCH, CLASS 1500, ASTM A182 F316, API 600, BW FACING",CAN-001539,DEPOT-ONGC-URN,"Uran Plant, Maharashtra",96,7251410,432,GATE_VALVE,250.0,1500,ASTM A182 F316,BW,API 600
ONGC-MAT-0002687,ONGC,"FLANGE, BLIND, 1/2 INCH, CLASS 1500, ASTM A182 F316, ASME B16.5, RF FACING",CAN-000429,DEPOT-ONGC-RJM,"Rajahmundry Asset, Andhra Pradesh",38,18700,43,FLANGE_BLIND,15.0,1500,ASTM A182 F316,RF,ASME B16.5
ONGC-MAT-0002688,ONGC,"VALVE, GATE, 6 INCH, CLASS 1500, ASTM A105, API 6D, BW FACING",CAN-001416,DEPOT-ONGC-ANK,"Ankleshwar Asset, Gujarat",137,1166450,750,GATE_VALVE,150.0,1500,ASTM A105,BW,API 6D
ONGC-MAT-0002689,ONGC,"FLANGE, WELDING NECK, 3 INCH, CLASS 900, ASTM A182 F304, ASME B16.5, RF FACING",CAN-000189,DEPOT-ONGC-RJM,"Rajahmundry Asset, Andhra Pradesh",48,100420,41,FLANGE_WELD_NECK,80.0,900,ASTM A182 F304,RF,ASME B16.5
ONGC-MAT-0002690,ONGC,"FLANGE, SLIP-ON, 4 INCH, CLASS 900, ASTM A105, ASME B16.5, FF FACING",CAN-000870,DEPOT-ONGC-MBO,"Mumbai Offshore Logistics Base, Maharashtra",0,40670,0,FLANGE_SLIP_ON,100.0,900,ASTM A105,FF,ASME B16.5
ONGC-MAT-0002691,ONGC,"VALVE, BALL, 12 INCH, CLASS 1500, ASTM A216 WCB, API 6D, BW FACING",CAN-001798,DEPOT-ONGC-MBO,"Mumbai Offshore Logistics Base, Maharashtra",21,3510410,82,BALL_VALVE,300.0,1500,ASTM A216 WCB,BW,API 6D
ONGC-MAT-0002692,ONGC,"FLANGE, WELDING NECK, 12 INCH, CLASS 300, ASTM A350 LF2, ASME B16.5, RTJ FACING",CAN-000372,DEPOT-ONGC-MBO,"Mumbai Offshore Logistics Base, Maharashtra",106,154980,493,FLANGE_WELD_NECK,300.0,300,ASTM A350 LF2,RTJ,ASME B16.5
ONGC-MAT-0002693,ONGC,"VALVE, GATE, 2 INCH, CLASS 600, ASTM A105, API 600, BW FACING",CAN-001211,DEPOT-ONGC-RJM,"Rajahmundry Asset, Andhra Pradesh",27,134350,101,GATE_VALVE,50.0,600,ASTM A105,BW,API 600
ONGC-MAT-0002694,ONGC,"VALVE, GATE, 6 INCH, CLASS 1500, ASTM A216 WCB, API 6D, RF FACING",CAN-001410,DEPOT-ONGC-RJM,"Rajahmundry Asset, Andhra Pradesh",34,1166450,103,GATE_VALVE,150.0,1500,ASTM A216 WCB,RF,API 6D
ONGC-MAT-0002695,ONGC,"VALVE, GATE, 10 INCH, CLASS 150, ASTM A105, API 6D, BW FACING",CAN-001488,DEPOT-ONGC-RJM,"Rajahmundry Asset, Andhra Pradesh",64,359140,639,GATE_VALVE,250.0,150,ASTM A105,BW,API 6D
ONGC-MAT-0002696,ONGC,"VALVE, GATE, 12 INCH, CLASS 600, ASTM A105, API 6D, BW FACING",CAN-001572,DEPOT-ONGC-URN,"Uran Plant, Maharashtra",146,1379920,474,GATE_VALVE,300.0,600,ASTM A105,BW,API 6D
ONGC-MAT-0002697,ONGC,"STUD BOLT WITH NUTS, 1.5 INCH, CLASS 1500, ASTM A193 B7 / A194 2H, ASME B18.2.1, THRD FACING",CAN-002129,DEPOT-ONGC-URN,"Uran Plant, Maharashtra",11,4060,77,STUD_BOLT,40.0,1500,ASTM A193 B7 / A194 2H,THRD,ASME B18.2.1
ONGC-MAT-0002698,ONGC,"FLANGE, WELDING NECK, 1/2 INCH, CLASS 150, ASTM A105, ASME B16.5, RTJ FACING",CAN-000002,DEPOT-ONGC-URN,"Uran Plant, Maharashtra",0,1130,0,FLANGE_WELD_NECK,15.0,150,ASTM A105,RTJ,ASME B16.5
ONGC-MAT-0002699,ONGC,"FLANGE, BLIND, 10 INCH, CLASS 150, ASTM A105, ASME B16.5, RTJ FACING",CAN-000642,DEPOT-ONGC-URN,"Uran Plant, Maharashtra",91,35910,204,FLANGE_BLIND,250.0,150,ASTM A105,RTJ,ASME B16.5
ONGC-MAT-0002700,ONGC,"VALVE, GATE, 3 INCH, CLASS 900, ASTM A182 F316, API 600, RF FACING",CAN-001285,DEPOT-ONGC-URN,"Uran Plant, Maharashtra",0,1095560,0,GATE_VALVE,80.0,900,ASTM A182 F316,RF,API 600
ONGC-MAT-0002701,ONGC,"VALVE, BALL, 10 INCH, CLASS 1500, ASTM A182 F316, API 6D, RF FACING",CAN-001779,DEPOT-ONGC-URN,"Uran Plant, Maharashtra",47,8862830,26,BALL_VALVE,250.0,1500,ASTM A182 F316,RF,API 6D
ONGC-MAT-0002702,ONGC,"VALVE, GATE, 3 INCH, CLASS 150, ASTM A105, API 600, RF FACING",CAN-001245,DEPOT-ONGC-MBO,"Mumbai Offshore Logistics Base, Maharashtra",34,81650,62,GATE_VALVE,80.0,150,ASTM A105,RF,API 600
ONGC-MAT-0002703,ONGC,"FLANGE, WELDING NECK, 4 INCH, CLASS 1500, ASTM A105, ASME B16.5, RTJ FACING",CAN-000234,DEPOT-ONGC-ANK,"Ankleshwar Asset, Gujarat",90,84150,221,FLANGE_WELD_NECK,100.0,1500,ASTM A105,RTJ,ASME B16.5
ONGC-MAT-0002704,ONGC,"FLANGE, SLIP-ON, 1/2 INCH, CLASS 300, ASTM A182 F316, ASME B16.5, FF FACING",CAN-000712,DEPOT-ONGC-ANK,"Ankleshwar Asset, Gujarat",119,4580,524,FLANGE_SLIP_ON,15.0,300,ASTM A182 F316,FF,ASME B16.5
ONGC-MAT-0002705,ONGC,"VALVE, GATE, 6 INCH, CLASS 150, ASTM A182 F316, API 6D, RF FACING",CAN-001370,DEPOT-ONGC-ANK,"Ankleshwar Asset, Gujarat",0,591580,0,GATE_VALVE,150.0,150,ASTM A182 F316,RF,API 6D
ONGC-MAT-0002706,ONGC,"VALVE, GATE, 1/2 INCH, CLASS 1500, ASTM A182 F316, API 600, RF FACING",CAN-001057,DEPOT-ONGC-URN,"Uran Plant, Maharashtra",19,187070,74,GATE_VALVE,15.0,1500,ASTM A182 F316,RF,API 600
ONGC-MAT-0002707,ONGC,"FLANGE, WELDING NECK, 10 INCH, CLASS 300, ASTM A182 F316, ASME B16.5, RTJ FACING",CAN-000336,DEPOT-ONGC-HZR,"Hazira Gas Processing Plant, Gujarat",24,244560,538,FLANGE_WELD_NECK,250.0,300,ASTM A182 F316,RTJ,ASME B16.5
ONGC-MAT-0002708,ONGC,"FLANGE, SLIP-ON, 1/2 INCH, CLASS 300, ASTM A182 F304, ASME B16.5, FF FACING",CAN-000710,DEPOT-ONGC-HZR,"Hazira Gas Processing Plant, Gujarat",53,3440,724,FLANGE_SLIP_ON,15.0,300,ASTM A182 F304,FF,ASME B16.5
ONGC-MAT-0002709,ONGC,"VALVE, GATE, 4 INCH, CLASS 600, ASTM A216 WCB, API 6D, BW FACING",CAN-001328,DEPOT-ONGC-RJM,"Rajahmundry Asset, Andhra Pradesh",0,330820,0,GATE_VALVE,100.0,600,ASTM A216 WCB,BW,API 6D
ONGC-MAT-0002710,ONGC,"VALVE, GATE, 1 INCH, CLASS 600, ASTM A105, API 6D, BW FACING",CAN-001092,DEPOT-ONGC-MBO,"Mumbai Offshore Logistics Base, Maharashtra",94,54560,526,GATE_VALVE,25.0,600,ASTM A105,BW,API 6D
ONGC-MAT-0002711,ONGC,"FLANGE, BLIND, 10 INCH, CLASS 600, ASTM A105, ASME B16.5, RF FACING",CAN-000653,DEPOT-ONGC-RJM,"Rajahmundry Asset, Andhra Pradesh",38,108870,101,FLANGE_BLIND,250.0,600,ASTM A105,RF,ASME B16.5
ONGC-MAT-0002712,ONGC,"VALVE, GATE, 2 INCH, CLASS 600, ASTM A216 WCB, API 6D, BW FACING",CAN-001208,DEPOT-ONGC-URN,"Uran Plant, Maharashtra",31,134350,72,GATE_VALVE,50.0,600,ASTM A216 WCB,BW,API 6D
ONGC-MAT-0002713,ONGC,"FLANGE, BLIND, 1/2 INCH, CLASS 600, ASTM A105, ASME B16.5, RTJ FACING",CAN-000414,DEPOT-ONGC-MBO,"Mumbai Offshore Logistics Base, Maharashtra",66,2800,391,FLANGE_BLIND,15.0,600,ASTM A105,RTJ,ASME B16.5
ONGC-MAT-0002714,ONGC,"VALVE, GATE, 2 INCH, CLASS 900, ASTM A182 F316, API 6D, RF FACING",CAN-001226,DEPOT-ONGC-RJM,"Rajahmundry Asset, Andhra Pradesh",0,594670,0,GATE_VALVE,50.0,900,ASTM A182 F316,RF,API 6D
ONGC-MAT-0002715,ONGC,"STUD BOLT WITH NUTS, 1 INCH, CLASS 150, ASTM A320 L7 / A194 7, ASME B18.2.1, THRD FACING",CAN-002112,DEPOT-ONGC-ANK,"Ankleshwar Asset, Gujarat",0,560,0,STUD_BOLT,25.0,150,ASTM A320 L7 / A194 7,THRD,ASME B18.2.1
ONGC-MAT-0002716,ONGC,"VALVE, GATE, 1.5 INCH, CLASS 1500, ASTM A216 WCB, API 600, BW FACING",CAN-001171,DEPOT-ONGC-URN,"Uran Plant, Maharashtra",136,209230,378,GATE_VALVE,40.0,1500,ASTM A216 WCB,BW,API 600
ONGC-MAT-0002717,ONGC,"FLANGE, BLIND, 12 INCH, CLASS 1500, ASTM A350 LF2, ASME B16.5, RTJ FACING",CAN-000698,DEPOT-ONGC-URN,"Uran Plant, Maharashtra",75,459540,608,FLANGE_BLIND,300.0,1500,ASTM A350 LF2,RTJ,ASME B16.5
ONGC-MAT-0002718,ONGC,"GASKET, SPIRAL WOUND, 2 INCH, CLASS 300, SS304 / GRAPHITE, ASME B16.20, RF FACING",CAN-002034,DEPOT-ONGC-RJM,"Rajahmundry Asset, Andhra Pradesh",0,6680,0,SPIRAL_WOUND_GASKET,50.0,300,SS304 / GRAPHITE,RF,ASME B16.20
ONGC-MAT-0002719,ONGC,"GASKET, SPIRAL WOUND, 1.5 INCH, CLASS 150, SS316 / GRAPHITE, ASME B16.20, RF FACING",CAN-002021,DEPOT-ONGC-ANK,"Ankleshwar Asset, Gujarat",0,3830,0,SPIRAL_WOUND_GASKET,40.0,150,SS316 / GRAPHITE,RF,ASME B16.20
ONGC-MAT-0002720,ONGC,"GASKET, SPIRAL WOUND, 8 INCH, CLASS 150, SS316 / GRAPHITE, ASME B16.20, RF FACING",CAN-002071,DEPOT-ONGC-HZR,"Hazira Gas Processing Plant, Gujarat",0,31050,0,SPIRAL_WOUND_GASKET,200.0,150,SS316 / GRAPHITE,RF,ASME B16.20
ONGC-MAT-0002721,ONGC,"FLANGE, BLIND, 8 INCH, CLASS 1500, ASTM A182 F316, ASME B16.5, RTJ FACING",CAN-000640,DEPOT-ONGC-HZR,"Hazira Gas Processing Plant, Gujarat",15,542540,18,FLANGE_BLIND,200.0,1500,ASTM A182 F316,RTJ,ASME B16.5
ONGC-MAT-0002722,ONGC,"VALVE, BALL, 4 INCH, CLASS 150, ASTM A216 WCB, API 6D, BW FACING",CAN-001702,DEPOT-ONGC-ANK,"Ankleshwar Asset, Gujarat",0,133380,0,BALL_VALVE,100.0,150,ASTM A216 WCB,BW,API 6D
ONGC-MAT-0002723,ONGC,"FLANGE, WELDING NECK, 6 INCH, CLASS 150, ASTM A105, ASME B16.5, RF FACING",CAN-000241,DEPOT-ONGC-ANK,"Ankleshwar Asset, Gujarat",118,22590,571,FLANGE_WELD_NECK,150.0,150,ASTM A105,RF,ASME B16.5
ONGC-MAT-0002724,ONGC,"GASKET, SPIRAL WOUND, 10 INCH, CLASS 300, SS304 / GRAPHITE, ASME B16.20, RF FACING",CAN-002084,DEPOT-ONGC-ANK,"Ankleshwar Asset, Gujarat",0,54190,0,SPIRAL_WOUND_GASKET,250.0,300,SS304 / GRAPHITE,RF,ASME B16.20
ONGC-MAT-0002725,ONGC,"FLANGE, SLIP-ON, 4 INCH, CLASS 150, ASTM A182 F304, ASME B16.5, RF FACING",CAN-000853,DEPOT-ONGC-MBO,"Mumbai Offshore Logistics Base, Maharashtra",0,23280,0,FLANGE_SLIP_ON,100.0,150,ASTM A182 F304,RF,ASME B16.5
ONGC-MAT-0002726,ONGC,"VALVE, GATE, 1 INCH, CLASS 150, ASTM A216 WCB, API 600, BW FACING",CAN-001063,DEPOT-ONGC-ANK,"Ankleshwar Asset, Gujarat",12,18000,13,GATE_VALVE,25.0,150,ASTM A216 WCB,BW,API 600
ONGC-MAT-0002727,ONGC,"VALVE, GATE, 3 INCH, CLASS 900, ASTM A105, API 6D, RF FACING",CAN-001282,DEPOT-ONGC-ANK,"Ankleshwar Asset, Gujarat",0,342360,0,GATE_VALVE,80.0,900,ASTM A105,RF,API 6D
ONGC-MAT-0002728,ONGC,"VALVE, GATE, 3 INCH, CLASS 300, ASTM A105, API 6D, RF FACING",CAN-001258,DEPOT-ONGC-RJM,"Rajahmundry Asset, Andhra Pradesh",17,142160,18,GATE_VALVE,80.0,300,ASTM A105,RF,API 6D
ONGC-MAT-0002729,ONGC,"GASKET, SPIRAL WOUND, 12 INCH, CLASS 900, SS304 / GRAPHITE, ASME B16.20, RF FACING",CAN-002098,DEPOT-ONGC-RJM,"Rajahmundry Asset, Andhra Pradesh",6,165410,95,SPIRAL_WOUND_GASKET,300.0,900,SS304 / GRAPHITE,RF,ASME B16.20
ONGC-MAT-0002730,ONGC,"FLANGE, WELDING NECK, 8 INCH, CLASS 900, ASTM A105, ASME B16.5, RTJ FACING",CAN-000306,DEPOT-ONGC-RJM,"Rajahmundry Asset, Andhra Pradesh",33,137700,667,FLANGE_WELD_NECK,200.0,900,ASTM A105,RTJ,ASME B16.5
ONGC-MAT-0002731,ONGC,"STUD BOLT WITH NUTS, 1/2 INCH, CLASS 600, ASTM A320 L7 / A194 7, ASME B18.2.1, THRD FACING",CAN-002106,DEPOT-ONGC-RJM,"Rajahmundry Asset, Andhra Pradesh",0,870,0,STUD_BOLT,15.0,600,ASTM A320 L7 / A194 7,THRD,ASME B18.2.1
ONGC-MAT-0002732,ONGC,"VALVE, GLOBE, 3 INCH, CLASS 1500, ASTM A105, BS 1873, RF FACING",CAN-001899,DEPOT-ONGC-URN,"Uran Plant, Maharashtra",19,686920,23,GLOBE_VALVE,80.0,1500,ASTM A105,RF,BS 1873
ONGC-MAT-0002733,ONGC,"VALVE, GLOBE, 4 INCH, CLASS 600, ASTM A216 WCB, BS 1873, RF FACING",CAN-001909,DEPOT-ONGC-URN,"Uran Plant, Maharashtra",17,441100,45,GLOBE_VALVE,100.0,600,ASTM A216 WCB,RF,BS 1873
ONGC-MAT-0002734,ONGC,"FLANGE, SLIP-ON, 1.5 INCH, CLASS 600, ASTM A105, ASME B16.5, RF FACING",CAN-000773,DEPOT-ONGC-HZR,"Hazira Gas Processing Plant, Gujarat",107,8930,232,FLANGE_SLIP_ON,40.0,600,ASTM A105,RF,ASME B16.5
ONGC-MAT-0002735,ONGC,"FLANGE, WELDING NECK, 4 INCH, CLASS 150, ASTM A182 F304, ASME B16.5, RF FACING",CAN-000205,DEPOT-ONGC-URN,"Uran Plant, Maharashtra",34,32010,95,FLANGE_WELD_NECK,100.0,150,ASTM A182 F304,RF,ASME B16.5
ONGC-MAT-0002736,ONGC,"VALVE, GATE, 1.5 INCH, CLASS 1500, ASTM A105, API 600, RF FACING",CAN-001173,DEPOT-ONGC-ANK,"Ankleshwar Asset, Gujarat",49,209230,13,GATE_VALVE,40.0,1500,ASTM A105,RF,API 600
ONGC-MAT-0002737,ONGC,"FLANGE, WELDING NECK, 3 INCH, CLASS 600, ASTM A105, ASME B16.5, RF FACING",CAN-000177,DEPOT-ONGC-RJM,"Rajahmundry Asset, Andhra Pradesh",0,30250,0,FLANGE_WELD_NECK,80.0,600,ASTM A105,RF,ASME B16.5
ONGC-MAT-0002738,ONGC,"FLANGE, WELDING NECK, 6 INCH, CLASS 300, ASTM A350 LF2, ASME B16.5, RTJ FACING",CAN-000252,DEPOT-ONGC-RJM,"Rajahmundry Asset, Andhra Pradesh",20,62940,240,FLANGE_WELD_NECK,150.0,300,ASTM A350 LF2,RTJ,ASME B16.5
ONGC-MAT-0002739,ONGC,"STUD BOLT WITH NUTS, 3 INCH, CLASS 1500, ASTM A320 L7 / A194 7, ASME B18.2.1, THRD FACING",CAN-002150,DEPOT-ONGC-MBO,"Mumbai Offshore Logistics Base, Maharashtra",0,16020,0,STUD_BOLT,80.0,1500,ASTM A320 L7 / A194 7,THRD,ASME B18.2.1
ONGC-MAT-0002740,ONGC,"VALVE, GATE, 1.5 INCH, CLASS 900, ASTM A216 WCB, API 600, RF FACING",CAN-001157,DEPOT-ONGC-HZR,"Hazira Gas Processing Plant, Gujarat",45,139040,71,GATE_VALVE,40.0,900,ASTM A216 WCB,RF,API 600
ONGC-MAT-0002741,ONGC,"FLANGE, WELDING NECK, 1.5 INCH, CLASS 150, ASTM A182 F316, ASME B16.5, RF FACING",CAN-000087,DEPOT-ONGC-HZR,"Hazira Gas Processing Plant, Gujarat",51,12960,714,FLANGE_WELD_NECK,40.0,150,ASTM A182 F316,RF,ASME B16.5
ONGC-MAT-0002742,ONGC,"VALVE, GLOBE, 6 INCH, CLASS 150, ASTM A216 WCB, BS 1873, RF FACING",CAN-001921,DEPOT-ONGC-RJM,"Rajahmundry Asset, Andhra Pradesh",91,246490,535,GLOBE_VALVE,150.0,150,ASTM A216 WCB,RF,BS 1873
ONGC-MAT-0002743,ONGC,"FLANGE, SLIP-ON, 2 INCH, CLASS 150, ASTM A182 F316, ASME B16.5, RF FACING",CAN-000795,DEPOT-ONGC-URN,"Uran Plant, Maharashtra",0,12600,0,FLANGE_SLIP_ON,50.0,150,ASTM A182 F316,RF,ASME B16.5
ONGC-MAT-0002744,ONGC,"FLANGE, WELDING NECK, 1.5 INCH, CLASS 300, ASTM A182 F316, ASME B16.5, RTJ FACING",CAN-000096,DEPOT-ONGC-ANK,"Ankleshwar Asset, Gujarat",7,22580,26,FLANGE_WELD_NECK,40.0,300,ASTM A182 F316,RTJ,ASME B16.5
ONGC-MAT-0002745,ONGC,"VALVE, GATE, 12 INCH, CLASS 900, ASTM A105, API 600, RF FACING",CAN-001581,DEPOT-ONGC-URN,"Uran Plant, Maharashtra",0,1908660,0,GATE_VALVE,300.0,900,ASTM A105,RF,API 600
ONGC-MAT-0002746,ONGC,"FLANGE, BLIND, 1/2 INCH, CLASS 150, ASTM A350 LF2, ASME B16.5, RTJ FACING",CAN-000404,DEPOT-ONGC-ANK,"Ankleshwar Asset, Gujarat",138,1480,539,FLANGE_BLIND,15.0,150,ASTM A350 LF2,RTJ,ASME B16.5
ONGC-MAT-0002747,ONGC,"FLANGE, BLIND, 6 INCH, CLASS 600, ASTM A105, ASME B16.5, RTJ FACING",CAN-000594,DEPOT-ONGC-HZR,"Hazira Gas Processing Plant, Gujarat",33,56040,111,FLANGE_BLIND,150.0,600,ASTM A105,RTJ,ASME B16.5
ONGC-MAT-0002748,ONGC,"VALVE, GATE, 12 INCH, CLASS 150, ASTM A182 F316, API 600, RF FACING",CAN-001549,DEPOT-ONGC-RJM,"Rajahmundry Asset, Andhra Pradesh",0,1456650,0,GATE_VALVE,300.0,150,ASTM A182 F316,RF,API 600
ONGC-MAT-0002749,ONGC,"FLANGE, WELDING NECK, 12 INCH, CLASS 1500, ASTM A182 F316, ASME B16.5, RF FACING",CAN-000399,DEPOT-ONGC-URN,"Uran Plant, Maharashtra",0,1123330,0,FLANGE_WELD_NECK,300.0,1500,ASTM A182 F316,RF,ASME B16.5
ONGC-MAT-0002750,ONGC,"GASKET, SPIRAL WOUND, 10 INCH, CLASS 600, SS304 / GRAPHITE, ASME B16.20, RF FACING",CAN-002086,DEPOT-ONGC-RJM,"Rajahmundry Asset, Andhra Pradesh",8,94350,111,SPIRAL_WOUND_GASKET,250.0,600,SS304 / GRAPHITE,RF,ASME B16.20
ONGC-MAT-0002751,ONGC,"VALVE, GATE, 2 INCH, CLASS 1500, ASTM A105, API 600, BW FACING",CAN-001235,DEPOT-ONGC-MBO,"Mumbai Offshore Logistics Base, Maharashtra",92,279640,248,GATE_VALVE,50.0,1500,ASTM A105,BW,API 600
ONGC-MAT-0002752,ONGC,"VALVE, GLOBE, 8 INCH, CLASS 900, ASTM A105, ASME B16.34, RF FACING",CAN-001956,DEPOT-ONGC-MBO,"Mumbai Offshore Logistics Base, Maharashtra",15,1502270,111,GLOBE_VALVE,200.0,900,ASTM A105,RF,ASME B16.34
ONGC-MAT-0002753,ONGC,"FLANGE, SLIP-ON, 1.5 INCH, CLASS 300, ASTM A182 F304, ASME B16.5, FF FACING",CAN-000770,DEPOT-ONGC-ANK,"Ankleshwar Asset, Gujarat",0,12310,0,FLANGE_SLIP_ON,40.0,300,ASTM A182 F304,FF,ASME B16.5
ONGC-MAT-0002754,ONGC,"VALVE, GATE, 1/2 INCH, CLASS 300, ASTM A105, API 600, BW FACING",CAN-001019,DEPOT-ONGC-URN,"Uran Plant, Maharashtra",32,16130,634,GATE_VALVE,15.0,300,ASTM A105,BW,API 600
ONGC-MAT-0002755,ONGC,"FLANGE, WELDING NECK, 1.5 INCH, CLASS 900, ASTM A182 F304, ASME B16.5, RTJ FACING",CAN-000110,DEPOT-ONGC-RJM,"Rajahmundry Asset, Andhra Pradesh",32,40780,73,FLANGE_WELD_NECK,40.0,900,ASTM A182 F304,RTJ,ASME B16.5
ONGC-MAT-0002756,ONGC,"FLANGE, BLIND, 2 INCH, CLASS 900, ASTM A182 F316, ASME B16.5, RF FACING",CAN-000513,DEPOT-ONGC-ANK,"Ankleshwar Asset, Gujarat",36,59460,51,FLANGE_BLIND,50.0,900,ASTM A182 F316,RF,ASME B16.5
ONGC-MAT-0002757,ONGC,"FLANGE, WELDING NECK, 1/2 INCH, CLASS 1500, ASTM A182 F304, ASME B16.5, RF FACING",CAN-000037,DEPOT-ONGC-ANK,"Ankleshwar Asset, Gujarat",26,17140,10,FLANGE_WELD_NECK,15.0,1500,ASTM A182 F304,RF,ASME B16.5
ONGC-MAT-0002758,ONGC,"FLANGE, WELDING NECK, 8 INCH, CLASS 900, ASTM A182 F316, ASME B16.5, RF FACING",CAN-000311,DEPOT-ONGC-RJM,"Rajahmundry Asset, Andhra Pradesh",11,440660,48,FLANGE_WELD_NECK,200.0,900,ASTM A182 F316,RF,ASME B16.5
ONGC-MAT-0002759,ONGC,"FLANGE, BLIND, 1 INCH, CLASS 150, ASTM A105, ASME B16.5, RTJ FACING",CAN-000432,DEPOT-ONGC-ANK,"Ankleshwar Asset, Gujarat",0,1800,0,FLANGE_BLIND,25.0,150,ASTM A105,RTJ,ASME B16.5
ONGC-MAT-0002760,ONGC,"FLANGE, WELDING NECK, 6 INCH, CLASS 900, ASTM A182 F316, ASME B16.5, RTJ FACING",CAN-000272,DEPOT-ONGC-RJM,"Rajahmundry Asset, Andhra Pradesh",132,303170,360,FLANGE_WELD_NECK,150.0,900,ASTM A182 F316,RTJ,ASME B16.5
ONGC-MAT-0002761,ONGC,"VALVE, BALL, 1/2 INCH, CLASS 600, ASTM A216 WCB, API 6D, RF FACING",CAN-001609,DEPOT-ONGC-URN,"Uran Plant, Maharashtra",44,34320,47,BALL_VALVE,15.0,600,ASTM A216 WCB,RF,API 6D
ONGC-MAT-0002762,ONGC,"FLANGE, WELDING NECK, 10 INCH, CLASS 300, ASTM A105, ASME B16.5, RTJ FACING",CAN-000330,DEPOT-ONGC-MBO,"Mumbai Offshore Logistics Base, Maharashtra",0,76420,0,FLANGE_WELD_NECK,250.0,300,ASTM A105,RTJ,ASME B16.5
ONGC-MAT-0002763,ONGC,"VALVE, GATE, 6 INCH, CLASS 600, ASTM A182 F316, API 6D, RF FACING",CAN-001394,DEPOT-ONGC-URN,"Uran Plant, Maharashtra",26,1793350,23,GATE_VALVE,150.0,600,ASTM A182 F316,RF,API 6D
ONGC-MAT-0002764,ONGC,"FLANGE, WELDING NECK, 2 INCH, CLASS 600, ASTM A182 F304, ASME B16.5, RF FACING",CAN-000141,DEPOT-ONGC-RJM,"Rajahmundry Asset, Andhra Pradesh",93,39410,317,FLANGE_WELD_NECK,50.0,600,ASTM A182 F304,RF,ASME B16.5
ONGC-MAT-0002765,ONGC,"VALVE, GATE, 1 INCH, CLASS 1500, ASTM A105, API 6D, BW FACING",CAN-001116,DEPOT-ONGC-HZR,"Hazira Gas Processing Plant, Gujarat",19,113570,93,GATE_VALVE,25.0,1500,ASTM A105,BW,API 6D
ONGC-MAT-0002766,ONGC,"VALVE, GLOBE, 1 INCH, CLASS 1500, ASTM A105, BS 1873, RF FACING",CAN-001839,DEPOT-ONGC-RJM,"Rajahmundry Asset, Andhra Pradesh",47,151420,51,GLOBE_VALVE,25.0,1500,ASTM A105,RF,BS 1873
ONGC-MAT-0002767,ONGC,"FLANGE, WELDING NECK, 1 INCH, CLASS 1500, ASTM A182 F316, ASME B16.5, RTJ FACING",CAN-000080,DEPOT-ONGC-HZR,"Hazira Gas Processing Plant, Gujarat",49,44410,43,FLANGE_WELD_NECK,25.0,1500,ASTM A182 F316,RTJ,ASME B16.5
ONGC-MAT-0002768,ONGC,"FLANGE, BLIND, 6 INCH, CLASS 1500, ASTM A105, ASME B16.5, RTJ FACING",CAN-000606,DEPOT-ONGC-MBO,"Mumbai Offshore Logistics Base, Maharashtra",0,116640,0,FLANGE_BLIND,150.0,1500,ASTM A105,RTJ,ASME B16.5
ONGC-MAT-0002769,ONGC,"VALVE, GATE, 3 INCH, CLASS 300, ASTM A105, API 6D, RF FACING",CAN-001258,DEPOT-ONGC-MBO,"Mumbai Offshore Logistics Base, Maharashtra",86,142160,378,GATE_VALVE,80.0,300,ASTM A105,RF,API 6D
ONGC-MAT-0002770,ONGC,"STUD BOLT WITH NUTS, 2 INCH, CLASS 150, ASTM A320 L7 / A194 7, ASME B18.2.1, THRD FACING",CAN-002132,DEPOT-ONGC-ANK,"Ankleshwar Asset, Gujarat",17,1370,119,STUD_BOLT,50.0,150,ASTM A320 L7 / A194 7,THRD,ASME B18.2.1
ONGC-MAT-0002771,ONGC,"FLANGE, SLIP-ON, 6 INCH, CLASS 150, ASTM A182 F304, ASME B16.5, FF FACING",CAN-000884,DEPOT-ONGC-RJM,"Rajahmundry Asset, Andhra Pradesh",47,39430,615,FLANGE_SLIP_ON,150.0,150,ASTM A182 F304,FF,ASME B16.5
ONGC-MAT-0002772,ONGC,"VALVE, GATE, 6 INCH, CLASS 1500, ASTM A105, API 600, BW FACING",CAN-001415,DEPOT-ONGC-MBO,"Mumbai Offshore Logistics Base, Maharashtra",7,1166450,66,GATE_VALVE,150.0,1500,ASTM A105,BW,API 600
ONGC-MAT-0002773,ONGC,"FLANGE, SLIP-ON, 1 INCH, CLASS 1500, ASTM A182 F316, ASME B16.5, RF FACING",CAN-000759,DEPOT-ONGC-RJM,"Rajahmundry Asset, Andhra Pradesh",127,32300,703,FLANGE_SLIP_ON,25.0,1500,ASTM A182 F316,RF,ASME B16.5
ONGC-MAT-0002774,ONGC,"STUD BOLT WITH NUTS, 12 INCH, CLASS 150, ASTM A193 B7 / A194 2H, ASME B18.2.1, THRD FACING",CAN-002191,DEPOT-ONGC-ANK,"Ankleshwar Asset, Gujarat",33,8850,44,STUD_BOLT,300.0,150,ASTM A193 B7 / A194 2H,THRD,ASME B18.2.1
ONGC-MAT-0002775,ONGC,"FLANGE, WELDING NECK, 10 INCH, CLASS 1500, ASTM A182 F304, ASME B16.5, RF FACING",CAN-000357,DEPOT-ONGC-RJM,"Rajahmundry Asset, Andhra Pradesh",0,664710,0,FLANGE_WELD_NECK,250.0,1500,ASTM A182 F304,RF,ASME B16.5
ONGC-MAT-0002776,ONGC,"VALVE, GLOBE, 2 INCH, CLASS 900, ASTM A216 WCB, BS 1873, RF FACING",CAN-001873,DEPOT-ONGC-HZR,"Hazira Gas Processing Plant, Gujarat",0,247780,0,GLOBE_VALVE,50.0,900,ASTM A216 WCB,RF,BS 1873
ONGC-MAT-0002777,ONGC,"FLANGE, SLIP-ON, 6 INCH, CLASS 600, ASTM A182 F316, ASME B16.5, FF FACING",CAN-000898,DEPOT-ONGC-MBO,"Mumbai Offshore Logistics Base, Maharashtra",14,159400,64,FLANGE_SLIP_ON,150.0,600,ASTM A182 F316,FF,ASME B16.5
ONGC-MAT-0002778,ONGC,"FLANGE, BLIND, 1.5 INCH, CLASS 150, ASTM A350 LF2, ASME B16.5, RTJ FACING",CAN-000464,DEPOT-ONGC-ANK,"Ankleshwar Asset, Gujarat",149,5300,638,FLANGE_BLIND,40.0,150,ASTM A350 LF2,RTJ,ASME B16.5
ONGC-MAT-0002779,ONGC,"FLANGE, WELDING NECK, 6 INCH, CLASS 600, ASTM A182 F304, ASME B16.5, RTJ FACING",CAN-000262,DEPOT-ONGC-RJM,"Rajahmundry Asset, Andhra Pradesh",0,164390,0,FLANGE_WELD_NECK,150.0,600,ASTM A182 F304,RTJ,ASME B16.5
ONGC-MAT-0002780,ONGC,"VALVE, GATE, 2 INCH, CLASS 1500, ASTM A105, API 6D, RF FACING",CAN-001234,DEPOT-ONGC-RJM,"Rajahmundry Asset, Andhra Pradesh",44,279640,50,GATE_VALVE,50.0,1500,ASTM A105,RF,API 6D
ONGC-MAT-0002781,ONGC,"FLANGE, SLIP-ON, 3 INCH, CLASS 1500, ASTM A105, ASME B16.5, FF FACING",CAN-000846,DEPOT-ONGC-URN,"Uran Plant, Maharashtra",8,45790,19,FLANGE_SLIP_ON,80.0,1500,ASTM A105,FF,ASME B16.5
ONGC-MAT-0002782,ONGC,"VALVE, GLOBE, 8 INCH, CLASS 600, ASTM A105, BS 1873, RF FACING",CAN-001951,DEPOT-ONGC-URN,"Uran Plant, Maharashtra",18,1086110,117,GLOBE_VALVE,200.0,600,ASTM A105,RF,BS 1873
ONGC-MAT-0002783,ONGC,"FLANGE, WELDING NECK, 1/2 INCH, CLASS 900, ASTM A182 F316, ASME B16.5, RF FACING",CAN-000031,DEPOT-ONGC-HZR,"Hazira Gas Processing Plant, Gujarat",22,15190,55,FLANGE_WELD_NECK,15.0,900,ASTM A182 F316,RF,ASME B16.5
ONGC-MAT-0002784,ONGC,"GASKET, SPIRAL WOUND, 12 INCH, CLASS 600, SS316 / GRAPHITE, ASME B16.20, RF FACING",CAN-002095,DEPOT-ONGC-RJM,"Rajahmundry Asset, Andhra Pradesh",14,159450,43,SPIRAL_WOUND_GASKET,300.0,600,SS316 / GRAPHITE,RF,ASME B16.20
ONGC-MAT-0002785,ONGC,"VALVE, GATE, 6 INCH, CLASS 900, ASTM A182 F316, API 6D, RF FACING",CAN-001406,DEPOT-ONGC-URN,"Uran Plant, Maharashtra",132,2480500,739,GATE_VALVE,150.0,900,ASTM A182 F316,RF,API 6D
ONGC-MAT-0002786,ONGC,"FLANGE, WELDING NECK, 1 INCH, CLASS 150, ASTM A350 LF2, ASME B16.5, RTJ FACING",CAN-000044,DEPOT-ONGC-HZR,"Hazira Gas Processing Plant, Gujarat",5,3520,47,FLANGE_WELD_NECK,25.0,150,ASTM A350 LF2,RTJ,ASME B16.5
ONGC-MAT-0002787,ONGC,"FLANGE, WELDING NECK, 8 INCH, CLASS 600, ASTM A350 LF2, ASME B16.5, RTJ FACING",CAN-000300,DEPOT-ONGC-HZR,"Hazira Gas Processing Plant, Gujarat",42,159290,35,FLANGE_WELD_NECK,200.0,600,ASTM A350 LF2,RTJ,ASME B16.5
ONGC-MAT-0002788,ONGC,"FLANGE, BLIND, 4 INCH, CLASS 1500, ASTM A105, ASME B16.5, RTJ FACING",CAN-000576,DEPOT-ONGC-MBO,"Mumbai Offshore Logistics Base, Maharashtra",37,68850,117,FLANGE_BLIND,100.0,1500,ASTM A105,RTJ,ASME B16.5
ONGC-MAT-0002789,ONGC,"FLANGE, WELDING NECK, 12 INCH, CLASS 600, ASTM A182 F304, ASME B16.5, RF FACING",CAN-000381,DEPOT-ONGC-MBO,"Mumbai Offshore Logistics Base, Maharashtra",42,404770,32,FLANGE_WELD_NECK,300.0,600,ASTM A182 F304,RF,ASME B16.5
ONGC-MAT-0002790,ONGC,"FLANGE, SLIP-ON, 3 INCH, CLASS 1500, ASTM A182 F304, ASME B16.5, RF FACING",CAN-000847,DEPOT-ONGC-MBO,"Mumbai Offshore Logistics Base, Maharashtra",55,109900,231,FLANGE_SLIP_ON,80.0,1500,ASTM A182 F304,RF,ASME B16.5
ONGC-MAT-0002791,ONGC,"VALVE, GATE, 12 INCH, CLASS 300, ASTM A182 F316, API 6D, BW FACING",CAN-001564,DEPOT-ONGC-URN,"Uran Plant, Maharashtra",15,2536190,70,GATE_VALVE,300.0,300,ASTM A182 F316,BW,API 6D
ONGC-MAT-0002792,ONGC,"FLANGE, WELDING NECK, 8 INCH, CLASS 900, ASTM A105, ASME B16.5, RTJ FACING",CAN-000306,DEPOT-ONGC-URN,"Uran Plant, Maharashtra",147,137700,300,FLANGE_WELD_NECK,200.0,900,ASTM A105,RTJ,ASME B16.5
ONGC-MAT-0002793,ONGC,"VALVE, GATE, 12 INCH, CLASS 150, ASTM A216 WCB, API 6D, BW FACING",CAN-001544,DEPOT-ONGC-URN,"Uran Plant, Maharashtra",35,455200,33,GATE_VALVE,300.0,150,ASTM A216 WCB,BW,API 6D
ONGC-MAT-0002794,ONGC,"VALVE, GATE, 3 INCH, CLASS 300, ASTM A182 F316, API 6D, BW FACING",CAN-001264,DEPOT-ONGC-HZR,"Hazira Gas Processing Plant, Gujarat",0,454920,0,GATE_VALVE,80.0,300,ASTM A182 F316,BW,API 6D
ONGC-MAT-0002795,ONGC,"FLANGE, SLIP-ON, 2 INCH, CLASS 300, ASTM A182 F304, ASME B16.5, FF FACING",CAN-000800,DEPOT-ONGC-URN,"Uran Plant, Maharashtra",0,16460,0,FLANGE_SLIP_ON,50.0,300,ASTM A182 F304,FF,ASME B16.5
ONGC-MAT-0002796,ONGC,"VALVE, GATE, 1/2 INCH, CLASS 600, ASTM A182 F316, API 6D, RF FACING",CAN-001034,DEPOT-ONGC-RJM,"Rajahmundry Asset, Andhra Pradesh",137,89880,698,GATE_VALVE,15.0,600,ASTM A182 F316,RF,API 6D
ONGC-MAT-0002797,ONGC,"VALVE, BALL, 8 INCH, CLASS 150, ASTM A182 F316, API 6D, BW FACING",CAN-001744,DEPOT-ONGC-RJM,"Rajahmundry Asset, Andhra Pradesh",42,1050960,24,BALL_VALVE,200.0,150,ASTM A182 F316,BW,API 6D
ONGC-MAT-0002798,ONGC,"VALVE, GATE, 6 INCH, CLASS 900, ASTM A216 WCB, API 6D, RF FACING",CAN-001398,DEPOT-ONGC-ANK,"Ankleshwar Asset, Gujarat",0,775150,0,GATE_VALVE,150.0,900,ASTM A216 WCB,RF,API 6D
ONGC-MAT-0002799,ONGC,"STUD BOLT WITH NUTS, 10 INCH, CLASS 900, ASTM A320 L7 / A194 7, ASME B18.2.1, THRD FACING",CAN-002188,DEPOT-ONGC-ANK,"Ankleshwar Asset, Gujarat",0,46840,0,STUD_BOLT,250.0,900,ASTM A320 L7 / A194 7,THRD,ASME B18.2.1
ONGC-MAT-0002800,ONGC,"VALVE, GATE, 10 INCH, CLASS 1500, ASTM A105, API 600, BW FACING",CAN-001535,DEPOT-ONGC-MBO,"Mumbai Offshore Logistics Base, Maharashtra",5,2266060,84,GATE_VALVE,250.0,1500,ASTM A105,BW,API 600
ONGC-MAT-0002801,ONGC,"FLANGE, SLIP-ON, 1/2 INCH, CLASS 900, ASTM A105, ASME B16.5, RF FACING",CAN-000719,DEPOT-ONGC-RJM,"Rajahmundry Asset, Andhra Pradesh",20,3450,521,FLANGE_SLIP_ON,15.0,900,ASTM A105,RF,ASME B16.5
ONGC-MAT-0002802,ONGC,"VALVE, GLOBE, 8 INCH, CLASS 300, ASTM A216 WCB, ASME B16.34, RF FACING",CAN-001946,DEPOT-ONGC-MBO,"Mumbai Offshore Logistics Base, Maharashtra",74,623800,597,GLOBE_VALVE,200.0,300,ASTM A216 WCB,RF,ASME B16.34
ONGC-MAT-0002803,ONGC,"VALVE, GATE, 10 INCH, CLASS 900, ASTM A216 WCB, API 600, BW FACING",CAN-001519,DEPOT-ONGC-RJM,"Rajahmundry Asset, Andhra Pradesh",0,1505890,0,GATE_VALVE,250.0,900,ASTM A216 WCB,BW,API 600
ONGC-MAT-0002804,ONGC,"VALVE, BALL, 10 INCH, CLASS 900, ASTM A182 F316, API 6D, RF FACING",CAN-001775,DEPOT-ONGC-URN,"Uran Plant, Maharashtra",0,5889700,0,BALL_VALVE,250.0,900,ASTM A182 F316,RF,API 6D
ONGC-MAT-0002805,ONGC,"VALVE, BALL, 2 INCH, CLASS 1500, ASTM A216 WCB, API 6D, BW FACING",CAN-001678,DEPOT-ONGC-ANK,"Ankleshwar Asset, Gujarat",0,341790,0,BALL_VALVE,50.0,1500,ASTM A216 WCB,BW,API 6D
ONGC-MAT-0002806,ONGC,"FLANGE, BLIND, 12 INCH, CLASS 150, ASTM A105, ASME B16.5, RTJ FACING",CAN-000672,DEPOT-ONGC-URN,"Uran Plant, Maharashtra",123,45520,526,FLANGE_BLIND,300.0,150,ASTM A105,RTJ,ASME B16.5
ONGC-MAT-0002807,ONGC,"GASKET, SPIRAL WOUND, 10 INCH, CLASS 150, SS304 / GRAPHITE, ASME B16.20, RF FACING",CAN-002082,DEPOT-ONGC-URN,"Uran Plant, Maharashtra",0,31120,0,SPIRAL_WOUND_GASKET,250.0,150,SS304 / GRAPHITE,RF,ASME B16.20
ONGC-MAT-0002808,ONGC,"STUD BOLT WITH NUTS, 1 INCH, CLASS 600, ASTM A193 B7 / A194 2H, ASME B18.2.1, THRD FACING",CAN-002115,DEPOT-ONGC-RJM,"Rajahmundry Asset, Andhra Pradesh",39,1060,44,STUD_BOLT,25.0,600,ASTM A193 B7 / A194 2H,THRD,ASME B18.2.1
ONGC-MAT-0002809,ONGC,"FLANGE, SLIP-ON, 2 INCH, CLASS 900, ASTM A105, ASME B16.5, RF FACING",CAN-000809,DEPOT-ONGC-RJM,"Rajahmundry Asset, Andhra Pradesh",133,16510,631,FLANGE_SLIP_ON,50.0,900,ASTM A105,RF,ASME B16.5
ONGC-MAT-0002810,ONGC,"FLANGE, SLIP-ON, 6 INCH, CLASS 600, ASTM A182 F316, ASME B16.5, FF FACING",CAN-000898,DEPOT-ONGC-HZR,"Hazira Gas Processing Plant, Gujarat",31,159400,616,FLANGE_SLIP_ON,150.0,600,ASTM A182 F316,FF,ASME B16.5
ONGC-MAT-0002811,ONGC,"VALVE, BALL, 4 INCH, CLASS 600, ASTM A216 WCB, API 6D, BW FACING",CAN-001710,DEPOT-ONGC-HZR,"Hazira Gas Processing Plant, Gujarat",0,404340,0,BALL_VALVE,100.0,600,ASTM A216 WCB,BW,API 6D
ONGC-MAT-0002812,ONGC,"VALVE, GATE, 1 INCH, CLASS 600, ASTM A105, API 6D, BW FACING",CAN-001092,DEPOT-ONGC-ANK,"Ankleshwar Asset, Gujarat",45,54560,464,GATE_VALVE,25.0,600,ASTM A105,BW,API 6D
ONGC-MAT-0002813,ONGC,"FLANGE, WELDING NECK, 1.5 INCH, CLASS 900, ASTM A182 F304, ASME B16.5, RTJ FACING",CAN-000110,DEPOT-ONGC-URN,"Uran Plant, Maharashtra",0,40780,0,FLANGE_WELD_NECK,40.0,900,ASTM A182 F304,RTJ,ASME B16.5
ONGC-MAT-0002814,ONGC,"FLANGE, SLIP-ON, 3 INCH, CLASS 600, ASTM A182 F316, ASME B16.5, RF FACING",CAN-000837,DEPOT-ONGC-MBO,"Mumbai Offshore Logistics Base, Maharashtra",0,70400,0,FLANGE_SLIP_ON,80.0,600,ASTM A182 F316,RF,ASME B16.5
ONGC-MAT-0002815,ONGC,"VALVE, GLOBE, 12 INCH, CLASS 300, ASTM A105, ASME B16.34, RF FACING",CAN-001988,DEPOT-ONGC-HZR,"Hazira Gas Processing Plant, Gujarat",40,1056740,679,GLOBE_VALVE,300.0,300,ASTM A105,RF,ASME B16.34
ONGC-MAT-0002816,ONGC,"VALVE, BALL, 6 INCH, CLASS 900, ASTM A182 F316, API 6D, BW FACING",CAN-001736,DEPOT-ONGC-ANK,"Ankleshwar Asset, Gujarat",92,3031720,381,BALL_VALVE,150.0,900,ASTM A182 F316,BW,API 6D
ONGC-MAT-0002817,ONGC,"FLANGE, SLIP-ON, 2 INCH, CLASS 300, ASTM A105, ASME B16.5, RF FACING",CAN-000797,DEPOT-ONGC-MBO,"Mumbai Offshore Logistics Base, Maharashtra",10,6850,94,FLANGE_SLIP_ON,50.0,300,ASTM A105,RF,ASME B16.5
ONGC-MAT-0002818,ONGC,"FLANGE, BLIND, 10 INCH, CLASS 1500, ASTM A182 F316, ASME B16.5, RF FACING",CAN-000669,DEPOT-ONGC-MBO,"Mumbai Offshore Logistics Base, Maharashtra",0,725140,0,FLANGE_BLIND,250.0,1500,ASTM A182 F316,RF,ASME B16.5
ONGC-MAT-0002819,ONGC,"GASKET, SPIRAL WOUND, 6 INCH, CLASS 900, SS304 / GRAPHITE, ASME B16.20, RF FACING",CAN-002068,DEPOT-ONGC-MBO,"Mumbai Offshore Logistics Base, Maharashtra",10,67180,55,SPIRAL_WOUND_GASKET,150.0,900,SS304 / GRAPHITE,RF,ASME B16.20
ONGC-MAT-0002820,ONGC,"FLANGE, BLIND, 1.5 INCH, CLASS 900, ASTM A350 LF2, ASME B16.5, RTJ FACING",CAN-000482,DEPOT-ONGC-MBO,"Mumbai Offshore Logistics Base, Maharashtra",97,22240,186,FLANGE_BLIND,40.0,900,ASTM A350 LF2,RTJ,ASME B16.5
ONGC-MAT-0002821,ONGC,"FLANGE, SLIP-ON, 1/2 INCH, CLASS 1500, ASTM A182 F304, ASME B16.5, RF FACING",CAN-000727,DEPOT-ONGC-ANK,"Ankleshwar Asset, Gujarat",28,12470,116,FLANGE_SLIP_ON,15.0,1500,ASTM A182 F304,RF,ASME B16.5
ONGC-MAT-0002822,ONGC,"FLANGE, WELDING NECK, 2 INCH, CLASS 900, ASTM A105, ASME B16.5, RF FACING",CAN-000145,DEPOT-ONGC-RJM,"Rajahmundry Asset, Andhra Pradesh",12,22710,77,FLANGE_WELD_NECK,50.0,900,ASTM A105,RF,ASME B16.5
ONGC-MAT-0002823,ONGC,"FLANGE, SLIP-ON, 3 INCH, CLASS 600, ASTM A182 F316, ASME B16.5, FF FACING",CAN-000838,DEPOT-ONGC-URN,"Uran Plant, Maharashtra",39,70400,102,FLANGE_SLIP_ON,80.0,600,ASTM A182 F316,FF,ASME B16.5
ONGC-MAT-0002824,ONGC,"FLANGE, SLIP-ON, 10 INCH, CLASS 150, ASTM A182 F316, ASME B16.5, RF FACING",CAN-000945,DEPOT-ONGC-MBO,"Mumbai Offshore Logistics Base, Maharashtra",22,102150,31,FLANGE_SLIP_ON,250.0,150,ASTM A182 F316,RF,ASME B16.5
ONGC-MAT-0002825,ONGC,"VALVE, GATE, 2 INCH, CLASS 600, ASTM A216 WCB, API 6D, BW FACING",CAN-001208,DEPOT-ONGC-MBO,"Mumbai Offshore Logistics Base, Maharashtra",19,134350,90,GATE_VALVE,50.0,600,ASTM A216 WCB,BW,API 6D
ONGC-MAT-0002826,ONGC,"VALVE, GATE, 2 INCH, CLASS 150, ASTM A216 WCB, API 600, RF FACING",CAN-001181,DEPOT-ONGC-HZR,"Hazira Gas Processing Plant, Gujarat",43,44320,74,GATE_VALVE,50.0,150,ASTM A216 WCB,RF,API 600
ONGC-MAT-0002827,ONGC,"VALVE, GLOBE, 1/2 INCH, CLASS 600, ASTM A216 WCB, ASME B16.34, RF FACING",CAN-001810,DEPOT-ONGC-RJM,"Rajahmundry Asset, Andhra Pradesh",31,37450,36,GLOBE_VALVE,15.0,600,ASTM A216 WCB,RF,ASME B16.34
ONGC-MAT-0002828,ONGC,"FLANGE, SLIP-ON, 1.5 INCH, CLASS 900, ASTM A105, ASME B16.5, RF FACING",CAN-000779,DEPOT-ONGC-ANK,"Ankleshwar Asset, Gujarat",16,12350,20,FLANGE_SLIP_ON,40.0,900,ASTM A105,RF,ASME B16.5
ONGC-MAT-0002829,ONGC,"VALVE, GLOBE, 6 INCH, CLASS 150, ASTM A105, BS 1873, RF FACING",CAN-001923,DEPOT-ONGC-URN,"Uran Plant, Maharashtra",0,246490,0,GLOBE_VALVE,150.0,150,ASTM A105,RF,BS 1873
ONGC-MAT-0002830,ONGC,"FLANGE, BLIND, 1 INCH, CLASS 300, ASTM A105, ASME B16.5, RF FACING",CAN-000437,DEPOT-ONGC-URN,"Uran Plant, Maharashtra",42,3130,116,FLANGE_BLIND,25.0,300,ASTM A105,RF,ASME B16.5
ONGC-MAT-0002831,ONGC,"VALVE, BALL, 1.5 INCH, CLASS 300, ASTM A216 WCB, API 6D, RF FACING",CAN-001645,DEPOT-ONGC-RJM,"Rajahmundry Asset, Andhra Pradesh",60,70560,305,BALL_VALVE,40.0,300,ASTM A216 WCB,RF,API 6D
ONGC-MAT-0002832,ONGC,"FLANGE, BLIND, 6 INCH, CLASS 300, ASTM A350 LF2, ASME B16.5, RF FACING",CAN-000589,DEPOT-ONGC-ANK,"Ankleshwar Asset, Gujarat",6,51500,11,FLANGE_BLIND,150.0,300,ASTM A350 LF2,RF,ASME B16.5
ONGC-MAT-0002833,ONGC,"FLANGE, BLIND, 1 INCH, CLASS 300, ASTM A105, ASME B16.5, RF FACING",CAN-000437,DEPOT-ONGC-MBO,"Mumbai Offshore Logistics Base, Maharashtra",12,3130,37,FLANGE_BLIND,25.0,300,ASTM A105,RF,ASME B16.5
ONGC-MAT-0002834,ONGC,"FLANGE, BLIND, 10 INCH, CLASS 600, ASTM A105, ASME B16.5, RF FACING",CAN-000653,DEPOT-ONGC-URN,"Uran Plant, Maharashtra",5,108870,47,FLANGE_BLIND,250.0,600,ASTM A105,RF,ASME B16.5
ONGC-MAT-0002835,ONGC,"VALVE, BALL, 1 INCH, CLASS 600, ASTM A182 F316, API 6D, BW FACING",CAN-001632,DEPOT-ONGC-ANK,"Ankleshwar Asset, Gujarat",86,213410,539,BALL_VALVE,25.0,600,ASTM A182 F316,BW,API 6D
ONGC-MAT-0002836,ONGC,"FLANGE, BLIND, 2 INCH, CLASS 600, ASTM A105, ASME B16.5, RTJ FACING",CAN-000504,DEPOT-ONGC-MBO,"Mumbai Offshore Logistics Base, Maharashtra",35,13430,19,FLANGE_BLIND,50.0,600,ASTM A105,RTJ,ASME B16.5
ONGC-MAT-0002837,ONGC,"GASKET, SPIRAL WOUND, 6 INCH, CLASS 900, SS304 / GRAPHITE, ASME B16.20, RF FACING",CAN-002068,DEPOT-ONGC-ANK,"Ankleshwar Asset, Gujarat",88,67180,293,SPIRAL_WOUND_GASKET,150.0,900,SS304 / GRAPHITE,RF,ASME B16.20
ONGC-MAT-0002838,ONGC,"FLANGE, SLIP-ON, 1.5 INCH, CLASS 600, ASTM A182 F316, ASME B16.5, RF FACING",CAN-000777,DEPOT-ONGC-MBO,"Mumbai Offshore Logistics Base, Maharashtra",29,28590,59,FLANGE_SLIP_ON,40.0,600,ASTM A182 F316,RF,ASME B16.5
ONGC-MAT-0002839,ONGC,"VALVE, GATE, 2 INCH, CLASS 300, ASTM A182 F316, API 6D, BW FACING",CAN-001204,DEPOT-ONGC-HZR,"Hazira Gas Processing Plant, Gujarat",31,246930,80,GATE_VALVE,50.0,300,ASTM A182 F316,BW,API 6D
ONGC-MAT-0002840,ONGC,"FLANGE, SLIP-ON, 10 INCH, CLASS 150, ASTM A182 F304, ASME B16.5, FF FACING",CAN-000944,DEPOT-ONGC-RJM,"Rajahmundry Asset, Andhra Pradesh",41,76610,281,FLANGE_SLIP_ON,250.0,150,ASTM A182 F304,FF,ASME B16.5
ONGC-MAT-0002841,ONGC,"FLANGE, WELDING NECK, 10 INCH, CLASS 1500, ASTM A105, ASME B16.5, RF FACING",CAN-000353,DEPOT-ONGC-MBO,"Mumbai Offshore Logistics Base, Maharashtra",24,276960,57,FLANGE_WELD_NECK,250.0,1500,ASTM A105,RF,ASME B16.5
ONGC-MAT-0002842,ONGC,"FLANGE, SLIP-ON, 8 INCH, CLASS 300, ASTM A105, ASME B16.5, RF FACING",CAN-000917,DEPOT-ONGC-MBO,"Mumbai Offshore Logistics Base, Maharashtra",36,41580,110,FLANGE_SLIP_ON,200.0,300,ASTM A105,RF,ASME B16.5
ONGC-MAT-0002843,ONGC,"VALVE, GATE, 1 INCH, CLASS 600, ASTM A216 WCB, API 6D, BW FACING",CAN-001088,DEPOT-ONGC-MBO,"Mumbai Offshore Logistics Base, Maharashtra",122,54560,561,GATE_VALVE,25.0,600,ASTM A216 WCB,BW,API 6D
ONGC-MAT-0002844,ONGC,"FLANGE, SLIP-ON, 10 INCH, CLASS 600, ASTM A182 F304, ASME B16.5, FF FACING",CAN-000956,DEPOT-ONGC-MBO,"Mumbai Offshore Logistics Base, Maharashtra",118,232260,590,FLANGE_SLIP_ON,250.0,600,ASTM A182 F304,FF,ASME B16.5
ONGC-MAT-0002845,ONGC,"FLANGE, SLIP-ON, 4 INCH, CLASS 300, ASTM A182 F316, ASME B16.5, FF FACING",CAN-000862,DEPOT-ONGC-ANK,"Ankleshwar Asset, Gujarat",30,54040,15,FLANGE_SLIP_ON,100.0,300,ASTM A182 F316,FF,ASME B16.5
ONGC-MAT-0002846,ONGC,"FLANGE, BLIND, 10 INCH, CLASS 900, ASTM A105, ASME B16.5, RTJ FACING",CAN-000660,DEPOT-ONGC-RJM,"Rajahmundry Asset, Andhra Pradesh",5,150580,74,FLANGE_BLIND,250.0,900,ASTM A105,RTJ,ASME B16.5
ONGC-MAT-0002847,ONGC,"FLANGE, BLIND, 12 INCH, CLASS 900, ASTM A105, ASME B16.5, RTJ FACING",CAN-000690,DEPOT-ONGC-ANK,"Ankleshwar Asset, Gujarat",55,190860,626,FLANGE_BLIND,300.0,900,ASTM A105,RTJ,ASME B16.5
ONGC-MAT-0002848,ONGC,"FLANGE, WELDING NECK, 10 INCH, CLASS 600, ASTM A350 LF2, ASME B16.5, RTJ FACING",CAN-000340,DEPOT-ONGC-ANK,"Ankleshwar Asset, Gujarat",25,212900,33,FLANGE_WELD_NECK,250.0,600,ASTM A350 LF2,RTJ,ASME B16.5
ONGC-MAT-0002849,ONGC,"VALVE, GLOBE, 3 INCH, CLASS 900, ASTM A216 WCB, ASME B16.34, RF FACING",CAN-001894,DEPOT-ONGC-HZR,"Hazira Gas Processing Plant, Gujarat",8,456480,46,GLOBE_VALVE,80.0,900,ASTM A216 WCB,RF,ASME B16.34
ONGC-MAT-0002850,ONGC,"VALVE, BALL, 12 INCH, CLASS 300, ASTM A216 WCB, API 6D, BW FACING",CAN-001786,DEPOT-ONGC-RJM,"Rajahmundry Asset, Andhra Pradesh",38,968680,73,BALL_VALVE,300.0,300,ASTM A216 WCB,BW,API 6D
ONGC-MAT-0002851,ONGC,"VALVE, GATE, 1/2 INCH, CLASS 900, ASTM A105, API 600, RF FACING",CAN-001041,DEPOT-ONGC-RJM,"Rajahmundry Asset, Andhra Pradesh",0,38840,0,GATE_VALVE,15.0,900,ASTM A105,RF,API 600
ONGC-MAT-0002852,ONGC,"VALVE, GATE, 1.5 INCH, CLASS 600, ASTM A182 F316, API 6D, RF FACING",CAN-001154,DEPOT-ONGC-RJM,"Rajahmundry Asset, Andhra Pradesh",14,321680,69,GATE_VALVE,40.0,600,ASTM A182 F316,RF,API 6D
ONGC-MAT-0002853,ONGC,"FLANGE, WELDING NECK, 1/2 INCH, CLASS 300, ASTM A350 LF2, ASME B16.5, RF FACING",CAN-000011,DEPOT-ONGC-ANK,"Ankleshwar Asset, Gujarat",22,3150,28,FLANGE_WELD_NECK,15.0,300,ASTM A350 LF2,RF,ASME B16.5
ONGC-MAT-0002854,ONGC,"VALVE, GATE, 1 INCH, CLASS 1500, ASTM A182 F316, API 6D, RF FACING",CAN-001118,DEPOT-ONGC-URN,"Uran Plant, Maharashtra",0,363430,0,GATE_VALVE,25.0,1500,ASTM A182 F316,RF,API 6D
ONGC-MAT-0002855,ONGC,"VALVE, GATE, 4 INCH, CLASS 900, ASTM A216 WCB, API 6D, BW FACING",CAN-001340,DEPOT-ONGC-HZR,"Hazira Gas Processing Plant, Gujarat",40,457580,56,GATE_VALVE,100.0,900,ASTM A216 WCB,BW,API 6D
ONGC-MAT-0002856,ONGC,"FLANGE, BLIND, 3 INCH, CLASS 600, ASTM A182 F316, ASME B16.5, RF FACING",CAN-000537,DEPOT-ONGC-HZR,"Hazira Gas Processing Plant, Gujarat",43,79200,31,FLANGE_BLIND,80.0,600,ASTM A182 F316,RF,ASME B16.5
ONGC-MAT-0002857,ONGC,"VALVE, BALL, 4 INCH, CLASS 150, ASTM A216 WCB, API 6D, RF FACING",CAN-001701,DEPOT-ONGC-RJM,"Rajahmundry Asset, Andhra Pradesh",139,133380,417,BALL_VALVE,100.0,150,ASTM A216 WCB,RF,API 6D
ONGC-MAT-0002858,ONGC,"VALVE, GATE, 8 INCH, CLASS 150, ASTM A182 F316, API 600, BW FACING",CAN-001431,DEPOT-ONGC-RJM,"Rajahmundry Asset, Andhra Pradesh",48,859880,45,GATE_VALVE,200.0,150,ASTM A182 F316,BW,API 600
ONGC-MAT-0002859,ONGC,"VALVE, BALL, 3 INCH, CLASS 1500, ASTM A216 WCB, API 6D, BW FACING",CAN-001698,DEPOT-ONGC-HZR,"Hazira Gas Processing Plant, Gujarat",0,629670,0,BALL_VALVE,80.0,1500,ASTM A216 WCB,BW,API 6D
ONGC-MAT-0002860,ONGC,"VALVE, GATE, 4 INCH, CLASS 900, ASTM A105, API 600, BW FACING",CAN-001343,DEPOT-ONGC-MBO,"Mumbai Offshore Logistics Base, Maharashtra",0,457580,0,GATE_VALVE,100.0,900,ASTM A105,BW,API 600
ONGC-MAT-0002861,ONGC,"FLANGE, BLIND, 1.5 INCH, CLASS 900, ASTM A350 LF2, ASME B16.5, RF FACING",CAN-000481,DEPOT-ONGC-MBO,"Mumbai Offshore Logistics Base, Maharashtra",130,22240,387,FLANGE_BLIND,40.0,900,ASTM A350 LF2,RF,ASME B16.5
ONGC-MAT-0002862,ONGC,"VALVE, GLOBE, 1 INCH, CLASS 300, ASTM A216 WCB, BS 1873, RF FACING",CAN-001825,DEPOT-ONGC-RJM,"Rajahmundry Asset, Andhra Pradesh",0,41780,0,GLOBE_VALVE,25.0,300,ASTM A216 WCB,RF,BS 1873
ONGC-MAT-0002863,ONGC,"FLANGE, BLIND, 4 INCH, CLASS 150, ASTM A182 F316, ASME B16.5, RF FACING",CAN-000555,DEPOT-ONGC-URN,"Uran Plant, Maharashtra",42,34920,443,FLANGE_BLIND,100.0,150,ASTM A182 F316,RF,ASME B16.5
ONGC-MAT-0002864,ONGC,"FLANGE, BLIND, 3 INCH, CLASS 600, ASTM A182 F316, ASME B16.5, RF FACING",CAN-000537,DEPOT-ONGC-URN,"Uran Plant, Maharashtra",0,79200,0,FLANGE_BLIND,80.0,600,ASTM A182 F316,RF,ASME B16.5
ONGC-MAT-0002865,ONGC,"STUD BOLT WITH NUTS, 3 INCH, CLASS 600, ASTM A320 L7 / A194 7, ASME B18.2.1, THRD FACING",CAN-002146,DEPOT-ONGC-HZR,"Hazira Gas Processing Plant, Gujarat",17,7700,82,STUD_BOLT,80.0,600,ASTM A320 L7 / A194 7,THRD,ASME B18.2.1
ONGC-MAT-0002866,ONGC,"FLANGE, SLIP-ON, 10 INCH, CLASS 300, ASTM A105, ASME B16.5, FF FACING",CAN-000948,DEPOT-ONGC-URN,"Uran Plant, Maharashtra",0,55580,0,FLANGE_SLIP_ON,250.0,300,ASTM A105,FF,ASME B16.5
ONGC-MAT-0002867,ONGC,"VALVE, GATE, 4 INCH, CLASS 300, ASTM A216 WCB, API 6D, RF FACING",CAN-001314,DEPOT-ONGC-HZR,"Hazira Gas Processing Plant, Gujarat",47,190000,294,GATE_VALVE,100.0,300,ASTM A216 WCB,RF,API 6D
ONGC-MAT-0002868,ONGC,"FLANGE, SLIP-ON, 1 INCH, CLASS 300, ASTM A182 F316, ASME B16.5, FF FACING",CAN-000742,DEPOT-ONGC-RJM,"Rajahmundry Asset, Andhra Pradesh",6,8910,61,FLANGE_SLIP_ON,25.0,300,ASTM A182 F316,FF,ASME B16.5
ONGC-MAT-0002869,ONGC,"VALVE, GATE, 1.5 INCH, CLASS 1500, ASTM A182 F316, API 600, BW FACING",CAN-001179,DEPOT-ONGC-ANK,"Ankleshwar Asset, Gujarat",39,669540,51,GATE_VALVE,40.0,1500,ASTM A182 F316,BW,API 600
ONGC-MAT-0002870,ONGC,"FLANGE, SLIP-ON, 1.5 INCH, CLASS 900, ASTM A182 F316, ASME B16.5, FF FACING",CAN-000784,DEPOT-ONGC-ANK,"Ankleshwar Asset, Gujarat",25,39550,57,FLANGE_SLIP_ON,40.0,900,ASTM A182 F316,FF,ASME B16.5
ONGC-MAT-0002871,ONGC,"VALVE, BALL, 2 INCH, CLASS 1500, ASTM A182 F316, API 6D, RF FACING",CAN-001679,DEPOT-ONGC-URN,"Uran Plant, Maharashtra",27,1093730,29,BALL_VALVE,50.0,1500,ASTM A182 F316,RF,API 6D
ONGC-MAT-0002872,ONGC,"VALVE, BALL, 6 INCH, CLASS 1500, ASTM A182 F316, API 6D, RF FACING",CAN-001739,DEPOT-ONGC-RJM,"Rajahmundry Asset, Andhra Pradesh",26,4562140,19,BALL_VALVE,150.0,1500,ASTM A182 F316,RF,API 6D
ONGC-MAT-0002873,ONGC,"FLANGE, SLIP-ON, 1/2 INCH, CLASS 150, ASTM A182 F304, ASME B16.5, RF FACING",CAN-000703,DEPOT-ONGC-ANK,"Ankleshwar Asset, Gujarat",0,1970,0,FLANGE_SLIP_ON,15.0,150,ASTM A182 F304,RF,ASME B16.5
ONGC-MAT-0002874,ONGC,"FLANGE, WELDING NECK, 2 INCH, CLASS 300, ASTM A350 LF2, ASME B16.5, RTJ FACING",CAN-000132,DEPOT-ONGC-RJM,"Rajahmundry Asset, Andhra Pradesh",21,15090,54,FLANGE_WELD_NECK,50.0,300,ASTM A350 LF2,RTJ,ASME B16.5
ONGC-MAT-0002875,ONGC,"STUD BOLT WITH NUTS, 10 INCH, CLASS 900, ASTM A320 L7 / A194 7, ASME B18.2.1, THRD FACING",CAN-002188,DEPOT-ONGC-MBO,"Mumbai Offshore Logistics Base, Maharashtra",74,46840,504,STUD_BOLT,250.0,900,ASTM A320 L7 / A194 7,THRD,ASME B18.2.1
ONGC-MAT-0002876,ONGC,"FLANGE, WELDING NECK, 1 INCH, CLASS 900, ASTM A182 F316, ASME B16.5, RF FACING",CAN-000071,DEPOT-ONGC-HZR,"Hazira Gas Processing Plant, Gujarat",71,29510,693,FLANGE_WELD_NECK,25.0,900,ASTM A182 F316,RF,ASME B16.5
ONGC-MAT-0002877,ONGC,"FLANGE, WELDING NECK, 12 INCH, CLASS 900, ASTM A105, ASME B16.5, RF FACING",CAN-000385,DEPOT-ONGC-MBO,"Mumbai Offshore Logistics Base, Maharashtra",42,233280,427,FLANGE_WELD_NECK,300.0,900,ASTM A105,RF,ASME B16.5
ONGC-MAT-0002878,ONGC,"FLANGE, BLIND, 6 INCH, CLASS 600, ASTM A105, ASME B16.5, RF FACING",CAN-000593,DEPOT-ONGC-ANK,"Ankleshwar Asset, Gujarat",30,56040,64,FLANGE_BLIND,150.0,600,ASTM A105,RF,ASME B16.5
ONGC-MAT-0002879,ONGC,"VALVE, GATE, 1/2 INCH, CLASS 300, ASTM A105, API 6D, BW FACING",CAN-001020,DEPOT-ONGC-RJM,"Rajahmundry Asset, Andhra Pradesh",20,16130,94,GATE_VALVE,15.0,300,ASTM A105,BW,API 6D
ONGC-MAT-0002880,ONGC,"VALVE, BALL, 1/2 INCH, CLASS 900, ASTM A216 WCB, API 6D, RF FACING",CAN-001613,DEPOT-ONGC-URN,"Uran Plant, Maharashtra",110,47480,730,BALL_VALVE,15.0,900,ASTM A216 WCB,RF,API 6D
ONGC-MAT-0002881,ONGC,"FLANGE, WELDING NECK, 1/2 INCH, CLASS 600, ASTM A350 LF2, ASME B16.5, RF FACING",CAN-000019,DEPOT-ONGC-MBO,"Mumbai Offshore Logistics Base, Maharashtra",9,5490,69,FLANGE_WELD_NECK,15.0,600,ASTM A350 LF2,RF,ASME B16.5
ONGC-MAT-0002882,ONGC,"VALVE, GATE, 1/2 INCH, CLASS 150, ASTM A105, API 6D, BW FACING",CAN-001008,DEPOT-ONGC-RJM,"Rajahmundry Asset, Andhra Pradesh",103,9260,576,GATE_VALVE,15.0,150,ASTM A105,BW,API 6D
ONGC-MAT-0002883,ONGC,"FLANGE, BLIND, 8 INCH, CLASS 300, ASTM A105, ASME B16.5, RF FACING",CAN-000617,DEPOT-ONGC-HZR,"Hazira Gas Processing Plant, Gujarat",43,46780,88,FLANGE_BLIND,200.0,300,ASTM A105,RF,ASME B16.5
ONGC-MAT-0002884,ONGC,"GASKET, SPIRAL WOUND, 1 INCH, CLASS 1500, SS304 / GRAPHITE, ASME B16.20, RF FACING",CAN-002020,DEPOT-ONGC-RJM,"Rajahmundry Asset, Andhra Pradesh",130,9840,312,SPIRAL_WOUND_GASKET,25.0,1500,SS304 / GRAPHITE,RF,ASME B16.20
ONGC-MAT-0002885,ONGC,"VALVE, BALL, 2 INCH, CLASS 300, ASTM A182 F316, API 6D, BW FACING",CAN-001668,DEPOT-ONGC-ANK,"Ankleshwar Asset, Gujarat",98,301810,661,BALL_VALVE,50.0,300,ASTM A182 F316,BW,API 6D
ONGC-MAT-0002886,ONGC,"VALVE, BALL, 2 INCH, CLASS 600, ASTM A216 WCB, API 6D, RF FACING",CAN-001669,DEPOT-ONGC-MBO,"Mumbai Offshore Logistics Base, Maharashtra",63,164210,380,BALL_VALVE,50.0,600,ASTM A216 WCB,RF,API 6D
ONGC-MAT-0002887,ONGC,"VALVE, GATE, 3 INCH, CLASS 150, ASTM A105, API 6D, BW FACING",CAN-001248,DEPOT-ONGC-MBO,"Mumbai Offshore Logistics Base, Maharashtra",92,81650,320,GATE_VALVE,80.0,150,ASTM A105,BW,API 6D
ONGC-MAT-0002888,ONGC,"VALVE, GATE, 10 INCH, CLASS 1500, ASTM A105, API 6D, RF FACING",CAN-001534,DEPOT-ONGC-MBO,"Mumbai Offshore Logistics Base, Maharashtra",28,2266060,117,GATE_VALVE,250.0,1500,ASTM A105,RF,API 6D
ONGC-MAT-0002889,ONGC,"FLANGE, SLIP-ON, 12 INCH, CLASS 600, ASTM A105, ASME B16.5, FF FACING",CAN-000984,DEPOT-ONGC-HZR,"Hazira Gas Processing Plant, Gujarat",42,122660,68,FLANGE_SLIP_ON,300.0,600,ASTM A105,FF,ASME B16.5
ONGC-MAT-0002890,ONGC,"GASKET, SPIRAL WOUND, 1 INCH, CLASS 300, SS316 / GRAPHITE, ASME B16.20, RF FACING",CAN-002013,DEPOT-ONGC-URN,"Uran Plant, Maharashtra",41,3620,103,SPIRAL_WOUND_GASKET,25.0,300,SS316 / GRAPHITE,RF,ASME B16.20
ONGC-MAT-0002891,ONGC,"VALVE, GATE, 1 INCH, CLASS 300, ASTM A105, API 600, BW FACING",CAN-001079,DEPOT-ONGC-RJM,"Rajahmundry Asset, Andhra Pradesh",32,31330,272,GATE_VALVE,25.0,300,ASTM A105,BW,API 600
ONGC-MAT-0002892,ONGC,"FLANGE, WELDING NECK, 8 INCH, CLASS 1500, ASTM A105, ASME B16.5, RF FACING",CAN-000313,DEPOT-ONGC-HZR,"Hazira Gas Processing Plant, Gujarat",0,207220,0,FLANGE_WELD_NECK,200.0,1500,ASTM A105,RF,ASME B16.5
ONGC-MAT-0002893,ONGC,"STUD BOLT WITH NUTS, 2 INCH, CLASS 1500, ASTM A193 B7 / A194 2H, ASME B18.2.1, THRD FACING",CAN-002139,DEPOT-ONGC-MBO,"Mumbai Offshore Logistics Base, Maharashtra",34,5430,500,STUD_BOLT,50.0,1500,ASTM A193 B7 / A194 2H,THRD,ASME B18.2.1
ONGC-MAT-0002894,ONGC,"FLANGE, BLIND, 12 INCH, CLASS 900, ASTM A182 F316, ASME B16.5, RF FACING",CAN-000693,DEPOT-ONGC-URN,"Uran Plant, Maharashtra",68,610770,732,FLANGE_BLIND,300.0,900,ASTM A182 F316,RF,ASME B16.5
ONGC-MAT-0002895,ONGC,"VALVE, GATE, 6 INCH, CLASS 900, ASTM A216 WCB, API 600, RF FACING",CAN-001397,DEPOT-ONGC-MBO,"Mumbai Offshore Logistics Base, Maharashtra",0,775150,0,GATE_VALVE,150.0,900,ASTM A216 WCB,RF,API 600
ONGC-MAT-0002896,ONGC,"GASKET, SPIRAL WOUND, 1.5 INCH, CLASS 1500, SS316 / GRAPHITE, ASME B16.20, RF FACING",CAN-002029,DEPOT-ONGC-URN,"Uran Plant, Maharashtra",0,24170,0,SPIRAL_WOUND_GASKET,40.0,1500,SS316 / GRAPHITE,RF,ASME B16.20
ONGC-MAT-0002897,ONGC,"VALVE, GATE, 8 INCH, CLASS 900, ASTM A182 F316, API 6D, BW FACING",CAN-001468,DEPOT-ONGC-ANK,"Ankleshwar Asset, Gujarat",41,3605450,15,GATE_VALVE,200.0,900,ASTM A182 F316,BW,API 6D
ONGC-MAT-0002898,ONGC,"STUD BOLT WITH NUTS, 2 INCH, CLASS 300, ASTM A193 B7 / A194 2H, ASME B18.2.1, THRD FACING",CAN-002133,DEPOT-ONGC-ANK,"Ankleshwar Asset, Gujarat",117,1500,355,STUD_BOLT,50.0,300,ASTM A193 B7 / A194 2H,THRD,ASME B18.2.1
ONGC-MAT-0002899,ONGC,"FLANGE, WELDING NECK, 1/2 INCH, CLASS 300, ASTM A350 LF2, ASME B16.5, RF FACING",CAN-000011,DEPOT-ONGC-ANK,"Ankleshwar Asset, Gujarat",89,3150,607,FLANGE_WELD_NECK,15.0,300,ASTM A350 LF2,RF,ASME B16.5
ONGC-MAT-0002900,ONGC,"VALVE, GATE, 2 INCH, CLASS 1500, ASTM A182 F316, API 600, RF FACING",CAN-001237,DEPOT-ONGC-URN,"Uran Plant, Maharashtra",0,894870,0,GATE_VALVE,50.0,1500,ASTM A182 F316,RF,API 600
ONGC-MAT-0002901,ONGC,"FLANGE, WELDING NECK, 1 INCH, CLASS 600, ASTM A182 F316, ASME B16.5, RF FACING",CAN-000063,DEPOT-ONGC-HZR,"Hazira Gas Processing Plant, Gujarat",32,21340,62,FLANGE_WELD_NECK,25.0,600,ASTM A182 F316,RF,ASME B16.5
ONGC-MAT-0002902,ONGC,"FLANGE, SLIP-ON, 8 INCH, CLASS 600, ASTM A182 F316, ASME B16.5, FF FACING",CAN-000928,DEPOT-ONGC-URN,"Uran Plant, Maharashtra",20,231700,87,FLANGE_SLIP_ON,200.0,600,ASTM A182 F316,FF,ASME B16.5
ONGC-MAT-0002903,ONGC,"FLANGE, SLIP-ON, 1 INCH, CLASS 300, ASTM A105, ASME B16.5, FF FACING",CAN-000738,DEPOT-ONGC-URN,"Uran Plant, Maharashtra",110,2780,217,FLANGE_SLIP_ON,25.0,300,ASTM A105,FF,ASME B16.5
ONGC-MAT-0002904,ONGC,"STUD BOLT WITH NUTS, 10 INCH, CLASS 600, ASTM A193 B7 / A194 2H, ASME B18.2.1, THRD FACING",CAN-002185,DEPOT-ONGC-RJM,"Rajahmundry Asset, Andhra Pradesh",0,21160,0,STUD_BOLT,250.0,600,ASTM A193 B7 / A194 2H,THRD,ASME B18.2.1
ONGC-MAT-0002905,ONGC,"FLANGE, WELDING NECK, 6 INCH, CLASS 150, ASTM A105, ASME B16.5, RTJ FACING",CAN-000242,DEPOT-ONGC-URN,"Uran Plant, Maharashtra",118,22590,311,FLANGE_WELD_NECK,150.0,150,ASTM A105,RTJ,ASME B16.5
ONGC-MAT-0002906,ONGC,"FLANGE, WELDING NECK, 1.5 INCH, CLASS 150, ASTM A182 F304, ASME B16.5, RF FACING",CAN-000085,DEPOT-ONGC-ANK,"Ankleshwar Asset, Gujarat",0,9720,0,FLANGE_WELD_NECK,40.0,150,ASTM A182 F304,RF,ASME B16.5
ONGC-MAT-0002907,ONGC,"FLANGE, WELDING NECK, 8 INCH, CLASS 300, ASTM A350 LF2, ASME B16.5, RTJ FACING",CAN-000292,DEPOT-ONGC-RJM,"Rajahmundry Asset, Andhra Pradesh",0,91490,0,FLANGE_WELD_NECK,200.0,300,ASTM A350 LF2,RTJ,ASME B16.5
ONGC-MAT-0002908,ONGC,"VALVE, GATE, 10 INCH, CLASS 1500, ASTM A105, API 6D, RF FACING",CAN-001534,DEPOT-ONGC-ANK,"Ankleshwar Asset, Gujarat",0,2266060,0,GATE_VALVE,250.0,1500,ASTM A105,RF,API 6D
ONGC-MAT-0002909,ONGC,"FLANGE, WELDING NECK, 1/2 INCH, CLASS 300, ASTM A350 LF2, ASME B16.5, RF FACING",CAN-000011,DEPOT-ONGC-HZR,"Hazira Gas Processing Plant, Gujarat",25,3150,50,FLANGE_WELD_NECK,15.0,300,ASTM A350 LF2,RF,ASME B16.5
ONGC-MAT-0002910,ONGC,"STUD BOLT WITH NUTS, 10 INCH, CLASS 300, ASTM A320 L7 / A194 7, ASME B18.2.1, THRD FACING",CAN-002184,DEPOT-ONGC-RJM,"Rajahmundry Asset, Andhra Pradesh",92,19450,247,STUD_BOLT,250.0,300,ASTM A320 L7 / A194 7,THRD,ASME B18.2.1
ONGC-MAT-0002911,ONGC,"FLANGE, WELDING NECK, 1 INCH, CLASS 300, ASTM A350 LF2, ASME B16.5, RF FACING",CAN-000051,DEPOT-ONGC-ANK,"Ankleshwar Asset, Gujarat",35,6120,324,FLANGE_WELD_NECK,25.0,300,ASTM A350 LF2,RF,ASME B16.5
ONGC-MAT-0002912,ONGC,"FLANGE, BLIND, 1/2 INCH, CLASS 300, ASTM A105, ASME B16.5, RF FACING",CAN-000407,DEPOT-ONGC-ANK,"Ankleshwar Asset, Gujarat",17,1610,106,FLANGE_BLIND,15.0,300,ASTM A105,RF,ASME B16.5
ONGC-MAT-0002913,ONGC,"VALVE, GATE, 2 INCH, CLASS 1500, ASTM A182 F316, API 6D, RF FACING",CAN-001238,DEPOT-ONGC-ANK,"Ankleshwar Asset, Gujarat",0,894870,0,GATE_VALVE,50.0,1500,ASTM A182 F316,RF,API 6D
ONGC-MAT-0002914,ONGC,"FLANGE, BLIND, 12 INCH, CLASS 600, ASTM A350 LF2, ASME B16.5, RTJ FACING",CAN-000686,DEPOT-ONGC-ANK,"Ankleshwar Asset, Gujarat",43,220780,37,FLANGE_BLIND,300.0,600,ASTM A350 LF2,RTJ,ASME B16.5
ONGC-MAT-0002915,ONGC,"FLANGE, SLIP-ON, 1 INCH, CLASS 1500, ASTM A105, ASME B16.5, FF FACING",CAN-000756,DEPOT-ONGC-URN,"Uran Plant, Maharashtra",33,10090,656,FLANGE_SLIP_ON,25.0,1500,ASTM A105,FF,ASME B16.5
ONGC-MAT-0002916,ONGC,"VALVE, GLOBE, 8 INCH, CLASS 300, ASTM A105, BS 1873, RF FACING",CAN-001947,DEPOT-ONGC-HZR,"Hazira Gas Processing Plant, Gujarat",0,623800,0,GLOBE_VALVE,200.0,300,ASTM A105,RF,BS 1873
ONGC-MAT-0002917,ONGC,"FLANGE, WELDING NECK, 8 INCH, CLASS 900, ASTM A350 LF2, ASME B16.5, RF FACING",CAN-000307,DEPOT-ONGC-ANK,"Ankleshwar Asset, Gujarat",0,220330,0,FLANGE_WELD_NECK,200.0,900,ASTM A350 LF2,RF,ASME B16.5
ONGC-MAT-0002918,ONGC,"VALVE, GATE, 1/2 INCH, CLASS 300, ASTM A182 F316, API 600, RF FACING",CAN-001021,DEPOT-ONGC-URN,"Uran Plant, Maharashtra",0,51620,0,GATE_VALVE,15.0,300,ASTM A182 F316,RF,API 600
ONGC-MAT-0002919,ONGC,"FLANGE, BLIND, 6 INCH, CLASS 150, ASTM A350 LF2, ASME B16.5, RF FACING",CAN-000583,DEPOT-ONGC-RJM,"Rajahmundry Asset, Andhra Pradesh",0,29570,0,FLANGE_BLIND,150.0,150,ASTM A350 LF2,RF,ASME B16.5
ONGC-MAT-0002920,ONGC,"VALVE, GATE, 10 INCH, CLASS 600, ASTM A216 WCB, API 600, RF FACING",CAN-001505,DEPOT-ONGC-MBO,"Mumbai Offshore Logistics Base, Maharashtra",0,1088730,0,GATE_VALVE,250.0,600,ASTM A216 WCB,RF,API 600
ONGC-MAT-0002921,ONGC,"VALVE, GATE, 8 INCH, CLASS 1500, ASTM A182 F316, API 6D, BW FACING",CAN-001480,DEPOT-ONGC-RJM,"Rajahmundry Asset, Andhra Pradesh",0,5425490,0,GATE_VALVE,200.0,1500,ASTM A182 F316,BW,API 6D
ONGC-MAT-0002922,ONGC,"FLANGE, BLIND, 2 INCH, CLASS 900, ASTM A350 LF2, ASME B16.5, RTJ FACING",CAN-000512,DEPOT-ONGC-ANK,"Ankleshwar Asset, Gujarat",81,29730,312,FLANGE_BLIND,50.0,900,ASTM A350 LF2,RTJ,ASME B16.5
ONGC-MAT-0002923,ONGC,"FLANGE, BLIND, 2 INCH, CLASS 150, ASTM A350 LF2, ASME B16.5, RF FACING",CAN-000493,DEPOT-ONGC-MBO,"Mumbai Offshore Logistics Base, Maharashtra",46,7090,38,FLANGE_BLIND,50.0,150,ASTM A350 LF2,RF,ASME B16.5
ONGC-MAT-0002924,ONGC,"VALVE, GATE, 1 INCH, CLASS 300, ASTM A182 F316, API 6D, RF FACING",CAN-001082,DEPOT-ONGC-MBO,"Mumbai Offshore Logistics Base, Maharashtra",26,100280,42,GATE_VALVE,25.0,300,ASTM A182 F316,RF,API 6D
ONGC-MAT-0002925,ONGC,"VALVE, GLOBE, 3 INCH, CLASS 600, ASTM A216 WCB, BS 1873, RF FACING",CAN-001889,DEPOT-ONGC-MBO,"Mumbai Offshore Logistics Base, Maharashtra",33,330030,26,GLOBE_VALVE,80.0,600,ASTM A216 WCB,RF,BS 1873
ONGC-MAT-0002926,ONGC,"VALVE, BALL, 2 INCH, CLASS 600, ASTM A216 WCB, API 6D, RF FACING",CAN-001669,DEPOT-ONGC-MBO,"Mumbai Offshore Logistics Base, Maharashtra",19,164210,53,BALL_VALVE,50.0,600,ASTM A216 WCB,RF,API 6D
ONGC-MAT-0002927,ONGC,"FLANGE, BLIND, 1/2 INCH, CLASS 600, ASTM A105, ASME B16.5, RTJ FACING",CAN-000414,DEPOT-ONGC-ANK,"Ankleshwar Asset, Gujarat",11,2800,46,FLANGE_BLIND,15.0,600,ASTM A105,RTJ,ASME B16.5
ONGC-MAT-0002928,ONGC,"VALVE, BALL, 8 INCH, CLASS 900, ASTM A182 F316, API 6D, RF FACING",CAN-001755,DEPOT-ONGC-MBO,"Mumbai Offshore Logistics Base, Maharashtra",66,4406670,578,BALL_VALVE,200.0,900,ASTM A182 F316,RF,API 6D
ONGC-MAT-0002929,ONGC,"VALVE, GATE, 12 INCH, CLASS 1500, ASTM A105, API 600, BW FACING",CAN-001595,DEPOT-ONGC-MBO,"Mumbai Offshore Logistics Base, Maharashtra",26,2872150,97,GATE_VALVE,300.0,1500,ASTM A105,BW,API 600
ONGC-MAT-0002930,ONGC,"FLANGE, WELDING NECK, 4 INCH, CLASS 600, ASTM A182 F304, ASME B16.5, RTJ FACING",CAN-000222,DEPOT-ONGC-URN,"Uran Plant, Maharashtra",41,97040,105,FLANGE_WELD_NECK,100.0,600,ASTM A182 F304,RTJ,ASME B16.5
ONGC-MAT-0002931,ONGC,"FLANGE, WELDING NECK, 8 INCH, CLASS 1500, ASTM A105, ASME B16.5, RF FACING",CAN-000313,DEPOT-ONGC-URN,"Uran Plant, Maharashtra",16,207220,69,FLANGE_WELD_NECK,200.0,1500,ASTM A105,RF,ASME B16.5
ONGC-MAT-0002932,ONGC,"VALVE, GATE, 8 INCH, CLASS 600, ASTM A216 WCB, API 6D, RF FACING",CAN-001446,DEPOT-ONGC-HZR,"Hazira Gas Processing Plant, Gujarat",37,814580,534,GATE_VALVE,200.0,600,ASTM A216 WCB,RF,API 6D
ONGC-MAT-0002933,ONGC,"VALVE, GATE, 3 INCH, CLASS 600, ASTM A216 WCB, API 6D, BW FACING",CAN-001268,DEPOT-ONGC-HZR,"Hazira Gas Processing Plant, Gujarat",45,247520,392,GATE_VALVE,80.0,600,ASTM A216 WCB,BW,API 6D
ONGC-MAT-0002934,ONGC,"FLANGE, BLIND, 6 INCH, CLASS 1500, ASTM A105, ASME B16.5, RF FACING",CAN-000605,DEPOT-ONGC-ANK,"Ankleshwar Asset, Gujarat",76,116640,435,FLANGE_BLIND,150.0,1500,ASTM A105,RF,ASME B16.5
ONGC-MAT-0002935,ONGC,"VALVE, GLOBE, 4 INCH, CLASS 600, ASTM A105, ASME B16.34, RF FACING",CAN-001912,DEPOT-ONGC-RJM,"Rajahmundry Asset, Andhra Pradesh",0,441100,0,GLOBE_VALVE,100.0,600,ASTM A105,RF,ASME B16.34
ONGC-MAT-0002936,ONGC,"FLANGE, SLIP-ON, 6 INCH, CLASS 150, ASTM A182 F304, ASME B16.5, RF FACING",CAN-000883,DEPOT-ONGC-URN,"Uran Plant, Maharashtra",39,39430,88,FLANGE_SLIP_ON,150.0,150,ASTM A182 F304,RF,ASME B16.5
ONGC-MAT-0002937,ONGC,"FLANGE, BLIND, 1/2 INCH, CLASS 300, ASTM A105, ASME B16.5, RF FACING",CAN-000407,DEPOT-ONGC-ANK,"Ankleshwar Asset, Gujarat",23,1610,113,FLANGE_BLIND,15.0,300,ASTM A105,RF,ASME B16.5
ONGC-MAT-0002938,ONGC,"VALVE, GATE, 1/2 INCH, CLASS 300, ASTM A216 WCB, API 6D, RF FACING",CAN-001014,DEPOT-ONGC-MBO,"Mumbai Offshore Logistics Base, Maharashtra",18,16130,100,GATE_VALVE,15.0,300,ASTM A216 WCB,RF,API 6D
ONGC-MAT-0002939,ONGC,"FLANGE, BLIND, 6 INCH, CLASS 150, ASTM A105, ASME B16.5, RTJ FACING",CAN-000582,DEPOT-ONGC-RJM,"Rajahmundry Asset, Andhra Pradesh",0,18480,0,FLANGE_BLIND,150.0,150,ASTM A105,RTJ,ASME B16.5
ONGC-MAT-0002940,ONGC,"VALVE, GATE, 2 INCH, CLASS 600, ASTM A182 F316, API 600, RF FACING",CAN-001213,DEPOT-ONGC-URN,"Uran Plant, Maharashtra",43,429940,120,GATE_VALVE,50.0,600,ASTM A182 F316,RF,API 600
ONGC-MAT-0002941,ONGC,"VALVE, GLOBE, 1.5 INCH, CLASS 600, ASTM A216 WCB, ASME B16.34, RF FACING",CAN-001850,DEPOT-ONGC-HZR,"Hazira Gas Processing Plant, Gujarat",0,134030,0,GLOBE_VALVE,40.0,600,ASTM A216 WCB,RF,ASME B16.34
ONGC-MAT-0002942,ONGC,"FLANGE, SLIP-ON, 3 INCH, CLASS 600, ASTM A182 F316, ASME B16.5, RF FACING",CAN-000837,DEPOT-ONGC-HZR,"Hazira Gas Processing Plant, Gujarat",12,70400,28,FLANGE_SLIP_ON,80.0,600,ASTM A182 F316,RF,ASME B16.5
ONGC-MAT-0002943,ONGC,"FLANGE, BLIND, 1/2 INCH, CLASS 150, ASTM A350 LF2, ASME B16.5, RF FACING",CAN-000403,DEPOT-ONGC-MBO,"Mumbai Offshore Logistics Base, Maharashtra",20,1480,82,FLANGE_BLIND,15.0,150,ASTM A350 LF2,RF,ASME B16.5
ONGC-MAT-0002944,ONGC,"VALVE, GATE, 8 INCH, CLASS 1500, ASTM A216 WCB, API 6D, RF FACING",CAN-001470,DEPOT-ONGC-ANK,"Ankleshwar Asset, Gujarat",47,1695460,21,GATE_VALVE,200.0,1500,ASTM A216 WCB,RF,API 6D
ONGC-MAT-0002945,ONGC,"FLANGE, WELDING NECK, 6 INCH, CLASS 150, ASTM A182 F304, ASME B16.5, RF FACING",CAN-000245,DEPOT-ONGC-ANK,"Ankleshwar Asset, Gujarat",41,54220,271,FLANGE_WELD_NECK,150.0,150,ASTM A182 F304,RF,ASME B16.5
ONGC-MAT-0002946,ONGC,"FLANGE, WELDING NECK, 1.5 INCH, CLASS 1500, ASTM A105, ASME B16.5, RF FACING",CAN-000113,DEPOT-ONGC-MBO,"Mumbai Offshore Logistics Base, Maharashtra",67,25570,361,FLANGE_WELD_NECK,40.0,1500,ASTM A105,RF,ASME B16.5
ONGC-MAT-0002947,ONGC,"FLANGE, SLIP-ON, 2 INCH, CLASS 300, ASTM A182 F304, ASME B16.5, FF FACING",CAN-000800,DEPOT-ONGC-HZR,"Hazira Gas Processing Plant, Gujarat",120,16460,513,FLANGE_SLIP_ON,50.0,300,ASTM A182 F304,FF,ASME B16.5
ONGC-MAT-0002948,ONGC,"FLANGE, BLIND, 2 INCH, CLASS 150, ASTM A105, ASME B16.5, RTJ FACING",CAN-000492,DEPOT-ONGC-RJM,"Rajahmundry Asset, Andhra Pradesh",0,4430,0,FLANGE_BLIND,50.0,150,ASTM A105,RTJ,ASME B16.5
ONGC-MAT-0002949,ONGC,"FLANGE, BLIND, 1/2 INCH, CLASS 900, ASTM A182 F316, ASME B16.5, RTJ FACING",CAN-000424,DEPOT-ONGC-HZR,"Hazira Gas Processing Plant, Gujarat",84,12430,374,FLANGE_BLIND,15.0,900,ASTM A182 F316,RTJ,ASME B16.5
ONGC-MAT-0002950,ONGC,"VALVE, GATE, 12 INCH, CLASS 600, ASTM A182 F316, API 600, RF FACING",CAN-001573,DEPOT-ONGC-MBO,"Mumbai Offshore Logistics Base, Maharashtra",18,4415760,60,GATE_VALVE,300.0,600,ASTM A182 F316,RF,API 600
ONGC-MAT-0002951,ONGC,"FLANGE, SLIP-ON, 1.5 INCH, CLASS 300, ASTM A182 F316, ASME B16.5, RF FACING",CAN-000771,DEPOT-ONGC-ANK,"Ankleshwar Asset, Gujarat",18,16420,115,FLANGE_SLIP_ON,40.0,300,ASTM A182 F316,RF,ASME B16.5
ONGC-MAT-0002952,ONGC,"FLANGE, BLIND, 10 INCH, CLASS 150, ASTM A350 LF2, ASME B16.5, RTJ FACING",CAN-000644,DEPOT-ONGC-URN,"Uran Plant, Maharashtra",127,57460,275,FLANGE_BLIND,250.0,150,ASTM A350 LF2,RTJ,ASME B16.5
ONGC-MAT-0002953,ONGC,"STUD BOLT WITH NUTS, 1/2 INCH, CLASS 150, ASTM A193 B7 / A194 2H, ASME B18.2.1, THRD FACING",CAN-002101,DEPOT-ONGC-ANK,"Ankleshwar Asset, Gujarat",0,180,0,STUD_BOLT,15.0,150,ASTM A193 B7 / A194 2H,THRD,ASME B18.2.1
ONGC-MAT-0002954,ONGC,"FLANGE, BLIND, 4 INCH, CLASS 900, ASTM A350 LF2, ASME B16.5, RF FACING",CAN-000571,DEPOT-ONGC-HZR,"Hazira Gas Processing Plant, Gujarat",34,73210,90,FLANGE_BLIND,100.0,900,ASTM A350 LF2,RF,ASME B16.5
ONGC-MAT-0002955,ONGC,"VALVE, BALL, 2 INCH, CLASS 300, ASTM A216 WCB, API 6D, RF FACING",CAN-001665,DEPOT-ONGC-URN,"Uran Plant, Maharashtra",0,94310,0,BALL_VALVE,50.0,300,ASTM A216 WCB,RF,API 6D
ONGC-MAT-0002956,ONGC,"STUD BOLT WITH NUTS, 3 INCH, CLASS 1500, ASTM A193 B7 / A194 2H, ASME B18.2.1, THRD FACING",CAN-002149,DEPOT-ONGC-MBO,"Mumbai Offshore Logistics Base, Maharashtra",37,10010,40,STUD_BOLT,80.0,1500,ASTM A193 B7 / A194 2H,THRD,ASME B18.2.1
ONGC-MAT-0002957,ONGC,"VALVE, BALL, 8 INCH, CLASS 1500, ASTM A216 WCB, API 6D, RF FACING",CAN-001757,DEPOT-ONGC-ANK,"Ankleshwar Asset, Gujarat",0,2072230,0,BALL_VALVE,200.0,1500,ASTM A216 WCB,RF,API 6D
ONGC-MAT-0002958,ONGC,"VALVE, GLOBE, 1/2 INCH, CLASS 900, ASTM A216 WCB, BS 1873, RF FACING",CAN-001813,DEPOT-ONGC-RJM,"Rajahmundry Asset, Andhra Pradesh",0,51790,0,GLOBE_VALVE,15.0,900,ASTM A216 WCB,RF,BS 1873
ONGC-MAT-0002959,ONGC,"VALVE, GATE, 6 INCH, CLASS 300, ASTM A105, API 600, RF FACING",CAN-001377,DEPOT-ONGC-RJM,"Rajahmundry Asset, Andhra Pradesh",134,321870,738,GATE_VALVE,150.0,300,ASTM A105,RF,API 600
ONGC-MAT-0002960,ONGC,"VALVE, GATE, 3 INCH, CLASS 900, ASTM A182 F316, API 600, BW FACING",CAN-001287,DEPOT-ONGC-ANK,"Ankleshwar Asset, Gujarat",11,1095560,17,GATE_VALVE,80.0,900,ASTM A182 F316,BW,API 600
ONGC-MAT-0002961,ONGC,"FLANGE, SLIP-ON, 1/2 INCH, CLASS 600, ASTM A105, ASME B16.5, FF FACING",CAN-000714,DEPOT-ONGC-RJM,"Rajahmundry Asset, Andhra Pradesh",68,2490,733,FLANGE_SLIP_ON,15.0,600,ASTM A105,FF,ASME B16.5
ONGC-MAT-0002962,ONGC,"FLANGE, WELDING NECK, 3 INCH, CLASS 300, ASTM A182 F304, ASME B16.5, RF FACING",CAN-000173,DEPOT-ONGC-ANK,"Ankleshwar Asset, Gujarat",0,41700,0,FLANGE_WELD_NECK,80.0,300,ASTM A182 F304,RF,ASME B16.5
ONGC-MAT-0002963,ONGC,"VALVE, GATE, 8 INCH, CLASS 900, ASTM A182 F316, API 600, RF FACING",CAN-001465,DEPOT-ONGC-HZR,"Hazira Gas Processing Plant, Gujarat",0,3605450,0,GATE_VALVE,200.0,900,ASTM A182 F316,RF,API 600
ONGC-MAT-0002964,ONGC,"GASKET, SPIRAL WOUND, 2 INCH, CLASS 150, SS316 / GRAPHITE, ASME B16.20, RF FACING",CAN-002031,DEPOT-ONGC-HZR,"Hazira Gas Processing Plant, Gujarat",128,5120,396,SPIRAL_WOUND_GASKET,50.0,150,SS316 / GRAPHITE,RF,ASME B16.20
ONGC-MAT-0002965,ONGC,"FLANGE, SLIP-ON, 1 INCH, CLASS 1500, ASTM A182 F304, ASME B16.5, RF FACING",CAN-000757,DEPOT-ONGC-URN,"Uran Plant, Maharashtra",32,24220,92,FLANGE_SLIP_ON,25.0,1500,ASTM A182 F304,RF,ASME B16.5
ONGC-MAT-0002966,ONGC,"FLANGE, SLIP-ON, 1.5 INCH, CLASS 1500, ASTM A182 F304, ASME B16.5, RF FACING",CAN-000787,DEPOT-ONGC-MBO,"Mumbai Offshore Logistics Base, Maharashtra",104,44630,470,FLANGE_SLIP_ON,40.0,1500,ASTM A182 F304,RF,ASME B16.5
ONGC-MAT-0002967,ONGC,"VALVE, BALL, 2 INCH, CLASS 150, ASTM A182 F316, API 6D, RF FACING",CAN-001663,DEPOT-ONGC-MBO,"Mumbai Offshore Logistics Base, Maharashtra",31,173340,25,BALL_VALVE,50.0,150,ASTM A182 F316,RF,API 6D
ONGC-MAT-0002968,ONGC,"FLANGE, BLIND, 1.5 INCH, CLASS 900, ASTM A182 F316, ASME B16.5, RTJ FACING",CAN-000484,DEPOT-ONGC-MBO,"Mumbai Offshore Logistics Base, Maharashtra",0,44490,0,FLANGE_BLIND,40.0,900,ASTM A182 F316,RTJ,ASME B16.5
ONGC-MAT-0002969,ONGC,"FLANGE, SLIP-ON, 12 INCH, CLASS 1500, ASTM A182 F316, ASME B16.5, RF FACING",CAN-000999,DEPOT-ONGC-ANK,"Ankleshwar Asset, Gujarat",27,816960,427,FLANGE_SLIP_ON,300.0,1500,ASTM A182 F316,RF,ASME B16.5
ONGC-MAT-0002970,ONGC,"FLANGE, WELDING NECK, 1 INCH, CLASS 900, ASTM A182 F304, ASME B16.5, RF FACING",CAN-000069,DEPOT-ONGC-ANK,"Ankleshwar Asset, Gujarat",31,22130,91,FLANGE_WELD_NECK,25.0,900,ASTM A182 F304,RF,ASME B16.5
ONGC-MAT-0002971,ONGC,"VALVE, BALL, 3 INCH, CLASS 150, ASTM A182 F316, API 6D, RF FACING",CAN-001683,DEPOT-ONGC-URN,"Uran Plant, Maharashtra",0,319350,0,BALL_VALVE,80.0,150,ASTM A182 F316,RF,API 6D
ONGC-MAT-0002972,ONGC,"FLANGE, WELDING NECK, 8 INCH, CLASS 600, ASTM A350 LF2, ASME B16.5, RF FACING",CAN-000299,DEPOT-ONGC-ANK,"Ankleshwar Asset, Gujarat",110,159290,603,FLANGE_WELD_NECK,200.0,600,ASTM A350 LF2,RF,ASME B16.5
ONGC-MAT-0002973,ONGC,"FLANGE, BLIND, 1/2 INCH, CLASS 300, ASTM A182 F316, ASME B16.5, RF FACING",CAN-000411,DEPOT-ONGC-RJM,"Rajahmundry Asset, Andhra Pradesh",9,5160,52,FLANGE_BLIND,15.0,300,ASTM A182 F316,RF,ASME B16.5
ONGC-MAT-0002974,ONGC,"VALVE, GLOBE, 1.5 INCH, CLASS 1500, ASTM A105, ASME B16.34, RF FACING",CAN-001860,DEPOT-ONGC-ANK,"Ankleshwar Asset, Gujarat",71,278970,520,GLOBE_VALVE,40.0,1500,ASTM A105,RF,ASME B16.34
ONGC-MAT-0002975,ONGC,"FLANGE, SLIP-ON, 8 INCH, CLASS 150, ASTM A182 F316, ASME B16.5, RF FACING",CAN-000915,DEPOT-ONGC-HZR,"Hazira Gas Processing Plant, Gujarat",36,76430,36,FLANGE_SLIP_ON,200.0,150,ASTM A182 F316,RF,ASME B16.5
ONGC-MAT-0002976,ONGC,"FLANGE, BLIND, 1 INCH, CLASS 300, ASTM A350 LF2, ASME B16.5, RTJ FACING",CAN-000440,DEPOT-ONGC-ANK,"Ankleshwar Asset, Gujarat",37,5010,707,FLANGE_BLIND,25.0,300,ASTM A350 LF2,RTJ,ASME B16.5
ONGC-MAT-0002977,ONGC,"FLANGE, SLIP-ON, 12 INCH, CLASS 150, ASTM A182 F304, ASME B16.5, RF FACING",CAN-000973,DEPOT-ONGC-ANK,"Ankleshwar Asset, Gujarat",0,97110,0,FLANGE_SLIP_ON,300.0,150,ASTM A182 F304,RF,ASME B16.5
ONGC-MAT-0002978,ONGC,"FLANGE, SLIP-ON, 3 INCH, CLASS 1500, ASTM A182 F304, ASME B16.5, FF FACING",CAN-000848,DEPOT-ONGC-MBO,"Mumbai Offshore Logistics Base, Maharashtra",48,109900,59,FLANGE_SLIP_ON,80.0,1500,ASTM A182 F304,FF,ASME B16.5
ONGC-MAT-0002979,ONGC,"STUD BOLT WITH NUTS, 12 INCH, CLASS 600, ASTM A193 B7 / A194 2H, ASME B18.2.1, THRD FACING",CAN-002195,DEPOT-ONGC-ANK,"Ankleshwar Asset, Gujarat",112,26830,598,STUD_BOLT,300.0,600,ASTM A193 B7 / A194 2H,THRD,ASME B18.2.1
ONGC-MAT-0002980,ONGC,"FLANGE, WELDING NECK, 8 INCH, CLASS 900, ASTM A182 F304, ASME B16.5, RF FACING",CAN-000309,DEPOT-ONGC-ANK,"Ankleshwar Asset, Gujarat",23,330500,222,FLANGE_WELD_NECK,200.0,900,ASTM A182 F304,RF,ASME B16.5
ONGC-MAT-0002981,ONGC,"FLANGE, WELDING NECK, 3 INCH, CLASS 900, ASTM A182 F316, ASME B16.5, RTJ FACING",CAN-000192,DEPOT-ONGC-URN,"Uran Plant, Maharashtra",134,133900,502,FLANGE_WELD_NECK,80.0,900,ASTM A182 F316,RTJ,ASME B16.5
ONGC-MAT-0002982,ONGC,"FLANGE, BLIND, 12 INCH, CLASS 1500, ASTM A182 F316, ASME B16.5, RF FACING",CAN-000699,DEPOT-ONGC-URN,"Uran Plant, Maharashtra",0,919090,0,FLANGE_BLIND,300.0,1500,ASTM A182 F316,RF,ASME B16.5
ONGC-MAT-0002983,ONGC,"VALVE, GATE, 1/2 INCH, CLASS 900, ASTM A182 F316, API 600, BW FACING",CAN-001047,DEPOT-ONGC-MBO,"Mumbai Offshore Logistics Base, Maharashtra",85,124310,323,GATE_VALVE,15.0,900,ASTM A182 F316,BW,API 600
ONGC-MAT-0002984,ONGC,"STUD BOLT WITH NUTS, 1 INCH, CLASS 1500, ASTM A320 L7 / A194 7, ASME B18.2.1, THRD FACING",CAN-002120,DEPOT-ONGC-HZR,"Hazira Gas Processing Plant, Gujarat",0,3530,0,STUD_BOLT,25.0,1500,ASTM A320 L7 / A194 7,THRD,ASME B18.2.1
ONGC-MAT-0002985,ONGC,"VALVE, GATE, 12 INCH, CLASS 900, ASTM A105, API 600, BW FACING",CAN-001583,DEPOT-ONGC-URN,"Uran Plant, Maharashtra",0,1908660,0,GATE_VALVE,300.0,900,ASTM A105,BW,API 600
ONGC-MAT-0002986,ONGC,"VALVE, BALL, 2 INCH, CLASS 1500, ASTM A216 WCB, API 6D, BW FACING",CAN-001678,DEPOT-ONGC-URN,"Uran Plant, Maharashtra",21,341790,53,BALL_VALVE,50.0,1500,ASTM A216 WCB,BW,API 6D
ONGC-MAT-0002987,ONGC,"VALVE, BALL, 1.5 INCH, CLASS 150, ASTM A182 F316, API 6D, BW FACING",CAN-001644,DEPOT-ONGC-ANK,"Ankleshwar Asset, Gujarat",42,129690,91,BALL_VALVE,40.0,150,ASTM A182 F316,BW,API 6D
ONGC-MAT-0002988,ONGC,"VALVE, BALL, 2 INCH, CLASS 900, ASTM A182 F316, API 6D, RF FACING",CAN-001675,DEPOT-ONGC-ANK,"Ankleshwar Asset, Gujarat",70,726820,644,BALL_VALVE,50.0,900,ASTM A182 F316,RF,API 6D
ONGC-MAT-0002989,ONGC,"FLANGE, BLIND, 4 INCH, CLASS 600, ASTM A182 F316, ASME B16.5, RF FACING",CAN-000567,DEPOT-ONGC-URN,"Uran Plant, Maharashtra",0,105860,0,FLANGE_BLIND,100.0,600,ASTM A182 F316,RF,ASME B16.5
ONGC-MAT-0002990,ONGC,"FLANGE, WELDING NECK, 4 INCH, CLASS 600, ASTM A182 F316, ASME B16.5, RTJ FACING",CAN-000224,DEPOT-ONGC-MBO,"Mumbai Offshore Logistics Base, Maharashtra",22,129380,18,FLANGE_WELD_NECK,100.0,600,ASTM A182 F316,RTJ,ASME B16.5
ONGC-MAT-0002991,ONGC,"VALVE, BALL, 1.5 INCH, CLASS 1500, ASTM A216 WCB, API 6D, BW FACING",CAN-001658,DEPOT-ONGC-ANK,"Ankleshwar Asset, Gujarat",0,255720,0,BALL_VALVE,40.0,1500,ASTM A216 WCB,BW,API 6D
ONGC-MAT-0002992,ONGC,"FLANGE, WELDING NECK, 1 INCH, CLASS 600, ASTM A182 F316, ASME B16.5, RTJ FACING",CAN-000064,DEPOT-ONGC-MBO,"Mumbai Offshore Logistics Base, Maharashtra",8,21340,33,FLANGE_WELD_NECK,25.0,600,ASTM A182 F316,RTJ,ASME B16.5
ONGC-MAT-0002993,ONGC,"FLANGE, BLIND, 4 INCH, CLASS 600, ASTM A182 F316, ASME B16.5, RF FACING",CAN-000567,DEPOT-ONGC-RJM,"Rajahmundry Asset, Andhra Pradesh",31,105860,738,FLANGE_BLIND,100.0,600,ASTM A182 F316,RF,ASME B16.5
ONGC-MAT-0002994,ONGC,"FLANGE, WELDING NECK, 6 INCH, CLASS 600, ASTM A182 F304, ASME B16.5, RF FACING",CAN-000261,DEPOT-ONGC-HZR,"Hazira Gas Processing Plant, Gujarat",0,164390,0,FLANGE_WELD_NECK,150.0,600,ASTM A182 F304,RF,ASME B16.5
ONGC-MAT-0002995,ONGC,"STUD BOLT WITH NUTS, 3 INCH, CLASS 900, ASTM A193 B7 / A194 2H, ASME B18.2.1, THRD FACING",CAN-002147,DEPOT-ONGC-MBO,"Mumbai Offshore Logistics Base, Maharashtra",0,6650,0,STUD_BOLT,80.0,900,ASTM A193 B7 / A194 2H,THRD,ASME B18.2.1
ONGC-MAT-0002996,ONGC,"VALVE, GATE, 8 INCH, CLASS 300, ASTM A182 F316, API 6D, RF FACING",CAN-001442,DEPOT-ONGC-RJM,"Rajahmundry Asset, Andhra Pradesh",12,1497140,12,GATE_VALVE,200.0,300,ASTM A182 F316,RF,API 6D
ONGC-MAT-0002997,ONGC,"FLANGE, SLIP-ON, 4 INCH, CLASS 600, ASTM A105, ASME B16.5, RF FACING",CAN-000863,DEPOT-ONGC-RJM,"Rajahmundry Asset, Andhra Pradesh",112,29400,332,FLANGE_SLIP_ON,100.0,600,ASTM A105,RF,ASME B16.5
ONGC-MAT-0002998,ONGC,"FLANGE, WELDING NECK, 1/2 INCH, CLASS 900, ASTM A182 F316, ASME B16.5, RTJ FACING",CAN-000032,DEPOT-ONGC-ANK,"Ankleshwar Asset, Gujarat",68,15190,336,FLANGE_WELD_NECK,15.0,900,ASTM A182 F316,RTJ,ASME B16.5
ONGC-MAT-0002999,ONGC,"VALVE, GATE, 6 INCH, CLASS 150, ASTM A105, API 6D, BW FACING",CAN-001368,DEPOT-ONGC-URN,"Uran Plant, Maharashtra",28,184870,14,GATE_VALVE,150.0,150,ASTM A105,BW,API 6D
ONGC-MAT-0003000,ONGC,"FLANGE, WELDING NECK, 2 INCH, CLASS 300, ASTM A350 LF2, ASME B16.5, RF FACING",CAN-000131,DEPOT-ONGC-HZR,"Hazira Gas Processing Plant, Gujarat",98,15090,583,FLANGE_WELD_NECK,50.0,300,ASTM A350 LF2,RF,ASME B16.5
ONGC-MAT-0003001,ONGC,"VALVE, GATE, 3 INCH, CLASS 300, ASTM A105, API 600, RF FACING",CAN-001257,DEPOT-ONGC-URN,"Uran Plant, Maharashtra",6,142160,68,GATE_VALVE,80.0,300,ASTM A105,RF,API 600
ONGC-MAT-0003002,ONGC,"FLANGE, WELDING NECK, 3 INCH, CLASS 900, ASTM A105, ASME B16.5, RF FACING",CAN-000185,DEPOT-ONGC-MBO,"Mumbai Offshore Logistics Base, Maharashtra",47,41840,85,FLANGE_WELD_NECK,80.0,900,ASTM A105,RF,ASME B16.5
ONGC-MAT-0003003,ONGC,"VALVE, GLOBE, 1 INCH, CLASS 600, ASTM A105, BS 1873, RF FACING",CAN-001831,DEPOT-ONGC-ANK,"Ankleshwar Asset, Gujarat",0,72750,0,GLOBE_VALVE,25.0,600,ASTM A105,RF,BS 1873
ONGC-MAT-0003004,ONGC,"FLANGE, BLIND, 3 INCH, CLASS 300, ASTM A350 LF2, ASME B16.5, RTJ FACING",CAN-000530,DEPOT-ONGC-HZR,"Hazira Gas Processing Plant, Gujarat",139,22740,731,FLANGE_BLIND,80.0,300,ASTM A350 LF2,RTJ,ASME B16.5
ONGC-MAT-0003005,ONGC,"VALVE, BALL, 6 INCH, CLASS 1500, ASTM A182 F316, API 6D, RF FACING",CAN-001739,DEPOT-ONGC-URN,"Uran Plant, Maharashtra",47,4562140,47,BALL_VALVE,150.0,1500,ASTM A182 F316,RF,API 6D
ONGC-MAT-0003006,ONGC,"FLANGE, BLIND, 2 INCH, CLASS 1500, ASTM A350 LF2, ASME B16.5, RF FACING",CAN-000517,DEPOT-ONGC-MBO,"Mumbai Offshore Logistics Base, Maharashtra",48,44740,89,FLANGE_BLIND,50.0,1500,ASTM A350 LF2,RF,ASME B16.5
ONGC-MAT-0003007,ONGC,"VALVE, GATE, 6 INCH, CLASS 150, ASTM A216 WCB, API 600, RF FACING",CAN-001361,DEPOT-ONGC-HZR,"Hazira Gas Processing Plant, Gujarat",0,184870,0,GATE_VALVE,150.0,150,ASTM A216 WCB,RF,API 600
ONGC-MAT-0003008,ONGC,"FLANGE, SLIP-ON, 1 INCH, CLASS 300, ASTM A182 F304, ASME B16.5, FF FACING",CAN-000740,DEPOT-ONGC-MBO,"Mumbai Offshore Logistics Base, Maharashtra",24,6680,48,FLANGE_SLIP_ON,25.0,300,ASTM A182 F304,FF,ASME B16.5
ONGC-MAT-0003009,ONGC,"FLANGE, WELDING NECK, 3 INCH, CLASS 150, ASTM A350 LF2, ASME B16.5, RF FACING",CAN-000163,DEPOT-ONGC-MBO,"Mumbai Offshore Logistics Base, Maharashtra",30,15960,58,FLANGE_WELD_NECK,80.0,150,ASTM A350 LF2,RF,ASME B16.5
ONGC-MAT-0003010,ONGC,"VALVE, BALL, 1 INCH, CLASS 1500, ASTM A182 F316, API 6D, RF FACING",CAN-001639,DEPOT-ONGC-RJM,"Rajahmundry Asset, Andhra Pradesh",40,444190,38,BALL_VALVE,25.0,1500,ASTM A182 F316,RF,API 6D
ONGC-MAT-0003011,ONGC,"GASKET, SPIRAL WOUND, 8 INCH, CLASS 150, SS316 / GRAPHITE, ASME B16.20, RF FACING",CAN-002071,DEPOT-ONGC-MBO,"Mumbai Offshore Logistics Base, Maharashtra",21,31050,496,SPIRAL_WOUND_GASKET,200.0,150,SS316 / GRAPHITE,RF,ASME B16.20
ONGC-MAT-0003012,ONGC,"FLANGE, BLIND, 12 INCH, CLASS 600, ASTM A105, ASME B16.5, RTJ FACING",CAN-000684,DEPOT-ONGC-URN,"Uran Plant, Maharashtra",37,137990,30,FLANGE_BLIND,300.0,600,ASTM A105,RTJ,ASME B16.5
ONGC-MAT-0003013,ONGC,"FLANGE, WELDING NECK, 1 INCH, CLASS 900, ASTM A182 F316, ASME B16.5, RTJ FACING",CAN-000072,DEPOT-ONGC-ANK,"Ankleshwar Asset, Gujarat",24,29510,722,FLANGE_WELD_NECK,25.0,900,ASTM A182 F316,RTJ,ASME B16.5
ONGC-MAT-0003014,ONGC,"FLANGE, SLIP-ON, 1/2 INCH, CLASS 1500, ASTM A105, ASME B16.5, FF FACING",CAN-000726,DEPOT-ONGC-ANK,"Ankleshwar Asset, Gujarat",16,5190,52,FLANGE_SLIP_ON,15.0,1500,ASTM A105,FF,ASME B16.5
ONGC-MAT-0003015,ONGC,"VALVE, GATE, 4 INCH, CLASS 1500, ASTM A105, API 600, BW FACING",CAN-001355,DEPOT-ONGC-MBO,"Mumbai Offshore Logistics Base, Maharashtra",0,688570,0,GATE_VALVE,100.0,1500,ASTM A105,BW,API 600
ONGC-MAT-0003016,ONGC,"VALVE, GATE, 3 INCH, CLASS 1500, ASTM A182 F316, API 600, BW FACING",CAN-001299,DEPOT-ONGC-MBO,"Mumbai Offshore Logistics Base, Maharashtra",116,1648600,569,GATE_VALVE,80.0,1500,ASTM A182 F316,BW,API 600
ONGC-MAT-0003017,ONGC,"FLANGE, WELDING NECK, 8 INCH, CLASS 1500, ASTM A350 LF2, ASME B16.5, RF FACING",CAN-000315,DEPOT-ONGC-RJM,"Rajahmundry Asset, Andhra Pradesh",57,331550,395,FLANGE_WELD_NECK,200.0,1500,ASTM A350 LF2,RF,ASME B16.5
ONGC-MAT-0003018,ONGC,"VALVE, GLOBE, 1/2 INCH, CLASS 300, ASTM A216 WCB, ASME B16.34, RF FACING",CAN-001806,DEPOT-ONGC-URN,"Uran Plant, Maharashtra",15,21500,72,GLOBE_VALVE,15.0,300,ASTM A216 WCB,RF,ASME B16.34
ONGC-MAT-0003019,ONGC,"GASKET, SPIRAL WOUND, 1 INCH, CLASS 150, SS304 / GRAPHITE, ASME B16.20, RF FACING",CAN-002012,DEPOT-ONGC-URN,"Uran Plant, Maharashtra",24,1560,101,SPIRAL_WOUND_GASKET,25.0,150,SS304 / GRAPHITE,RF,ASME B16.20
ONGC-MAT-0003020,ONGC,"VALVE, GATE, 12 INCH, CLASS 150, ASTM A182 F316, API 600, RF FACING",CAN-001549,DEPOT-ONGC-MBO,"Mumbai Offshore Logistics Base, Maharashtra",62,1456650,664,GATE_VALVE,300.0,150,ASTM A182 F316,RF,API 600
ONGC-MAT-0003021,ONGC,"FLANGE, SLIP-ON, 8 INCH, CLASS 300, ASTM A182 F316, ASME B16.5, FF FACING",CAN-000922,DEPOT-ONGC-HZR,"Hazira Gas Processing Plant, Gujarat",89,133070,658,FLANGE_SLIP_ON,200.0,300,ASTM A182 F316,FF,ASME B16.5
ONGC-MAT-0003022,ONGC,"FLANGE, BLIND, 2 INCH, CLASS 300, ASTM A182 F316, ASME B16.5, RF FACING",CAN-000501,DEPOT-ONGC-URN,"Uran Plant, Maharashtra",0,24690,0,FLANGE_BLIND,50.0,300,ASTM A182 F316,RF,ASME B16.5
ONGC-MAT-0003023,ONGC,"VALVE, BALL, 10 INCH, CLASS 600, ASTM A216 WCB, API 6D, RF FACING",CAN-001769,DEPOT-ONGC-URN,"Uran Plant, Maharashtra",21,1330670,65,BALL_VALVE,250.0,600,ASTM A216 WCB,RF,API 6D
ONGC-MAT-0003024,ONGC,"GASKET, SPIRAL WOUND, 10 INCH, CLASS 600, SS316 / GRAPHITE, ASME B16.20, RF FACING",CAN-002085,DEPOT-ONGC-MBO,"Mumbai Offshore Logistics Base, Maharashtra",7,125800,55,SPIRAL_WOUND_GASKET,250.0,600,SS316 / GRAPHITE,RF,ASME B16.20
ONGC-MAT-0003025,ONGC,"GASKET, SPIRAL WOUND, 12 INCH, CLASS 600, SS316 / GRAPHITE, ASME B16.20, RF FACING",CAN-002095,DEPOT-ONGC-HZR,"Hazira Gas Processing Plant, Gujarat",96,159450,575,SPIRAL_WOUND_GASKET,300.0,600,SS316 / GRAPHITE,RF,ASME B16.20
ONGC-MAT-0003026,ONGC,"FLANGE, BLIND, 1.5 INCH, CLASS 600, ASTM A105, ASME B16.5, RTJ FACING",CAN-000474,DEPOT-ONGC-HZR,"Hazira Gas Processing Plant, Gujarat",29,10050,75,FLANGE_BLIND,40.0,600,ASTM A105,RTJ,ASME B16.5
ONGC-MAT-0003027,ONGC,"VALVE, BALL, 4 INCH, CLASS 1500, ASTM A182 F316, API 6D, BW FACING",CAN-001720,DEPOT-ONGC-MBO,"Mumbai Offshore Logistics Base, Maharashtra",0,2693080,0,BALL_VALVE,100.0,1500,ASTM A182 F316,BW,API 6D
ONGC-MAT-0003028,ONGC,"VALVE, GLOBE, 1 INCH, CLASS 150, ASTM A216 WCB, ASME B16.34, RF FACING",CAN-001822,DEPOT-ONGC-RJM,"Rajahmundry Asset, Andhra Pradesh",38,24000,99,GLOBE_VALVE,25.0,150,ASTM A216 WCB,RF,ASME B16.34
ONGC-MAT-0003029,ONGC,"VALVE, GATE, 1.5 INCH, CLASS 1500, ASTM A216 WCB, API 600, RF FACING",CAN-001169,DEPOT-ONGC-RJM,"Rajahmundry Asset, Andhra Pradesh",63,209230,458,GATE_VALVE,40.0,1500,ASTM A216 WCB,RF,API 600
ONGC-MAT-0003030,ONGC,"VALVE, GATE, 2 INCH, CLASS 900, ASTM A105, API 6D, BW FACING",CAN-001224,DEPOT-ONGC-ANK,"Ankleshwar Asset, Gujarat",21,185830,12,GATE_VALVE,50.0,900,ASTM A105,BW,API 6D
ONGC-MAT-0003031,ONGC,"STUD BOLT WITH NUTS, 1/2 INCH, CLASS 600, ASTM A320 L7 / A194 7, ASME B18.2.1, THRD FACING",CAN-002106,DEPOT-ONGC-URN,"Uran Plant, Maharashtra",46,870,96,STUD_BOLT,15.0,600,ASTM A320 L7 / A194 7,THRD,ASME B18.2.1
ONGC-MAT-0003032,ONGC,"FLANGE, BLIND, 12 INCH, CLASS 300, ASTM A350 LF2, ASME B16.5, RF FACING",CAN-000679,DEPOT-ONGC-RJM,"Rajahmundry Asset, Andhra Pradesh",38,126800,64,FLANGE_BLIND,300.0,300,ASTM A350 LF2,RF,ASME B16.5
ONGC-MAT-0003033,ONGC,"FLANGE, SLIP-ON, 1 INCH, CLASS 1500, ASTM A182 F304, ASME B16.5, FF FACING",CAN-000758,DEPOT-ONGC-RJM,"Rajahmundry Asset, Andhra Pradesh",126,24220,268,FLANGE_SLIP_ON,25.0,1500,ASTM A182 F304,FF,ASME B16.5
ONGC-MAT-0003034,ONGC,"GASKET, SPIRAL WOUND, 4 INCH, CLASS 1500, SS316 / GRAPHITE, ASME B16.20, RF FACING",CAN-002059,DEPOT-ONGC-URN,"Uran Plant, Maharashtra",22,79560,16,SPIRAL_WOUND_GASKET,100.0,1500,SS316 / GRAPHITE,RF,ASME B16.20
ONGC-MAT-0003035,ONGC,"VALVE, GATE, 8 INCH, CLASS 600, ASTM A216 WCB, API 600, BW FACING",CAN-001447,DEPOT-ONGC-RJM,"Rajahmundry Asset, Andhra Pradesh",78,814580,420,GATE_VALVE,200.0,600,ASTM A216 WCB,BW,API 600
ONGC-MAT-0003036,ONGC,"VALVE, GATE, 8 INCH, CLASS 150, ASTM A182 F316, API 600, BW FACING",CAN-001431,DEPOT-ONGC-HZR,"Hazira Gas Processing Plant, Gujarat",39,859880,13,GATE_VALVE,200.0,150,ASTM A182 F316,BW,API 600
ONGC-MAT-0003037,ONGC,"FLANGE, WELDING NECK, 2 INCH, CLASS 150, ASTM A182 F304, ASME B16.5, RTJ FACING",CAN-000126,DEPOT-ONGC-HZR,"Hazira Gas Processing Plant, Gujarat",17,13000,44,FLANGE_WELD_NECK,50.0,150,ASTM A182 F304,RTJ,ASME B16.5
ONGC-MAT-0003038,ONGC,"FLANGE, SLIP-ON, 2 INCH, CLASS 900, ASTM A182 F316, ASME B16.5, RF FACING",CAN-000813,DEPOT-ONGC-MBO,"Mumbai Offshore Logistics Base, Maharashtra",9,52860,112,FLANGE_SLIP_ON,50.0,900,ASTM A182 F316,RF,ASME B16.5
ONGC-MAT-0003039,ONGC,"VALVE, BALL, 12 INCH, CLASS 900, ASTM A182 F316, API 6D, BW FACING",CAN-001796,DEPOT-ONGC-URN,"Uran Plant, Maharashtra",18,7464990,73,BALL_VALVE,300.0,900,ASTM A182 F316,BW,API 6D
ONGC-MAT-0003040,ONGC,"FLANGE, SLIP-ON, 6 INCH, CLASS 150, ASTM A105, ASME B16.5, FF FACING",CAN-000882,DEPOT-ONGC-MBO,"Mumbai Offshore Logistics Base, Maharashtra",20,16430,90,FLANGE_SLIP_ON,150.0,150,ASTM A105,FF,ASME B16.5
ONGC-MAT-0003041,ONGC,"FLANGE, SLIP-ON, 2 INCH, CLASS 600, ASTM A182 F304, ASME B16.5, FF FACING",CAN-000806,DEPOT-ONGC-RJM,"Rajahmundry Asset, Andhra Pradesh",5,28660,21,FLANGE_SLIP_ON,50.0,600,ASTM A182 F304,FF,ASME B16.5
ONGC-MAT-0003042,ONGC,"VALVE, GLOBE, 3 INCH, CLASS 600, ASTM A216 WCB, ASME B16.34, RF FACING",CAN-001890,DEPOT-ONGC-URN,"Uran Plant, Maharashtra",0,330030,0,GLOBE_VALVE,80.0,600,ASTM A216 WCB,RF,ASME B16.34
ONGC-MAT-0003043,ONGC,"FLANGE, WELDING NECK, 8 INCH, CLASS 1500, ASTM A182 F316, ASME B16.5, RF FACING",CAN-000319,DEPOT-ONGC-HZR,"Hazira Gas Processing Plant, Gujarat",0,663110,0,FLANGE_WELD_NECK,200.0,1500,ASTM A182 F316,RF,ASME B16.5
ONGC-MAT-0003044,ONGC,"FLANGE, WELDING NECK, 12 INCH, CLASS 900, ASTM A350 LF2, ASME B16.5, RF FACING",CAN-000387,DEPOT-ONGC-URN,"Uran Plant, Maharashtra",0,373240,0,FLANGE_WELD_NECK,300.0,900,ASTM A350 LF2,RF,ASME B16.5
ONGC-MAT-0003045,ONGC,"VALVE, GATE, 12 INCH, CLASS 1500, ASTM A216 WCB, API 6D, RF FACING",CAN-001590,DEPOT-ONGC-ANK,"Ankleshwar Asset, Gujarat",0,2872150,0,GATE_VALVE,300.0,1500,ASTM A216 WCB,RF,API 6D
ONGC-MAT-0003046,ONGC,"FLANGE, WELDING NECK, 4 INCH, CLASS 1500, ASTM A350 LF2, ASME B16.5, RTJ FACING",CAN-000236,DEPOT-ONGC-HZR,"Hazira Gas Processing Plant, Gujarat",20,134650,84,FLANGE_WELD_NECK,100.0,1500,ASTM A350 LF2,RTJ,ASME B16.5
ONGC-MAT-0003047,ONGC,"FLANGE, BLIND, 4 INCH, CLASS 300, ASTM A182 F316, ASME B16.5, RTJ FACING",CAN-000562,DEPOT-ONGC-HZR,"Hazira Gas Processing Plant, Gujarat",18,60800,19,FLANGE_BLIND,100.0,300,ASTM A182 F316,RTJ,ASME B16.5
ONGC-MAT-0003048,ONGC,"VALVE, GATE, 1/2 INCH, CLASS 900, ASTM A216 WCB, API 6D, RF FACING",CAN-001038,DEPOT-ONGC-URN,"Uran Plant, Maharashtra",0,38840,0,GATE_VALVE,15.0,900,ASTM A216 WCB,RF,API 6D
ONGC-MAT-0003049,ONGC,"VALVE, BALL, 3 INCH, CLASS 300, ASTM A182 F316, API 6D, BW FACING",CAN-001688,DEPOT-ONGC-MBO,"Mumbai Offshore Logistics Base, Maharashtra",48,556020,37,BALL_VALVE,80.0,300,ASTM A182 F316,BW,API 6D
ONGC-MAT-0003050,ONGC,"FLANGE, SLIP-ON, 12 INCH, CLASS 150, ASTM A105, ASME B16.5, FF FACING",CAN-000972,DEPOT-ONGC-HZR,"Hazira Gas Processing Plant, Gujarat",5,40460,85,FLANGE_SLIP_ON,300.0,150,ASTM A105,FF,ASME B16.5
ONGC-MAT-0003051,ONGC,"VALVE, GATE, 1/2 INCH, CLASS 600, ASTM A216 WCB, API 600, BW FACING",CAN-001027,DEPOT-ONGC-RJM,"Rajahmundry Asset, Andhra Pradesh",0,28080,0,GATE_VALVE,15.0,600,ASTM A216 WCB,BW,API 600
ONGC-MAT-0003052,ONGC,"VALVE, GATE, 4 INCH, CLASS 600, ASTM A182 F316, API 600, BW FACING",CAN-001335,DEPOT-ONGC-URN,"Uran Plant, Maharashtra",16,1058640,41,GATE_VALVE,100.0,600,ASTM A182 F316,BW,API 600
ONGC-MAT-0003053,ONGC,"FLANGE, WELDING NECK, 2 INCH, CLASS 600, ASTM A182 F304, ASME B16.5, RF FACING",CAN-000141,DEPOT-ONGC-HZR,"Hazira Gas Processing Plant, Gujarat",32,39410,71,FLANGE_WELD_NECK,50.0,600,ASTM A182 F304,RF,ASME B16.5
ONGC-MAT-0003054,ONGC,"VALVE, GATE, 12 INCH, CLASS 900, ASTM A105, API 600, RF FACING",CAN-001581,DEPOT-ONGC-URN,"Uran Plant, Maharashtra",0,1908660,0,GATE_VALVE,300.0,900,ASTM A105,RF,API 600
ONGC-MAT-0003055,ONGC,"FLANGE, BLIND, 10 INCH, CLASS 150, ASTM A182 F316, ASME B16.5, RF FACING",CAN-000645,DEPOT-ONGC-HZR,"Hazira Gas Processing Plant, Gujarat",0,114920,0,FLANGE_BLIND,250.0,150,ASTM A182 F316,RF,ASME B16.5
ONGC-MAT-0003056,ONGC,"FLANGE, WELDING NECK, 1 INCH, CLASS 300, ASTM A182 F304, ASME B16.5, RTJ FACING",CAN-000054,DEPOT-ONGC-ANK,"Ankleshwar Asset, Gujarat",20,9190,22,FLANGE_WELD_NECK,25.0,300,ASTM A182 F304,RTJ,ASME B16.5
ONGC-MAT-0003057,ONGC,"FLANGE, BLIND, 8 INCH, CLASS 600, ASTM A182 F316, ASME B16.5, RTJ FACING",CAN-000628,DEPOT-ONGC-MBO,"Mumbai Offshore Logistics Base, Maharashtra",25,260660,61,FLANGE_BLIND,200.0,600,ASTM A182 F316,RTJ,ASME B16.5
ONGC-MAT-0003058,ONGC,"FLANGE, BLIND, 4 INCH, CLASS 900, ASTM A105, ASME B16.5, RTJ FACING",CAN-000570,DEPOT-ONGC-RJM,"Rajahmundry Asset, Andhra Pradesh",5,45750,10,FLANGE_BLIND,100.0,900,ASTM A105,RTJ,ASME B16.5
ONGC-MAT-0003059,ONGC,"VALVE, GLOBE, 10 INCH, CLASS 600, ASTM A216 WCB, ASME B16.34, RF FACING",CAN-001970,DEPOT-ONGC-HZR,"Hazira Gas Processing Plant, Gujarat",46,1451640,84,GLOBE_VALVE,250.0,600,ASTM A216 WCB,RF,ASME B16.34
ONGC-MAT-0003060,ONGC,"VALVE, GATE, 1.5 INCH, CLASS 600, ASTM A216 WCB, API 600, BW FACING",CAN-001147,DEPOT-ONGC-HZR,"Hazira Gas Processing Plant, Gujarat",116,100520,530,GATE_VALVE,40.0,600,ASTM A216 WCB,BW,API 600
ONGC-MAT-0003061,ONGC,"VALVE, GATE, 12 INCH, CLASS 300, ASTM A216 WCB, API 6D, BW FACING",CAN-001556,DEPOT-ONGC-URN,"Uran Plant, Maharashtra",64,792550,481,GATE_VALVE,300.0,300,ASTM A216 WCB,BW,API 6D
ONGC-MAT-0003062,ONGC,"VALVE, GATE, 8 INCH, CLASS 150, ASTM A216 WCB, API 6D, BW FACING",CAN-001424,DEPOT-ONGC-ANK,"Ankleshwar Asset, Gujarat",21,268710,37,GATE_VALVE,200.0,150,ASTM A216 WCB,BW,API 6D
ONGC-MAT-0003063,ONGC,"FLANGE, BLIND, 3 INCH, CLASS 1500, ASTM A350 LF2, ASME B16.5, RTJ FACING",CAN-000548,DEPOT-ONGC-RJM,"Rajahmundry Asset, Andhra Pradesh",143,82430,296,FLANGE_BLIND,80.0,1500,ASTM A350 LF2,RTJ,ASME B16.5
ONGC-MAT-0003064,ONGC,"VALVE, GLOBE, 8 INCH, CLASS 150, ASTM A105, BS 1873, RF FACING",CAN-001943,DEPOT-ONGC-ANK,"Ankleshwar Asset, Gujarat",100,358280,471,GLOBE_VALVE,200.0,150,ASTM A105,RF,BS 1873
ONGC-MAT-0003065,ONGC,"FLANGE, SLIP-ON, 2 INCH, CLASS 1500, ASTM A182 F316, ASME B16.5, FF FACING",CAN-000820,DEPOT-ONGC-MBO,"Mumbai Offshore Logistics Base, Maharashtra",44,79540,24,FLANGE_SLIP_ON,50.0,1500,ASTM A182 F316,FF,ASME B16.5
ONGC-MAT-0003066,ONGC,"GASKET, SPIRAL WOUND, 1 INCH, CLASS 300, SS304 / GRAPHITE, ASME B16.20, RF FACING",CAN-002014,DEPOT-ONGC-HZR,"Hazira Gas Processing Plant, Gujarat",45,2710,17,SPIRAL_WOUND_GASKET,25.0,300,SS304 / GRAPHITE,RF,ASME B16.20
ONGC-MAT-0003067,ONGC,"FLANGE, WELDING NECK, 3 INCH, CLASS 900, ASTM A350 LF2, ASME B16.5, RF FACING",CAN-000187,DEPOT-ONGC-RJM,"Rajahmundry Asset, Andhra Pradesh",13,66950,71,FLANGE_WELD_NECK,80.0,900,ASTM A350 LF2,RF,ASME B16.5
ONGC-MAT-0003068,ONGC,"FLANGE, WELDING NECK, 1.5 INCH, CLASS 150, ASTM A350 LF2, ASME B16.5, RTJ FACING",CAN-000084,DEPOT-ONGC-URN,"Uran Plant, Maharashtra",16,6480,14,FLANGE_WELD_NECK,40.0,150,ASTM A350 LF2,RTJ,ASME B16.5
ONGC-MAT-0003069,ONGC,"VALVE, GATE, 8 INCH, CLASS 300, ASTM A105, API 600, RF FACING",CAN-001437,DEPOT-ONGC-ANK,"Ankleshwar Asset, Gujarat",0,467850,0,GATE_VALVE,200.0,300,ASTM A105,RF,API 600
ONGC-MAT-0003070,ONGC,"FLANGE, WELDING NECK, 10 INCH, CLASS 900, ASTM A105, ASME B16.5, RF FACING",CAN-000345,DEPOT-ONGC-RJM,"Rajahmundry Asset, Andhra Pradesh",0,184050,0,FLANGE_WELD_NECK,250.0,900,ASTM A105,RF,ASME B16.5
ONGC-MAT-0003071,ONGC,"STUD BOLT WITH NUTS, 4 INCH, CLASS 1500, ASTM A193 B7 / A194 2H, ASME B18.2.1, THRD FACING",CAN-002159,DEPOT-ONGC-RJM,"Rajahmundry Asset, Andhra Pradesh",0,13380,0,STUD_BOLT,100.0,1500,ASTM A193 B7 / A194 2H,THRD,ASME B18.2.1
ONGC-MAT-0003072,ONGC,"VALVE, GATE, 1 INCH, CLASS 150, ASTM A105, API 600, RF FACING",CAN-001065,DEPOT-ONGC-RJM,"Rajahmundry Asset, Andhra Pradesh",71,18000,469,GATE_VALVE,25.0,150,ASTM A105,RF,API 600
ONGC-MAT-0003073,ONGC,"FLANGE, WELDING NECK, 6 INCH, CLASS 600, ASTM A182 F304, ASME B16.5, RTJ FACING",CAN-000262,DEPOT-ONGC-RJM,"Rajahmundry Asset, Andhra Pradesh",16,164390,117,FLANGE_WELD_NECK,150.0,600,ASTM A182 F304,RTJ,ASME B16.5
ONGC-MAT-0003074,ONGC,"VALVE, GATE, 6 INCH, CLASS 1500, ASTM A105, API 6D, RF FACING",CAN-001414,DEPOT-ONGC-URN,"Uran Plant, Maharashtra",0,1166450,0,GATE_VALVE,150.0,1500,ASTM A105,RF,API 6D
ONGC-MAT-0003075,ONGC,"FLANGE, SLIP-ON, 1/2 INCH, CLASS 150, ASTM A182 F316, ASME B16.5, FF FACING",CAN-000706,DEPOT-ONGC-MBO,"Mumbai Offshore Logistics Base, Maharashtra",5,2630,13,FLANGE_SLIP_ON,15.0,150,ASTM A182 F316,FF,ASME B16.5
ONGC-MAT-0003076,ONGC,"FLANGE, SLIP-ON, 6 INCH, CLASS 600, ASTM A182 F316, ASME B16.5, FF FACING",CAN-000898,DEPOT-ONGC-ANK,"Ankleshwar Asset, Gujarat",74,159400,362,FLANGE_SLIP_ON,150.0,600,ASTM A182 F316,FF,ASME B16.5
ONGC-MAT-0003077,ONGC,"VALVE, GATE, 10 INCH, CLASS 300, ASTM A182 F316, API 6D, BW FACING",CAN-001504,DEPOT-ONGC-ANK,"Ankleshwar Asset, Gujarat",39,2000990,39,GATE_VALVE,250.0,300,ASTM A182 F316,BW,API 6D
ONGC-MAT-0003078,ONGC,"FLANGE, WELDING NECK, 6 INCH, CLASS 300, ASTM A182 F304, ASME B16.5, RF FACING",CAN-000253,DEPOT-ONGC-URN,"Uran Plant, Maharashtra",27,94410,33,FLANGE_WELD_NECK,150.0,300,ASTM A182 F304,RF,ASME B16.5
ONGC-MAT-0003079,ONGC,"VALVE, GATE, 10 INCH, CLASS 150, ASTM A216 WCB, API 600, RF FACING",CAN-001481,DEPOT-ONGC-MBO,"Mumbai Offshore Logistics Base, Maharashtra",28,359140,28,GATE_VALVE,250.0,150,ASTM A216 WCB,RF,API 600
ONGC-MAT-0003080,ONGC,"VALVE, GATE, 1/2 INCH, CLASS 600, ASTM A105, API 600, RF FACING",CAN-001029,DEPOT-ONGC-HZR,"Hazira Gas Processing Plant, Gujarat",42,28080,405,GATE_VALVE,15.0,600,ASTM A105,RF,API 600
ONGC-MAT-0003081,ONGC,"FLANGE, WELDING NECK, 6 INCH, CLASS 1500, ASTM A182 F316, ASME B16.5, RF FACING",CAN-000279,DEPOT-ONGC-HZR,"Hazira Gas Processing Plant, Gujarat",0,456210,0,FLANGE_WELD_NECK,150.0,1500,ASTM A182 F316,RF,ASME B16.5
ONGC-MAT-0003082,ONGC,"VALVE, GLOBE, 12 INCH, CLASS 300, ASTM A105, ASME B16.34, RF FACING",CAN-001988,DEPOT-ONGC-MBO,"Mumbai Offshore Logistics Base, Maharashtra",23,1056740,31,GLOBE_VALVE,300.0,300,ASTM A105,RF,ASME B16.34
ONGC-MAT-0003083,ONGC,"STUD BOLT WITH NUTS, 1 INCH, CLASS 150, ASTM A320 L7 / A194 7, ASME B18.2.1, THRD FACING",CAN-002112,DEPOT-ONGC-RJM,"Rajahmundry Asset, Andhra Pradesh",75,560,351,STUD_BOLT,25.0,150,ASTM A320 L7 / A194 7,THRD,ASME B18.2.1
ONGC-MAT-0003084,ONGC,"VALVE, BALL, 10 INCH, CLASS 1500, ASTM A182 F316, API 6D, BW FACING",CAN-001780,DEPOT-ONGC-MBO,"Mumbai Offshore Logistics Base, Maharashtra",6,8862830,22,BALL_VALVE,250.0,1500,ASTM A182 F316,BW,API 6D
ONGC-MAT-0003085,ONGC,"GASKET, SPIRAL WOUND, 1/2 INCH, CLASS 150, SS304 / GRAPHITE, ASME B16.20, RF FACING",CAN-002002,DEPOT-ONGC-HZR,"Hazira Gas Processing Plant, Gujarat",37,800,24,SPIRAL_WOUND_GASKET,15.0,150,SS304 / GRAPHITE,RF,ASME B16.20
ONGC-MAT-0003086,ONGC,"FLANGE, BLIND, 1.5 INCH, CLASS 300, ASTM A350 LF2, ASME B16.5, RTJ FACING",CAN-000470,DEPOT-ONGC-HZR,"Hazira Gas Processing Plant, Gujarat",139,9230,729,FLANGE_BLIND,40.0,300,ASTM A350 LF2,RTJ,ASME B16.5
ONGC-MAT-0003087,ONGC,"FLANGE, WELDING NECK, 10 INCH, CLASS 1500, ASTM A350 LF2, ASME B16.5, RTJ FACING",CAN-000356,DEPOT-ONGC-MBO,"Mumbai Offshore Logistics Base, Maharashtra",21,443140,363,FLANGE_WELD_NECK,250.0,1500,ASTM A350 LF2,RTJ,ASME B16.5
ONGC-MAT-0003088,ONGC,"FLANGE, WELDING NECK, 6 INCH, CLASS 150, ASTM A182 F304, ASME B16.5, RTJ FACING",CAN-000246,DEPOT-ONGC-ANK,"Ankleshwar Asset, Gujarat",0,54220,0,FLANGE_WELD_NECK,150.0,150,ASTM A182 F304,RTJ,ASME B16.5
ONGC-MAT-0003089,ONGC,"FLANGE, SLIP-ON, 10 INCH, CLASS 150, ASTM A105, ASME B16.5, RF FACING",CAN-000941,DEPOT-ONGC-URN,"Uran Plant, Maharashtra",21,31920,106,FLANGE_SLIP_ON,250.0,150,ASTM A105,RF,ASME B16.5
ONGC-MAT-0003090,ONGC,"VALVE, GATE, 10 INCH, CLASS 600, ASTM A216 WCB, API 6D, BW FACING",CAN-001508,DEPOT-ONGC-URN,"Uran Plant, Maharashtra",19,1088730,109,GATE_VALVE,250.0,600,ASTM A216 WCB,BW,API 6D
ONGC-MAT-0003091,ONGC,"FLANGE, WELDING NECK, 3 INCH, CLASS 600, ASTM A182 F316, ASME B16.5, RTJ FACING",CAN-000184,DEPOT-ONGC-HZR,"Hazira Gas Processing Plant, Gujarat",0,96800,0,FLANGE_WELD_NECK,80.0,600,ASTM A182 F316,RTJ,ASME B16.5
ONGC-MAT-0003092,ONGC,"FLANGE, WELDING NECK, 1.5 INCH, CLASS 1500, ASTM A182 F304, ASME B16.5, RTJ FACING",CAN-000118,DEPOT-ONGC-HZR,"Hazira Gas Processing Plant, Gujarat",24,61370,20,FLANGE_WELD_NECK,40.0,1500,ASTM A182 F304,RTJ,ASME B16.5
ONGC-MAT-0003093,ONGC,"VALVE, GATE, 1 INCH, CLASS 900, ASTM A182 F316, API 6D, BW FACING",CAN-001108,DEPOT-ONGC-MBO,"Mumbai Offshore Logistics Base, Maharashtra",26,241510,36,GATE_VALVE,25.0,900,ASTM A182 F316,BW,API 6D
ONGC-MAT-0003094,ONGC,"FLANGE, BLIND, 2 INCH, CLASS 600, ASTM A105, ASME B16.5, RF FACING",CAN-000503,DEPOT-ONGC-HZR,"Hazira Gas Processing Plant, Gujarat",48,13430,11,FLANGE_BLIND,50.0,600,ASTM A105,RF,ASME B16.5
ONGC-MAT-0003095,ONGC,"VALVE, GATE, 6 INCH, CLASS 150, ASTM A216 WCB, API 600, RF FACING",CAN-001361,DEPOT-ONGC-ANK,"Ankleshwar Asset, Gujarat",39,184870,714,GATE_VALVE,150.0,150,ASTM A216 WCB,RF,API 600
ONGC-MAT-0003096,ONGC,"FLANGE, WELDING NECK, 10 INCH, CLASS 900, ASTM A105, ASME B16.5, RF FACING",CAN-000345,DEPOT-ONGC-ANK,"Ankleshwar Asset, Gujarat",35,184050,530,FLANGE_WELD_NECK,250.0,900,ASTM A105,RF,ASME B16.5
ONGC-MAT-0003097,ONGC,"VALVE, GATE, 4 INCH, CLASS 150, ASTM A105, API 600, BW FACING",CAN-001307,DEPOT-ONGC-HZR,"Hazira Gas Processing Plant, Gujarat",25,109130,10,GATE_VALVE,100.0,150,ASTM A105,BW,API 600
ONGC-MAT-0003098,ONGC,"FLANGE, BLIND, 3 INCH, CLASS 900, ASTM A350 LF2, ASME B16.5, RTJ FACING",CAN-000542,DEPOT-ONGC-RJM,"Rajahmundry Asset, Andhra Pradesh",25,54770,30,FLANGE_BLIND,80.0,900,ASTM A350 LF2,RTJ,ASME B16.5
ONGC-MAT-0003099,ONGC,"VALVE, GATE, 3 INCH, CLASS 150, ASTM A105, API 6D, BW FACING",CAN-001248,DEPOT-ONGC-RJM,"Rajahmundry Asset, Andhra Pradesh",36,81650,67,GATE_VALVE,80.0,150,ASTM A105,BW,API 6D
ONGC-MAT-0003100,ONGC,"FLANGE, WELDING NECK, 3 INCH, CLASS 150, ASTM A182 F316, ASME B16.5, RF FACING",CAN-000167,DEPOT-ONGC-HZR,"Hazira Gas Processing Plant, Gujarat",0,31930,0,FLANGE_WELD_NECK,80.0,150,ASTM A182 F316,RF,ASME B16.5
ONGC-MAT-0003101,ONGC,"FLANGE, SLIP-ON, 1/2 INCH, CLASS 300, ASTM A182 F304, ASME B16.5, RF FACING",CAN-000709,DEPOT-ONGC-MBO,"Mumbai Offshore Logistics Base, Maharashtra",32,3440,67,FLANGE_SLIP_ON,15.0,300,ASTM A182 F304,RF,ASME B16.5
ONGC-MAT-0003102,ONGC,"FLANGE, BLIND, 1.5 INCH, CLASS 900, ASTM A105, ASME B16.5, RTJ FACING",CAN-000480,DEPOT-ONGC-RJM,"Rajahmundry Asset, Andhra Pradesh",5,13900,81,FLANGE_BLIND,40.0,900,ASTM A105,RTJ,ASME B16.5
ONGC-MAT-0003103,ONGC,"VALVE, GATE, 1/2 INCH, CLASS 300, ASTM A216 WCB, API 6D, RF FACING",CAN-001014,DEPOT-ONGC-URN,"Uran Plant, Maharashtra",135,16130,582,GATE_VALVE,15.0,300,ASTM A216 WCB,RF,API 6D
ONGC-MAT-0003104,ONGC,"VALVE, BALL, 4 INCH, CLASS 600, ASTM A182 F316, API 6D, BW FACING",CAN-001712,DEPOT-ONGC-ANK,"Ankleshwar Asset, Gujarat",7,1293890,53,BALL_VALVE,100.0,600,ASTM A182 F316,BW,API 6D
ONGC-MAT-0003105,ONGC,"FLANGE, WELDING NECK, 6 INCH, CLASS 300, ASTM A350 LF2, ASME B16.5, RF FACING",CAN-000251,DEPOT-ONGC-RJM,"Rajahmundry Asset, Andhra Pradesh",0,62940,0,FLANGE_WELD_NECK,150.0,300,ASTM A350 LF2,RF,ASME B16.5
ONGC-MAT-0003106,ONGC,"FLANGE, WELDING NECK, 1 INCH, CLASS 600, ASTM A350 LF2, ASME B16.5, RTJ FACING",CAN-000060,DEPOT-ONGC-ANK,"Ankleshwar Asset, Gujarat",21,10670,266,FLANGE_WELD_NECK,25.0,600,ASTM A350 LF2,RTJ,ASME B16.5
ONGC-MAT-0003107,ONGC,"FLANGE, WELDING NECK, 8 INCH, CLASS 600, ASTM A182 F304, ASME B16.5, RTJ FACING",CAN-000302,DEPOT-ONGC-MBO,"Mumbai Offshore Logistics Base, Maharashtra",133,238940,351,FLANGE_WELD_NECK,200.0,600,ASTM A182 F304,RTJ,ASME B16.5
ONGC-MAT-0003108,ONGC,"VALVE, GATE, 1.5 INCH, CLASS 150, ASTM A182 F316, API 600, BW FACING",CAN-001131,DEPOT-ONGC-MBO,"Mumbai Offshore Logistics Base, Maharashtra",33,106110,41,GATE_VALVE,40.0,150,ASTM A182 F316,BW,API 600
ONGC-MAT-0003109,ONGC,"FLANGE, SLIP-ON, 12 INCH, CLASS 900, ASTM A182 F316, ASME B16.5, RF FACING",CAN-000993,DEPOT-ONGC-URN,"Uran Plant, Maharashtra",41,542900,13,FLANGE_SLIP_ON,300.0,900,ASTM A182 F316,RF,ASME B16.5
ONGC-MAT-0003110,ONGC,"FLANGE, WELDING NECK, 1/2 INCH, CLASS 150, ASTM A350 LF2, ASME B16.5, RF FACING",CAN-000003,DEPOT-ONGC-HZR,"Hazira Gas Processing Plant, Gujarat",80,1810,313,FLANGE_WELD_NECK,15.0,150,ASTM A350 LF2,RF,ASME B16.5
ONGC-MAT-0003111,ONGC,"VALVE, GATE, 6 INCH, CLASS 1500, ASTM A105, API 6D, BW FACING",CAN-001416,DEPOT-ONGC-HZR,"Hazira Gas Processing Plant, Gujarat",10,1166450,106,GATE_VALVE,150.0,1500,ASTM A105,BW,API 6D
ONGC-MAT-0003112,ONGC,"FLANGE, SLIP-ON, 1.5 INCH, CLASS 150, ASTM A105, ASME B16.5, FF FACING",CAN-000762,DEPOT-ONGC-URN,"Uran Plant, Maharashtra",0,2940,0,FLANGE_SLIP_ON,40.0,150,ASTM A105,FF,ASME B16.5
ONGC-MAT-0003113,ONGC,"VALVE, GATE, 4 INCH, CLASS 150, ASTM A182 F316, API 600, RF FACING",CAN-001309,DEPOT-ONGC-URN,"Uran Plant, Maharashtra",32,349220,35,GATE_VALVE,100.0,150,ASTM A182 F316,RF,API 600
ONGC-MAT-0003114,ONGC,"VALVE, GATE, 6 INCH, CLASS 150, ASTM A216 WCB, API 6D, RF FACING",CAN-001362,DEPOT-ONGC-MBO,"Mumbai Offshore Logistics Base, Maharashtra",9,184870,89,GATE_VALVE,150.0,150,ASTM A216 WCB,RF,API 6D
ONGC-MAT-0003115,ONGC,"VALVE, BALL, 1/2 INCH, CLASS 150, ASTM A182 F316, API 6D, BW FACING",CAN-001604,DEPOT-ONGC-RJM,"Rajahmundry Asset, Andhra Pradesh",0,36230,0,BALL_VALVE,15.0,150,ASTM A182 F316,BW,API 6D
ONGC-MAT-0003116,ONGC,"FLANGE, SLIP-ON, 3 INCH, CLASS 150, ASTM A105, ASME B16.5, RF FACING",CAN-000821,DEPOT-ONGC-HZR,"Hazira Gas Processing Plant, Gujarat",0,7250,0,FLANGE_SLIP_ON,80.0,150,ASTM A105,RF,ASME B16.5
ONGC-MAT-0003117,ONGC,"FLANGE, BLIND, 1 INCH, CLASS 150, ASTM A350 LF2, ASME B16.5, RF FACING",CAN-000433,DEPOT-ONGC-HZR,"Hazira Gas Processing Plant, Gujarat",9,2880,18,FLANGE_BLIND,25.0,150,ASTM A350 LF2,RF,ASME B16.5
ONGC-MAT-0003118,ONGC,"FLANGE, BLIND, 4 INCH, CLASS 300, ASTM A350 LF2, ASME B16.5, RTJ FACING",CAN-000560,DEPOT-ONGC-MBO,"Mumbai Offshore Logistics Base, Maharashtra",22,30400,119,FLANGE_BLIND,100.0,300,ASTM A350 LF2,RTJ,ASME B16.5
ONGC-MAT-0003119,ONGC,"FLANGE, BLIND, 12 INCH, CLASS 1500, ASTM A182 F316, ASME B16.5, RTJ FACING",CAN-000700,DEPOT-ONGC-MBO,"Mumbai Offshore Logistics Base, Maharashtra",42,919090,651,FLANGE_BLIND,300.0,1500,ASTM A182 F316,RTJ,ASME B16.5
ONGC-MAT-0003120,ONGC,"FLANGE, WELDING NECK, 1/2 INCH, CLASS 600, ASTM A182 F316, ASME B16.5, RF FACING",CAN-000023,DEPOT-ONGC-HZR,"Hazira Gas Processing Plant, Gujarat",22,10980,79,FLANGE_WELD_NECK,15.0,600,ASTM A182 F316,RF,ASME B16.5
ONGC-MAT-0003121,ONGC,"STUD BOLT WITH NUTS, 8 INCH, CLASS 600, ASTM A193 B7 / A194 2H, ASME B18.2.1, THRD FACING",CAN-002175,DEPOT-ONGC-ANK,"Ankleshwar Asset, Gujarat",132,15830,626,STUD_BOLT,200.0,600,ASTM A193 B7 / A194 2H,THRD,ASME B18.2.1
ONGC-MAT-0003122,ONGC,"FLANGE, WELDING NECK, 1/2 INCH, CLASS 300, ASTM A182 F304, ASME B16.5, RF FACING",CAN-000013,DEPOT-ONGC-RJM,"Rajahmundry Asset, Andhra Pradesh",17,4730,90,FLANGE_WELD_NECK,15.0,300,ASTM A182 F304,RF,ASME B16.5
ONGC-MAT-0003123,ONGC,"VALVE, BALL, 4 INCH, CLASS 300, ASTM A182 F316, API 6D, BW FACING",CAN-001708,DEPOT-ONGC-HZR,"Hazira Gas Processing Plant, Gujarat",0,743140,0,BALL_VALVE,100.0,300,ASTM A182 F316,BW,API 6D
ONGC-MAT-0003124,ONGC,"FLANGE, SLIP-ON, 3 INCH, CLASS 300, ASTM A182 F316, ASME B16.5, RF FACING",CAN-000831,DEPOT-ONGC-ANK,"Ankleshwar Asset, Gujarat",134,40430,205,FLANGE_SLIP_ON,80.0,300,ASTM A182 F316,RF,ASME B16.5
ONGC-MAT-0003125,ONGC,"VALVE, BALL, 10 INCH, CLASS 900, ASTM A182 F316, API 6D, BW FACING",CAN-001776,DEPOT-ONGC-ANK,"Ankleshwar Asset, Gujarat",39,5889700,97,BALL_VALVE,250.0,900,ASTM A182 F316,BW,API 6D
ONGC-MAT-0003126,ONGC,"FLANGE, BLIND, 3 INCH, CLASS 600, ASTM A182 F316, ASME B16.5, RF FACING",CAN-000537,DEPOT-ONGC-HZR,"Hazira Gas Processing Plant, Gujarat",50,79200,243,FLANGE_BLIND,80.0,600,ASTM A182 F316,RF,ASME B16.5
ONGC-MAT-0003127,ONGC,"VALVE, GATE, 1 INCH, CLASS 600, ASTM A216 WCB, API 6D, BW FACING",CAN-001088,DEPOT-ONGC-HZR,"Hazira Gas Processing Plant, Gujarat",0,54560,0,GATE_VALVE,25.0,600,ASTM A216 WCB,BW,API 6D
ONGC-MAT-0003128,ONGC,"VALVE, GATE, 4 INCH, CLASS 1500, ASTM A216 WCB, API 600, RF FACING",CAN-001349,DEPOT-ONGC-ANK,"Ankleshwar Asset, Gujarat",105,688570,596,GATE_VALVE,100.0,1500,ASTM A216 WCB,RF,API 600
ONGC-MAT-0003129,ONGC,"VALVE, GLOBE, 8 INCH, CLASS 600, ASTM A105, ASME B16.34, RF FACING",CAN-001952,DEPOT-ONGC-MBO,"Mumbai Offshore Logistics Base, Maharashtra",122,1086110,655,GLOBE_VALVE,200.0,600,ASTM A105,RF,ASME B16.34
ONGC-MAT-0003130,ONGC,"VALVE, BALL, 1 INCH, CLASS 1500, ASTM A182 F316, API 6D, RF FACING",CAN-001639,DEPOT-ONGC-MBO,"Mumbai Offshore Logistics Base, Maharashtra",9,444190,84,BALL_VALVE,25.0,1500,ASTM A182 F316,RF,API 6D
ONGC-MAT-0003131,ONGC,"FLANGE, BLIND, 12 INCH, CLASS 300, ASTM A182 F316, ASME B16.5, RTJ FACING",CAN-000682,DEPOT-ONGC-ANK,"Ankleshwar Asset, Gujarat",0,253610,0,FLANGE_BLIND,300.0,300,ASTM A182 F316,RTJ,ASME B16.5
ONGC-MAT-0003132,ONGC,"FLANGE, SLIP-ON, 1.5 INCH, CLASS 150, ASTM A105, ASME B16.5, FF FACING",CAN-000762,DEPOT-ONGC-RJM,"Rajahmundry Asset, Andhra Pradesh",6,2940,22,FLANGE_SLIP_ON,40.0,150,ASTM A105,FF,ASME B16.5
ONGC-MAT-0003133,ONGC,"FLANGE, WELDING NECK, 2 INCH, CLASS 150, ASTM A105, ASME B16.5, RTJ FACING",CAN-000122,DEPOT-ONGC-MBO,"Mumbai Offshore Logistics Base, Maharashtra",0,5410,0,FLANGE_WELD_NECK,50.0,150,ASTM A105,RTJ,ASME B16.5
ONGC-MAT-0003134,ONGC,"VALVE, GATE, 4 INCH, CLASS 150, ASTM A105, API 6D, BW FACING",CAN-001308,DEPOT-ONGC-URN,"Uran Plant, Maharashtra",135,109130,612,GATE_VALVE,100.0,150,ASTM A105,BW,API 6D
ONGC-MAT-0003135,ONGC,"VALVE, GATE, 1 INCH, CLASS 900, ASTM A182 F316, API 600, BW FACING",CAN-001107,DEPOT-ONGC-ANK,"Ankleshwar Asset, Gujarat",35,241510,69,GATE_VALVE,25.0,900,ASTM A182 F316,BW,API 600
ONGC-MAT-0003136,ONGC,"FLANGE, SLIP-ON, 12 INCH, CLASS 1500, ASTM A105, ASME B16.5, FF FACING",CAN-000996,DEPOT-ONGC-HZR,"Hazira Gas Processing Plant, Gujarat",0,255300,0,FLANGE_SLIP_ON,300.0,1500,ASTM A105,FF,ASME B16.5
ONGC-MAT-0003137,ONGC,"FLANGE, SLIP-ON, 4 INCH, CLASS 900, ASTM A182 F316, ASME B16.5, RF FACING",CAN-000873,DEPOT-ONGC-URN,"Uran Plant, Maharashtra",40,130150,10,FLANGE_SLIP_ON,100.0,900,ASTM A182 F316,RF,ASME B16.5
ONGC-MAT-0003138,ONGC,"FLANGE, BLIND, 3 INCH, CLASS 150, ASTM A350 LF2, ASME B16.5, RTJ FACING",CAN-000524,DEPOT-ONGC-ANK,"Ankleshwar Asset, Gujarat",109,13060,415,FLANGE_BLIND,80.0,150,ASTM A350 LF2,RTJ,ASME B16.5
ONGC-MAT-0003139,ONGC,"VALVE, BALL, 4 INCH, CLASS 900, ASTM A182 F316, API 6D, RF FACING",CAN-001715,DEPOT-ONGC-ANK,"Ankleshwar Asset, Gujarat",15,1789660,66,BALL_VALVE,100.0,900,ASTM A182 F316,RF,API 6D
ONGC-MAT-0003140,ONGC,"FLANGE, BLIND, 6 INCH, CLASS 900, ASTM A105, ASME B16.5, RF FACING",CAN-000599,DEPOT-ONGC-MBO,"Mumbai Offshore Logistics Base, Maharashtra",25,77510,120,FLANGE_BLIND,150.0,900,ASTM A105,RF,ASME B16.5
ONGC-MAT-0003141,ONGC,"VALVE, GATE, 4 INCH, CLASS 600, ASTM A105, API 600, BW FACING",CAN-001331,DEPOT-ONGC-URN,"Uran Plant, Maharashtra",35,330820,541,GATE_VALVE,100.0,600,ASTM A105,BW,API 600
ONGC-MAT-0003142,ONGC,"VALVE, GATE, 12 INCH, CLASS 900, ASTM A105, API 6D, RF FACING",CAN-001582,DEPOT-ONGC-RJM,"Rajahmundry Asset, Andhra Pradesh",16,1908660,78,GATE_VALVE,300.0,900,ASTM A105,RF,API 6D
ONGC-MAT-0003143,ONGC,"FLANGE, BLIND, 1 INCH, CLASS 900, ASTM A182 F316, ASME B16.5, RF FACING",CAN-000453,DEPOT-ONGC-ANK,"Ankleshwar Asset, Gujarat",40,24150,70,FLANGE_BLIND,25.0,900,ASTM A182 F316,RF,ASME B16.5
ONGC-MAT-0003144,ONGC,"FLANGE, SLIP-ON, 6 INCH, CLASS 600, ASTM A182 F316, ASME B16.5, FF FACING",CAN-000898,DEPOT-ONGC-URN,"Uran Plant, Maharashtra",37,159400,73,FLANGE_SLIP_ON,150.0,600,ASTM A182 F316,FF,ASME B16.5
ONGC-MAT-0003145,ONGC,"VALVE, GATE, 10 INCH, CLASS 900, ASTM A216 WCB, API 6D, RF FACING",CAN-001518,DEPOT-ONGC-URN,"Uran Plant, Maharashtra",63,1505890,374,GATE_VALVE,250.0,900,ASTM A216 WCB,RF,API 6D
ONGC-MAT-0003146,ONGC,"VALVE, GATE, 10 INCH, CLASS 300, ASTM A216 WCB, API 600, BW FACING",CAN-001495,DEPOT-ONGC-URN,"Uran Plant, Maharashtra",26,625310,99,GATE_VALVE,250.0,300,ASTM A216 WCB,BW,API 600
ONGC-MAT-0003147,ONGC,"FLANGE, BLIND, 10 INCH, CLASS 600, ASTM A350 LF2, ASME B16.5, RF FACING",CAN-000655,DEPOT-ONGC-MBO,"Mumbai Offshore Logistics Base, Maharashtra",24,174190,347,FLANGE_BLIND,250.0,600,ASTM A350 LF2,RF,ASME B16.5
ONGC-MAT-0003148,ONGC,"FLANGE, WELDING NECK, 2 INCH, CLASS 900, ASTM A182 F316, ASME B16.5, RTJ FACING",CAN-000152,DEPOT-ONGC-ANK,"Ankleshwar Asset, Gujarat",0,72680,0,FLANGE_WELD_NECK,50.0,900,ASTM A182 F316,RTJ,ASME B16.5
ONGC-MAT-0003149,ONGC,"VALVE, GATE, 12 INCH, CLASS 600, ASTM A216 WCB, API 600, RF FACING",CAN-001565,DEPOT-ONGC-RJM,"Rajahmundry Asset, Andhra Pradesh",0,1379920,0,GATE_VALVE,300.0,600,ASTM A216 WCB,RF,API 600
ONGC-MAT-0003150,ONGC,"FLANGE, WELDING NECK, 10 INCH, CLASS 150, ASTM A105, ASME B16.5, RTJ FACING",CAN-000322,DEPOT-ONGC-RJM,"Rajahmundry Asset, Andhra Pradesh",32,43890,35,FLANGE_WELD_NECK,250.0,150,ASTM A105,RTJ,ASME B16.5
ONGC-MAT-0003151,ONGC,"VALVE, BALL, 6 INCH, CLASS 900, ASTM A182 F316, API 6D, BW FACING",CAN-001736,DEPOT-ONGC-RJM,"Rajahmundry Asset, Andhra Pradesh",98,3031720,573,BALL_VALVE,150.0,900,ASTM A182 F316,BW,API 6D
ONGC-MAT-0003152,ONGC,"VALVE, GATE, 2 INCH, CLASS 150, ASTM A182 F316, API 6D, BW FACING",CAN-001192,DEPOT-ONGC-ANK,"Ankleshwar Asset, Gujarat",22,141820,27,GATE_VALVE,50.0,150,ASTM A182 F316,BW,API 6D
ONGC-MAT-0003153,ONGC,"FLANGE, WELDING NECK, 4 INCH, CLASS 300, ASTM A350 LF2, ASME B16.5, RTJ FACING",CAN-000212,DEPOT-ONGC-MBO,"Mumbai Offshore Logistics Base, Maharashtra",0,37150,0,FLANGE_WELD_NECK,100.0,300,ASTM A350 LF2,RTJ,ASME B16.5
ONGC-MAT-0003154,ONGC,"FLANGE, WELDING NECK, 3 INCH, CLASS 150, ASTM A182 F316, ASME B16.5, RF FACING",CAN-000167,DEPOT-ONGC-RJM,"Rajahmundry Asset, Andhra Pradesh",0,31930,0,FLANGE_WELD_NECK,80.0,150,ASTM A182 F316,RF,ASME B16.5
ONGC-MAT-0003155,ONGC,"FLANGE, BLIND, 3 INCH, CLASS 600, ASTM A350 LF2, ASME B16.5, RTJ FACING",CAN-000536,DEPOT-ONGC-MBO,"Mumbai Offshore Logistics Base, Maharashtra",108,39600,314,FLANGE_BLIND,80.0,600,ASTM A350 LF2,RTJ,ASME B16.5
ONGC-MAT-0003156,ONGC,"VALVE, GATE, 2 INCH, CLASS 600, ASTM A105, API 600, RF FACING",CAN-001209,DEPOT-ONGC-URN,"Uran Plant, Maharashtra",40,134350,103,GATE_VALVE,50.0,600,ASTM A105,RF,API 600
ONGC-MAT-0003157,ONGC,"FLANGE, WELDING NECK, 8 INCH, CLASS 300, ASTM A350 LF2, ASME B16.5, RF FACING",CAN-000291,DEPOT-ONGC-RJM,"Rajahmundry Asset, Andhra Pradesh",34,91490,61,FLANGE_WELD_NECK,200.0,300,ASTM A350 LF2,RF,ASME B16.5
ONGC-MAT-0003158,ONGC,"FLANGE, WELDING NECK, 12 INCH, CLASS 600, ASTM A350 LF2, ASME B16.5, RTJ FACING",CAN-000380,DEPOT-ONGC-URN,"Uran Plant, Maharashtra",59,269850,664,FLANGE_WELD_NECK,300.0,600,ASTM A350 LF2,RTJ,ASME B16.5
ONGC-MAT-0003159,ONGC,"FLANGE, WELDING NECK, 1.5 INCH, CLASS 900, ASTM A350 LF2, ASME B16.5, RF FACING",CAN-000107,DEPOT-ONGC-URN,"Uran Plant, Maharashtra",19,27190,116,FLANGE_WELD_NECK,40.0,900,ASTM A350 LF2,RF,ASME B16.5
ONGC-MAT-0003160,ONGC,"VALVE, BALL, 1.5 INCH, CLASS 600, ASTM A182 F316, API 6D, RF FACING",CAN-001651,DEPOT-ONGC-URN,"Uran Plant, Maharashtra",20,393160,579,BALL_VALVE,40.0,600,ASTM A182 F316,RF,API 6D
ONGC-MAT-0003161,ONGC,"FLANGE, WELDING NECK, 4 INCH, CLASS 600, ASTM A182 F304, ASME B16.5, RF FACING",CAN-000221,DEPOT-ONGC-URN,"Uran Plant, Maharashtra",0,97040,0,FLANGE_WELD_NECK,100.0,600,ASTM A182 F304,RF,ASME B16.5
ONGC-MAT-0003162,ONGC,"FLANGE, BLIND, 3 INCH, CLASS 900, ASTM A105, ASME B16.5, RF FACING",CAN-000539,DEPOT-ONGC-HZR,"Hazira Gas Processing Plant, Gujarat",17,34230,41,FLANGE_BLIND,80.0,900,ASTM A105,RF,ASME B16.5
ONGC-MAT-0003163,ONGC,"FLANGE, SLIP-ON, 3 INCH, CLASS 150, ASTM A182 F316, ASME B16.5, FF FACING",CAN-000826,DEPOT-ONGC-ANK,"Ankleshwar Asset, Gujarat",49,23220,448,FLANGE_SLIP_ON,80.0,150,ASTM A182 F316,FF,ASME B16.5
ONGC-MAT-0003164,ONGC,"FLANGE, WELDING NECK, 4 INCH, CLASS 600, ASTM A182 F304, ASME B16.5, RTJ FACING",CAN-000222,DEPOT-ONGC-URN,"Uran Plant, Maharashtra",0,97040,0,FLANGE_WELD_NECK,100.0,600,ASTM A182 F304,RTJ,ASME B16.5
ONGC-MAT-0003165,ONGC,"FLANGE, BLIND, 12 INCH, CLASS 600, ASTM A105, ASME B16.5, RTJ FACING",CAN-000684,DEPOT-ONGC-MBO,"Mumbai Offshore Logistics Base, Maharashtra",21,137990,98,FLANGE_BLIND,300.0,600,ASTM A105,RTJ,ASME B16.5
ONGC-MAT-0003166,ONGC,"FLANGE, WELDING NECK, 10 INCH, CLASS 150, ASTM A182 F316, ASME B16.5, RTJ FACING",CAN-000328,DEPOT-ONGC-ANK,"Ankleshwar Asset, Gujarat",0,140460,0,FLANGE_WELD_NECK,250.0,150,ASTM A182 F316,RTJ,ASME B16.5
ONGC-MAT-0003167,ONGC,"FLANGE, WELDING NECK, 4 INCH, CLASS 600, ASTM A105, ASME B16.5, RF FACING",CAN-000217,DEPOT-ONGC-MBO,"Mumbai Offshore Logistics Base, Maharashtra",0,40430,0,FLANGE_WELD_NECK,100.0,600,ASTM A105,RF,ASME B16.5
ONGC-MAT-0003168,ONGC,"VALVE, GATE, 1.5 INCH, CLASS 1500, ASTM A182 F316, API 6D, RF FACING",CAN-001178,DEPOT-ONGC-URN,"Uran Plant, Maharashtra",127,669540,366,GATE_VALVE,40.0,1500,ASTM A182 F316,RF,API 6D
ONGC-MAT-0003169,ONGC,"VALVE, GATE, 2 INCH, CLASS 300, ASTM A182 F316, API 6D, BW FACING",CAN-001204,DEPOT-ONGC-URN,"Uran Plant, Maharashtra",0,246930,0,GATE_VALVE,50.0,300,ASTM A182 F316,BW,API 6D
ONGC-MAT-0003170,ONGC,"FLANGE, SLIP-ON, 2 INCH, CLASS 150, ASTM A182 F316, ASME B16.5, FF FACING",CAN-000796,DEPOT-ONGC-MBO,"Mumbai Offshore Logistics Base, Maharashtra",0,12600,0,FLANGE_SLIP_ON,50.0,150,ASTM A182 F316,FF,ASME B16.5
ONGC-MAT-0003171,ONGC,"FLANGE, BLIND, 2 INCH, CLASS 1500, ASTM A182 F316, ASME B16.5, RTJ FACING",CAN-000520,DEPOT-ONGC-ANK,"Ankleshwar Asset, Gujarat",28,89480,112,FLANGE_BLIND,50.0,1500,ASTM A182 F316,RTJ,ASME B16.5
ONGC-MAT-0003172,ONGC,"FLANGE, WELDING NECK, 1 INCH, CLASS 900, ASTM A182 F304, ASME B16.5, RTJ FACING",CAN-000070,DEPOT-ONGC-HZR,"Hazira Gas Processing Plant, Gujarat",98,22130,388,FLANGE_WELD_NECK,25.0,900,ASTM A182 F304,RTJ,ASME B16.5
ONGC-MAT-0003173,ONGC,"VALVE, GATE, 2 INCH, CLASS 600, ASTM A105, API 600, BW FACING",CAN-001211,DEPOT-ONGC-ANK,"Ankleshwar Asset, Gujarat",57,134350,266,GATE_VALVE,50.0,600,ASTM A105,BW,API 600
ONGC-MAT-0003174,ONGC,"FLANGE, BLIND, 1 INCH, CLASS 150, ASTM A350 LF2, ASME B16.5, RTJ FACING",CAN-000434,DEPOT-ONGC-HZR,"Hazira Gas Processing Plant, Gujarat",0,2880,0,FLANGE_BLIND,25.0,150,ASTM A350 LF2,RTJ,ASME B16.5
ONGC-MAT-0003175,ONGC,"VALVE, BALL, 1/2 INCH, CLASS 600, ASTM A216 WCB, API 6D, RF FACING",CAN-001609,DEPOT-ONGC-ANK,"Ankleshwar Asset, Gujarat",41,34320,43,BALL_VALVE,15.0,600,ASTM A216 WCB,RF,API 6D
ONGC-MAT-0003176,ONGC,"VALVE, GLOBE, 6 INCH, CLASS 1500, ASTM A105, ASME B16.34, RF FACING",CAN-001940,DEPOT-ONGC-ANK,"Ankleshwar Asset, Gujarat",105,1555270,669,GLOBE_VALVE,150.0,1500,ASTM A105,RF,ASME B16.34
ONGC-MAT-0003177,ONGC,"VALVE, GATE, 8 INCH, CLASS 1500, ASTM A182 F316, API 600, BW FACING",CAN-001479,DEPOT-ONGC-ANK,"Ankleshwar Asset, Gujarat",0,5425490,0,GATE_VALVE,200.0,1500,ASTM A182 F316,BW,API 600
ONGC-MAT-0003178,ONGC,"VALVE, GATE, 1.5 INCH, CLASS 600, ASTM A105, API 600, BW FACING",CAN-001151,DEPOT-ONGC-HZR,"Hazira Gas Processing Plant, Gujarat",39,100520,101,GATE_VALVE,40.0,600,ASTM A105,BW,API 600
ONGC-MAT-0003179,ONGC,"VALVE, GATE, 12 INCH, CLASS 1500, ASTM A105, API 600, RF FACING",CAN-001593,DEPOT-ONGC-ANK,"Ankleshwar Asset, Gujarat",0,2872150,0,GATE_VALVE,300.0,1500,ASTM A105,RF,API 600
ONGC-MAT-0003180,ONGC,"VALVE, GATE, 6 INCH, CLASS 900, ASTM A105, API 6D, RF FACING",CAN-001402,DEPOT-ONGC-ANK,"Ankleshwar Asset, Gujarat",37,775150,24,GATE_VALVE,150.0,900,ASTM A105,RF,API 6D
ONGC-MAT-0003181,ONGC,"FLANGE, BLIND, 1.5 INCH, CLASS 1500, ASTM A182 F316, ASME B16.5, RF FACING",CAN-000489,DEPOT-ONGC-ANK,"Ankleshwar Asset, Gujarat",0,66950,0,FLANGE_BLIND,40.0,1500,ASTM A182 F316,RF,ASME B16.5
ONGC-MAT-0003182,ONGC,"VALVE, GLOBE, 1.5 INCH, CLASS 600, ASTM A105, BS 1873, RF FACING",CAN-001851,DEPOT-ONGC-RJM,"Rajahmundry Asset, Andhra Pradesh",0,134030,0,GLOBE_VALVE,40.0,600,ASTM A105,RF,BS 1873
ONGC-MAT-0003183,ONGC,"FLANGE, BLIND, 3 INCH, CLASS 150, ASTM A350 LF2, ASME B16.5, RF FACING",CAN-000523,DEPOT-ONGC-MBO,"Mumbai Offshore Logistics Base, Maharashtra",36,13060,92,FLANGE_BLIND,80.0,150,ASTM A350 LF2,RF,ASME B16.5
ONGC-MAT-0003184,ONGC,"VALVE, GATE, 3 INCH, CLASS 150, ASTM A216 WCB, API 6D, BW FACING",CAN-001244,DEPOT-ONGC-RJM,"Rajahmundry Asset, Andhra Pradesh",0,81650,0,GATE_VALVE,80.0,150,ASTM A216 WCB,BW,API 6D
ONGC-MAT-0003185,ONGC,"VALVE, GATE, 8 INCH, CLASS 1500, ASTM A216 WCB, API 600, RF FACING",CAN-001469,DEPOT-ONGC-ANK,"Ankleshwar Asset, Gujarat",23,1695460,32,GATE_VALVE,200.0,1500,ASTM A216 WCB,RF,API 600
ONGC-MAT-0003186,ONGC,"FLANGE, WELDING NECK, 3 INCH, CLASS 900, ASTM A182 F304, ASME B16.5, RTJ FACING",CAN-000190,DEPOT-ONGC-RJM,"Rajahmundry Asset, Andhra Pradesh",37,100420,66,FLANGE_WELD_NECK,80.0,900,ASTM A182 F304,RTJ,ASME B16.5
ONGC-MAT-0003187,ONGC,"GASKET, SPIRAL WOUND, 6 INCH, CLASS 600, SS316 / GRAPHITE, ASME B16.20, RF FACING",CAN-002065,DEPOT-ONGC-URN,"Uran Plant, Maharashtra",18,64760,51,SPIRAL_WOUND_GASKET,150.0,600,SS316 / GRAPHITE,RF,ASME B16.20
ONGC-MAT-0003188,ONGC,"VALVE, GATE, 1/2 INCH, CLASS 1500, ASTM A105, API 6D, RF FACING",CAN-001054,DEPOT-ONGC-URN,"Uran Plant, Maharashtra",44,58460,89,GATE_VALVE,15.0,1500,ASTM A105,RF,API 6D
ONGC-MAT-0003189,ONGC,"FLANGE, BLIND, 3 INCH, CLASS 900, ASTM A350 LF2, ASME B16.5, RF FACING",CAN-000541,DEPOT-ONGC-RJM,"Rajahmundry Asset, Andhra Pradesh",115,54770,301,FLANGE_BLIND,80.0,900,ASTM A350 LF2,RF,ASME B16.5
ONGC-MAT-0003190,ONGC,"FLANGE, SLIP-ON, 3 INCH, CLASS 600, ASTM A182 F316, ASME B16.5, RF FACING",CAN-000837,DEPOT-ONGC-ANK,"Ankleshwar Asset, Gujarat",0,70400,0,FLANGE_SLIP_ON,80.0,600,ASTM A182 F316,RF,ASME B16.5
ONGC-MAT-0003191,ONGC,"FLANGE, WELDING NECK, 1/2 INCH, CLASS 900, ASTM A350 LF2, ASME B16.5, RTJ FACING",CAN-000028,DEPOT-ONGC-HZR,"Hazira Gas Processing Plant, Gujarat",0,7590,0,FLANGE_WELD_NECK,15.0,900,ASTM A350 LF2,RTJ,ASME B16.5
ONGC-MAT-0003192,ONGC,"VALVE, BALL, 1.5 INCH, CLASS 300, ASTM A182 F316, API 6D, BW FACING",CAN-001648,DEPOT-ONGC-ANK,"Ankleshwar Asset, Gujarat",86,225810,557,BALL_VALVE,40.0,300,ASTM A182 F316,BW,API 6D
ONGC-MAT-0003193,ONGC,"VALVE, GATE, 4 INCH, CLASS 150, ASTM A216 WCB, API 6D, BW FACING",CAN-001304,DEPOT-ONGC-HZR,"Hazira Gas Processing Plant, Gujarat",76,109130,464,GATE_VALVE,100.0,150,ASTM A216 WCB,BW,API 6D
ONGC-MAT-0003194,ONGC,"FLANGE, BLIND, 12 INCH, CLASS 150, ASTM A350 LF2, ASME B16.5, RTJ FACING",CAN-000674,DEPOT-ONGC-MBO,"Mumbai Offshore Logistics Base, Maharashtra",65,72830,420,FLANGE_BLIND,300.0,150,ASTM A350 LF2,RTJ,ASME B16.5
ONGC-MAT-0003195,ONGC,"VALVE, GATE, 1 INCH, CLASS 150, ASTM A182 F316, API 6D, RF FACING",CAN-001070,DEPOT-ONGC-HZR,"Hazira Gas Processing Plant, Gujarat",34,57600,114,GATE_VALVE,25.0,150,ASTM A182 F316,RF,API 6D
ONGC-MAT-0003196,ONGC,"VALVE, GATE, 1 INCH, CLASS 150, ASTM A216 WCB, API 600, RF FACING",CAN-001061,DEPOT-ONGC-RJM,"Rajahmundry Asset, Andhra Pradesh",0,18000,0,GATE_VALVE,25.0,150,ASTM A216 WCB,RF,API 600
ONGC-MAT-0003197,ONGC,"FLANGE, WELDING NECK, 1.5 INCH, CLASS 600, ASTM A182 F304, ASME B16.5, RTJ FACING",CAN-000102,DEPOT-ONGC-ANK,"Ankleshwar Asset, Gujarat",39,29480,206,FLANGE_WELD_NECK,40.0,600,ASTM A182 F304,RTJ,ASME B16.5
ONGC-MAT-0003198,ONGC,"FLANGE, WELDING NECK, 1 INCH, CLASS 300, ASTM A350 LF2, ASME B16.5, RF FACING",CAN-000051,DEPOT-ONGC-RJM,"Rajahmundry Asset, Andhra Pradesh",0,6120,0,FLANGE_WELD_NECK,25.0,300,ASTM A350 LF2,RF,ASME B16.5
ONGC-MAT-0003199,ONGC,"FLANGE, WELDING NECK, 8 INCH, CLASS 150, ASTM A182 F304, ASME B16.5, RF FACING",CAN-000285,DEPOT-ONGC-ANK,"Ankleshwar Asset, Gujarat",24,78820,40,FLANGE_WELD_NECK,200.0,150,ASTM A182 F304,RF,ASME B16.5
ONGC-MAT-0003200,ONGC,"FLANGE, BLIND, 4 INCH, CLASS 600, ASTM A350 LF2, ASME B16.5, RTJ FACING",CAN-000566,DEPOT-ONGC-MBO,"Mumbai Offshore Logistics Base, Maharashtra",48,52930,115,FLANGE_BLIND,100.0,600,ASTM A350 LF2,RTJ,ASME B16.5
ONGC-MAT-0003201,ONGC,"VALVE, GATE, 12 INCH, CLASS 900, ASTM A216 WCB, API 6D, RF FACING",CAN-001578,DEPOT-ONGC-MBO,"Mumbai Offshore Logistics Base, Maharashtra",98,1908660,390,GATE_VALVE,300.0,900,ASTM A216 WCB,RF,API 6D
ONGC-MAT-0003202,ONGC,"VALVE, BALL, 4 INCH, CLASS 1500, ASTM A216 WCB, API 6D, BW FACING",CAN-001718,DEPOT-ONGC-HZR,"Hazira Gas Processing Plant, Gujarat",38,841590,455,BALL_VALVE,100.0,1500,ASTM A216 WCB,BW,API 6D
ONGC-MAT-0003203,ONGC,"STUD BOLT WITH NUTS, 1.5 INCH, CLASS 900, ASTM A193 B7 / A194 2H, ASME B18.2.1, THRD FACING",CAN-002127,DEPOT-ONGC-MBO,"Mumbai Offshore Logistics Base, Maharashtra",0,2700,0,STUD_BOLT,40.0,900,ASTM A193 B7 / A194 2H,THRD,ASME B18.2.1
ONGC-MAT-0003204,ONGC,"GASKET, SPIRAL WOUND, 1/2 INCH, CLASS 1500, SS304 / GRAPHITE, ASME B16.20, RF FACING",CAN-002010,DEPOT-ONGC-MBO,"Mumbai Offshore Logistics Base, Maharashtra",119,5060,296,SPIRAL_WOUND_GASKET,15.0,1500,SS304 / GRAPHITE,RF,ASME B16.20
ONGC-MAT-0003205,ONGC,"VALVE, GATE, 1/2 INCH, CLASS 150, ASTM A105, API 600, RF FACING",CAN-001005,DEPOT-ONGC-HZR,"Hazira Gas Processing Plant, Gujarat",43,9260,90,GATE_VALVE,15.0,150,ASTM A105,RF,API 600
ONGC-MAT-0003206,ONGC,"FLANGE, SLIP-ON, 10 INCH, CLASS 600, ASTM A182 F304, ASME B16.5, RF FACING",CAN-000955,DEPOT-ONGC-MBO,"Mumbai Offshore Logistics Base, Maharashtra",0,232260,0,FLANGE_SLIP_ON,250.0,600,ASTM A182 F304,RF,ASME B16.5
ONGC-MAT-0003207,ONGC,"FLANGE, BLIND, 6 INCH, CLASS 300, ASTM A182 F316, ASME B16.5, RTJ FACING",CAN-000592,DEPOT-ONGC-MBO,"Mumbai Offshore Logistics Base, Maharashtra",46,103000,330,FLANGE_BLIND,150.0,300,ASTM A182 F316,RTJ,ASME B16.5
ONGC-MAT-0003208,ONGC,"FLANGE, SLIP-ON, 2 INCH, CLASS 600, ASTM A105, ASME B16.5, FF FACING",CAN-000804,DEPOT-ONGC-HZR,"Hazira Gas Processing Plant, Gujarat",36,11940,86,FLANGE_SLIP_ON,50.0,600,ASTM A105,FF,ASME B16.5
ONGC-MAT-0003209,ONGC,"VALVE, BALL, 8 INCH, CLASS 300, ASTM A182 F316, API 6D, BW FACING",CAN-001748,DEPOT-ONGC-HZR,"Hazira Gas Processing Plant, Gujarat",5,1829840,64,BALL_VALVE,200.0,300,ASTM A182 F316,BW,API 6D
ONGC-MAT-0003210,ONGC,"VALVE, BALL, 8 INCH, CLASS 300, ASTM A182 F316, API 6D, BW FACING",CAN-001748,DEPOT-ONGC-HZR,"Hazira Gas Processing Plant, Gujarat",88,1829840,628,BALL_VALVE,200.0,300,ASTM A182 F316,BW,API 6D
ONGC-MAT-0003211,ONGC,"VALVE, GATE, 8 INCH, CLASS 1500, ASTM A182 F316, API 600, RF FACING",CAN-001477,DEPOT-ONGC-HZR,"Hazira Gas Processing Plant, Gujarat",5,5425490,23,GATE_VALVE,200.0,1500,ASTM A182 F316,RF,API 600
ONGC-MAT-0003212,ONGC,"VALVE, GLOBE, 1.5 INCH, CLASS 150, ASTM A105, ASME B16.34, RF FACING",CAN-001844,DEPOT-ONGC-HZR,"Hazira Gas Processing Plant, Gujarat",101,44210,182,GLOBE_VALVE,40.0,150,ASTM A105,RF,ASME B16.34
ONGC-MAT-0003213,ONGC,"FLANGE, SLIP-ON, 1/2 INCH, CLASS 150, ASTM A182 F316, ASME B16.5, FF FACING",CAN-000706,DEPOT-ONGC-URN,"Uran Plant, Maharashtra",68,2630,263,FLANGE_SLIP_ON,15.0,150,ASTM A182 F316,FF,ASME B16.5
ONGC-MAT-0003214,ONGC,"FLANGE, WELDING NECK, 12 INCH, CLASS 1500, ASTM A182 F304, ASME B16.5, RF FACING",CAN-000397,DEPOT-ONGC-MBO,"Mumbai Offshore Logistics Base, Maharashtra",0,842490,0,FLANGE_WELD_NECK,300.0,1500,ASTM A182 F304,RF,ASME B16.5
ONGC-MAT-0003215,ONGC,"VALVE, GATE, 1/2 INCH, CLASS 150, ASTM A182 F316, API 6D, RF FACING",CAN-001010,DEPOT-ONGC-ANK,"Ankleshwar Asset, Gujarat",67,29640,672,GATE_VALVE,15.0,150,ASTM A182 F316,RF,API 6D
ONGC-MAT-0003216,ONGC,"VALVE, GATE, 1.5 INCH, CLASS 900, ASTM A105, API 6D, BW FACING",CAN-001164,DEPOT-ONGC-URN,"Uran Plant, Maharashtra",44,139040,79,GATE_VALVE,40.0,900,ASTM A105,BW,API 6D
ONGC-MAT-0003217,ONGC,"FLANGE, WELDING NECK, 3 INCH, CLASS 600, ASTM A350 LF2, ASME B16.5, RF FACING",CAN-000179,DEPOT-ONGC-MBO,"Mumbai Offshore Logistics Base, Maharashtra",150,48400,412,FLANGE_WELD_NECK,80.0,600,ASTM A350 LF2,RF,ASME B16.5
ONGC-MAT-0003218,ONGC,"FLANGE, WELDING NECK, 6 INCH, CLASS 150, ASTM A350 LF2, ASME B16.5, RF FACING",CAN-000243,DEPOT-ONGC-URN,"Uran Plant, Maharashtra",0,36150,0,FLANGE_WELD_NECK,150.0,150,ASTM A350 LF2,RF,ASME B16.5
ONGC-MAT-0003219,ONGC,"VALVE, BALL, 4 INCH, CLASS 1500, ASTM A182 F316, API 6D, RF FACING",CAN-001719,DEPOT-ONGC-URN,"Uran Plant, Maharashtra",0,2693080,0,BALL_VALVE,100.0,1500,ASTM A182 F316,RF,API 6D
ONGC-MAT-0003220,ONGC,"VALVE, BALL, 1.5 INCH, CLASS 1500, ASTM A216 WCB, API 6D, BW FACING",CAN-001658,DEPOT-ONGC-MBO,"Mumbai Offshore Logistics Base, Maharashtra",87,255720,741,BALL_VALVE,40.0,1500,ASTM A216 WCB,BW,API 6D
ONGC-MAT-0003221,ONGC,"VALVE, GATE, 6 INCH, CLASS 150, ASTM A182 F316, API 600, RF FACING",CAN-001369,DEPOT-ONGC-ANK,"Ankleshwar Asset, Gujarat",0,591580,0,GATE_VALVE,150.0,150,ASTM A182 F316,RF,API 600
ONGC-MAT-0003222,ONGC,"VALVE, BALL, 8 INCH, CLASS 1500, ASTM A216 WCB, API 6D, RF FACING",CAN-001757,DEPOT-ONGC-HZR,"Hazira Gas Processing Plant, Gujarat",121,2072230,569,BALL_VALVE,200.0,1500,ASTM A216 WCB,RF,API 6D
ONGC-MAT-0003223,ONGC,"FLANGE, BLIND, 10 INCH, CLASS 1500, ASTM A182 F316, ASME B16.5, RF FACING",CAN-000669,DEPOT-ONGC-RJM,"Rajahmundry Asset, Andhra Pradesh",45,725140,106,FLANGE_BLIND,250.0,1500,ASTM A182 F316,RF,ASME B16.5
ONGC-MAT-0003224,ONGC,"FLANGE, BLIND, 4 INCH, CLASS 900, ASTM A350 LF2, ASME B16.5, RF FACING",CAN-000571,DEPOT-ONGC-MBO,"Mumbai Offshore Logistics Base, Maharashtra",21,73210,30,FLANGE_BLIND,100.0,900,ASTM A350 LF2,RF,ASME B16.5
ONGC-MAT-0003225,ONGC,"FLANGE, SLIP-ON, 2 INCH, CLASS 300, ASTM A182 F304, ASME B16.5, FF FACING",CAN-000800,DEPOT-ONGC-HZR,"Hazira Gas Processing Plant, Gujarat",37,16460,472,FLANGE_SLIP_ON,50.0,300,ASTM A182 F304,FF,ASME B16.5
ONGC-MAT-0003226,ONGC,"VALVE, GATE, 4 INCH, CLASS 600, ASTM A182 F316, API 600, RF FACING",CAN-001333,DEPOT-ONGC-HZR,"Hazira Gas Processing Plant, Gujarat",22,1058640,27,GATE_VALVE,100.0,600,ASTM A182 F316,RF,API 600
ONGC-MAT-0003227,ONGC,"FLANGE, WELDING NECK, 8 INCH, CLASS 900, ASTM A182 F316, ASME B16.5, RTJ FACING",CAN-000312,DEPOT-ONGC-ANK,"Ankleshwar Asset, Gujarat",46,440660,70,FLANGE_WELD_NECK,200.0,900,ASTM A182 F316,RTJ,ASME B16.5
ONGC-MAT-0003228,ONGC,"FLANGE, SLIP-ON, 4 INCH, CLASS 900, ASTM A105, ASME B16.5, FF FACING",CAN-000870,DEPOT-ONGC-URN,"Uran Plant, Maharashtra",63,40670,432,FLANGE_SLIP_ON,100.0,900,ASTM A105,FF,ASME B16.5
ONGC-MAT-0003229,ONGC,"FLANGE, SLIP-ON, 1 INCH, CLASS 600, ASTM A182 F304, ASME B16.5, RF FACING",CAN-000745,DEPOT-ONGC-RJM,"Rajahmundry Asset, Andhra Pradesh",37,11640,542,FLANGE_SLIP_ON,25.0,600,ASTM A182 F304,RF,ASME B16.5
ONGC-MAT-0003230,ONGC,"VALVE, GLOBE, 1/2 INCH, CLASS 600, ASTM A216 WCB, ASME B16.34, RF FACING",CAN-001810,DEPOT-ONGC-RJM,"Rajahmundry Asset, Andhra Pradesh",38,37450,100,GLOBE_VALVE,15.0,600,ASTM A216 WCB,RF,ASME B16.34
ONGC-MAT-0003231,ONGC,"VALVE, GATE, 4 INCH, CLASS 300, ASTM A182 F316, API 600, RF FACING",CAN-001321,DEPOT-ONGC-ANK,"Ankleshwar Asset, Gujarat",89,608020,647,GATE_VALVE,100.0,300,ASTM A182 F316,RF,API 600
ONGC-MAT-0003232,ONGC,"FLANGE, SLIP-ON, 12 INCH, CLASS 1500, ASTM A182 F304, ASME B16.5, FF FACING",CAN-000998,DEPOT-ONGC-ANK,"Ankleshwar Asset, Gujarat",49,612720,65,FLANGE_SLIP_ON,300.0,1500,ASTM A182 F304,FF,ASME B16.5
ONGC-MAT-0003233,ONGC,"VALVE, GATE, 1 INCH, CLASS 900, ASTM A216 WCB, API 600, RF FACING",CAN-001097,DEPOT-ONGC-URN,"Uran Plant, Maharashtra",145,75470,695,GATE_VALVE,25.0,900,ASTM A216 WCB,RF,API 600
ONGC-MAT-0003234,ONGC,"FLANGE, BLIND, 2 INCH, CLASS 1500, ASTM A182 F316, ASME B16.5, RTJ FACING",CAN-000520,DEPOT-ONGC-URN,"Uran Plant, Maharashtra",6,89480,53,FLANGE_BLIND,50.0,1500,ASTM A182 F316,RTJ,ASME B16.5
ONGC-MAT-0003235,ONGC,"FLANGE, SLIP-ON, 12 INCH, CLASS 300, ASTM A182 F316, ASME B16.5, FF FACING",CAN-000982,DEPOT-ONGC-ANK,"Ankleshwar Asset, Gujarat",41,225430,70,FLANGE_SLIP_ON,300.0,300,ASTM A182 F316,FF,ASME B16.5
ONGC-MAT-0003236,ONGC,"VALVE, GATE, 10 INCH, CLASS 600, ASTM A216 WCB, API 6D, RF FACING",CAN-001506,DEPOT-ONGC-RJM,"Rajahmundry Asset, Andhra Pradesh",18,1088730,59,GATE_VALVE,250.0,600,ASTM A216 WCB,RF,API 6D
ONGC-MAT-0003237,ONGC,"FLANGE, WELDING NECK, 6 INCH, CLASS 300, ASTM A182 F316, ASME B16.5, RTJ FACING",CAN-000256,DEPOT-ONGC-MBO,"Mumbai Offshore Logistics Base, Maharashtra",35,125890,49,FLANGE_WELD_NECK,150.0,300,ASTM A182 F316,RTJ,ASME B16.5
ONGC-MAT-0003238,ONGC,"VALVE, BALL, 2 INCH, CLASS 150, ASTM A216 WCB, API 6D, BW FACING",CAN-001662,DEPOT-ONGC-HZR,"Hazira Gas Processing Plant, Gujarat",0,54170,0,BALL_VALVE,50.0,150,ASTM A216 WCB,BW,API 6D
ONGC-MAT-0003239,ONGC,"VALVE, GATE, 1 INCH, CLASS 900, ASTM A105, API 600, BW FACING",CAN-001103,DEPOT-ONGC-RJM,"Rajahmundry Asset, Andhra Pradesh",0,75470,0,GATE_VALVE,25.0,900,ASTM A105,BW,API 600
ONGC-MAT-0003240,ONGC,"FLANGE, SLIP-ON, 8 INCH, CLASS 150, ASTM A182 F304, ASME B16.5, FF FACING",CAN-000914,DEPOT-ONGC-ANK,"Ankleshwar Asset, Gujarat",46,57320,504,FLANGE_SLIP_ON,200.0,150,ASTM A182 F304,FF,ASME B16.5
ONGC-MAT-0003241,ONGC,"FLANGE, WELDING NECK, 8 INCH, CLASS 900, ASTM A182 F316, ASME B16.5, RTJ FACING",CAN-000312,DEPOT-ONGC-HZR,"Hazira Gas Processing Plant, Gujarat",78,440660,237,FLANGE_WELD_NECK,200.0,900,ASTM A182 F316,RTJ,ASME B16.5
ONGC-MAT-0003242,ONGC,"FLANGE, SLIP-ON, 8 INCH, CLASS 1500, ASTM A182 F304, ASME B16.5, RF FACING",CAN-000937,DEPOT-ONGC-URN,"Uran Plant, Maharashtra",32,361690,104,FLANGE_SLIP_ON,200.0,1500,ASTM A182 F304,RF,ASME B16.5
ONGC-MAT-0003243,ONGC,"VALVE, GATE, 3 INCH, CLASS 900, ASTM A182 F316, API 600, BW FACING",CAN-001287,DEPOT-ONGC-HZR,"Hazira Gas Processing Plant, Gujarat",111,1095560,744,GATE_VALVE,80.0,900,ASTM A182 F316,BW,API 600
ONGC-MAT-0003244,ONGC,"FLANGE, SLIP-ON, 6 INCH, CLASS 150, ASTM A105, ASME B16.5, FF FACING",CAN-000882,DEPOT-ONGC-MBO,"Mumbai Offshore Logistics Base, Maharashtra",29,16430,64,FLANGE_SLIP_ON,150.0,150,ASTM A105,FF,ASME B16.5
ONGC-MAT-0003245,ONGC,"FLANGE, WELDING NECK, 8 INCH, CLASS 300, ASTM A182 F316, ASME B16.5, RTJ FACING",CAN-000296,DEPOT-ONGC-HZR,"Hazira Gas Processing Plant, Gujarat",127,182980,396,FLANGE_WELD_NECK,200.0,300,ASTM A182 F316,RTJ,ASME B16.5
ONGC-MAT-0003246,ONGC,"FLANGE, SLIP-ON, 6 INCH, CLASS 150, ASTM A182 F304, ASME B16.5, FF FACING",CAN-000884,DEPOT-ONGC-ANK,"Ankleshwar Asset, Gujarat",34,39430,60,FLANGE_SLIP_ON,150.0,150,ASTM A182 F304,FF,ASME B16.5
ONGC-MAT-0003247,ONGC,"VALVE, GLOBE, 1 INCH, CLASS 300, ASTM A216 WCB, BS 1873, RF FACING",CAN-001825,DEPOT-ONGC-HZR,"Hazira Gas Processing Plant, Gujarat",103,41780,263,GLOBE_VALVE,25.0,300,ASTM A216 WCB,RF,BS 1873
ONGC-MAT-0003248,ONGC,"GASKET, SPIRAL WOUND, 2 INCH, CLASS 300, SS316 / GRAPHITE, ASME B16.20, RF FACING",CAN-002033,DEPOT-ONGC-URN,"Uran Plant, Maharashtra",0,8910,0,SPIRAL_WOUND_GASKET,50.0,300,SS316 / GRAPHITE,RF,ASME B16.20
ONGC-MAT-0003249,ONGC,"FLANGE, SLIP-ON, 10 INCH, CLASS 1500, ASTM A182 F316, ASME B16.5, FF FACING",CAN-000970,DEPOT-ONGC-HZR,"Hazira Gas Processing Plant, Gujarat",13,644560,59,FLANGE_SLIP_ON,250.0,1500,ASTM A182 F316,FF,ASME B16.5
ONGC-MAT-0003250,ONGC,"FLANGE, BLIND, 1.5 INCH, CLASS 900, ASTM A350 LF2, ASME B16.5, RTJ FACING",CAN-000482,DEPOT-ONGC-URN,"Uran Plant, Maharashtra",29,22240,49,FLANGE_BLIND,40.0,900,ASTM A350 LF2,RTJ,ASME B16.5
ONGC-MAT-0003251,ONGC,"FLANGE, WELDING NECK, 1 INCH, CLASS 300, ASTM A182 F316, ASME B16.5, RTJ FACING",CAN-000056,DEPOT-ONGC-ANK,"Ankleshwar Asset, Gujarat",25,12250,313,FLANGE_WELD_NECK,25.0,300,ASTM A182 F316,RTJ,ASME B16.5
ONGC-MAT-0003252,ONGC,"FLANGE, SLIP-ON, 2 INCH, CLASS 300, ASTM A182 F304, ASME B16.5, FF FACING",CAN-000800,DEPOT-ONGC-ANK,"Ankleshwar Asset, Gujarat",23,16460,17,FLANGE_SLIP_ON,50.0,300,ASTM A182 F304,FF,ASME B16.5
ONGC-MAT-0003253,ONGC,"FLANGE, BLIND, 1 INCH, CLASS 1500, ASTM A350 LF2, ASME B16.5, RF FACING",CAN-000457,DEPOT-ONGC-RJM,"Rajahmundry Asset, Andhra Pradesh",43,18170,91,FLANGE_BLIND,25.0,1500,ASTM A350 LF2,RF,ASME B16.5
ONGC-MAT-0003254,ONGC,"FLANGE, WELDING NECK, 4 INCH, CLASS 600, ASTM A105, ASME B16.5, RF FACING",CAN-000217,DEPOT-ONGC-URN,"Uran Plant, Maharashtra",28,40430,40,FLANGE_WELD_NECK,100.0,600,ASTM A105,RF,ASME B16.5
ONGC-MAT-0003255,ONGC,"VALVE, GATE, 2 INCH, CLASS 300, ASTM A105, API 6D, RF FACING",CAN-001198,DEPOT-ONGC-ANK,"Ankleshwar Asset, Gujarat",0,77160,0,GATE_VALVE,50.0,300,ASTM A105,RF,API 6D
ONGC-MAT-0003256,ONGC,"VALVE, GLOBE, 2 INCH, CLASS 900, ASTM A105, BS 1873, RF FACING",CAN-001875,DEPOT-ONGC-ANK,"Ankleshwar Asset, Gujarat",35,247780,108,GLOBE_VALVE,50.0,900,ASTM A105,RF,BS 1873
ONGC-MAT-0003257,ONGC,"VALVE, GATE, 1/2 INCH, CLASS 1500, ASTM A216 WCB, API 6D, BW FACING",CAN-001052,DEPOT-ONGC-MBO,"Mumbai Offshore Logistics Base, Maharashtra",104,58460,218,GATE_VALVE,15.0,1500,ASTM A216 WCB,BW,API 6D
ONGC-MAT-0003258,ONGC,"FLANGE, BLIND, 8 INCH, CLASS 900, ASTM A350 LF2, ASME B16.5, RF FACING",CAN-000631,DEPOT-ONGC-MBO,"Mumbai Offshore Logistics Base, Maharashtra",126,180270,551,FLANGE_BLIND,200.0,900,ASTM A350 LF2,RF,ASME B16.5
ONGC-MAT-0003259,ONGC,"STUD BOLT WITH NUTS, 10 INCH, CLASS 600, ASTM A193 B7 / A194 2H, ASME B18.2.1, THRD FACING",CAN-002185,DEPOT-ONGC-ANK,"Ankleshwar Asset, Gujarat",19,21160,72,STUD_BOLT,250.0,600,ASTM A193 B7 / A194 2H,THRD,ASME B18.2.1
ONGC-MAT-0003260,ONGC,"FLANGE, WELDING NECK, 12 INCH, CLASS 150, ASTM A182 F304, ASME B16.5, RF FACING",CAN-000365,DEPOT-ONGC-ANK,"Ankleshwar Asset, Gujarat",27,133520,103,FLANGE_WELD_NECK,300.0,150,ASTM A182 F304,RF,ASME B16.5
ONGC-MAT-0003261,ONGC,"FLANGE, WELDING NECK, 8 INCH, CLASS 900, ASTM A350 LF2, ASME B16.5, RTJ FACING",CAN-000308,DEPOT-ONGC-URN,"Uran Plant, Maharashtra",15,220330,31,FLANGE_WELD_NECK,200.0,900,ASTM A350 LF2,RTJ,ASME B16.5
ONGC-MAT-0003262,ONGC,"VALVE, GATE, 10 INCH, CLASS 600, ASTM A182 F316, API 600, RF FACING",CAN-001513,DEPOT-ONGC-ANK,"Ankleshwar Asset, Gujarat",94,3483930,609,GATE_VALVE,250.0,600,ASTM A182 F316,RF,API 600
ONGC-MAT-0003263,ONGC,"GASKET, SPIRAL WOUND, 3 INCH, CLASS 150, SS316 / GRAPHITE, ASME B16.20, RF FACING",CAN-002041,DEPOT-ONGC-MBO,"Mumbai Offshore Logistics Base, Maharashtra",33,9430,264,SPIRAL_WOUND_GASKET,80.0,150,SS316 / GRAPHITE,RF,ASME B16.20
ONGC-MAT-0003264,ONGC,"VALVE, BALL, 2 INCH, CLASS 900, ASTM A182 F316, API 6D, BW FACING",CAN-001676,DEPOT-ONGC-MBO,"Mumbai Offshore Logistics Base, Maharashtra",63,726820,341,BALL_VALVE,50.0,900,ASTM A182 F316,BW,API 6D
ONGC-MAT-0003265,ONGC,"FLANGE, BLIND, 8 INCH, CLASS 1500, ASTM A105, ASME B16.5, RTJ FACING",CAN-000636,DEPOT-ONGC-MBO,"Mumbai Offshore Logistics Base, Maharashtra",45,169540,32,FLANGE_BLIND,200.0,1500,ASTM A105,RTJ,ASME B16.5
ONGC-MAT-0003266,ONGC,"FLANGE, SLIP-ON, 3 INCH, CLASS 600, ASTM A182 F316, ASME B16.5, FF FACING",CAN-000838,DEPOT-ONGC-RJM,"Rajahmundry Asset, Andhra Pradesh",48,70400,107,FLANGE_SLIP_ON,80.0,600,ASTM A182 F316,FF,ASME B16.5
ONGC-MAT-0003267,ONGC,"FLANGE, WELDING NECK, 2 INCH, CLASS 900, ASTM A182 F316, ASME B16.5, RTJ FACING",CAN-000152,DEPOT-ONGC-MBO,"Mumbai Offshore Logistics Base, Maharashtra",15,72680,36,FLANGE_WELD_NECK,50.0,900,ASTM A182 F316,RTJ,ASME B16.5
ONGC-MAT-0003268,ONGC,"FLANGE, BLIND, 10 INCH, CLASS 600, ASTM A105, ASME B16.5, RTJ FACING",CAN-000654,DEPOT-ONGC-RJM,"Rajahmundry Asset, Andhra Pradesh",21,108870,96,FLANGE_BLIND,250.0,600,ASTM A105,RTJ,ASME B16.5
ONGC-MAT-0003269,ONGC,"FLANGE, SLIP-ON, 4 INCH, CLASS 300, ASTM A182 F316, ASME B16.5, RF FACING",CAN-000861,DEPOT-ONGC-RJM,"Rajahmundry Asset, Andhra Pradesh",33,54040,325,FLANGE_SLIP_ON,100.0,300,ASTM A182 F316,RF,ASME B16.5
ONGC-MAT-0003270,ONGC,"FLANGE, SLIP-ON, 3 INCH, CLASS 900, ASTM A105, ASME B16.5, RF FACING",CAN-000839,DEPOT-ONGC-HZR,"Hazira Gas Processing Plant, Gujarat",106,30430,455,FLANGE_SLIP_ON,80.0,900,ASTM A105,RF,ASME B16.5
ONGC-MAT-0003271,ONGC,"VALVE, GATE, 1 INCH, CLASS 600, ASTM A216 WCB, API 6D, BW FACING",CAN-001088,DEPOT-ONGC-HZR,"Hazira Gas Processing Plant, Gujarat",8,54560,81,GATE_VALVE,25.0,600,ASTM A216 WCB,BW,API 6D
ONGC-MAT-0003272,ONGC,"FLANGE, BLIND, 1 INCH, CLASS 900, ASTM A350 LF2, ASME B16.5, RF FACING",CAN-000451,DEPOT-ONGC-ANK,"Ankleshwar Asset, Gujarat",107,12070,264,FLANGE_BLIND,25.0,900,ASTM A350 LF2,RF,ASME B16.5
ONGC-MAT-0003273,ONGC,"FLANGE, BLIND, 1.5 INCH, CLASS 900, ASTM A350 LF2, ASME B16.5, RF FACING",CAN-000481,DEPOT-ONGC-URN,"Uran Plant, Maharashtra",31,22240,82,FLANGE_BLIND,40.0,900,ASTM A350 LF2,RF,ASME B16.5
ONGC-MAT-0003274,ONGC,"FLANGE, BLIND, 10 INCH, CLASS 600, ASTM A105, ASME B16.5, RTJ FACING",CAN-000654,DEPOT-ONGC-ANK,"Ankleshwar Asset, Gujarat",25,108870,38,FLANGE_BLIND,250.0,600,ASTM A105,RTJ,ASME B16.5
ONGC-MAT-0003275,ONGC,"VALVE, GATE, 10 INCH, CLASS 300, ASTM A216 WCB, API 6D, BW FACING",CAN-001496,DEPOT-ONGC-RJM,"Rajahmundry Asset, Andhra Pradesh",50,625310,35,GATE_VALVE,250.0,300,ASTM A216 WCB,BW,API 6D
ONGC-MAT-0003276,ONGC,"FLANGE, WELDING NECK, 2 INCH, CLASS 1500, ASTM A182 F304, ASME B16.5, RTJ FACING",CAN-000158,DEPOT-ONGC-RJM,"Rajahmundry Asset, Andhra Pradesh",116,82030,433,FLANGE_WELD_NECK,50.0,1500,ASTM A182 F304,RTJ,ASME B16.5
ONGC-MAT-0003277,ONGC,"VALVE, GATE, 1/2 INCH, CLASS 150, ASTM A105, API 6D, RF FACING",CAN-001006,DEPOT-ONGC-ANK,"Ankleshwar Asset, Gujarat",0,9260,0,GATE_VALVE,15.0,150,ASTM A105,RF,API 6D
ONGC-MAT-0003278,ONGC,"VALVE, BALL, 4 INCH, CLASS 900, ASTM A182 F316, API 6D, RF FACING",CAN-001715,DEPOT-ONGC-ANK,"Ankleshwar Asset, Gujarat",24,1789660,26,BALL_VALVE,100.0,900,ASTM A182 F316,RF,API 6D
ONGC-MAT-0003279,ONGC,"VALVE, GATE, 10 INCH, CLASS 600, ASTM A216 WCB, API 6D, RF FACING",CAN-001506,DEPOT-ONGC-MBO,"Mumbai Offshore Logistics Base, Maharashtra",25,1088730,457,GATE_VALVE,250.0,600,ASTM A216 WCB,RF,API 6D
ONGC-MAT-0003280,ONGC,"FLANGE, WELDING NECK, 12 INCH, CLASS 600, ASTM A182 F316, ASME B16.5, RTJ FACING",CAN-000384,DEPOT-ONGC-HZR,"Hazira Gas Processing Plant, Gujarat",14,539700,12,FLANGE_WELD_NECK,300.0,600,ASTM A182 F316,RTJ,ASME B16.5
ONGC-MAT-0003281,ONGC,"VALVE, GATE, 8 INCH, CLASS 1500, ASTM A182 F316, API 600, RF FACING",CAN-001477,DEPOT-ONGC-MBO,"Mumbai Offshore Logistics Base, Maharashtra",72,5425490,449,GATE_VALVE,200.0,1500,ASTM A182 F316,RF,API 600
ONGC-MAT-0003282,ONGC,"FLANGE, SLIP-ON, 3 INCH, CLASS 150, ASTM A182 F316, ASME B16.5, RF FACING",CAN-000825,DEPOT-ONGC-MBO,"Mumbai Offshore Logistics Base, Maharashtra",0,23220,0,FLANGE_SLIP_ON,80.0,150,ASTM A182 F316,RF,ASME B16.5
ONGC-MAT-0003283,ONGC,"FLANGE, BLIND, 10 INCH, CLASS 300, ASTM A182 F316, ASME B16.5, RF FACING",CAN-000651,DEPOT-ONGC-RJM,"Rajahmundry Asset, Andhra Pradesh",38,200090,73,FLANGE_BLIND,250.0,300,ASTM A182 F316,RF,ASME B16.5
ONGC-MAT-0003284,ONGC,"FLANGE, BLIND, 2 INCH, CLASS 300, ASTM A350 LF2, ASME B16.5, RF FACING",CAN-000499,DEPOT-ONGC-URN,"Uran Plant, Maharashtra",38,12340,32,FLANGE_BLIND,50.0,300,ASTM A350 LF2,RF,ASME B16.5
ONGC-MAT-0003285,ONGC,"VALVE, GATE, 4 INCH, CLASS 300, ASTM A182 F316, API 600, BW FACING",CAN-001323,DEPOT-ONGC-MBO,"Mumbai Offshore Logistics Base, Maharashtra",68,608020,403,GATE_VALVE,100.0,300,ASTM A182 F316,BW,API 600
ONGC-MAT-0003286,ONGC,"STUD BOLT WITH NUTS, 8 INCH, CLASS 1500, ASTM A193 B7 / A194 2H, ASME B18.2.1, THRD FACING",CAN-002179,DEPOT-ONGC-RJM,"Rajahmundry Asset, Andhra Pradesh",0,32960,0,STUD_BOLT,200.0,1500,ASTM A193 B7 / A194 2H,THRD,ASME B18.2.1
ONGC-MAT-0003287,ONGC,"VALVE, BALL, 1 INCH, CLASS 150, ASTM A216 WCB, API 6D, BW FACING",CAN-001622,DEPOT-ONGC-HZR,"Hazira Gas Processing Plant, Gujarat",36,22000,672,BALL_VALVE,25.0,150,ASTM A216 WCB,BW,API 6D
ONGC-MAT-0003288,ONGC,"FLANGE, BLIND, 1 INCH, CLASS 1500, ASTM A105, ASME B16.5, RTJ FACING",CAN-000456,DEPOT-ONGC-HZR,"Hazira Gas Processing Plant, Gujarat",118,11350,229,FLANGE_BLIND,25.0,1500,ASTM A105,RTJ,ASME B16.5
ONGC-MAT-0003289,ONGC,"GASKET, SPIRAL WOUND, 2 INCH, CLASS 150, SS316 / GRAPHITE, ASME B16.20, RF FACING",CAN-002031,DEPOT-ONGC-URN,"Uran Plant, Maharashtra",0,5120,0,SPIRAL_WOUND_GASKET,50.0,150,SS316 / GRAPHITE,RF,ASME B16.20
ONGC-MAT-0003290,ONGC,"FLANGE, BLIND, 4 INCH, CLASS 1500, ASTM A350 LF2, ASME B16.5, RF FACING",CAN-000577,DEPOT-ONGC-URN,"Uran Plant, Maharashtra",0,110170,0,FLANGE_BLIND,100.0,1500,ASTM A350 LF2,RF,ASME B16.5
ONGC-MAT-0003291,ONGC,"FLANGE, WELDING NECK, 1 INCH, CLASS 600, ASTM A350 LF2, ASME B16.5, RTJ FACING",CAN-000060,DEPOT-ONGC-ANK,"Ankleshwar Asset, Gujarat",10,10670,77,FLANGE_WELD_NECK,25.0,600,ASTM A350 LF2,RTJ,ASME B16.5
ONGC-MAT-0003292,ONGC,"FLANGE, BLIND, 4 INCH, CLASS 150, ASTM A105, ASME B16.5, RF FACING",CAN-000551,DEPOT-ONGC-ANK,"Ankleshwar Asset, Gujarat",0,10910,0,FLANGE_BLIND,100.0,150,ASTM A105,RF,ASME B16.5
ONGC-MAT-0003293,ONGC,"FLANGE, BLIND, 12 INCH, CLASS 900, ASTM A105, ASME B16.5, RTJ FACING",CAN-000690,DEPOT-ONGC-MBO,"Mumbai Offshore Logistics Base, Maharashtra",0,190860,0,FLANGE_BLIND,300.0,900,ASTM A105,RTJ,ASME B16.5
ONGC-MAT-0003294,ONGC,"VALVE, GATE, 2 INCH, CLASS 150, ASTM A105, API 6D, RF FACING",CAN-001186,DEPOT-ONGC-URN,"Uran Plant, Maharashtra",45,44320,87,GATE_VALVE,50.0,150,ASTM A105,RF,API 6D
ONGC-MAT-0003295,ONGC,"VALVE, GATE, 3 INCH, CLASS 150, ASTM A216 WCB, API 6D, BW FACING",CAN-001244,DEPOT-ONGC-URN,"Uran Plant, Maharashtra",0,81650,0,GATE_VALVE,80.0,150,ASTM A216 WCB,BW,API 6D
ONGC-MAT-0003296,ONGC,"VALVE, GATE, 4 INCH, CLASS 150, ASTM A105, API 600, RF FACING",CAN-001305,DEPOT-ONGC-MBO,"Mumbai Offshore Logistics Base, Maharashtra",32,109130,342,GATE_VALVE,100.0,150,ASTM A105,RF,API 600
ONGC-MAT-0003297,ONGC,"VALVE, GLOBE, 12 INCH, CLASS 300, ASTM A216 WCB, ASME B16.34, RF FACING",CAN-001986,DEPOT-ONGC-HZR,"Hazira Gas Processing Plant, Gujarat",0,1056740,0,GLOBE_VALVE,300.0,300,ASTM A216 WCB,RF,ASME B16.34
ONGC-MAT-0003298,ONGC,"GASKET, SPIRAL WOUND, 2 INCH, CLASS 1500, SS304 / GRAPHITE, ASME B16.20, RF FACING",CAN-002040,DEPOT-ONGC-URN,"Uran Plant, Maharashtra",144,24230,603,SPIRAL_WOUND_GASKET,50.0,1500,SS304 / GRAPHITE,RF,ASME B16.20
ONGC-MAT-0003299,ONGC,"FLANGE, BLIND, 1.5 INCH, CLASS 600, ASTM A182 F316, ASME B16.5, RF FACING",CAN-000477,DEPOT-ONGC-MBO,"Mumbai Offshore Logistics Base, Maharashtra",138,32160,645,FLANGE_BLIND,40.0,600,ASTM A182 F316,RF,ASME B16.5
ONGC-MAT-0003300,ONGC,"VALVE, GATE, 2 INCH, CLASS 600, ASTM A182 F316, API 600, RF FACING",CAN-001213,DEPOT-ONGC-URN,"Uran Plant, Maharashtra",107,429940,647,GATE_VALVE,50.0,600,ASTM A182 F316,RF,API 600
ONGC-MAT-0003301,ONGC,"VALVE, BALL, 4 INCH, CLASS 900, ASTM A182 F316, API 6D, RF FACING",CAN-001715,DEPOT-ONGC-MBO,"Mumbai Offshore Logistics Base, Maharashtra",27,1789660,48,BALL_VALVE,100.0,900,ASTM A182 F316,RF,API 6D
ONGC-MAT-0003302,ONGC,"FLANGE, BLIND, 2 INCH, CLASS 900, ASTM A105, ASME B16.5, RF FACING",CAN-000509,DEPOT-ONGC-ANK,"Ankleshwar Asset, Gujarat",8,18580,36,FLANGE_BLIND,50.0,900,ASTM A105,RF,ASME B16.5
ONGC-MAT-0003303,ONGC,"FLANGE, WELDING NECK, 1 INCH, CLASS 600, ASTM A182 F316, ASME B16.5, RF FACING",CAN-000063,DEPOT-ONGC-ANK,"Ankleshwar Asset, Gujarat",149,21340,293,FLANGE_WELD_NECK,25.0,600,ASTM A182 F316,RF,ASME B16.5
ONGC-MAT-0003304,ONGC,"VALVE, GATE, 2 INCH, CLASS 150, ASTM A182 F316, API 600, BW FACING",CAN-001191,DEPOT-ONGC-RJM,"Rajahmundry Asset, Andhra Pradesh",49,141820,42,GATE_VALVE,50.0,150,ASTM A182 F316,BW,API 600
ONGC-MAT-0003305,ONGC,"VALVE, GATE, 1 INCH, CLASS 150, ASTM A182 F316, API 600, BW FACING",CAN-001071,DEPOT-ONGC-URN,"Uran Plant, Maharashtra",12,57600,23,GATE_VALVE,25.0,150,ASTM A182 F316,BW,API 600
ONGC-MAT-0003306,ONGC,"VALVE, GATE, 4 INCH, CLASS 600, ASTM A216 WCB, API 6D, BW FACING",CAN-001328,DEPOT-ONGC-HZR,"Hazira Gas Processing Plant, Gujarat",0,330820,0,GATE_VALVE,100.0,600,ASTM A216 WCB,BW,API 6D
ONGC-MAT-0003307,ONGC,"VALVE, GATE, 6 INCH, CLASS 1500, ASTM A216 WCB, API 6D, RF FACING",CAN-001410,DEPOT-ONGC-RJM,"Rajahmundry Asset, Andhra Pradesh",0,1166450,0,GATE_VALVE,150.0,1500,ASTM A216 WCB,RF,API 6D
ONGC-MAT-0003308,ONGC,"FLANGE, SLIP-ON, 6 INCH, CLASS 150, ASTM A182 F304, ASME B16.5, FF FACING",CAN-000884,DEPOT-ONGC-ANK,"Ankleshwar Asset, Gujarat",20,39430,115,FLANGE_SLIP_ON,150.0,150,ASTM A182 F304,FF,ASME B16.5
ONGC-MAT-0003309,ONGC,"FLANGE, BLIND, 2 INCH, CLASS 300, ASTM A350 LF2, ASME B16.5, RTJ FACING",CAN-000500,DEPOT-ONGC-HZR,"Hazira Gas Processing Plant, Gujarat",13,12340,34,FLANGE_BLIND,50.0,300,ASTM A350 LF2,RTJ,ASME B16.5
ONGC-MAT-0003310,ONGC,"VALVE, GLOBE, 1.5 INCH, CLASS 900, ASTM A105, BS 1873, RF FACING",CAN-001855,DEPOT-ONGC-URN,"Uran Plant, Maharashtra",0,185390,0,GLOBE_VALVE,40.0,900,ASTM A105,RF,BS 1873
ONGC-MAT-0003311,ONGC,"VALVE, BALL, 3 INCH, CLASS 300, ASTM A216 WCB, API 6D, RF FACING",CAN-001685,DEPOT-ONGC-HZR,"Hazira Gas Processing Plant, Gujarat",0,173750,0,BALL_VALVE,80.0,300,ASTM A216 WCB,RF,API 6D
ONGC-MAT-0003312,ONGC,"VALVE, GATE, 3 INCH, CLASS 600, ASTM A105, API 600, RF FACING",CAN-001269,DEPOT-ONGC-HZR,"Hazira Gas Processing Plant, Gujarat",46,247520,76,GATE_VALVE,80.0,600,ASTM A105,RF,API 600
ONGC-MAT-0003313,ONGC,"FLANGE, WELDING NECK, 12 INCH, CLASS 1500, ASTM A182 F316, ASME B16.5, RF FACING",CAN-000399,DEPOT-ONGC-ANK,"Ankleshwar Asset, Gujarat",6,1123330,69,FLANGE_WELD_NECK,300.0,1500,ASTM A182 F316,RF,ASME B16.5
ONGC-MAT-0003314,ONGC,"GASKET, SPIRAL WOUND, 12 INCH, CLASS 600, SS316 / GRAPHITE, ASME B16.20, RF FACING",CAN-002095,DEPOT-ONGC-HZR,"Hazira Gas Processing Plant, Gujarat",0,159450,0,SPIRAL_WOUND_GASKET,300.0,600,SS316 / GRAPHITE,RF,ASME B16.20
ONGC-MAT-0003315,ONGC,"VALVE, BALL, 4 INCH, CLASS 900, ASTM A182 F316, API 6D, RF FACING",CAN-001715,DEPOT-ONGC-ANK,"Ankleshwar Asset, Gujarat",0,1789660,0,BALL_VALVE,100.0,900,ASTM A182 F316,RF,API 6D
ONGC-MAT-0003316,ONGC,"VALVE, GATE, 12 INCH, CLASS 300, ASTM A216 WCB, API 6D, BW FACING",CAN-001556,DEPOT-ONGC-URN,"Uran Plant, Maharashtra",128,792550,194,GATE_VALVE,300.0,300,ASTM A216 WCB,BW,API 6D
ONGC-MAT-0003317,ONGC,"GASKET, SPIRAL WOUND, 10 INCH, CLASS 600, SS304 / GRAPHITE, ASME B16.20, RF FACING",CAN-002086,DEPOT-ONGC-MBO,"Mumbai Offshore Logistics Base, Maharashtra",50,94350,23,SPIRAL_WOUND_GASKET,250.0,600,SS304 / GRAPHITE,RF,ASME B16.20
ONGC-MAT-0003318,ONGC,"FLANGE, WELDING NECK, 6 INCH, CLASS 300, ASTM A105, ASME B16.5, RTJ FACING",CAN-000250,DEPOT-ONGC-ANK,"Ankleshwar Asset, Gujarat",12,39340,105,FLANGE_WELD_NECK,150.0,300,ASTM A105,RTJ,ASME B16.5
ONGC-MAT-0003319,ONGC,"VALVE, GATE, 6 INCH, CLASS 1500, ASTM A182 F316, API 600, RF FACING",CAN-001417,DEPOT-ONGC-ANK,"Ankleshwar Asset, Gujarat",37,3732660,71,GATE_VALVE,150.0,1500,ASTM A182 F316,RF,API 600
ONGC-MAT-0003320,ONGC,"VALVE, GATE, 1 INCH, CLASS 150, ASTM A216 WCB, API 6D, RF FACING",CAN-001062,DEPOT-ONGC-MBO,"Mumbai Offshore Logistics Base, Maharashtra",0,18000,0,GATE_VALVE,25.0,150,ASTM A216 WCB,RF,API 6D
ONGC-MAT-0003321,ONGC,"FLANGE, WELDING NECK, 2 INCH, CLASS 150, ASTM A182 F316, ASME B16.5, RF FACING",CAN-000127,DEPOT-ONGC-MBO,"Mumbai Offshore Logistics Base, Maharashtra",82,17330,441,FLANGE_WELD_NECK,50.0,150,ASTM A182 F316,RF,ASME B16.5
ONGC-MAT-0003322,ONGC,"FLANGE, SLIP-ON, 1/2 INCH, CLASS 1500, ASTM A105, ASME B16.5, FF FACING",CAN-000726,DEPOT-ONGC-URN,"Uran Plant, Maharashtra",42,5190,68,FLANGE_SLIP_ON,15.0,1500,ASTM A105,FF,ASME B16.5
ONGC-MAT-0003323,ONGC,"FLANGE, BLIND, 2 INCH, CLASS 150, ASTM A105, ASME B16.5, RF FACING",CAN-000491,DEPOT-ONGC-URN,"Uran Plant, Maharashtra",0,4430,0,FLANGE_BLIND,50.0,150,ASTM A105,RF,ASME B16.5
ONGC-MAT-0003324,ONGC,"FLANGE, WELDING NECK, 2 INCH, CLASS 600, ASTM A182 F304, ASME B16.5, RTJ FACING",CAN-000142,DEPOT-ONGC-RJM,"Rajahmundry Asset, Andhra Pradesh",32,39410,82,FLANGE_WELD_NECK,50.0,600,ASTM A182 F304,RTJ,ASME B16.5
ONGC-MAT-0003325,ONGC,"VALVE, GLOBE, 12 INCH, CLASS 1500, ASTM A216 WCB, ASME B16.34, RF FACING",CAN-001998,DEPOT-ONGC-ANK,"Ankleshwar Asset, Gujarat",63,3829540,533,GLOBE_VALVE,300.0,1500,ASTM A216 WCB,RF,ASME B16.34
ONGC-MAT-0003326,ONGC,"FLANGE, WELDING NECK, 1.5 INCH, CLASS 900, ASTM A182 F304, ASME B16.5, RTJ FACING",CAN-000110,DEPOT-ONGC-URN,"Uran Plant, Maharashtra",15,40780,39,FLANGE_WELD_NECK,40.0,900,ASTM A182 F304,RTJ,ASME B16.5
ONGC-MAT-0003327,ONGC,"VALVE, BALL, 1 INCH, CLASS 900, ASTM A182 F316, API 6D, RF FACING",CAN-001635,DEPOT-ONGC-ANK,"Ankleshwar Asset, Gujarat",18,295180,68,BALL_VALVE,25.0,900,ASTM A182 F316,RF,API 6D
ONGC-MAT-0003328,ONGC,"VALVE, GATE, 10 INCH, CLASS 600, ASTM A105, API 600, RF FACING",CAN-001509,DEPOT-ONGC-MBO,"Mumbai Offshore Logistics Base, Maharashtra",61,1088730,563,GATE_VALVE,250.0,600,ASTM A105,RF,API 600
ONGC-MAT-0003329,ONGC,"VALVE, GATE, 3 INCH, CLASS 600, ASTM A182 F316, API 6D, RF FACING",CAN-001274,DEPOT-ONGC-RJM,"Rajahmundry Asset, Andhra Pradesh",0,792070,0,GATE_VALVE,80.0,600,ASTM A182 F316,RF,API 6D
ONGC-MAT-0003330,ONGC,"FLANGE, WELDING NECK, 3 INCH, CLASS 600, ASTM A182 F304, ASME B16.5, RF FACING",CAN-000181,DEPOT-ONGC-ANK,"Ankleshwar Asset, Gujarat",40,72600,87,FLANGE_WELD_NECK,80.0,600,ASTM A182 F304,RF,ASME B16.5
ONGC-MAT-0003331,ONGC,"FLANGE, SLIP-ON, 12 INCH, CLASS 900, ASTM A182 F316, ASME B16.5, FF FACING",CAN-000994,DEPOT-ONGC-HZR,"Hazira Gas Processing Plant, Gujarat",50,542900,85,FLANGE_SLIP_ON,300.0,900,ASTM A182 F316,FF,ASME B16.5
ONGC-MAT-0003332,ONGC,"FLANGE, WELDING NECK, 8 INCH, CLASS 150, ASTM A350 LF2, ASME B16.5, RF FACING",CAN-000283,DEPOT-ONGC-ANK,"Ankleshwar Asset, Gujarat",111,52540,264,FLANGE_WELD_NECK,200.0,150,ASTM A350 LF2,RF,ASME B16.5
ONGC-MAT-0003333,ONGC,"FLANGE, WELDING NECK, 10 INCH, CLASS 900, ASTM A105, ASME B16.5, RTJ FACING",CAN-000346,DEPOT-ONGC-MBO,"Mumbai Offshore Logistics Base, Maharashtra",26,184050,89,FLANGE_WELD_NECK,250.0,900,ASTM A105,RTJ,ASME B16.5
ONGC-MAT-0003334,ONGC,"VALVE, GATE, 1/2 INCH, CLASS 1500, ASTM A105, API 6D, BW FACING",CAN-001056,DEPOT-ONGC-RJM,"Rajahmundry Asset, Andhra Pradesh",0,58460,0,GATE_VALVE,15.0,1500,ASTM A105,BW,API 6D
ONGC-MAT-0003335,ONGC,"VALVE, GATE, 1.5 INCH, CLASS 300, ASTM A182 F316, API 600, RF FACING",CAN-001141,DEPOT-ONGC-RJM,"Rajahmundry Asset, Andhra Pradesh",30,184750,94,GATE_VALVE,40.0,300,ASTM A182 F316,RF,API 600
ONGC-MAT-0003336,ONGC,"FLANGE, WELDING NECK, 1 INCH, CLASS 150, ASTM A182 F304, ASME B16.5, RF FACING",CAN-000045,DEPOT-ONGC-ANK,"Ankleshwar Asset, Gujarat",130,5280,437,FLANGE_WELD_NECK,25.0,150,ASTM A182 F304,RF,ASME B16.5
ONGC-MAT-0003337,ONGC,"VALVE, GATE, 2 INCH, CLASS 150, ASTM A216 WCB, API 600, RF FACING",CAN-001181,DEPOT-ONGC-ANK,"Ankleshwar Asset, Gujarat",0,44320,0,GATE_VALVE,50.0,150,ASTM A216 WCB,RF,API 600
ONGC-MAT-0003338,ONGC,"FLANGE, SLIP-ON, 12 INCH, CLASS 300, ASTM A182 F316, ASME B16.5, FF FACING",CAN-000982,DEPOT-ONGC-RJM,"Rajahmundry Asset, Andhra Pradesh",0,225430,0,FLANGE_SLIP_ON,300.0,300,ASTM A182 F316,FF,ASME B16.5
ONGC-MAT-0003339,ONGC,"VALVE, GATE, 3 INCH, CLASS 900, ASTM A105, API 6D, BW FACING",CAN-001284,DEPOT-ONGC-ANK,"Ankleshwar Asset, Gujarat",0,342360,0,GATE_VALVE,80.0,900,ASTM A105,BW,API 6D
ONGC-MAT-0003340,ONGC,"STUD BOLT WITH NUTS, 8 INCH, CLASS 600, ASTM A320 L7 / A194 7, ASME B18.2.1, THRD FACING",CAN-002176,DEPOT-ONGC-ANK,"Ankleshwar Asset, Gujarat",0,25340,0,STUD_BOLT,200.0,600,ASTM A320 L7 / A194 7,THRD,ASME B18.2.1
ONGC-MAT-0003341,ONGC,"FLANGE, SLIP-ON, 6 INCH, CLASS 150, ASTM A105, ASME B16.5, FF FACING",CAN-000882,DEPOT-ONGC-URN,"Uran Plant, Maharashtra",116,16430,687,FLANGE_SLIP_ON,150.0,150,ASTM A105,FF,ASME B16.5
ONGC-MAT-0003342,ONGC,"FLANGE, WELDING NECK, 1.5 INCH, CLASS 1500, ASTM A182 F304, ASME B16.5, RTJ FACING",CAN-000118,DEPOT-ONGC-RJM,"Rajahmundry Asset, Andhra Pradesh",21,61370,73,FLANGE_WELD_NECK,40.0,1500,ASTM A182 F304,RTJ,ASME B16.5
ONGC-MAT-0003343,ONGC,"VALVE, GLOBE, 1 INCH, CLASS 150, ASTM A216 WCB, BS 1873, RF FACING",CAN-001821,DEPOT-ONGC-HZR,"Hazira Gas Processing Plant, Gujarat",148,24000,661,GLOBE_VALVE,25.0,150,ASTM A216 WCB,RF,BS 1873
ONGC-MAT-0003344,ONGC,"FLANGE, SLIP-ON, 1 INCH, CLASS 300, ASTM A105, ASME B16.5, RF FACING",CAN-000737,DEPOT-ONGC-MBO,"Mumbai Offshore Logistics Base, Maharashtra",27,2780,107,FLANGE_SLIP_ON,25.0,300,ASTM A105,RF,ASME B16.5
ONGC-MAT-0003345,ONGC,"FLANGE, SLIP-ON, 12 INCH, CLASS 600, ASTM A182 F316, ASME B16.5, RF FACING",CAN-000987,DEPOT-ONGC-HZR,"Hazira Gas Processing Plant, Gujarat",0,392510,0,FLANGE_SLIP_ON,300.0,600,ASTM A182 F316,RF,ASME B16.5
ONGC-MAT-0003346,ONGC,"VALVE, GATE, 4 INCH, CLASS 1500, ASTM A216 WCB, API 600, RF FACING",CAN-001349,DEPOT-ONGC-ANK,"Ankleshwar Asset, Gujarat",7,688570,105,GATE_VALVE,100.0,1500,ASTM A216 WCB,RF,API 600
ONGC-MAT-0003347,ONGC,"VALVE, BALL, 6 INCH, CLASS 1500, ASTM A182 F316, API 6D, RF FACING",CAN-001739,DEPOT-ONGC-RJM,"Rajahmundry Asset, Andhra Pradesh",19,4562140,64,BALL_VALVE,150.0,1500,ASTM A182 F316,RF,API 6D
ONGC-MAT-0003348,ONGC,"VALVE, GATE, 12 INCH, CLASS 1500, ASTM A182 F316, API 6D, BW FACING",CAN-001600,DEPOT-ONGC-MBO,"Mumbai Offshore Logistics Base, Maharashtra",0,9190900,0,GATE_VALVE,300.0,1500,ASTM A182 F316,BW,API 6D
ONGC-MAT-0003349,ONGC,"VALVE, GATE, 8 INCH, CLASS 300, ASTM A182 F316, API 6D, BW FACING",CAN-001444,DEPOT-ONGC-ANK,"Ankleshwar Asset, Gujarat",52,1497140,695,GATE_VALVE,200.0,300,ASTM A182 F316,BW,API 6D
ONGC-MAT-0003350,ONGC,"VALVE, GLOBE, 1 INCH, CLASS 600, ASTM A105, ASME B16.34, RF FACING",CAN-001832,DEPOT-ONGC-HZR,"Hazira Gas Processing Plant, Gujarat",0,72750,0,GLOBE_VALVE,25.0,600,ASTM A105,RF,ASME B16.34
ONGC-MAT-0003351,ONGC,"VALVE, GATE, 1/2 INCH, CLASS 1500, ASTM A216 WCB, API 6D, RF FACING",CAN-001050,DEPOT-ONGC-ANK,"Ankleshwar Asset, Gujarat",34,58460,71,GATE_VALVE,15.0,1500,ASTM A216 WCB,RF,API 6D
ONGC-MAT-0003352,ONGC,"FLANGE, BLIND, 8 INCH, CLASS 600, ASTM A182 F316, ASME B16.5, RF FACING",CAN-000627,DEPOT-ONGC-HZR,"Hazira Gas Processing Plant, Gujarat",146,260660,427,FLANGE_BLIND,200.0,600,ASTM A182 F316,RF,ASME B16.5
ONGC-MAT-0003353,ONGC,"VALVE, GATE, 4 INCH, CLASS 1500, ASTM A216 WCB, API 6D, BW FACING",CAN-001352,DEPOT-ONGC-ANK,"Ankleshwar Asset, Gujarat",128,688570,223,GATE_VALVE,100.0,1500,ASTM A216 WCB,BW,API 6D
ONGC-MAT-0003354,ONGC,"VALVE, GATE, 6 INCH, CLASS 300, ASTM A216 WCB, API 6D, RF FACING",CAN-001374,DEPOT-ONGC-URN,"Uran Plant, Maharashtra",0,321870,0,GATE_VALVE,150.0,300,ASTM A216 WCB,RF,API 6D
ONGC-MAT-0003355,ONGC,"FLANGE, WELDING NECK, 2 INCH, CLASS 150, ASTM A182 F304, ASME B16.5, RTJ FACING",CAN-000126,DEPOT-ONGC-HZR,"Hazira Gas Processing Plant, Gujarat",0,13000,0,FLANGE_WELD_NECK,50.0,150,ASTM A182 F304,RTJ,ASME B16.5
ONGC-MAT-0003356,ONGC,"FLANGE, WELDING NECK, 10 INCH, CLASS 1500, ASTM A350 LF2, ASME B16.5, RF FACING",CAN-000355,DEPOT-ONGC-ANK,"Ankleshwar Asset, Gujarat",0,443140,0,FLANGE_WELD_NECK,250.0,1500,ASTM A350 LF2,RF,ASME B16.5
ONGC-MAT-0003357,ONGC,"VALVE, GLOBE, 4 INCH, CLASS 600, ASTM A105, BS 1873, RF FACING",CAN-001911,DEPOT-ONGC-MBO,"Mumbai Offshore Logistics Base, Maharashtra",13,441100,112,GLOBE_VALVE,100.0,600,ASTM A105,RF,BS 1873
ONGC-MAT-0003358,ONGC,"FLANGE, WELDING NECK, 4 INCH, CLASS 1500, ASTM A350 LF2, ASME B16.5, RF FACING",CAN-000235,DEPOT-ONGC-HZR,"Hazira Gas Processing Plant, Gujarat",22,134650,54,FLANGE_WELD_NECK,100.0,1500,ASTM A350 LF2,RF,ASME B16.5
ONGC-MAT-0003359,ONGC,"FLANGE, WELDING NECK, 6 INCH, CLASS 1500, ASTM A105, ASME B16.5, RTJ FACING",CAN-000274,DEPOT-ONGC-MBO,"Mumbai Offshore Logistics Base, Maharashtra",16,142560,72,FLANGE_WELD_NECK,150.0,1500,ASTM A105,RTJ,ASME B16.5
ONGC-MAT-0003360,ONGC,"FLANGE, BLIND, 8 INCH, CLASS 150, ASTM A182 F316, ASME B16.5, RF FACING",CAN-000615,DEPOT-ONGC-ANK,"Ankleshwar Asset, Gujarat",16,85980,101,FLANGE_BLIND,200.0,150,ASTM A182 F316,RF,ASME B16.5
ONGC-MAT-0003361,ONGC,"VALVE, GLOBE, 2 INCH, CLASS 1500, ASTM A105, BS 1873, RF FACING",CAN-001879,DEPOT-ONGC-RJM,"Rajahmundry Asset, Andhra Pradesh",71,372860,308,GLOBE_VALVE,50.0,1500,ASTM A105,RF,BS 1873
ONGC-MAT-0003362,ONGC,"VALVE, BALL, 6 INCH, CLASS 1500, ASTM A182 F316, API 6D, BW FACING",CAN-001740,DEPOT-ONGC-RJM,"Rajahmundry Asset, Andhra Pradesh",145,4562140,694,BALL_VALVE,150.0,1500,ASTM A182 F316,BW,API 6D
ONGC-MAT-0003363,ONGC,"STUD BOLT WITH NUTS, 8 INCH, CLASS 300, ASTM A320 L7 / A194 7, ASME B18.2.1, THRD FACING",CAN-002174,DEPOT-ONGC-ANK,"Ankleshwar Asset, Gujarat",110,14550,233,STUD_BOLT,200.0,300,ASTM A320 L7 / A194 7,THRD,ASME B18.2.1
ONGC-MAT-0003364,ONGC,"FLANGE, SLIP-ON, 1.5 INCH, CLASS 900, ASTM A182 F316, ASME B16.5, FF FACING",CAN-000784,DEPOT-ONGC-MBO,"Mumbai Offshore Logistics Base, Maharashtra",120,39550,713,FLANGE_SLIP_ON,40.0,900,ASTM A182 F316,FF,ASME B16.5
ONGC-MAT-0003365,ONGC,"VALVE, BALL, 1 INCH, CLASS 150, ASTM A182 F316, API 6D, BW FACING",CAN-001624,DEPOT-ONGC-RJM,"Rajahmundry Asset, Andhra Pradesh",0,70400,0,BALL_VALVE,25.0,150,ASTM A182 F316,BW,API 6D
ONGC-MAT-0003366,ONGC,"VALVE, GATE, 2 INCH, CLASS 900, ASTM A216 WCB, API 600, RF FACING",CAN-001217,DEPOT-ONGC-ANK,"Ankleshwar Asset, Gujarat",48,185830,512,GATE_VALVE,50.0,900,ASTM A216 WCB,RF,API 600
ONGC-MAT-0003367,ONGC,"VALVE, GATE, 1.5 INCH, CLASS 1500, ASTM A105, API 6D, BW FACING",CAN-001176,DEPOT-ONGC-ANK,"Ankleshwar Asset, Gujarat",126,209230,262,GATE_VALVE,40.0,1500,ASTM A105,BW,API 6D
ONGC-MAT-0003368,ONGC,"FLANGE, WELDING NECK, 4 INCH, CLASS 900, ASTM A105, ASME B16.5, RF FACING",CAN-000225,DEPOT-ONGC-MBO,"Mumbai Offshore Logistics Base, Maharashtra",42,55920,48,FLANGE_WELD_NECK,100.0,900,ASTM A105,RF,ASME B16.5
ONGC-MAT-0003369,ONGC,"GASKET, SPIRAL WOUND, 6 INCH, CLASS 1500, SS304 / GRAPHITE, ASME B16.20, RF FACING",CAN-002070,DEPOT-ONGC-HZR,"Hazira Gas Processing Plant, Gujarat",31,101090,105,SPIRAL_WOUND_GASKET,150.0,1500,SS304 / GRAPHITE,RF,ASME B16.20
ONGC-MAT-0003370,ONGC,"STUD BOLT WITH NUTS, 1.5 INCH, CLASS 1500, ASTM A320 L7 / A194 7, ASME B18.2.1, THRD FACING",CAN-002130,DEPOT-ONGC-URN,"Uran Plant, Maharashtra",31,6500,91,STUD_BOLT,40.0,1500,ASTM A320 L7 / A194 7,THRD,ASME B18.2.1
ONGC-MAT-0003371,ONGC,"FLANGE, SLIP-ON, 10 INCH, CLASS 300, ASTM A182 F316, ASME B16.5, FF FACING",CAN-000952,DEPOT-ONGC-HZR,"Hazira Gas Processing Plant, Gujarat",28,177860,50,FLANGE_SLIP_ON,250.0,300,ASTM A182 F316,FF,ASME B16.5
ONGC-MAT-0003372,ONGC,"VALVE, GATE, 1 INCH, CLASS 300, ASTM A182 F316, API 6D, BW FACING",CAN-001084,DEPOT-ONGC-HZR,"Hazira Gas Processing Plant, Gujarat",12,100280,120,GATE_VALVE,25.0,300,ASTM A182 F316,BW,API 6D
ONGC-MAT-0003373,ONGC,"VALVE, GATE, 6 INCH, CLASS 600, ASTM A105, API 600, BW FACING",CAN-001391,DEPOT-ONGC-HZR,"Hazira Gas Processing Plant, Gujarat",0,560420,0,GATE_VALVE,150.0,600,ASTM A105,BW,API 600
ONGC-MAT-0003374,ONGC,"VALVE, GATE, 10 INCH, CLASS 600, ASTM A216 WCB, API 600, BW FACING",CAN-001507,DEPOT-ONGC-RJM,"Rajahmundry Asset, Andhra Pradesh",17,1088730,33,GATE_VALVE,250.0,600,ASTM A216 WCB,BW,API 600
ONGC-MAT-0003375,ONGC,"STUD BOLT WITH NUTS, 1/2 INCH, CLASS 900, ASTM A193 B7 / A194 2H, ASME B18.2.1, THRD FACING",CAN-002107,DEPOT-ONGC-URN,"Uran Plant, Maharashtra",28,750,19,STUD_BOLT,15.0,900,ASTM A193 B7 / A194 2H,THRD,ASME B18.2.1
ONGC-MAT-0003376,ONGC,"VALVE, GATE, 12 INCH, CLASS 300, ASTM A216 WCB, API 600, BW FACING",CAN-001555,DEPOT-ONGC-RJM,"Rajahmundry Asset, Andhra Pradesh",0,792550,0,GATE_VALVE,300.0,300,ASTM A216 WCB,BW,API 600
ONGC-MAT-0003377,ONGC,"FLANGE, SLIP-ON, 6 INCH, CLASS 600, ASTM A182 F304, ASME B16.5, RF FACING",CAN-000895,DEPOT-ONGC-MBO,"Mumbai Offshore Logistics Base, Maharashtra",9,119550,85,FLANGE_SLIP_ON,150.0,600,ASTM A182 F304,RF,ASME B16.5
ONGC-MAT-0003378,ONGC,"FLANGE, BLIND, 3 INCH, CLASS 600, ASTM A350 LF2, ASME B16.5, RTJ FACING",CAN-000536,DEPOT-ONGC-URN,"Uran Plant, Maharashtra",0,39600,0,FLANGE_BLIND,80.0,600,ASTM A350 LF2,RTJ,ASME B16.5
ONGC-MAT-0003379,ONGC,"STUD BOLT WITH NUTS, 10 INCH, CLASS 600, ASTM A193 B7 / A194 2H, ASME B18.2.1, THRD FACING",CAN-002185,DEPOT-ONGC-URN,"Uran Plant, Maharashtra",32,21160,82,STUD_BOLT,250.0,600,ASTM A193 B7 / A194 2H,THRD,ASME B18.2.1
ONGC-MAT-0003380,ONGC,"FLANGE, BLIND, 1 INCH, CLASS 300, ASTM A182 F316, ASME B16.5, RF FACING",CAN-000441,DEPOT-ONGC-MBO,"Mumbai Offshore Logistics Base, Maharashtra",99,10020,577,FLANGE_BLIND,25.0,300,ASTM A182 F316,RF,ASME B16.5
ONGC-MAT-0003381,ONGC,"FLANGE, WELDING NECK, 4 INCH, CLASS 150, ASTM A182 F316, ASME B16.5, RTJ FACING",CAN-000208,DEPOT-ONGC-RJM,"Rajahmundry Asset, Andhra Pradesh",24,42680,77,FLANGE_WELD_NECK,100.0,150,ASTM A182 F316,RTJ,ASME B16.5
ONGC-MAT-0003382,ONGC,"VALVE, GATE, 4 INCH, CLASS 300, ASTM A216 WCB, API 600, RF FACING",CAN-001313,DEPOT-ONGC-MBO,"Mumbai Offshore Logistics Base, Maharashtra",37,190000,90,GATE_VALVE,100.0,300,ASTM A216 WCB,RF,API 600
ONGC-MAT-0003383,ONGC,"STUD BOLT WITH NUTS, 4 INCH, CLASS 1500, ASTM A193 B7 / A194 2H, ASME B18.2.1, THRD FACING",CAN-002159,DEPOT-ONGC-RJM,"Rajahmundry Asset, Andhra Pradesh",70,13380,267,STUD_BOLT,100.0,1500,ASTM A193 B7 / A194 2H,THRD,ASME B18.2.1
ONGC-MAT-0003384,ONGC,"FLANGE, SLIP-ON, 2 INCH, CLASS 600, ASTM A182 F316, ASME B16.5, RF FACING",CAN-000807,DEPOT-ONGC-RJM,"Rajahmundry Asset, Andhra Pradesh",19,38210,17,FLANGE_SLIP_ON,50.0,600,ASTM A182 F316,RF,ASME B16.5
ONGC-MAT-0003385,ONGC,"FLANGE, SLIP-ON, 1.5 INCH, CLASS 600, ASTM A182 F304, ASME B16.5, FF FACING",CAN-000776,DEPOT-ONGC-ANK,"Ankleshwar Asset, Gujarat",0,21440,0,FLANGE_SLIP_ON,40.0,600,ASTM A182 F304,FF,ASME B16.5
ONGC-MAT-0003386,ONGC,"VALVE, BALL, 12 INCH, CLASS 1500, ASTM A182 F316, API 6D, BW FACING",CAN-001800,DEPOT-ONGC-HZR,"Hazira Gas Processing Plant, Gujarat",18,11233320,59,BALL_VALVE,300.0,1500,ASTM A182 F316,BW,API 6D
ONGC-MAT-0003387,ONGC,"VALVE, BALL, 1 INCH, CLASS 1500, ASTM A182 F316, API 6D, RF FACING",CAN-001639,DEPOT-ONGC-RJM,"Rajahmundry Asset, Andhra Pradesh",66,444190,364,BALL_VALVE,25.0,1500,ASTM A182 F316,RF,API 6D
ONGC-MAT-0003388,ONGC,"VALVE, BALL, 1.5 INCH, CLASS 1500, ASTM A216 WCB, API 6D, BW FACING",CAN-001658,DEPOT-ONGC-ANK,"Ankleshwar Asset, Gujarat",40,255720,612,BALL_VALVE,40.0,1500,ASTM A216 WCB,BW,API 6D
ONGC-MAT-0003389,ONGC,"FLANGE, WELDING NECK, 4 INCH, CLASS 900, ASTM A350 LF2, ASME B16.5, RTJ FACING",CAN-000228,DEPOT-ONGC-ANK,"Ankleshwar Asset, Gujarat",0,89480,0,FLANGE_WELD_NECK,100.0,900,ASTM A350 LF2,RTJ,ASME B16.5
ONGC-MAT-0003390,ONGC,"VALVE, GATE, 4 INCH, CLASS 300, ASTM A216 WCB, API 600, RF FACING",CAN-001313,DEPOT-ONGC-HZR,"Hazira Gas Processing Plant, Gujarat",54,190000,674,GATE_VALVE,100.0,300,ASTM A216 WCB,RF,API 600
ONGC-MAT-0003391,ONGC,"VALVE, GATE, 4 INCH, CLASS 900, ASTM A216 WCB, API 6D, BW FACING",CAN-001340,DEPOT-ONGC-ANK,"Ankleshwar Asset, Gujarat",50,457580,108,GATE_VALVE,100.0,900,ASTM A216 WCB,BW,API 6D
ONGC-MAT-0003392,ONGC,"FLANGE, BLIND, 1.5 INCH, CLASS 900, ASTM A105, ASME B16.5, RTJ FACING",CAN-000480,DEPOT-ONGC-HZR,"Hazira Gas Processing Plant, Gujarat",0,13900,0,FLANGE_BLIND,40.0,900,ASTM A105,RTJ,ASME B16.5
ONGC-MAT-0003393,ONGC,"GASKET, SPIRAL WOUND, 1 INCH, CLASS 150, SS316 / GRAPHITE, ASME B16.20, RF FACING",CAN-002011,DEPOT-ONGC-MBO,"Mumbai Offshore Logistics Base, Maharashtra",0,2080,0,SPIRAL_WOUND_GASKET,25.0,150,SS316 / GRAPHITE,RF,ASME B16.20
ONGC-MAT-0003394,ONGC,"VALVE, GATE, 1 INCH, CLASS 1500, ASTM A105, API 6D, BW FACING",CAN-001116,DEPOT-ONGC-HZR,"Hazira Gas Processing Plant, Gujarat",43,113570,694,GATE_VALVE,25.0,1500,ASTM A105,BW,API 6D
ONGC-MAT-0003395,ONGC,"FLANGE, WELDING NECK, 3 INCH, CLASS 1500, ASTM A350 LF2, ASME B16.5, RTJ FACING",CAN-000196,DEPOT-ONGC-MBO,"Mumbai Offshore Logistics Base, Maharashtra",0,100740,0,FLANGE_WELD_NECK,80.0,1500,ASTM A350 LF2,RTJ,ASME B16.5
ONGC-MAT-0003396,ONGC,"VALVE, GLOBE, 1.5 INCH, CLASS 300, ASTM A105, BS 1873, RF FACING",CAN-001847,DEPOT-ONGC-HZR,"Hazira Gas Processing Plant, Gujarat",112,76980,534,GLOBE_VALVE,40.0,300,ASTM A105,RF,BS 1873
ONGC-MAT-0003397,ONGC,"FLANGE, BLIND, 1.5 INCH, CLASS 150, ASTM A182 F316, ASME B16.5, RF FACING",CAN-000465,DEPOT-ONGC-URN,"Uran Plant, Maharashtra",21,10610,610,FLANGE_BLIND,40.0,150,ASTM A182 F316,RF,ASME B16.5
ONGC-MAT-0003398,ONGC,"VALVE, GLOBE, 2 INCH, CLASS 1500, ASTM A216 WCB, BS 1873, RF FACING",CAN-001877,DEPOT-ONGC-URN,"Uran Plant, Maharashtra",0,372860,0,GLOBE_VALVE,50.0,1500,ASTM A216 WCB,RF,BS 1873
ONGC-MAT-0003399,ONGC,"VALVE, GATE, 12 INCH, CLASS 300, ASTM A182 F316, API 6D, BW FACING",CAN-001564,DEPOT-ONGC-HZR,"Hazira Gas Processing Plant, Gujarat",27,2536190,63,GATE_VALVE,300.0,300,ASTM A182 F316,BW,API 6D
ONGC-MAT-0003400,ONGC,"VALVE, GATE, 8 INCH, CLASS 150, ASTM A105, API 600, BW FACING",CAN-001427,DEPOT-ONGC-MBO,"Mumbai Offshore Logistics Base, Maharashtra",0,268710,0,GATE_VALVE,200.0,150,ASTM A105,BW,API 600
ONGC-MAT-0003401,ONGC,"VALVE, GLOBE, 8 INCH, CLASS 600, ASTM A105, ASME B16.34, RF FACING",CAN-001952,DEPOT-ONGC-ANK,"Ankleshwar Asset, Gujarat",28,1086110,60,GLOBE_VALVE,200.0,600,ASTM A105,RF,ASME B16.34
ONGC-MAT-0003402,ONGC,"FLANGE, WELDING NECK, 1.5 INCH, CLASS 1500, ASTM A182 F304, ASME B16.5, RTJ FACING",CAN-000118,DEPOT-ONGC-RJM,"Rajahmundry Asset, Andhra Pradesh",62,61370,713,FLANGE_WELD_NECK,40.0,1500,ASTM A182 F304,RTJ,ASME B16.5
ONGC-MAT-0003403,ONGC,"VALVE, GATE, 1.5 INCH, CLASS 900, ASTM A182 F316, API 600, BW FACING",CAN-001167,DEPOT-ONGC-ANK,"Ankleshwar Asset, Gujarat",20,444930,485,GATE_VALVE,40.0,900,ASTM A182 F316,BW,API 600
ONGC-MAT-0003404,ONGC,"GASKET, SPIRAL WOUND, 10 INCH, CLASS 600, SS304 / GRAPHITE, ASME B16.20, RF FACING",CAN-002086,DEPOT-ONGC-HZR,"Hazira Gas Processing Plant, Gujarat",29,94350,402,SPIRAL_WOUND_GASKET,250.0,600,SS304 / GRAPHITE,RF,ASME B16.20
ONGC-MAT-0003405,ONGC,"VALVE, GATE, 10 INCH, CLASS 1500, ASTM A105, API 600, BW FACING",CAN-001535,DEPOT-ONGC-URN,"Uran Plant, Maharashtra",6,2266060,37,GATE_VALVE,250.0,1500,ASTM A105,BW,API 600
ONGC-MAT-0003406,ONGC,"FLANGE, WELDING NECK, 6 INCH, CLASS 300, ASTM A350 LF2, ASME B16.5, RF FACING",CAN-000251,DEPOT-ONGC-URN,"Uran Plant, Maharashtra",38,62940,32,FLANGE_WELD_NECK,150.0,300,ASTM A350 LF2,RF,ASME B16.5
ONGC-MAT-0003407,ONGC,"FLANGE, BLIND, 1 INCH, CLASS 1500, ASTM A105, ASME B16.5, RTJ FACING",CAN-000456,DEPOT-ONGC-MBO,"Mumbai Offshore Logistics Base, Maharashtra",49,11350,58,FLANGE_BLIND,25.0,1500,ASTM A105,RTJ,ASME B16.5
ONGC-MAT-0003408,ONGC,"VALVE, GLOBE, 1/2 INCH, CLASS 600, ASTM A105, ASME B16.34, RF FACING",CAN-001812,DEPOT-ONGC-URN,"Uran Plant, Maharashtra",103,37450,310,GLOBE_VALVE,15.0,600,ASTM A105,RF,ASME B16.34
ONGC-MAT-0003409,ONGC,"VALVE, GATE, 1 INCH, CLASS 900, ASTM A216 WCB, API 6D, BW FACING",CAN-001100,DEPOT-ONGC-URN,"Uran Plant, Maharashtra",125,75470,262,GATE_VALVE,25.0,900,ASTM A216 WCB,BW,API 6D
ONGC-MAT-0003410,ONGC,"FLANGE, SLIP-ON, 8 INCH, CLASS 1500, ASTM A182 F304, ASME B16.5, FF FACING",CAN-000938,DEPOT-ONGC-HZR,"Hazira Gas Processing Plant, Gujarat",49,361690,106,FLANGE_SLIP_ON,200.0,1500,ASTM A182 F304,FF,ASME B16.5
ONGC-MAT-0003411,ONGC,"VALVE, GATE, 1 INCH, CLASS 600, ASTM A216 WCB, API 600, BW FACING",CAN-001087,DEPOT-ONGC-URN,"Uran Plant, Maharashtra",0,54560,0,GATE_VALVE,25.0,600,ASTM A216 WCB,BW,API 600
ONGC-MAT-0003412,ONGC,"FLANGE, BLIND, 1/2 INCH, CLASS 600, ASTM A350 LF2, ASME B16.5, RF FACING",CAN-000415,DEPOT-ONGC-URN,"Uran Plant, Maharashtra",20,4490,619,FLANGE_BLIND,15.0,600,ASTM A350 LF2,RF,ASME B16.5
ONGC-MAT-0003413,ONGC,"VALVE, GATE, 10 INCH, CLASS 300, ASTM A182 F316, API 6D, BW FACING",CAN-001504,DEPOT-ONGC-RJM,"Rajahmundry Asset, Andhra Pradesh",47,2000990,62,GATE_VALVE,250.0,300,ASTM A182 F316,BW,API 6D
ONGC-MAT-0003414,ONGC,"FLANGE, WELDING NECK, 12 INCH, CLASS 600, ASTM A105, ASME B16.5, RTJ FACING",CAN-000378,DEPOT-ONGC-URN,"Uran Plant, Maharashtra",40,168650,52,FLANGE_WELD_NECK,300.0,600,ASTM A105,RTJ,ASME B16.5
ONGC-MAT-0003415,ONGC,"FLANGE, SLIP-ON, 4 INCH, CLASS 150, ASTM A182 F316, ASME B16.5, FF FACING",CAN-000856,DEPOT-ONGC-URN,"Uran Plant, Maharashtra",36,31040,285,FLANGE_SLIP_ON,100.0,150,ASTM A182 F316,FF,ASME B16.5
ONGC-MAT-0003416,ONGC,"VALVE, BALL, 10 INCH, CLASS 300, ASTM A216 WCB, API 6D, BW FACING",CAN-001766,DEPOT-ONGC-HZR,"Hazira Gas Processing Plant, Gujarat",15,764260,74,BALL_VALVE,250.0,300,ASTM A216 WCB,BW,API 6D
ONGC-MAT-0003417,ONGC,"VALVE, GATE, 10 INCH, CLASS 900, ASTM A105, API 600, RF FACING",CAN-001521,DEPOT-ONGC-HZR,"Hazira Gas Processing Plant, Gujarat",43,1505890,13,GATE_VALVE,250.0,900,ASTM A105,RF,API 600
ONGC-MAT-0003418,ONGC,"FLANGE, SLIP-ON, 8 INCH, CLASS 600, ASTM A182 F316, ASME B16.5, FF FACING",CAN-000928,DEPOT-ONGC-URN,"Uran Plant, Maharashtra",32,231700,59,FLANGE_SLIP_ON,200.0,600,ASTM A182 F316,FF,ASME B16.5
ONGC-MAT-0003419,ONGC,"FLANGE, WELDING NECK, 6 INCH, CLASS 900, ASTM A105, ASME B16.5, RTJ FACING",CAN-000266,DEPOT-ONGC-MBO,"Mumbai Offshore Logistics Base, Maharashtra",0,94740,0,FLANGE_WELD_NECK,150.0,900,ASTM A105,RTJ,ASME B16.5
ONGC-MAT-0003420,ONGC,"VALVE, GLOBE, 1.5 INCH, CLASS 150, ASTM A105, BS 1873, RF FACING",CAN-001843,DEPOT-ONGC-RJM,"Rajahmundry Asset, Andhra Pradesh",16,44210,74,GLOBE_VALVE,40.0,150,ASTM A105,RF,BS 1873
ONGC-MAT-0003421,ONGC,"FLANGE, WELDING NECK, 3 INCH, CLASS 300, ASTM A105, ASME B16.5, RTJ FACING",CAN-000170,DEPOT-ONGC-HZR,"Hazira Gas Processing Plant, Gujarat",15,17370,63,FLANGE_WELD_NECK,80.0,300,ASTM A105,RTJ,ASME B16.5
ONGC-MAT-0003422,ONGC,"VALVE, GATE, 4 INCH, CLASS 1500, ASTM A216 WCB, API 600, BW FACING",CAN-001351,DEPOT-ONGC-ANK,"Ankleshwar Asset, Gujarat",22,688570,53,GATE_VALVE,100.0,1500,ASTM A216 WCB,BW,API 600
ONGC-MAT-0003423,ONGC,"VALVE, GATE, 1.5 INCH, CLASS 900, ASTM A216 WCB, API 6D, BW FACING",CAN-001160,DEPOT-ONGC-HZR,"Hazira Gas Processing Plant, Gujarat",0,139040,0,GATE_VALVE,40.0,900,ASTM A216 WCB,BW,API 6D
ONGC-MAT-0003424,ONGC,"FLANGE, BLIND, 6 INCH, CLASS 300, ASTM A350 LF2, ASME B16.5, RTJ FACING",CAN-000590,DEPOT-ONGC-MBO,"Mumbai Offshore Logistics Base, Maharashtra",50,51500,32,FLANGE_BLIND,150.0,300,ASTM A350 LF2,RTJ,ASME B16.5
ONGC-MAT-0003425,ONGC,"FLANGE, WELDING NECK, 1.5 INCH, CLASS 150, ASTM A105, ASME B16.5, RF FACING",CAN-000081,DEPOT-ONGC-RJM,"Rajahmundry Asset, Andhra Pradesh",6,4050,116,FLANGE_WELD_NECK,40.0,150,ASTM A105,RF,ASME B16.5
ONGC-MAT-0003426,ONGC,"VALVE, GLOBE, 2 INCH, CLASS 300, ASTM A216 WCB, ASME B16.34, RF FACING",CAN-001866,DEPOT-ONGC-URN,"Uran Plant, Maharashtra",18,102890,54,GLOBE_VALVE,50.0,300,ASTM A216 WCB,RF,ASME B16.34
ONGC-MAT-0003427,ONGC,"FLANGE, BLIND, 12 INCH, CLASS 600, ASTM A105, ASME B16.5, RTJ FACING",CAN-000684,DEPOT-ONGC-URN,"Uran Plant, Maharashtra",11,137990,94,FLANGE_BLIND,300.0,600,ASTM A105,RTJ,ASME B16.5
ONGC-MAT-0003428,ONGC,"VALVE, GATE, 4 INCH, CLASS 600, ASTM A216 WCB, API 600, RF FACING",CAN-001325,DEPOT-ONGC-URN,"Uran Plant, Maharashtra",0,330820,0,GATE_VALVE,100.0,600,ASTM A216 WCB,RF,API 600
ONGC-MAT-0003429,ONGC,"FLANGE, WELDING NECK, 2 INCH, CLASS 150, ASTM A350 LF2, ASME B16.5, RTJ FACING",CAN-000124,DEPOT-ONGC-ANK,"Ankleshwar Asset, Gujarat",52,8660,638,FLANGE_WELD_NECK,50.0,150,ASTM A350 LF2,RTJ,ASME B16.5
ONGC-MAT-0003430,ONGC,"VALVE, GATE, 1/2 INCH, CLASS 900, ASTM A182 F316, API 6D, BW FACING",CAN-001048,DEPOT-ONGC-ANK,"Ankleshwar Asset, Gujarat",11,124310,84,GATE_VALVE,15.0,900,ASTM A182 F316,BW,API 6D
ONGC-MAT-0003431,ONGC,"FLANGE, WELDING NECK, 10 INCH, CLASS 1500, ASTM A182 F316, ASME B16.5, RTJ FACING",CAN-000360,DEPOT-ONGC-ANK,"Ankleshwar Asset, Gujarat",0,886280,0,FLANGE_WELD_NECK,250.0,1500,ASTM A182 F316,RTJ,ASME B16.5
ONGC-MAT-0003432,ONGC,"FLANGE, SLIP-ON, 1.5 INCH, CLASS 1500, ASTM A105, ASME B16.5, FF FACING",CAN-000786,DEPOT-ONGC-URN,"Uran Plant, Maharashtra",0,18590,0,FLANGE_SLIP_ON,40.0,1500,ASTM A105,FF,ASME B16.5
ONGC-MAT-0003433,ONGC,"FLANGE, BLIND, 10 INCH, CLASS 300, ASTM A182 F316, ASME B16.5, RF FACING",CAN-000651,DEPOT-ONGC-MBO,"Mumbai Offshore Logistics Base, Maharashtra",40,200090,17,FLANGE_BLIND,250.0,300,ASTM A182 F316,RF,ASME B16.5
ONGC-MAT-0003434,ONGC,"VALVE, GATE, 1.5 INCH, CLASS 300, ASTM A216 WCB, API 600, BW FACING",CAN-001135,DEPOT-ONGC-MBO,"Mumbai Offshore Logistics Base, Maharashtra",52,57730,587,GATE_VALVE,40.0,300,ASTM A216 WCB,BW,API 600
ONGC-MAT-0003435,ONGC,"FLANGE, SLIP-ON, 1 INCH, CLASS 150, ASTM A182 F304, ASME B16.5, RF FACING",CAN-000733,DEPOT-ONGC-ANK,"Ankleshwar Asset, Gujarat",0,3840,0,FLANGE_SLIP_ON,25.0,150,ASTM A182 F304,RF,ASME B16.5
ONGC-MAT-0003436,ONGC,"FLANGE, BLIND, 2 INCH, CLASS 150, ASTM A182 F316, ASME B16.5, RF FACING",CAN-000495,DEPOT-ONGC-RJM,"Rajahmundry Asset, Andhra Pradesh",39,14180,87,FLANGE_BLIND,50.0,150,ASTM A182 F316,RF,ASME B16.5
ONGC-MAT-0003437,ONGC,"VALVE, GATE, 10 INCH, CLASS 1500, ASTM A216 WCB, API 600, RF FACING",CAN-001529,DEPOT-ONGC-HZR,"Hazira Gas Processing Plant, Gujarat",15,2266060,112,GATE_VALVE,250.0,1500,ASTM A216 WCB,RF,API 600
ONGC-MAT-0003438,ONGC,"VALVE, GLOBE, 12 INCH, CLASS 600, ASTM A216 WCB, BS 1873, RF FACING",CAN-001989,DEPOT-ONGC-RJM,"Rajahmundry Asset, Andhra Pradesh",80,1839900,699,GLOBE_VALVE,300.0,600,ASTM A216 WCB,RF,BS 1873
ONGC-MAT-0003439,ONGC,"VALVE, GLOBE, 1/2 INCH, CLASS 300, ASTM A216 WCB, BS 1873, RF FACING",CAN-001805,DEPOT-ONGC-RJM,"Rajahmundry Asset, Andhra Pradesh",21,21500,255,GLOBE_VALVE,15.0,300,ASTM A216 WCB,RF,BS 1873
ONGC-MAT-0003440,ONGC,"FLANGE, BLIND, 2 INCH, CLASS 1500, ASTM A105, ASME B16.5, RTJ FACING",CAN-000516,DEPOT-ONGC-ANK,"Ankleshwar Asset, Gujarat",0,27960,0,FLANGE_BLIND,50.0,1500,ASTM A105,RTJ,ASME B16.5
ONGC-MAT-0003441,ONGC,"VALVE, GATE, 4 INCH, CLASS 300, ASTM A216 WCB, API 600, BW FACING",CAN-001315,DEPOT-ONGC-RJM,"Rajahmundry Asset, Andhra Pradesh",36,190000,62,GATE_VALVE,100.0,300,ASTM A216 WCB,BW,API 600
ONGC-MAT-0003442,ONGC,"VALVE, GATE, 3 INCH, CLASS 1500, ASTM A216 WCB, API 6D, RF FACING",CAN-001290,DEPOT-ONGC-ANK,"Ankleshwar Asset, Gujarat",20,515190,61,GATE_VALVE,80.0,1500,ASTM A216 WCB,RF,API 6D
ONGC-MAT-0003443,ONGC,"VALVE, BALL, 2 INCH, CLASS 600, ASTM A216 WCB, API 6D, RF FACING",CAN-001669,DEPOT-ONGC-HZR,"Hazira Gas Processing Plant, Gujarat",27,164210,66,BALL_VALVE,50.0,600,ASTM A216 WCB,RF,API 6D
ONGC-MAT-0003444,ONGC,"FLANGE, WELDING NECK, 6 INCH, CLASS 1500, ASTM A105, ASME B16.5, RF FACING",CAN-000273,DEPOT-ONGC-MBO,"Mumbai Offshore Logistics Base, Maharashtra",55,142560,700,FLANGE_WELD_NECK,150.0,1500,ASTM A105,RF,ASME B16.5
ONGC-MAT-0003445,ONGC,"VALVE, GATE, 1 INCH, CLASS 150, ASTM A216 WCB, API 600, RF FACING",CAN-001061,DEPOT-ONGC-URN,"Uran Plant, Maharashtra",119,18000,291,GATE_VALVE,25.0,150,ASTM A216 WCB,RF,API 600
ONGC-MAT-0003446,ONGC,"FLANGE, BLIND, 8 INCH, CLASS 150, ASTM A350 LF2, ASME B16.5, RF FACING",CAN-000613,DEPOT-ONGC-RJM,"Rajahmundry Asset, Andhra Pradesh",47,42990,44,FLANGE_BLIND,200.0,150,ASTM A350 LF2,RF,ASME B16.5
ONGC-MAT-0003447,ONGC,"VALVE, BALL, 1/2 INCH, CLASS 600, ASTM A182 F316, API 6D, BW FACING",CAN-001612,DEPOT-ONGC-RJM,"Rajahmundry Asset, Andhra Pradesh",6,109850,119,BALL_VALVE,15.0,600,ASTM A182 F316,BW,API 6D
ONGC-MAT-0003448,ONGC,"VALVE, GATE, 4 INCH, CLASS 600, ASTM A105, API 600, RF FACING",CAN-001329,DEPOT-ONGC-URN,"Uran Plant, Maharashtra",40,330820,119,GATE_VALVE,100.0,600,ASTM A105,RF,API 600
ONGC-MAT-0003449,ONGC,"FLANGE, WELDING NECK, 10 INCH, CLASS 600, ASTM A350 LF2, ASME B16.5, RTJ FACING",CAN-000340,DEPOT-ONGC-ANK,"Ankleshwar Asset, Gujarat",23,212900,34,FLANGE_WELD_NECK,250.0,600,ASTM A350 LF2,RTJ,ASME B16.5
ONGC-MAT-0003450,ONGC,"GASKET, SPIRAL WOUND, 1/2 INCH, CLASS 300, SS304 / GRAPHITE, ASME B16.20, RF FACING",CAN-002004,DEPOT-ONGC-ANK,"Ankleshwar Asset, Gujarat",101,1390,649,SPIRAL_WOUND_GASKET,15.0,300,SS304 / GRAPHITE,RF,ASME B16.20
ONGC-MAT-0003451,ONGC,"VALVE, BALL, 4 INCH, CLASS 600, ASTM A216 WCB, API 6D, BW FACING",CAN-001710,DEPOT-ONGC-MBO,"Mumbai Offshore Logistics Base, Maharashtra",124,404340,584,BALL_VALVE,100.0,600,ASTM A216 WCB,BW,API 6D
ONGC-MAT-0003452,ONGC,"VALVE, GLOBE, 10 INCH, CLASS 150, ASTM A105, BS 1873, RF FACING",CAN-001963,DEPOT-ONGC-HZR,"Hazira Gas Processing Plant, Gujarat",80,478860,735,GLOBE_VALVE,250.0,150,ASTM A105,RF,BS 1873
ONGC-MAT-0003453,ONGC,"FLANGE, WELDING NECK, 4 INCH, CLASS 1500, ASTM A105, ASME B16.5, RF FACING",CAN-000233,DEPOT-ONGC-RJM,"Rajahmundry Asset, Andhra Pradesh",107,84150,528,FLANGE_WELD_NECK,100.0,1500,ASTM A105,RF,ASME B16.5
ONGC-MAT-0003454,ONGC,"VALVE, BALL, 10 INCH, CLASS 1500, ASTM A182 F316, API 6D, BW FACING",CAN-001780,DEPOT-ONGC-HZR,"Hazira Gas Processing Plant, Gujarat",28,8862830,272,BALL_VALVE,250.0,1500,ASTM A182 F316,BW,API 6D
ONGC-MAT-0003455,ONGC,"FLANGE, WELDING NECK, 2 INCH, CLASS 1500, ASTM A105, ASME B16.5, RTJ FACING",CAN-000154,DEPOT-ONGC-ANK,"Ankleshwar Asset, Gujarat",30,34170,105,FLANGE_WELD_NECK,50.0,1500,ASTM A105,RTJ,ASME B16.5
ONGC-MAT-0003456,ONGC,"VALVE, GATE, 4 INCH, CLASS 300, ASTM A182 F316, API 600, RF FACING",CAN-001321,DEPOT-ONGC-MBO,"Mumbai Offshore Logistics Base, Maharashtra",14,608020,36,GATE_VALVE,100.0,300,ASTM A182 F316,RF,API 600
ONGC-MAT-0003457,ONGC,"VALVE, BALL, 1 INCH, CLASS 300, ASTM A182 F316, API 6D, BW FACING",CAN-001628,DEPOT-ONGC-RJM,"Rajahmundry Asset, Andhra Pradesh",28,122570,106,BALL_VALVE,25.0,300,ASTM A182 F316,BW,API 6D
ONGC-MAT-0003458,ONGC,"FLANGE, SLIP-ON, 1/2 INCH, CLASS 300, ASTM A182 F304, ASME B16.5, FF FACING",CAN-000710,DEPOT-ONGC-RJM,"Rajahmundry Asset, Andhra Pradesh",118,3440,195,FLANGE_SLIP_ON,15.0,300,ASTM A182 F304,FF,ASME B16.5
ONGC-MAT-0003459,ONGC,"VALVE, GLOBE, 6 INCH, CLASS 1500, ASTM A216 WCB, ASME B16.34, RF FACING",CAN-001938,DEPOT-ONGC-HZR,"Hazira Gas Processing Plant, Gujarat",23,1555270,21,GLOBE_VALVE,150.0,1500,ASTM A216 WCB,RF,ASME B16.34
ONGC-MAT-0003460,ONGC,"FLANGE, WELDING NECK, 2 INCH, CLASS 900, ASTM A350 LF2, ASME B16.5, RF FACING",CAN-000147,DEPOT-ONGC-URN,"Uran Plant, Maharashtra",6,36340,63,FLANGE_WELD_NECK,50.0,900,ASTM A350 LF2,RF,ASME B16.5
ONGC-MAT-0003461,ONGC,"VALVE, BALL, 1 INCH, CLASS 300, ASTM A216 WCB, API 6D, BW FACING",CAN-001626,DEPOT-ONGC-MBO,"Mumbai Offshore Logistics Base, Maharashtra",0,38300,0,BALL_VALVE,25.0,300,ASTM A216 WCB,BW,API 6D
ONGC-MAT-0003462,ONGC,"STUD BOLT WITH NUTS, 4 INCH, CLASS 1500, ASTM A320 L7 / A194 7, ASME B18.2.1, THRD FACING",CAN-002160,DEPOT-ONGC-ANK,"Ankleshwar Asset, Gujarat",31,21420,14,STUD_BOLT,100.0,1500,ASTM A320 L7 / A194 7,THRD,ASME B18.2.1
ONGC-MAT-0003463,ONGC,"GASKET, SPIRAL WOUND, 10 INCH, CLASS 900, SS304 / GRAPHITE, ASME B16.20, RF FACING",CAN-002088,DEPOT-ONGC-RJM,"Rajahmundry Asset, Andhra Pradesh",7,130510,66,SPIRAL_WOUND_GASKET,250.0,900,SS304 / GRAPHITE,RF,ASME B16.20
ONGC-MAT-0003464,ONGC,"FLANGE, BLIND, 4 INCH, CLASS 300, ASTM A350 LF2, ASME B16.5, RF FACING",CAN-000559,DEPOT-ONGC-URN,"Uran Plant, Maharashtra",0,30400,0,FLANGE_BLIND,100.0,300,ASTM A350 LF2,RF,ASME B16.5
ONGC-MAT-0003465,ONGC,"VALVE, GATE, 1 INCH, CLASS 600, ASTM A216 WCB, API 6D, RF FACING",CAN-001086,DEPOT-ONGC-URN,"Uran Plant, Maharashtra",0,54560,0,GATE_VALVE,25.0,600,ASTM A216 WCB,RF,API 6D
ONGC-MAT-0003466,ONGC,"FLANGE, SLIP-ON, 8 INCH, CLASS 600, ASTM A182 F316, ASME B16.5, RF FACING",CAN-000927,DEPOT-ONGC-URN,"Uran Plant, Maharashtra",74,231700,743,FLANGE_SLIP_ON,200.0,600,ASTM A182 F316,RF,ASME B16.5
ONGC-MAT-0003467,ONGC,"FLANGE, WELDING NECK, 12 INCH, CLASS 1500, ASTM A350 LF2, ASME B16.5, RF FACING",CAN-000395,DEPOT-ONGC-RJM,"Rajahmundry Asset, Andhra Pradesh",0,561660,0,FLANGE_WELD_NECK,300.0,1500,ASTM A350 LF2,RF,ASME B16.5
ONGC-MAT-0003468,ONGC,"GASKET, SPIRAL WOUND, 4 INCH, CLASS 900, SS304 / GRAPHITE, ASME B16.20, RF FACING",CAN-002058,DEPOT-ONGC-HZR,"Hazira Gas Processing Plant, Gujarat",0,39650,0,SPIRAL_WOUND_GASKET,100.0,900,SS304 / GRAPHITE,RF,ASME B16.20
ONGC-MAT-0003469,ONGC,"VALVE, GLOBE, 1/2 INCH, CLASS 150, ASTM A216 WCB, ASME B16.34, RF FACING",CAN-001802,DEPOT-ONGC-RJM,"Rajahmundry Asset, Andhra Pradesh",30,12350,119,GLOBE_VALVE,15.0,150,ASTM A216 WCB,RF,ASME B16.34
ONGC-MAT-0003470,ONGC,"STUD BOLT WITH NUTS, 10 INCH, CLASS 150, ASTM A320 L7 / A194 7, ASME B18.2.1, THRD FACING",CAN-002182,DEPOT-ONGC-MBO,"Mumbai Offshore Logistics Base, Maharashtra",19,11170,66,STUD_BOLT,250.0,150,ASTM A320 L7 / A194 7,THRD,ASME B18.2.1
ONGC-MAT-0003471,ONGC,"VALVE, GATE, 12 INCH, CLASS 300, ASTM A216 WCB, API 600, BW FACING",CAN-001555,DEPOT-ONGC-URN,"Uran Plant, Maharashtra",71,792550,634,GATE_VALVE,300.0,300,ASTM A216 WCB,BW,API 600
ONGC-MAT-0003472,ONGC,"FLANGE, SLIP-ON, 6 INCH, CLASS 600, ASTM A105, ASME B16.5, RF FACING",CAN-000893,DEPOT-ONGC-URN,"Uran Plant, Maharashtra",21,49810,74,FLANGE_SLIP_ON,150.0,600,ASTM A105,RF,ASME B16.5
ONGC-MAT-0003473,ONGC,"FLANGE, WELDING NECK, 1.5 INCH, CLASS 150, ASTM A350 LF2, ASME B16.5, RF FACING",CAN-000083,DEPOT-ONGC-URN,"Uran Plant, Maharashtra",116,6480,550,FLANGE_WELD_NECK,40.0,150,ASTM A350 LF2,RF,ASME B16.5
ONGC-MAT-0003474,ONGC,"VALVE, GATE, 10 INCH, CLASS 1500, ASTM A216 WCB, API 6D, BW FACING",CAN-001532,DEPOT-ONGC-MBO,"Mumbai Offshore Logistics Base, Maharashtra",34,2266060,91,GATE_VALVE,250.0,1500,ASTM A216 WCB,BW,API 6D
ONGC-MAT-0003475,ONGC,"FLANGE, SLIP-ON, 4 INCH, CLASS 900, ASTM A105, ASME B16.5, FF FACING",CAN-000870,DEPOT-ONGC-HZR,"Hazira Gas Processing Plant, Gujarat",49,40670,10,FLANGE_SLIP_ON,100.0,900,ASTM A105,FF,ASME B16.5
ONGC-MAT-0003476,ONGC,"VALVE, GATE, 3 INCH, CLASS 300, ASTM A105, API 6D, RF FACING",CAN-001258,DEPOT-ONGC-ANK,"Ankleshwar Asset, Gujarat",25,142160,72,GATE_VALVE,80.0,300,ASTM A105,RF,API 6D
ONGC-MAT-0003477,ONGC,"FLANGE, BLIND, 4 INCH, CLASS 1500, ASTM A105, ASME B16.5, RF FACING",CAN-000575,DEPOT-ONGC-ANK,"Ankleshwar Asset, Gujarat",69,68850,597,FLANGE_BLIND,100.0,1500,ASTM A105,RF,ASME B16.5
ONGC-MAT-0003478,ONGC,"FLANGE, BLIND, 4 INCH, CLASS 900, ASTM A105, ASME B16.5, RF FACING",CAN-000569,DEPOT-ONGC-MBO,"Mumbai Offshore Logistics Base, Maharashtra",25,45750,43,FLANGE_BLIND,100.0,900,ASTM A105,RF,ASME B16.5
ONGC-MAT-0003479,ONGC,"VALVE, GLOBE, 1/2 INCH, CLASS 900, ASTM A105, BS 1873, RF FACING",CAN-001815,DEPOT-ONGC-MBO,"Mumbai Offshore Logistics Base, Maharashtra",71,51790,429,GLOBE_VALVE,15.0,900,ASTM A105,RF,BS 1873
ONGC-MAT-0003480,ONGC,"VALVE, GATE, 12 INCH, CLASS 1500, ASTM A216 WCB, API 6D, BW FACING",CAN-001592,DEPOT-ONGC-HZR,"Hazira Gas Processing Plant, Gujarat",43,2872150,10,GATE_VALVE,300.0,1500,ASTM A216 WCB,BW,API 6D
ONGC-MAT-0003481,ONGC,"VALVE, GATE, 2 INCH, CLASS 900, ASTM A105, API 600, RF FACING",CAN-001221,DEPOT-ONGC-RJM,"Rajahmundry Asset, Andhra Pradesh",107,185830,457,GATE_VALVE,50.0,900,ASTM A105,RF,API 600
ONGC-MAT-0003482,ONGC,"FLANGE, SLIP-ON, 1/2 INCH, CLASS 150, ASTM A105, ASME B16.5, RF FACING",CAN-000701,DEPOT-ONGC-MBO,"Mumbai Offshore Logistics Base, Maharashtra",146,820,426,FLANGE_SLIP_ON,15.0,150,ASTM A105,RF,ASME B16.5
ONGC-MAT-0003483,ONGC,"FLANGE, WELDING NECK, 4 INCH, CLASS 150, ASTM A182 F316, ASME B16.5, RF FACING",CAN-000207,DEPOT-ONGC-HZR,"Hazira Gas Processing Plant, Gujarat",148,42680,619,FLANGE_WELD_NECK,100.0,150,ASTM A182 F316,RF,ASME B16.5
ONGC-MAT-0003484,ONGC,"FLANGE, SLIP-ON, 4 INCH, CLASS 300, ASTM A105, ASME B16.5, FF FACING",CAN-000858,DEPOT-ONGC-RJM,"Rajahmundry Asset, Andhra Pradesh",0,16880,0,FLANGE_SLIP_ON,100.0,300,ASTM A105,FF,ASME B16.5
ONGC-MAT-0003485,ONGC,"VALVE, BALL, 4 INCH, CLASS 300, ASTM A182 F316, API 6D, BW FACING",CAN-001708,DEPOT-ONGC-URN,"Uran Plant, Maharashtra",11,743140,27,BALL_VALVE,100.0,300,ASTM A182 F316,BW,API 6D
ONGC-MAT-0003486,ONGC,"VALVE, GATE, 4 INCH, CLASS 600, ASTM A216 WCB, API 600, BW FACING",CAN-001327,DEPOT-ONGC-RJM,"Rajahmundry Asset, Andhra Pradesh",128,330820,609,GATE_VALVE,100.0,600,ASTM A216 WCB,BW,API 600
ONGC-MAT-0003487,ONGC,"FLANGE, WELDING NECK, 1/2 INCH, CLASS 600, ASTM A350 LF2, ASME B16.5, RTJ FACING",CAN-000020,DEPOT-ONGC-URN,"Uran Plant, Maharashtra",36,5490,109,FLANGE_WELD_NECK,15.0,600,ASTM A350 LF2,RTJ,ASME B16.5
ONGC-MAT-0003488,ONGC,"VALVE, BALL, 3 INCH, CLASS 1500, ASTM A216 WCB, API 6D, BW FACING",CAN-001698,DEPOT-ONGC-RJM,"Rajahmundry Asset, Andhra Pradesh",28,629670,515,BALL_VALVE,80.0,1500,ASTM A216 WCB,BW,API 6D
ONGC-MAT-0003489,ONGC,"VALVE, GATE, 1/2 INCH, CLASS 600, ASTM A182 F316, API 600, BW FACING",CAN-001035,DEPOT-ONGC-RJM,"Rajahmundry Asset, Andhra Pradesh",0,89880,0,GATE_VALVE,15.0,600,ASTM A182 F316,BW,API 600
ONGC-MAT-0003490,ONGC,"FLANGE, SLIP-ON, 4 INCH, CLASS 1500, ASTM A182 F316, ASME B16.5, FF FACING",CAN-000880,DEPOT-ONGC-HZR,"Hazira Gas Processing Plant, Gujarat",95,195860,575,FLANGE_SLIP_ON,100.0,1500,ASTM A182 F316,FF,ASME B16.5
ONGC-MAT-0003491,ONGC,"VALVE, GATE, 8 INCH, CLASS 600, ASTM A182 F316, API 6D, BW FACING",CAN-001456,DEPOT-ONGC-HZR,"Hazira Gas Processing Plant, Gujarat",139,2606670,193,GATE_VALVE,200.0,600,ASTM A182 F316,BW,API 6D
ONGC-MAT-0003492,ONGC,"FLANGE, SLIP-ON, 1 INCH, CLASS 600, ASTM A105, ASME B16.5, RF FACING",CAN-000743,DEPOT-ONGC-HZR,"Hazira Gas Processing Plant, Gujarat",0,4850,0,FLANGE_SLIP_ON,25.0,600,ASTM A105,RF,ASME B16.5
ONGC-MAT-0003493,ONGC,"STUD BOLT WITH NUTS, 1/2 INCH, CLASS 900, ASTM A320 L7 / A194 7, ASME B18.2.1, THRD FACING",CAN-002108,DEPOT-ONGC-RJM,"Rajahmundry Asset, Andhra Pradesh",7,1200,67,STUD_BOLT,15.0,900,ASTM A320 L7 / A194 7,THRD,ASME B18.2.1
ONGC-MAT-0003494,ONGC,"FLANGE, WELDING NECK, 1.5 INCH, CLASS 600, ASTM A182 F304, ASME B16.5, RTJ FACING",CAN-000102,DEPOT-ONGC-URN,"Uran Plant, Maharashtra",25,29480,42,FLANGE_WELD_NECK,40.0,600,ASTM A182 F304,RTJ,ASME B16.5
ONGC-MAT-0003495,ONGC,"VALVE, GATE, 3 INCH, CLASS 1500, ASTM A216 WCB, API 6D, BW FACING",CAN-001292,DEPOT-ONGC-MBO,"Mumbai Offshore Logistics Base, Maharashtra",50,515190,39,GATE_VALVE,80.0,1500,ASTM A216 WCB,BW,API 6D
ONGC-MAT-0003496,ONGC,"VALVE, GATE, 10 INCH, CLASS 1500, ASTM A216 WCB, API 600, BW FACING",CAN-001531,DEPOT-ONGC-ANK,"Ankleshwar Asset, Gujarat",92,2266060,429,GATE_VALVE,250.0,1500,ASTM A216 WCB,BW,API 600
ONGC-MAT-0003497,ONGC,"FLANGE, BLIND, 12 INCH, CLASS 150, ASTM A350 LF2, ASME B16.5, RF FACING",CAN-000673,DEPOT-ONGC-MBO,"Mumbai Offshore Logistics Base, Maharashtra",79,72830,213,FLANGE_BLIND,300.0,150,ASTM A350 LF2,RF,ASME B16.5
ONGC-MAT-0003498,ONGC,"VALVE, GLOBE, 8 INCH, CLASS 150, ASTM A216 WCB, BS 1873, RF FACING",CAN-001941,DEPOT-ONGC-RJM,"Rajahmundry Asset, Andhra Pradesh",11,358280,36,GLOBE_VALVE,200.0,150,ASTM A216 WCB,RF,BS 1873
ONGC-MAT-0003499,ONGC,"VALVE, GATE, 3 INCH, CLASS 600, ASTM A182 F316, API 600, BW FACING",CAN-001275,DEPOT-ONGC-HZR,"Hazira Gas Processing Plant, Gujarat",25,792070,83,GATE_VALVE,80.0,600,ASTM A182 F316,BW,API 600
ONGC-MAT-0003500,ONGC,"VALVE, GATE, 1/2 INCH, CLASS 300, ASTM A182 F316, API 600, BW FACING",CAN-001023,DEPOT-ONGC-MBO,"Mumbai Offshore Logistics Base, Maharashtra",38,51620,38,GATE_VALVE,15.0,300,ASTM A182 F316,BW,API 600
ONGC-MAT-0003501,ONGC,"VALVE, GATE, 6 INCH, CLASS 600, ASTM A216 WCB, API 6D, RF FACING",CAN-001386,DEPOT-ONGC-URN,"Uran Plant, Maharashtra",0,560420,0,GATE_VALVE,150.0,600,ASTM A216 WCB,RF,API 6D
ONGC-MAT-0003502,ONGC,"GASKET, SPIRAL WOUND, 1 INCH, CLASS 300, SS316 / GRAPHITE, ASME B16.20, RF FACING",CAN-002013,DEPOT-ONGC-HZR,"Hazira Gas Processing Plant, Gujarat",13,3620,94,SPIRAL_WOUND_GASKET,25.0,300,SS316 / GRAPHITE,RF,ASME B16.20
ONGC-MAT-0003503,ONGC,"FLANGE, WELDING NECK, 1 INCH, CLASS 900, ASTM A182 F316, ASME B16.5, RF FACING",CAN-000071,DEPOT-ONGC-RJM,"Rajahmundry Asset, Andhra Pradesh",46,29510,111,FLANGE_WELD_NECK,25.0,900,ASTM A182 F316,RF,ASME B16.5
ONGC-MAT-0003504,ONGC,"STUD BOLT WITH NUTS, 6 INCH, CLASS 900, ASTM A320 L7 / A194 7, ASME B18.2.1, THRD FACING",CAN-002168,DEPOT-ONGC-URN,"Uran Plant, Maharashtra",9,24110,23,STUD_BOLT,150.0,900,ASTM A320 L7 / A194 7,THRD,ASME B18.2.1
ONGC-MAT-0003505,ONGC,"VALVE, GATE, 4 INCH, CLASS 900, ASTM A182 F316, API 600, RF FACING",CAN-001345,DEPOT-ONGC-HZR,"Hazira Gas Processing Plant, Gujarat",30,1464270,381,GATE_VALVE,100.0,900,ASTM A182 F316,RF,API 600
ONGC-MAT-0003506,ONGC,"VALVE, GLOBE, 4 INCH, CLASS 300, ASTM A216 WCB, ASME B16.34, RF FACING",CAN-001906,DEPOT-ONGC-ANK,"Ankleshwar Asset, Gujarat",5,253340,83,GLOBE_VALVE,100.0,300,ASTM A216 WCB,RF,ASME B16.34
ONGC-MAT-0003507,ONGC,"VALVE, GATE, 12 INCH, CLASS 150, ASTM A105, API 6D, RF FACING",CAN-001546,DEPOT-ONGC-ANK,"Ankleshwar Asset, Gujarat",0,455200,0,GATE_VALVE,300.0,150,ASTM A105,RF,API 6D
ONGC-MAT-0003508,ONGC,"VALVE, GATE, 1/2 INCH, CLASS 300, ASTM A216 WCB, API 6D, RF FACING",CAN-001014,DEPOT-ONGC-RJM,"Rajahmundry Asset, Andhra Pradesh",16,16130,50,GATE_VALVE,15.0,300,ASTM A216 WCB,RF,API 6D
ONGC-MAT-0003509,ONGC,"VALVE, GATE, 6 INCH, CLASS 900, ASTM A216 WCB, API 6D, BW FACING",CAN-001400,DEPOT-ONGC-RJM,"Rajahmundry Asset, Andhra Pradesh",44,775150,104,GATE_VALVE,150.0,900,ASTM A216 WCB,BW,API 6D
ONGC-MAT-0003510,ONGC,"VALVE, GLOBE, 10 INCH, CLASS 150, ASTM A105, BS 1873, RF FACING",CAN-001963,DEPOT-ONGC-RJM,"Rajahmundry Asset, Andhra Pradesh",0,478860,0,GLOBE_VALVE,250.0,150,ASTM A105,RF,BS 1873
ONGC-MAT-0003511,ONGC,"FLANGE, SLIP-ON, 1/2 INCH, CLASS 900, ASTM A182 F316, ASME B16.5, RF FACING",CAN-000723,DEPOT-ONGC-URN,"Uran Plant, Maharashtra",55,11050,432,FLANGE_SLIP_ON,15.0,900,ASTM A182 F316,RF,ASME B16.5
ONGC-MAT-0003512,ONGC,"GASKET, SPIRAL WOUND, 10 INCH, CLASS 150, SS316 / GRAPHITE, ASME B16.20, RF FACING",CAN-002081,DEPOT-ONGC-RJM,"Rajahmundry Asset, Andhra Pradesh",33,41500,96,SPIRAL_WOUND_GASKET,250.0,150,SS316 / GRAPHITE,RF,ASME B16.20
ONGC-MAT-0003513,ONGC,"GASKET, SPIRAL WOUND, 2 INCH, CLASS 900, SS316 / GRAPHITE, ASME B16.20, RF FACING",CAN-002037,DEPOT-ONGC-MBO,"Mumbai Offshore Logistics Base, Maharashtra",119,21470,620,SPIRAL_WOUND_GASKET,50.0,900,SS316 / GRAPHITE,RF,ASME B16.20
ONGC-MAT-0003514,ONGC,"FLANGE, SLIP-ON, 8 INCH, CLASS 300, ASTM A182 F316, ASME B16.5, RF FACING",CAN-000921,DEPOT-ONGC-HZR,"Hazira Gas Processing Plant, Gujarat",119,133070,349,FLANGE_SLIP_ON,200.0,300,ASTM A182 F316,RF,ASME B16.5
ONGC-MAT-0003515,ONGC,"VALVE, GATE, 1 INCH, CLASS 1500, ASTM A182 F316, API 600, BW FACING",CAN-001119,DEPOT-ONGC-RJM,"Rajahmundry Asset, Andhra Pradesh",25,363430,117,GATE_VALVE,25.0,1500,ASTM A182 F316,BW,API 600
ONGC-MAT-0003516,ONGC,"FLANGE, WELDING NECK, 2 INCH, CLASS 900, ASTM A350 LF2, ASME B16.5, RF FACING",CAN-000147,DEPOT-ONGC-HZR,"Hazira Gas Processing Plant, Gujarat",99,36340,197,FLANGE_WELD_NECK,50.0,900,ASTM A350 LF2,RF,ASME B16.5
ONGC-MAT-0003517,ONGC,"FLANGE, BLIND, 1 INCH, CLASS 900, ASTM A182 F316, ASME B16.5, RTJ FACING",CAN-000454,DEPOT-ONGC-URN,"Uran Plant, Maharashtra",35,24150,80,FLANGE_BLIND,25.0,900,ASTM A182 F316,RTJ,ASME B16.5
ONGC-MAT-0003518,ONGC,"STUD BOLT WITH NUTS, 1 INCH, CLASS 1500, ASTM A193 B7 / A194 2H, ASME B18.2.1, THRD FACING",CAN-002119,DEPOT-ONGC-URN,"Uran Plant, Maharashtra",23,2200,47,STUD_BOLT,25.0,1500,ASTM A193 B7 / A194 2H,THRD,ASME B18.2.1
ONGC-MAT-0003519,ONGC,"VALVE, GATE, 1/2 INCH, CLASS 600, ASTM A182 F316, API 6D, BW FACING",CAN-001036,DEPOT-ONGC-URN,"Uran Plant, Maharashtra",0,89880,0,GATE_VALVE,15.0,600,ASTM A182 F316,BW,API 6D
ONGC-MAT-0003520,ONGC,"GASKET, SPIRAL WOUND, 4 INCH, CLASS 600, SS304 / GRAPHITE, ASME B16.20, RF FACING",CAN-002056,DEPOT-ONGC-HZR,"Hazira Gas Processing Plant, Gujarat",31,28670,40,SPIRAL_WOUND_GASKET,100.0,600,SS304 / GRAPHITE,RF,ASME B16.20
ONGC-MAT-0003521,ONGC,"FLANGE, SLIP-ON, 12 INCH, CLASS 1500, ASTM A182 F304, ASME B16.5, RF FACING",CAN-000997,DEPOT-ONGC-URN,"Uran Plant, Maharashtra",41,612720,95,FLANGE_SLIP_ON,300.0,1500,ASTM A182 F304,RF,ASME B16.5
ONGC-MAT-0003522,ONGC,"VALVE, GATE, 1/2 INCH, CLASS 1500, ASTM A105, API 600, RF FACING",CAN-001053,DEPOT-ONGC-URN,"Uran Plant, Maharashtra",48,58460,114,GATE_VALVE,15.0,1500,ASTM A105,RF,API 600
ONGC-MAT-0003523,ONGC,"FLANGE, WELDING NECK, 8 INCH, CLASS 600, ASTM A350 LF2, ASME B16.5, RTJ FACING",CAN-000300,DEPOT-ONGC-MBO,"Mumbai Offshore Logistics Base, Maharashtra",66,159290,574,FLANGE_WELD_NECK,200.0,600,ASTM A350 LF2,RTJ,ASME B16.5
ONGC-MAT-0003524,ONGC,"VALVE, GATE, 1/2 INCH, CLASS 1500, ASTM A105, API 6D, RF FACING",CAN-001054,DEPOT-ONGC-MBO,"Mumbai Offshore Logistics Base, Maharashtra",0,58460,0,GATE_VALVE,15.0,1500,ASTM A105,RF,API 6D
ONGC-MAT-0003525,ONGC,"FLANGE, BLIND, 2 INCH, CLASS 300, ASTM A105, ASME B16.5, RTJ FACING",CAN-000498,DEPOT-ONGC-URN,"Uran Plant, Maharashtra",140,7710,305,FLANGE_BLIND,50.0,300,ASTM A105,RTJ,ASME B16.5
ONGC-MAT-0003526,ONGC,"FLANGE, BLIND, 10 INCH, CLASS 300, ASTM A105, ASME B16.5, RF FACING",CAN-000647,DEPOT-ONGC-ANK,"Ankleshwar Asset, Gujarat",40,62530,744,FLANGE_BLIND,250.0,300,ASTM A105,RF,ASME B16.5
ONGC-MAT-0003527,ONGC,"FLANGE, WELDING NECK, 1/2 INCH, CLASS 900, ASTM A105, ASME B16.5, RF FACING",CAN-000025,DEPOT-ONGC-ANK,"Ankleshwar Asset, Gujarat",0,4740,0,FLANGE_WELD_NECK,15.0,900,ASTM A105,RF,ASME B16.5
ONGC-MAT-0003528,ONGC,"GASKET, SPIRAL WOUND, 1.5 INCH, CLASS 300, SS304 / GRAPHITE, ASME B16.20, RF FACING",CAN-002024,DEPOT-ONGC-URN,"Uran Plant, Maharashtra",46,5000,259,SPIRAL_WOUND_GASKET,40.0,300,SS304 / GRAPHITE,RF,ASME B16.20
ONGC-MAT-0003529,ONGC,"FLANGE, BLIND, 12 INCH, CLASS 150, ASTM A350 LF2, ASME B16.5, RF FACING",CAN-000673,DEPOT-ONGC-MBO,"Mumbai Offshore Logistics Base, Maharashtra",8,72830,53,FLANGE_BLIND,300.0,150,ASTM A350 LF2,RF,ASME B16.5
ONGC-MAT-0003530,ONGC,"VALVE, GATE, 8 INCH, CLASS 150, ASTM A182 F316, API 6D, BW FACING",CAN-001432,DEPOT-ONGC-MBO,"Mumbai Offshore Logistics Base, Maharashtra",123,859880,643,GATE_VALVE,200.0,150,ASTM A182 F316,BW,API 6D
ONGC-MAT-0003531,ONGC,"VALVE, GATE, 8 INCH, CLASS 150, ASTM A216 WCB, API 6D, RF FACING",CAN-001422,DEPOT-ONGC-MBO,"Mumbai Offshore Logistics Base, Maharashtra",0,268710,0,GATE_VALVE,200.0,150,ASTM A216 WCB,RF,API 6D
ONGC-MAT-0003532,ONGC,"VALVE, BALL, 1/2 INCH, CLASS 1500, ASTM A216 WCB, API 6D, RF FACING",CAN-001617,DEPOT-ONGC-URN,"Uran Plant, Maharashtra",54,71450,214,BALL_VALVE,15.0,1500,ASTM A216 WCB,RF,API 6D
ONGC-MAT-0003533,ONGC,"GASKET, SPIRAL WOUND, 8 INCH, CLASS 1500, SS304 / GRAPHITE, ASME B16.20, RF FACING",CAN-002080,DEPOT-ONGC-URN,"Uran Plant, Maharashtra",0,146940,0,SPIRAL_WOUND_GASKET,200.0,1500,SS304 / GRAPHITE,RF,ASME B16.20
ONGC-MAT-0003534,ONGC,"FLANGE, WELDING NECK, 4 INCH, CLASS 150, ASTM A182 F316, ASME B16.5, RF FACING",CAN-000207,DEPOT-ONGC-URN,"Uran Plant, Maharashtra",33,42680,50,FLANGE_WELD_NECK,100.0,150,ASTM A182 F316,RF,ASME B16.5
ONGC-MAT-0003535,ONGC,"VALVE, GATE, 4 INCH, CLASS 1500, ASTM A182 F316, API 600, RF FACING",CAN-001357,DEPOT-ONGC-MBO,"Mumbai Offshore Logistics Base, Maharashtra",27,2203430,74,GATE_VALVE,100.0,1500,ASTM A182 F316,RF,API 600
ONGC-MAT-0003536,ONGC,"VALVE, GLOBE, 6 INCH, CLASS 900, ASTM A105, ASME B16.34, RF FACING",CAN-001936,DEPOT-ONGC-RJM,"Rajahmundry Asset, Andhra Pradesh",67,1033540,423,GLOBE_VALVE,150.0,900,ASTM A105,RF,ASME B16.34
ONGC-MAT-0003537,ONGC,"VALVE, GLOBE, 1.5 INCH, CLASS 300, ASTM A105, BS 1873, RF FACING",CAN-001847,DEPOT-ONGC-HZR,"Hazira Gas Processing Plant, Gujarat",0,76980,0,GLOBE_VALVE,40.0,300,ASTM A105,RF,BS 1873
ONGC-MAT-0003538,ONGC,"FLANGE, BLIND, 2 INCH, CLASS 600, ASTM A350 LF2, ASME B16.5, RF FACING",CAN-000505,DEPOT-ONGC-HZR,"Hazira Gas Processing Plant, Gujarat",36,21490,77,FLANGE_BLIND,50.0,600,ASTM A350 LF2,RF,ASME B16.5
ONGC-MAT-0003539,ONGC,"VALVE, BALL, 12 INCH, CLASS 150, ASTM A216 WCB, API 6D, RF FACING",CAN-001781,DEPOT-ONGC-MBO,"Mumbai Offshore Logistics Base, Maharashtra",0,556360,0,BALL_VALVE,300.0,150,ASTM A216 WCB,RF,API 6D
ONGC-MAT-0003540,ONGC,"FLANGE, SLIP-ON, 6 INCH, CLASS 1500, ASTM A105, ASME B16.5, FF FACING",CAN-000906,DEPOT-ONGC-URN,"Uran Plant, Maharashtra",43,103680,70,FLANGE_SLIP_ON,150.0,1500,ASTM A105,FF,ASME B16.5
ONGC-MAT-0003541,ONGC,"GASKET, SPIRAL WOUND, 1/2 INCH, CLASS 900, SS304 / GRAPHITE, ASME B16.20, RF FACING",CAN-002008,DEPOT-ONGC-URN,"Uran Plant, Maharashtra",26,3360,106,SPIRAL_WOUND_GASKET,15.0,900,SS304 / GRAPHITE,RF,ASME B16.20
ONGC-MAT-0003542,ONGC,"FLANGE, BLIND, 1/2 INCH, CLASS 300, ASTM A105, ASME B16.5, RF FACING",CAN-000407,DEPOT-ONGC-MBO,"Mumbai Offshore Logistics Base, Maharashtra",0,1610,0,FLANGE_BLIND,15.0,300,ASTM A105,RF,ASME B16.5
ONGC-MAT-0003543,ONGC,"FLANGE, BLIND, 2 INCH, CLASS 1500, ASTM A350 LF2, ASME B16.5, RF FACING",CAN-000517,DEPOT-ONGC-MBO,"Mumbai Offshore Logistics Base, Maharashtra",31,44740,71,FLANGE_BLIND,50.0,1500,ASTM A350 LF2,RF,ASME B16.5
ONGC-MAT-0003544,ONGC,"FLANGE, BLIND, 12 INCH, CLASS 600, ASTM A182 F316, ASME B16.5, RTJ FACING",CAN-000688,DEPOT-ONGC-ANK,"Ankleshwar Asset, Gujarat",11,441570,98,FLANGE_BLIND,300.0,600,ASTM A182 F316,RTJ,ASME B16.5
ONGC-MAT-0003545,ONGC,"VALVE, GLOBE, 12 INCH, CLASS 150, ASTM A105, ASME B16.34, RF FACING",CAN-001984,DEPOT-ONGC-ANK,"Ankleshwar Asset, Gujarat",33,606940,55,GLOBE_VALVE,300.0,150,ASTM A105,RF,ASME B16.34
ONGC-MAT-0003546,ONGC,"FLANGE, WELDING NECK, 4 INCH, CLASS 150, ASTM A182 F316, ASME B16.5, RTJ FACING",CAN-000208,DEPOT-ONGC-URN,"Uran Plant, Maharashtra",24,42680,113,FLANGE_WELD_NECK,100.0,150,ASTM A182 F316,RTJ,ASME B16.5
ONGC-MAT-0003547,ONGC,"VALVE, GATE, 2 INCH, CLASS 300, ASTM A105, API 6D, RF FACING",CAN-001198,DEPOT-ONGC-ANK,"Ankleshwar Asset, Gujarat",38,77160,78,GATE_VALVE,50.0,300,ASTM A105,RF,API 6D
ONGC-MAT-0003548,ONGC,"VALVE, GATE, 8 INCH, CLASS 150, ASTM A105, API 6D, BW FACING",CAN-001428,DEPOT-ONGC-URN,"Uran Plant, Maharashtra",102,268710,322,GATE_VALVE,200.0,150,ASTM A105,BW,API 6D
ONGC-MAT-0003549,ONGC,"FLANGE, BLIND, 12 INCH, CLASS 600, ASTM A105, ASME B16.5, RF FACING",CAN-000683,DEPOT-ONGC-MBO,"Mumbai Offshore Logistics Base, Maharashtra",43,137990,83,FLANGE_BLIND,300.0,600,ASTM A105,RF,ASME B16.5
ONGC-MAT-0003550,ONGC,"FLANGE, BLIND, 6 INCH, CLASS 300, ASTM A182 F316, ASME B16.5, RF FACING",CAN-000591,DEPOT-ONGC-HZR,"Hazira Gas Processing Plant, Gujarat",113,103000,286,FLANGE_BLIND,150.0,300,ASTM A182 F316,RF,ASME B16.5
ONGC-MAT-0003551,ONGC,"FLANGE, BLIND, 10 INCH, CLASS 600, ASTM A105, ASME B16.5, RF FACING",CAN-000653,DEPOT-ONGC-HZR,"Hazira Gas Processing Plant, Gujarat",100,108870,623,FLANGE_BLIND,250.0,600,ASTM A105,RF,ASME B16.5
ONGC-MAT-0003552,ONGC,"STUD BOLT WITH NUTS, 2 INCH, CLASS 1500, ASTM A193 B7 / A194 2H, ASME B18.2.1, THRD FACING",CAN-002139,DEPOT-ONGC-MBO,"Mumbai Offshore Logistics Base, Maharashtra",79,5430,736,STUD_BOLT,50.0,1500,ASTM A193 B7 / A194 2H,THRD,ASME B18.2.1
ONGC-MAT-0003553,ONGC,"VALVE, GLOBE, 4 INCH, CLASS 1500, ASTM A105, ASME B16.34, RF FACING",CAN-001920,DEPOT-ONGC-ANK,"Ankleshwar Asset, Gujarat",0,918090,0,GLOBE_VALVE,100.0,1500,ASTM A105,RF,ASME B16.34
ONGC-MAT-0003554,ONGC,"FLANGE, BLIND, 6 INCH, CLASS 600, ASTM A350 LF2, ASME B16.5, RTJ FACING",CAN-000596,DEPOT-ONGC-MBO,"Mumbai Offshore Logistics Base, Maharashtra",31,89660,73,FLANGE_BLIND,150.0,600,ASTM A350 LF2,RTJ,ASME B16.5
ONGC-MAT-0003555,ONGC,"VALVE, GATE, 8 INCH, CLASS 1500, ASTM A105, API 600, RF FACING",CAN-001473,DEPOT-ONGC-HZR,"Hazira Gas Processing Plant, Gujarat",8,1695460,94,GATE_VALVE,200.0,1500,ASTM A105,RF,API 600
ONGC-MAT-0003556,ONGC,"VALVE, GATE, 8 INCH, CLASS 1500, ASTM A216 WCB, API 6D, RF FACING",CAN-001470,DEPOT-ONGC-MBO,"Mumbai Offshore Logistics Base, Maharashtra",22,1695460,737,GATE_VALVE,200.0,1500,ASTM A216 WCB,RF,API 6D
ONGC-MAT-0003557,ONGC,"FLANGE, WELDING NECK, 10 INCH, CLASS 900, ASTM A350 LF2, ASME B16.5, RF FACING",CAN-000347,DEPOT-ONGC-URN,"Uran Plant, Maharashtra",18,294480,18,FLANGE_WELD_NECK,250.0,900,ASTM A350 LF2,RF,ASME B16.5
ONGC-MAT-0003558,ONGC,"FLANGE, BLIND, 8 INCH, CLASS 150, ASTM A182 F316, ASME B16.5, RF FACING",CAN-000615,DEPOT-ONGC-RJM,"Rajahmundry Asset, Andhra Pradesh",0,85980,0,FLANGE_BLIND,200.0,150,ASTM A182 F316,RF,ASME B16.5
ONGC-MAT-0003559,ONGC,"VALVE, BALL, 10 INCH, CLASS 1500, ASTM A182 F316, API 6D, RF FACING",CAN-001779,DEPOT-ONGC-MBO,"Mumbai Offshore Logistics Base, Maharashtra",8,8862830,32,BALL_VALVE,250.0,1500,ASTM A182 F316,RF,API 6D
ONGC-MAT-0003560,ONGC,"VALVE, BALL, 1.5 INCH, CLASS 1500, ASTM A182 F316, API 6D, RF FACING",CAN-001659,DEPOT-ONGC-MBO,"Mumbai Offshore Logistics Base, Maharashtra",32,818330,16,BALL_VALVE,40.0,1500,ASTM A182 F316,RF,API 6D
ONGC-MAT-0003561,ONGC,"FLANGE, WELDING NECK, 1/2 INCH, CLASS 600, ASTM A105, ASME B16.5, RF FACING",CAN-000017,DEPOT-ONGC-URN,"Uran Plant, Maharashtra",96,3430,532,FLANGE_WELD_NECK,15.0,600,ASTM A105,RF,ASME B16.5
ONGC-MAT-0003562,ONGC,"VALVE, GATE, 4 INCH, CLASS 300, ASTM A182 F316, API 600, BW FACING",CAN-001323,DEPOT-ONGC-MBO,"Mumbai Offshore Logistics Base, Maharashtra",0,608020,0,GATE_VALVE,100.0,300,ASTM A182 F316,BW,API 600
ONGC-MAT-0003563,ONGC,"FLANGE, SLIP-ON, 10 INCH, CLASS 1500, ASTM A182 F304, ASME B16.5, RF FACING",CAN-000967,DEPOT-ONGC-URN,"Uran Plant, Maharashtra",58,483420,430,FLANGE_SLIP_ON,250.0,1500,ASTM A182 F304,RF,ASME B16.5
ONGC-MAT-0003564,ONGC,"FLANGE, SLIP-ON, 1.5 INCH, CLASS 600, ASTM A105, ASME B16.5, RF FACING",CAN-000773,DEPOT-ONGC-ANK,"Ankleshwar Asset, Gujarat",28,8930,27,FLANGE_SLIP_ON,40.0,600,ASTM A105,RF,ASME B16.5
ONGC-MAT-0003565,ONGC,"VALVE, GLOBE, 10 INCH, CLASS 300, ASTM A105, ASME B16.34, RF FACING",CAN-001968,DEPOT-ONGC-ANK,"Ankleshwar Asset, Gujarat",135,833740,234,GLOBE_VALVE,250.0,300,ASTM A105,RF,ASME B16.34
ONGC-MAT-0003566,ONGC,"FLANGE, WELDING NECK, 3 INCH, CLASS 1500, ASTM A182 F316, ASME B16.5, RTJ FACING",CAN-000200,DEPOT-ONGC-ANK,"Ankleshwar Asset, Gujarat",0,201490,0,FLANGE_WELD_NECK,80.0,1500,ASTM A182 F316,RTJ,ASME B16.5
ONGC-MAT-0003567,ONGC,"VALVE, GATE, 8 INCH, CLASS 1500, ASTM A216 WCB, API 600, BW FACING",CAN-001471,DEPOT-ONGC-ANK,"Ankleshwar Asset, Gujarat",54,1695460,592,GATE_VALVE,200.0,1500,ASTM A216 WCB,BW,API 600
ONGC-MAT-0003568,ONGC,"VALVE, GATE, 1.5 INCH, CLASS 300, ASTM A216 WCB, API 600, RF FACING",CAN-001133,DEPOT-ONGC-URN,"Uran Plant, Maharashtra",5,57730,115,GATE_VALVE,40.0,300,ASTM A216 WCB,RF,API 600
ONGC-MAT-0003569,ONGC,"VALVE, GATE, 8 INCH, CLASS 600, ASTM A216 WCB, API 600, BW FACING",CAN-001447,DEPOT-ONGC-URN,"Uran Plant, Maharashtra",88,814580,328,GATE_VALVE,200.0,600,ASTM A216 WCB,BW,API 600
ONGC-MAT-0003570,ONGC,"STUD BOLT WITH NUTS, 4 INCH, CLASS 600, ASTM A320 L7 / A194 7, ASME B18.2.1, THRD FACING",CAN-002156,DEPOT-ONGC-MBO,"Mumbai Offshore Logistics Base, Maharashtra",0,10290,0,STUD_BOLT,100.0,600,ASTM A320 L7 / A194 7,THRD,ASME B18.2.1
ONGC-MAT-0003571,ONGC,"FLANGE, SLIP-ON, 8 INCH, CLASS 300, ASTM A105, ASME B16.5, RF FACING",CAN-000917,DEPOT-ONGC-HZR,"Hazira Gas Processing Plant, Gujarat",47,41580,59,FLANGE_SLIP_ON,200.0,300,ASTM A105,RF,ASME B16.5
ONGC-MAT-0003572,ONGC,"FLANGE, BLIND, 6 INCH, CLASS 900, ASTM A182 F316, ASME B16.5, RF FACING",CAN-000603,DEPOT-ONGC-URN,"Uran Plant, Maharashtra",150,248050,566,FLANGE_BLIND,150.0,900,ASTM A182 F316,RF,ASME B16.5
ONGC-MAT-0003573,ONGC,"VALVE, GATE, 4 INCH, CLASS 900, ASTM A182 F316, API 6D, BW FACING",CAN-001348,DEPOT-ONGC-RJM,"Rajahmundry Asset, Andhra Pradesh",84,1464270,672,GATE_VALVE,100.0,900,ASTM A182 F316,BW,API 6D
ONGC-MAT-0003574,ONGC,"VALVE, GATE, 3 INCH, CLASS 600, ASTM A216 WCB, API 6D, BW FACING",CAN-001268,DEPOT-ONGC-MBO,"Mumbai Offshore Logistics Base, Maharashtra",66,247520,400,GATE_VALVE,80.0,600,ASTM A216 WCB,BW,API 6D
ONGC-MAT-0003575,ONGC,"FLANGE, WELDING NECK, 4 INCH, CLASS 900, ASTM A350 LF2, ASME B16.5, RF FACING",CAN-000227,DEPOT-ONGC-MBO,"Mumbai Offshore Logistics Base, Maharashtra",0,89480,0,FLANGE_WELD_NECK,100.0,900,ASTM A350 LF2,RF,ASME B16.5
ONGC-MAT-0003576,ONGC,"VALVE, GATE, 1 INCH, CLASS 600, ASTM A105, API 600, RF FACING",CAN-001089,DEPOT-ONGC-RJM,"Rajahmundry Asset, Andhra Pradesh",22,54560,70,GATE_VALVE,25.0,600,ASTM A105,RF,API 600
ONGC-MAT-0003577,ONGC,"FLANGE, BLIND, 1/2 INCH, CLASS 900, ASTM A182 F316, ASME B16.5, RTJ FACING",CAN-000424,DEPOT-ONGC-RJM,"Rajahmundry Asset, Andhra Pradesh",67,12430,603,FLANGE_BLIND,15.0,900,ASTM A182 F316,RTJ,ASME B16.5
ONGC-MAT-0003578,ONGC,"VALVE, GATE, 2 INCH, CLASS 150, ASTM A105, API 600, BW FACING",CAN-001187,DEPOT-ONGC-RJM,"Rajahmundry Asset, Andhra Pradesh",0,44320,0,GATE_VALVE,50.0,150,ASTM A105,BW,API 600
ONGC-MAT-0003579,ONGC,"VALVE, GATE, 12 INCH, CLASS 300, ASTM A216 WCB, API 600, BW FACING",CAN-001555,DEPOT-ONGC-URN,"Uran Plant, Maharashtra",59,792550,363,GATE_VALVE,300.0,300,ASTM A216 WCB,BW,API 600
ONGC-MAT-0003580,ONGC,"VALVE, GLOBE, 10 INCH, CLASS 900, ASTM A216 WCB, ASME B16.34, RF FACING",CAN-001974,DEPOT-ONGC-RJM,"Rajahmundry Asset, Andhra Pradesh",43,2007850,359,GLOBE_VALVE,250.0,900,ASTM A216 WCB,RF,ASME B16.34
ONGC-MAT-0003581,ONGC,"VALVE, GATE, 1/2 INCH, CLASS 600, ASTM A105, API 600, RF FACING",CAN-001029,DEPOT-ONGC-URN,"Uran Plant, Maharashtra",0,28080,0,GATE_VALVE,15.0,600,ASTM A105,RF,API 600
ONGC-MAT-0003582,ONGC,"FLANGE, SLIP-ON, 1/2 INCH, CLASS 150, ASTM A182 F304, ASME B16.5, FF FACING",CAN-000704,DEPOT-ONGC-HZR,"Hazira Gas Processing Plant, Gujarat",120,1970,369,FLANGE_SLIP_ON,15.0,150,ASTM A182 F304,FF,ASME B16.5
ONGC-MAT-0003583,ONGC,"VALVE, GLOBE, 1 INCH, CLASS 300, ASTM A105, ASME B16.34, RF FACING",CAN-001828,DEPOT-ONGC-ANK,"Ankleshwar Asset, Gujarat",0,41780,0,GLOBE_VALVE,25.0,300,ASTM A105,RF,ASME B16.34
ONGC-MAT-0003584,ONGC,"FLANGE, WELDING NECK, 8 INCH, CLASS 300, ASTM A182 F316, ASME B16.5, RTJ FACING",CAN-000296,DEPOT-ONGC-RJM,"Rajahmundry Asset, Andhra Pradesh",11,182980,74,FLANGE_WELD_NECK,200.0,300,ASTM A182 F316,RTJ,ASME B16.5
ONGC-MAT-0003585,ONGC,"VALVE, GLOBE, 1.5 INCH, CLASS 300, ASTM A216 WCB, ASME B16.34, RF FACING",CAN-001846,DEPOT-ONGC-ANK,"Ankleshwar Asset, Gujarat",28,76980,45,GLOBE_VALVE,40.0,300,ASTM A216 WCB,RF,ASME B16.34
ONGC-MAT-0003586,ONGC,"STUD BOLT WITH NUTS, 8 INCH, CLASS 1500, ASTM A193 B7 / A194 2H, ASME B18.2.1, THRD FACING",CAN-002179,DEPOT-ONGC-HZR,"Hazira Gas Processing Plant, Gujarat",62,32960,505,STUD_BOLT,200.0,1500,ASTM A193 B7 / A194 2H,THRD,ASME B18.2.1
ONGC-MAT-0003587,ONGC,"VALVE, GATE, 10 INCH, CLASS 600, ASTM A216 WCB, API 6D, RF FACING",CAN-001506,DEPOT-ONGC-RJM,"Rajahmundry Asset, Andhra Pradesh",81,1088730,267,GATE_VALVE,250.0,600,ASTM A216 WCB,RF,API 6D
ONGC-MAT-0003588,ONGC,"VALVE, GATE, 6 INCH, CLASS 150, ASTM A182 F316, API 6D, BW FACING",CAN-001372,DEPOT-ONGC-ANK,"Ankleshwar Asset, Gujarat",33,591580,417,GATE_VALVE,150.0,150,ASTM A182 F316,BW,API 6D
ONGC-MAT-0003589,ONGC,"VALVE, GATE, 1 INCH, CLASS 1500, ASTM A182 F316, API 600, BW FACING",CAN-001119,DEPOT-ONGC-ANK,"Ankleshwar Asset, Gujarat",6,363430,35,GATE_VALVE,25.0,1500,ASTM A182 F316,BW,API 600
ONGC-MAT-0003590,ONGC,"VALVE, GLOBE, 1/2 INCH, CLASS 900, ASTM A105, BS 1873, RF FACING",CAN-001815,DEPOT-ONGC-URN,"Uran Plant, Maharashtra",32,51790,70,GLOBE_VALVE,15.0,900,ASTM A105,RF,BS 1873
ONGC-MAT-0003591,ONGC,"FLANGE, SLIP-ON, 3 INCH, CLASS 1500, ASTM A182 F316, ASME B16.5, RF FACING",CAN-000849,DEPOT-ONGC-URN,"Uran Plant, Maharashtra",24,146540,88,FLANGE_SLIP_ON,80.0,1500,ASTM A182 F316,RF,ASME B16.5
ONGC-MAT-0003592,ONGC,"FLANGE, WELDING NECK, 3 INCH, CLASS 150, ASTM A182 F316, ASME B16.5, RTJ FACING",CAN-000168,DEPOT-ONGC-HZR,"Hazira Gas Processing Plant, Gujarat",33,31930,84,FLANGE_WELD_NECK,80.0,150,ASTM A182 F316,RTJ,ASME B16.5
ONGC-MAT-0003593,ONGC,"VALVE, GLOBE, 12 INCH, CLASS 150, ASTM A105, ASME B16.34, RF FACING",CAN-001984,DEPOT-ONGC-RJM,"Rajahmundry Asset, Andhra Pradesh",112,606940,633,GLOBE_VALVE,300.0,150,ASTM A105,RF,ASME B16.34
ONGC-MAT-0003594,ONGC,"VALVE, BALL, 4 INCH, CLASS 900, ASTM A182 F316, API 6D, BW FACING",CAN-001716,DEPOT-ONGC-HZR,"Hazira Gas Processing Plant, Gujarat",37,1789660,84,BALL_VALVE,100.0,900,ASTM A182 F316,BW,API 6D
ONGC-MAT-0003595,ONGC,"FLANGE, WELDING NECK, 1 INCH, CLASS 600, ASTM A350 LF2, ASME B16.5, RTJ FACING",CAN-000060,DEPOT-ONGC-MBO,"Mumbai Offshore Logistics Base, Maharashtra",10,10670,34,FLANGE_WELD_NECK,25.0,600,ASTM A350 LF2,RTJ,ASME B16.5
ONGC-MAT-0003596,ONGC,"FLANGE, BLIND, 1 INCH, CLASS 300, ASTM A350 LF2, ASME B16.5, RTJ FACING",CAN-000440,DEPOT-ONGC-URN,"Uran Plant, Maharashtra",113,5010,241,FLANGE_BLIND,25.0,300,ASTM A350 LF2,RTJ,ASME B16.5
ONGC-MAT-0003597,ONGC,"FLANGE, SLIP-ON, 3 INCH, CLASS 900, ASTM A182 F316, ASME B16.5, FF FACING",CAN-000844,DEPOT-ONGC-RJM,"Rajahmundry Asset, Andhra Pradesh",39,97380,62,FLANGE_SLIP_ON,80.0,900,ASTM A182 F316,FF,ASME B16.5
ONGC-MAT-0003598,ONGC,"VALVE, GATE, 4 INCH, CLASS 1500, ASTM A182 F316, API 600, RF FACING",CAN-001357,DEPOT-ONGC-RJM,"Rajahmundry Asset, Andhra Pradesh",23,2203430,90,GATE_VALVE,100.0,1500,ASTM A182 F316,RF,API 600
ONGC-MAT-0003599,ONGC,"FLANGE, WELDING NECK, 12 INCH, CLASS 1500, ASTM A182 F316, ASME B16.5, RF FACING",CAN-000399,DEPOT-ONGC-URN,"Uran Plant, Maharashtra",29,1123330,16,FLANGE_WELD_NECK,300.0,1500,ASTM A182 F316,RF,ASME B16.5
ONGC-MAT-0003600,ONGC,"VALVE, GATE, 3 INCH, CLASS 600, ASTM A105, API 6D, BW FACING",CAN-001272,DEPOT-ONGC-RJM,"Rajahmundry Asset, Andhra Pradesh",64,247520,395,GATE_VALVE,80.0,600,ASTM A105,BW,API 6D
